block,index,ax_raw,ay_raw,az_raw
1,0,-8135,108,-473
1,1,-8128,102,-474
1,2,-8140,109,-463
1,3,-8134,109,-479
1,4,-8135,109,-485
1,5,-8141,108,-481
1,6,-8142,108,-471
1,7,-8151,95,-463
1,8,-8145,91,-445
1,9,-8147,97,-441
1,10,-8143,91,-450
1,11,-8137,95,-467
1,12,-8132,96,-478
1,13,-8138,100,-465
1,14,-8130,96,-464
1,15,-8140,99,-455
1,16,-8156,105,-453
1,17,-8161,108,-454
1,18,-8150,108,-470
1,19,-8149,106,-465
1,20,-8152,108,-470
1,21,-8150,107,-484
1,22,-8147,99,-485
1,23,-8151,91,-496
1,24,-8152,88,-484
1,25,-8147,88,-475
1,26,-8137,99,-474
1,27,-8131,86,-472
1,28,-8134,100,-476
1,29,-8132,109,-490
1,30,-8143,104,-473
1,31,-8150,100,-455
1,32,-8158,96,-471
1,33,-8178,88,-475
1,34,-8169,93,-493
1,35,-8151,89,-495
1,36,-8144,102,-485
1,37,-8140,96,-494
1,38,-8143,100,-471
1,39,-8136,106,-481
1,40,-8142,112,-457
1,41,-8136,117,-436
1,42,-8139,113,-434
1,43,-8139,107,-431
1,44,-8155,97,-442
1,45,-8170,95,-460
1,46,-8150,104,-443
1,47,-8145,117,-438
1,48,-8145,108,-427
1,49,-8142,97,-416
1,50,-8153,97,-424
1,51,-8149,87,-438
1,52,-8146,99,-448
1,53,-8148,98,-450
1,54,-8145,115,-447
1,55,-8136,106,-455
1,56,-8131,96,-474
1,57,-8124,82,-484
1,58,-8133,88,-486
1,59,-8136,88,-479
1,60,-8144,83,-467
1,61,-8142,81,-467
1,62,-8132,90,-456
1,63,-8135,88,-453
1,64,-8132,96,-449
1,65,-8126,79,-463
1,66,-8134,80,-457
1,67,-8125,82,-457
1,68,-8128,91,-456
1,69,-8132,99,-468
1,70,-8135,103,-468
1,71,-8137,100,-471
1,72,-8120,114,-471
1,73,-8130,109,-493
1,74,-8138,105,-496
1,75,-8148,96,-482
1,76,-8142,101,-494
1,77,-8133,94,-482
1,78,-8134,94,-479
1,79,-8141,91,-475
1,80,-8143,102,-476
1,81,-8139,100,-492
1,82,-8144,95,-480
1,83,-8137,98,-451
1,84,-8143,96,-440
1,85,-8137,83,-449
1,86,-8138,81,-461
1,87,-8144,94,-455
1,88,-8152,91,-456
1,89,-8142,92,-448
1,90,-8135,96,-458
1,91,-8132,79,-460
1,92,-8140,89,-444
1,93,-8133,103,-440
1,94,-8136,111,-451
1,95,-8142,105,-452
1,96,-8143,115,-474
1,97,-8148,115,-486
1,98,-8147,109,-481
1,99,-8137,97,-490
1,100,-8136,96,-489
1,101,-8137,100,-481
1,102,-8137,106,-471
1,103,-8130,112,-473
1,104,-8132,109,-469
1,105,-8127,104,-479
1,106,-8131,97,-453
1,107,-8132,105,-443
1,108,-8129,101,-459
1,109,-8132,105,-452
1,110,-8139,93,-454
1,111,-8136,103,-460
1,112,-8155,107,-465
1,113,-8152,107,-475
1,114,-8138,92,-473
1,115,-8136,104,-475
1,116,-8134,115,-475
1,117,-8131,108,-482
1,118,-8142,111,-454
1,119,-8146,117,-461
1,120,-8140,104,-451
1,121,-8138,113,-461
1,122,-8141,118,-459
1,123,-8150,113,-458
1,124,-8149,110,-456
1,125,-8147,111,-442
1,126,-8154,109,-459
1,127,-8155,111,-460
1,128,-8139,99,-465
1,129,-8147,100,-469
1,130,-8146,101,-472
1,131,-8139,84,-484
1,132,-8140,77,-486
1,133,-8145,78,-486
1,134,-8141,88,-476
1,135,-8149,89,-476
1,136,-8154,100,-482
1,137,-8158,93,-474
1,138,-8159,85,-476
1,139,-8153,90,-474
1,140,-8159,87,-470
1,141,-8151,98,-467
1,142,-8143,96,-463
1,143,-8155,104,-466
1,144,-8152,113,-459
1,145,-8158,110,-456
1,146,-8162,109,-463
1,147,-8161,98,-444
1,148,-8160,97,-462
1,149,-8171,95,-455
1,150,-8167,95,-453
1,151,-8154,90,-462
1,152,-8145,93,-478
1,153,-8149,98,-465
1,154,-8146,106,-460
1,155,-8141,118,-453
1,156,-8137,105,-453
1,157,-8134,94,-451
1,158,-8136,86,-458
1,159,-8145,92,-464
1,160,-8150,89,-472
1,161,-8152,103,-477
1,162,-8138,117,-472
1,163,-8129,110,-463
1,164,-8122,111,-483
1,165,-8140,99,-495
1,166,-8143,82,-503
1,167,-8151,73,-482
1,168,-8152,87,-469
1,169,-8151,100,-461
1,170,-8138,93,-444
1,171,-8150,85,-453
1,172,-8150,77,-470
1,173,-8145,88,-472
1,174,-8143,91,-456
1,175,-8153,91,-449
1,176,-8141,89,-462
1,177,-8148,97,-470
1,178,-8137,109,-466
1,179,-8141,110,-474
1,180,-8146,109,-463
1,181,-8151,108,-479
1,182,-8144,101,-465
1,183,-8145,112,-463
1,184,-8144,104,-472
1,185,-8143,93,-464
1,186,-8129,100,-474
1,187,-8140,103,-467
1,188,-8136,93,-476
1,189,-8138,99,-472
1,190,-8143,90,-471
1,191,-8143,83,-462
1,192,-8138,82,-464
1,193,-8131,87,-468
1,194,-8144,86,-473
1,195,-8131,96,-461
1,196,-8151,112,-462
1,197,-8138,110,-469
1,198,-8133,102,-453
1,199,-8144,98,-457
1,200,-8147,99,-452
1,201,-8162,100,-448
1,202,-8166,97,-444
1,203,-8161,99,-448
1,204,-8146,93,-453
1,205,-8132,69,-448
1,206,-8127,79,-477
1,207,-8137,95,-491
1,208,-8140,105,-491
1,209,-8135,114,-481
1,210,-8130,117,-486
1,211,-8119,101,-478
1,212,-8122,85,-471
1,213,-8121,72,-461
1,214,-8129,72,-457
1,215,-8128,79,-449
1,216,-8138,95,-451
1,217,-8148,87,-450
1,218,-8156,95,-434
1,219,-8152,101,-438
1,220,-8148,100,-434
1,221,-8139,109,-462
1,222,-8138,113,-478
1,223,-8145,113,-474
1,224,-8145,130,-487
1,225,-8140,113,-505
1,226,-8139,97,-487
1,227,-8125,69,-480
1,228,-8139,77,-485
1,229,-8148,91,-466
1,230,-8144,99,-482
1,231,-8152,106,-478
1,232,-8153,102,-453
1,233,-8148,103,-444
1,234,-8153,104,-418
1,235,-8162,110,-410
1,236,-8160,100,-418
1,237,-8163,91,-427
1,238,-8157,92,-428
1,239,-8142,99,-449
1,240,-8128,112,-471
1,241,-8130,103,-485
1,242,-8129,99,-486
1,243,-8132,104,-506
1,244,-8143,109,-486
1,245,-8134,108,-482
1,246,-8134,97,-471
1,247,-8145,93,-454
1,248,-8137,99,-446
1,249,-8152,104,-447
1,250,-8154,113,-465
1,251,-8153,104,-478
1,252,-8156,111,-479
1,253,-8146,110,-461
1,254,-8144,112,-436
1,255,-8145,89,-440
1,256,-8146,92,-437
1,257,-8158,95,-451
1,258,-8162,94,-465
1,259,-8158,103,-458
1,260,-8149,118,-441
1,261,-8148,109,-447
1,262,-8143,94,-448
1,263,-8149,83,-466
1,264,-8146,89,-469
1,265,-8132,97,-465
1,266,-8147,90,-481
1,267,-8139,85,-486
1,268,-8137,87,-505
1,269,-8133,83,-498
1,270,-8127,91,-470
1,271,-8134,97,-454
1,272,-8134,93,-456
1,273,-8140,103,-444
1,274,-8140,103,-439
1,275,-8143,95,-443
1,276,-8145,81,-434
1,277,-8150,85,-451
1,278,-8148,84,-436
1,279,-8146,77,-460
1,280,-8146,79,-461
1,281,-8142,92,-462
1,282,-8147,98,-457
1,283,-8144,91,-462
1,284,-8142,83,-468
1,285,-8144,93,-482
1,286,-8141,97,-481
1,287,-8140,101,-487
1,288,-8133,106,-465
1,289,-8142,100,-467
1,290,-8140,92,-464
1,291,-8148,85,-446
1,292,-8144,76,-446
1,293,-8151,73,-450
1,294,-8148,82,-445
1,295,-8139,93,-454
1,296,-8138,91,-442
1,297,-8133,97,-461
1,298,-8138,110,-464
1,299,-8147,101,-462
1,300,-8151,92,-461
1,301,-8157,89,-458
1,302,-8132,79,-453
1,303,-8146,85,-468
1,304,-8143,90,-467
1,305,-8144,92,-472
1,306,-8145,99,-482
1,307,-8149,112,-478
1,308,-8140,110,-468
1,309,-8126,102,-448
1,310,-8135,110,-449
1,311,-8142,119,-447
1,312,-8151,115,-434
1,313,-8151,105,-457
1,314,-8133,104,-481
1,315,-8125,99,-482
1,316,-8132,107,-485
1,317,-8139,102,-485
1,318,-8146,95,-464
1,319,-8154,110,-471
1,320,-8150,114,-465
1,321,-8141,105,-459
1,322,-8139,107,-468
1,323,-8137,106,-466
1,324,-8129,97,-478
1,325,-8138,96,-494
1,326,-8137,92,-503
1,327,-8119,94,-495
1,328,-8117,92,-475
1,329,-8130,102,-461
1,330,-8143,109,-471
1,331,-8147,100,-473
1,332,-8137,95,-480
1,333,-8142,90,-481
1,334,-8147,94,-478
1,335,-8124,93,-483
1,336,-8126,96,-483
1,337,-8137,102,-470
1,338,-8155,96,-464
1,339,-8155,89,-462
1,340,-8144,104,-454
1,341,-8132,100,-444
1,342,-8144,103,-457
1,343,-8141,95,-463
1,344,-8142,89,-478
1,345,-8138,85,-474
1,346,-8149,87,-482
1,347,-8144,89,-453
1,348,-8140,93,-454
1,349,-8131,90,-463
1,350,-8134,98,-448
1,351,-8139,105,-441
1,352,-8145,111,-448
1,353,-8159,111,-468
1,354,-8141,95,-474
1,355,-8132,80,-478
1,356,-8129,88,-479
1,357,-8129,85,-489
1,358,-8132,96,-484
1,359,-8132,93,-478
1,360,-8151,110,-460
1,361,-8152,95,-437
1,362,-8162,99,-451
1,363,-8164,112,-457
1,364,-8162,102,-446
1,365,-8151,114,-441
1,366,-8148,100,-446
1,367,-8158,90,-449
1,368,-8153,89,-465
1,369,-8136,90,-453
1,370,-8145,109,-452
1,371,-8141,115,-451
1,372,-8150,128,-466
1,373,-8154,138,-477
1,374,-8159,128,-483
1,375,-8156,114,-472
1,376,-8152,125,-474
1,377,-8152,117,-455
1,378,-8154,110,-444
1,379,-8149,101,-459
1,380,-8146,90,-457
1,381,-8136,94,-454
1,382,-8132,82,-454
1,383,-8128,80,-451
1,384,-8134,77,-450
1,385,-8131,76,-441
1,386,-8124,77,-433
1,387,-8129,82,-440
1,388,-8134,84,-430
1,389,-8134,102,-429
1,390,-8138,105,-432
1,391,-8147,103,-445
1,392,-8154,89,-458
1,393,-8159,95,-459
1,394,-8147,96,-472
1,395,-8143,108,-474
1,396,-8135,112,-458
1,397,-8133,108,-468
1,398,-8140,106,-453
1,399,-8153,96,-440
1,400,-8155,104,-435
1,401,-8155,101,-434
1,402,-8148,91,-432
1,403,-8148,96,-437
1,404,-8154,98,-447
1,405,-8158,93,-448
1,406,-8158,92,-461
1,407,-8151,93,-449
1,408,-8152,97,-445
1,409,-8134,104,-455
1,410,-8127,103,-484
1,411,-8134,103,-494
1,412,-8139,99,-471
1,413,-8131,88,-467
1,414,-8128,82,-474
1,415,-8137,84,-458
1,416,-8127,88,-465
1,417,-8137,97,-453
1,418,-8142,95,-460
1,419,-8151,87,-475
1,420,-8136,97,-464
1,421,-8149,105,-453
1,422,-8149,106,-460
1,423,-8147,103,-462
1,424,-8147,96,-445
1,425,-8144,92,-453
1,426,-8135,82,-462
1,427,-8132,92,-466
1,428,-8145,97,-460
1,429,-8139,103,-448
1,430,-8135,105,-467
1,431,-8139,98,-467
1,432,-8143,94,-475
1,433,-8154,103,-472
1,434,-8148,95,-490
1,435,-8148,89,-490
1,436,-8144,77,-475
1,437,-8131,81,-462
1,438,-8131,82,-458
1,439,-8132,81,-453
1,440,-8139,86,-468
1,441,-8134,92,-457
1,442,-8125,89,-459
1,443,-8129,103,-453
1,444,-8140,121,-460
1,445,-8152,116,-460
1,446,-8156,111,-468
1,447,-8157,101,-467
1,448,-8149,101,-484
1,449,-8154,96,-473
1,450,-8152,95,-460
1,451,-8138,93,-443
1,452,-8145,81,-461
1,453,-8144,82,-449
1,454,-8138,86,-463
1,455,-8141,95,-470
1,456,-8145,96,-460
1,457,-8150,91,-467
1,458,-8130,94,-481
1,459,-8112,101,-471
1,460,-8132,109,-479
1,461,-8140,99,-483
1,462,-8138,99,-483
1,463,-8142,99,-459
1,464,-8142,93,-467
1,465,-8145,92,-459
1,466,-8141,98,-454
1,467,-8142,93,-472
1,468,-8141,97,-480
1,469,-8151,105,-477
1,470,-8152,100,-483
1,471,-8144,103,-453
1,472,-8148,98,-456
1,473,-8147,94,-482
1,474,-8130,92,-481
1,475,-8136,92,-465
1,476,-8146,98,-459
1,477,-8137,98,-478
1,478,-8152,107,-480
1,479,-8148,105,-480
1,480,-8140,107,-469
1,481,-8143,99,-473
1,482,-8137,102,-457
1,483,-8144,104,-457
1,484,-8138,108,-460
1,485,-8149,89,-434
1,486,-8154,89,-454
1,487,-8158,96,-446
1,488,-8152,99,-478
1,489,-8163,89,-485
1,490,-8145,94,-483
1,491,-8135,113,-470
1,492,-8135,121,-468
1,493,-8127,133,-464
1,494,-8128,119,-477
1,495,-8122,117,-491
1,496,-8123,105,-478
1,497,-8142,102,-463
1,498,-8150,113,-461
1,499,-8167,100,-471
1,500,-8151,92,-476
1,501,-8146,108,-459
1,502,-8144,105,-454
1,503,-8156,96,-459
1,504,-8152,89,-466
1,505,-8159,93,-455
1,506,-8149,89,-435
1,507,-8140,87,-448
1,508,-8141,88,-462
1,509,-8144,91,-473
1,510,-8160,97,-475
1,511,-8148,100,-472
1,512,-8145,95,-468
1,513,-8145,75,-474
1,514,-8147,86,-476
1,515,-8141,93,-477
1,516,-8145,98,-464
1,517,-8142,96,-449
1,518,-8150,104,-458
1,519,-8149,90,-467
1,520,-8156,89,-468
1,521,-8148,79,-463
1,522,-8144,77,-457
1,523,-8128,94,-463
1,524,-8131,90,-445
1,525,-8151,112,-447
1,526,-8124,94,-422
1,527,-8115,90,-428
1,528,-8149,99,-440
1,529,-8142,90,-475
1,530,-8170,97,-480
1,531,-8137,94,-480
1,532,-8158,86,-472
1,533,-8148,90,-478
1,534,-8141,102,-467
1,535,-8137,99,-460
1,536,-8140,102,-449
1,537,-8144,106,-475
1,538,-8142,99,-461
1,539,-8137,96,-473
1,540,-8146,106,-472
1,541,-8147,102,-466
1,542,-8165,96,-470
1,543,-8150,82,-466
1,544,-8158,86,-456
1,545,-8153,97,-440
1,546,-8148,90,-431
1,547,-8163,94,-436
1,548,-8144,103,-463
1,549,-8122,101,-463
1,550,-8128,92,-475
1,551,-8135,98,-470
1,552,-8141,88,-463
1,553,-8150,102,-460
1,554,-8133,88,-461
1,555,-8144,80,-457
1,556,-8139,96,-474
1,557,-8121,81,-473
1,558,-8139,88,-448
1,559,-8145,102,-451
1,560,-8137,93,-456
1,561,-8167,91,-465
1,562,-8146,99,-487
1,563,-8137,93,-468
1,564,-8132,88,-465
1,565,-8133,96,-485
1,566,-8141,90,-478
1,567,-8130,83,-479
1,568,-8143,101,-492
1,569,-8137,96,-467
1,570,-8123,87,-464
1,571,-8130,87,-452
1,572,-8146,92,-461
1,573,-8154,83,-460
1,574,-8146,79,-459
1,575,-8146,80,-472
1,576,-8144,77,-484
1,577,-8140,76,-488
1,578,-8145,75,-482
1,579,-8149,86,-487
1,580,-8159,103,-472
1,581,-8150,90,-472
1,582,-8141,89,-460
1,583,-8142,95,-478
1,584,-8144,92,-447
1,585,-8152,101,-472
1,586,-8155,100,-465
1,587,-8149,103,-459
1,588,-8153,110,-455
1,589,-8153,100,-451
1,590,-8154,95,-462
1,591,-8160,109,-457
1,592,-8151,91,-453
1,593,-8142,90,-447
1,594,-8145,92,-433
1,595,-8140,92,-429
1,596,-8125,82,-441
1,597,-8136,82,-457
1,598,-8143,98,-448
1,599,-8146,90,-453
1,600,-8146,85,-453
1,601,-8145,89,-446
1,602,-8150,98,-474
1,603,-8137,92,-473
1,604,-8141,99,-473
1,605,-8146,109,-472
1,606,-8153,85,-468
1,607,-8152,80,-460
1,608,-8143,79,-459
1,609,-8140,79,-453
1,610,-8140,73,-476
1,611,-8143,85,-457
1,612,-8149,75,-473
1,613,-8144,70,-481
1,614,-8132,82,-467
1,615,-8135,85,-480
1,616,-8138,98,-465
1,617,-8149,97,-463
1,618,-8146,96,-453
1,619,-8141,90,-471
1,620,-8148,87,-490
1,621,-8153,97,-476
1,622,-8156,93,-478
1,623,-8148,101,-488
1,624,-8142,92,-493
1,625,-8144,91,-477
1,626,-8143,95,-475
1,627,-8152,103,-473
1,628,-8151,110,-462
1,629,-8147,100,-463
1,630,-8151,90,-473
1,631,-8147,92,-477
1,632,-8144,95,-472
1,633,-8144,103,-459
1,634,-8136,103,-449
1,635,-8120,92,-470
1,636,-8123,81,-493
1,637,-8137,82,-489
1,638,-8139,83,-472
1,639,-8134,100,-487
1,640,-8133,92,-501
1,641,-8118,82,-496
1,642,-8133,93,-510
1,643,-8129,107,-494
1,644,-8138,112,-504
1,645,-8140,108,-498
1,646,-8136,99,-467
1,647,-8135,99,-444
1,648,-8149,106,-438
1,649,-8149,113,-420
1,650,-8153,110,-436
1,651,-8148,101,-434
1,652,-8146,88,-447
1,653,-8155,97,-452
1,654,-8153,106,-441
1,655,-8150,118,-445
1,656,-8139,114,-449
1,657,-8148,114,-480
1,658,-8131,125,-510
1,659,-8125,115,-530
1,660,-8153,110,-523
1,661,-8154,95,-481
1,662,-8160,102,-446
1,663,-8151,101,-434
1,664,-8144,103,-428
1,665,-8156,98,-425
1,666,-8151,85,-437
1,667,-8159,86,-457
1,668,-8154,90,-475
1,669,-8137,87,-482
1,670,-8138,97,-477
1,671,-8140,94,-462
1,672,-8143,104,-441
1,673,-8142,108,-434
1,674,-8137,105,-434
1,675,-8131,104,-450
1,676,-8136,96,-487
1,677,-8140,91,-514
1,678,-8145,97,-529
1,679,-8146,100,-528
1,680,-8145,102,-506
1,681,-8146,106,-455
1,682,-8145,109,-447
1,683,-8123,97,-444
1,684,-8129,117,-455
1,685,-8135,118,-474
1,686,-8133,98,-483
1,687,-8133,96,-488
1,688,-8142,87,-459
1,689,-8147,80,-442
1,690,-8151,73,-408
1,691,-8146,87,-394
1,692,-8140,105,-376
1,693,-8141,118,-435
1,694,-8140,116,-460
1,695,-8137,110,-462
1,696,-8136,105,-506
1,697,-8125,110,-524
1,698,-8117,107,-544
1,699,-8118,103,-558
1,700,-8115,109,-546
1,701,-8128,113,-526
1,702,-8125,114,-508
1,703,-8134,107,-495
1,704,-8134,111,-490
1,705,-8146,110,-444
1,706,-8141,95,-419
1,707,-8145,82,-395
1,708,-8145,85,-409
1,709,-8133,98,-427
1,710,-8154,94,-432
1,711,-8145,100,-453
1,712,-8153,94,-447
1,713,-8156,87,-467
1,714,-8150,88,-495
1,715,-8157,93,-497
1,716,-8137,93,-502
1,717,-8132,96,-500
1,718,-8131,102,-502
1,719,-8129,101,-514
1,720,-8150,103,-503
1,721,-8152,108,-478
1,722,-8157,108,-462
1,723,-8157,105,-444
1,724,-8154,105,-434
1,725,-8145,83,-434
1,726,-8133,92,-435
1,727,-8146,96,-442
1,728,-8144,100,-444
1,729,-8137,96,-429
1,730,-8141,100,-433
1,731,-8146,96,-446
1,732,-8162,96,-456
1,733,-8147,101,-438
1,734,-8145,83,-428
1,735,-8139,81,-450
1,736,-8140,91,-470
1,737,-8140,92,-481
1,738,-8135,89,-492
1,739,-8145,100,-487
1,740,-8128,105,-488
1,741,-8120,94,-489
1,742,-8121,107,-479
1,743,-8120,98,-493
1,744,-8123,90,-490
1,745,-8121,95,-505
1,746,-8131,102,-485
1,747,-8127,93,-501
1,748,-8140,81,-501
1,749,-8136,77,-460
1,750,-8137,83,-443
1,751,-8145,81,-439
1,752,-8139,83,-441
1,753,-8140,89,-434
1,754,-8141,102,-437
1,755,-8145,107,-449
1,756,-8153,107,-461
1,757,-8145,112,-478
1,758,-8132,98,-484
1,759,-8135,86,-495
1,760,-8135,90,-494
1,761,-8137,88,-492
1,762,-8142,102,-479
1,763,-8135,102,-478
1,764,-8138,97,-498
1,765,-8137,100,-499
1,766,-8159,101,-470
1,767,-8152,100,-460
1,768,-8142,104,-447
1,769,-8140,97,-437
1,770,-8137,86,-444
1,771,-8128,94,-442
1,772,-8136,90,-440
1,773,-8133,90,-437
1,774,-8130,104,-463
1,775,-8135,104,-465
1,776,-8148,114,-452
1,777,-8148,110,-457
1,778,-8148,105,-458
1,779,-8137,106,-460
1,780,-8135,115,-465
1,781,-8138,116,-466
1,782,-8141,109,-473
1,783,-8149,102,-481
1,784,-8148,87,-486
1,785,-8144,84,-478
1,786,-8146,89,-456
1,787,-8146,99,-467
1,788,-8135,104,-468
1,789,-8144,98,-478
1,790,-8140,88,-467
1,791,-8155,85,-483
1,792,-8142,88,-477
1,793,-8131,93,-469
1,794,-8132,106,-442
1,795,-8141,115,-430
1,796,-8159,112,-442
1,797,-8162,112,-462
1,798,-8154,118,-452
1,799,-8154,107,-457
1,800,-8142,86,-470
1,801,-8141,80,-487
1,802,-8139,90,-513
1,803,-8146,87,-502
1,804,-8140,90,-492
1,805,-8141,92,-502
1,806,-8138,96,-496
1,807,-8137,92,-502
1,808,-8138,102,-496
1,809,-8144,97,-481
1,810,-8149,105,-468
1,811,-8144,93,-464
1,812,-8148,87,-473
1,813,-8141,85,-472
1,814,-8151,90,-460
1,815,-8163,97,-448
1,816,-8161,109,-453
1,817,-8153,114,-460
1,818,-8144,103,-460
1,819,-8137,91,-452
1,820,-8128,82,-445
1,821,-8139,80,-464
1,822,-8149,63,-474
1,823,-8146,77,-487
1,824,-8145,73,-483
1,825,-8146,84,-479
1,826,-8136,91,-477
1,827,-8131,103,-468
1,828,-8143,101,-460
1,829,-8147,98,-459
1,830,-8142,94,-451
1,831,-8135,101,-467
1,832,-8142,101,-468
1,833,-8139,96,-465
1,834,-8141,99,-466
1,835,-8142,101,-464
1,836,-8147,82,-463
1,837,-8149,92,-465
1,838,-8154,97,-473
1,839,-8155,100,-453
1,840,-8152,92,-443
1,841,-8138,98,-455
1,842,-8141,92,-460
1,843,-8143,101,-460
1,844,-8145,109,-458
1,845,-8135,107,-480
1,846,-8132,97,-497
1,847,-8144,97,-480
1,848,-8144,104,-486
1,849,-8140,111,-484
1,850,-8147,96,-479
1,851,-8155,93,-491
1,852,-8144,87,-477
1,853,-8139,85,-467
1,854,-8148,86,-472
1,855,-8156,96,-450
1,856,-8152,82,-441
1,857,-8148,80,-447
1,858,-8156,79,-468
1,859,-8149,78,-467
1,860,-8161,90,-468
1,861,-8160,87,-473
1,862,-8143,85,-461
1,863,-8132,95,-463
1,864,-8132,110,-460
1,865,-8131,101,-465
1,866,-8137,100,-483
1,867,-8138,100,-484
1,868,-8149,92,-471
1,869,-8153,94,-464
1,870,-8153,104,-442
1,871,-8145,96,-435
1,872,-8135,94,-434
1,873,-8133,99,-423
1,874,-8134,97,-423
1,875,-8133,106,-448
1,876,-8127,107,-457
1,877,-8142,94,-461
1,878,-8146,92,-447
1,879,-8137,91,-463
1,880,-8132,89,-477
1,881,-8116,99,-466
1,882,-8113,105,-448
1,883,-8131,107,-444
1,884,-8141,108,-470
1,885,-8137,98,-468
1,886,-8146,96,-474
1,887,-8166,88,-472
1,888,-8156,88,-482
1,889,-8147,90,-480
1,890,-8153,82,-481
1,891,-8149,93,-493
1,892,-8151,105,-495
1,893,-8150,96,-515
1,894,-8144,85,-489
1,895,-8139,86,-482
1,896,-8140,85,-471
1,897,-8139,81,-490
1,898,-8147,75,-471
1,899,-8147,102,-473
1,900,-8145,109,-449
1,901,-8151,105,-442
1,902,-8145,100,-457
1,903,-8148,106,-448
1,904,-8134,105,-456
1,905,-8124,90,-463
1,906,-8137,98,-470
1,907,-8133,92,-469
1,908,-8133,98,-462
1,909,-8140,100,-479
1,910,-8153,93,-469
1,911,-8154,80,-473
1,912,-8148,90,-481
1,913,-8149,90,-460
1,914,-8153,96,-449
1,915,-8148,91,-458
1,916,-8146,90,-477
1,917,-8151,90,-475
1,918,-8157,81,-460
1,919,-8149,85,-457
1,920,-8153,81,-451
1,921,-8154,77,-446
1,922,-8147,81,-448
1,923,-8127,85,-445
1,924,-8140,90,-462
1,925,-8146,91,-455
1,926,-8137,102,-464
1,927,-8134,97,-483
1,928,-8140,84,-496
1,929,-8143,99,-490
1,930,-8136,99,-486
1,931,-8125,108,-493
1,932,-8140,108,-476
1,933,-8137,104,-446
1,934,-8136,102,-438
1,935,-8144,110,-453
1,936,-8141,105,-465
1,937,-8144,92,-490
1,938,-8142,94,-504
1,939,-8141,107,-493
1,940,-8150,102,-476
1,941,-8147,87,-479
1,942,-8134,85,-471
1,943,-8120,101,-467
1,944,-8146,102,-478
1,945,-8151,108,-485
1,946,-8147,104,-475
1,947,-8143,94,-470
1,948,-8147,111,-470
1,949,-8139,107,-475
1,950,-8133,102,-479
1,951,-8134,105,-471
1,952,-8126,91,-482
1,953,-8120,71,-474
1,954,-8135,80,-464
1,955,-8131,79,-473
1,956,-8147,86,-469
1,957,-8152,83,-465
1,958,-8145,91,-462
1,959,-8153,88,-457
1,960,-8151,95,-468
1,961,-8150,95,-481
1,962,-8138,99,-480
1,963,-8141,85,-479
1,964,-8132,73,-476
1,965,-8143,76,-483
1,966,-8141,77,-479
1,967,-8134,84,-473
1,968,-8151,79,-488
1,969,-8151,83,-500
1,970,-8145,97,-480
1,971,-8135,97,-489
1,972,-8128,94,-496
1,973,-8125,90,-473
1,974,-8132,85,-465
1,975,-8130,85,-478
1,976,-8128,86,-469
1,977,-8133,85,-457
1,978,-8142,86,-475
1,979,-8135,81,-479
1,980,-8134,79,-482
1,981,-8144,79,-468
1,982,-8141,87,-477
1,983,-8137,87,-481
1,984,-8126,78,-491
1,985,-8142,88,-479
1,986,-8152,94,-468
1,987,-8164,96,-484
1,988,-8170,97,-483
1,989,-8150,107,-478
1,990,-8161,114,-462
1,991,-8152,111,-464
1,992,-8149,112,-458
1,993,-8149,95,-467
1,994,-8154,90,-465
1,995,-8164,98,-474
1,996,-8165,97,-451
1,997,-8149,95,-447
1,998,-8139,110,-444
1,999,-8131,112,-478
1,1000,-8141,105,-478
1,1001,-8139,102,-465
1,1002,-8131,93,-474
1,1003,-8142,97,-469
1,1004,-8144,100,-471
1,1005,-8139,97,-485
1,1006,-8139,98,-472
1,1007,-8135,95,-464
1,1008,-8141,98,-431
1,1009,-8132,94,-430
1,1010,-8131,87,-450
1,1011,-8123,84,-456
1,1012,-8126,72,-480
1,1013,-8133,69,-462
1,1014,-8144,78,-454
1,1015,-8150,83,-465
1,1016,-8154,83,-471
1,1017,-8151,85,-476
1,1018,-8152,92,-476
1,1019,-8145,84,-480
1,1020,-8152,95,-474
1,1021,-8140,103,-466
1,1022,-8134,104,-448
1,1023,-8145,103,-451
1,1024,-8150,100,-466
1,1025,-8150,97,-479
1,1026,-8139,98,-476
1,1027,-8136,104,-486
1,1028,-8152,104,-472
1,1029,-8143,86,-462
1,1030,-8134,93,-462
1,1031,-8133,97,-466
1,1032,-8125,89,-470
1,1033,-8136,95,-460
1,1034,-8135,92,-445
1,1035,-8142,93,-438
1,1036,-8133,86,-430
1,1037,-8129,89,-445
1,1038,-8127,107,-467
1,1039,-8139,99,-478
1,1040,-8141,99,-478
1,1041,-8140,108,-473
1,1042,-8148,100,-469
1,1043,-8150,118,-482
1,1044,-8137,113,-465
1,1045,-8145,112,-492
1,1046,-8130,114,-488
1,1047,-8134,111,-473
1,1048,-8146,109,-488
1,1049,-8151,106,-477
1,1050,-8149,93,-464
1,1051,-8145,88,-473
1,1052,-8145,94,-486
1,1053,-8136,88,-469
1,1054,-8145,100,-472
1,1055,-8152,105,-458
1,1056,-8140,101,-443
1,1057,-8138,99,-439
1,1058,-8150,100,-436
1,1059,-8139,97,-448
1,1060,-8140,86,-470
1,1061,-8128,93,-469
1,1062,-8127,94,-464
1,1063,-8138,92,-465
1,1064,-8148,90,-474
1,1065,-8144,93,-486
1,1066,-8148,95,-501
1,1067,-8158,101,-485
1,1068,-8160,98,-473
1,1069,-8155,98,-458
1,1070,-8145,85,-438
1,1071,-8137,87,-430
1,1072,-8141,92,-452
1,1073,-8137,92,-452
1,1074,-8138,95,-454
1,1075,-8147,83,-455
1,1076,-8151,84,-442
1,1077,-8153,97,-451
1,1078,-8149,106,-447
1,1079,-8153,108,-470
1,1080,-8148,99,-470
1,1081,-8143,100,-471
1,1082,-8149,105,-470
1,1083,-8157,111,-469
1,1084,-8154,100,-452
1,1085,-8163,96,-458
1,1086,-8147,101,-439
1,1087,-8152,100,-456
1,1088,-8148,100,-463
1,1089,-8155,94,-462
1,1090,-8151,97,-458
1,1091,-8139,96,-446
1,1092,-8132,80,-455
1,1093,-8130,100,-469
1,1094,-8138,95,-461
1,1095,-8141,103,-454
1,1096,-8140,105,-487
1,1097,-8143,104,-489
1,1098,-8133,100,-458
1,1099,-8140,100,-453
1,1100,-8138,102,-437
1,1101,-8144,103,-443
1,1102,-8160,96,-448
1,1103,-8164,103,-447
1,1104,-8159,100,-458
1,1105,-8147,97,-478
1,1106,-8147,101,-480
1,1107,-8141,110,-462
1,1108,-8147,103,-467
1,1109,-8158,106,-476
1,1110,-8147,115,-484
1,1111,-8152,108,-476
1,1112,-8150,97,-453
1,1113,-8148,95,-472
1,1114,-8142,78,-454
1,1115,-8145,85,-461
1,1116,-8147,87,-468
1,1117,-8133,77,-465
1,1118,-8139,84,-480
1,1119,-8150,101,-481
1,1120,-8139,94,-469
1,1121,-8139,95,-474
1,1122,-8152,101,-485
1,1123,-8140,99,-473
1,1124,-8142,104,-456
1,1125,-8152,109,-462
1,1126,-8155,100,-455
1,1127,-8139,102,-463
1,1128,-8147,114,-453
1,1129,-8152,96,-466
1,1130,-8144,97,-476
1,1131,-8143,99,-458
1,1132,-8138,101,-459
1,1133,-8135,95,-464
1,1134,-8141,85,-457
1,1135,-8144,92,-457
1,1136,-8134,92,-465
1,1137,-8139,97,-446
1,1138,-8144,111,-461
1,1139,-8137,89,-460
1,1140,-8142,82,-455
1,1141,-8143,96,-458
1,1142,-8126,89,-444
1,1143,-8126,86,-457
1,1144,-8130,96,-449
1,1145,-8142,97,-446
1,1146,-8139,100,-444
1,1147,-8143,108,-455
1,1148,-8145,93,-469
1,1149,-8153,91,-445
1,1150,-8162,109,-460
1,1151,-8150,116,-456
1,1152,-8146,103,-452
1,1153,-8138,99,-450
1,1154,-8137,107,-450
1,1155,-8156,101,-456
1,1156,-8146,88,-470
1,1157,-8143,83,-459
1,1158,-8132,90,-466
1,1159,-8116,95,-471
1,1160,-8127,97,-458
1,1161,-8134,96,-460
1,1162,-8152,83,-469
1,1163,-8158,80,-460
1,1164,-8142,84,-463
1,1165,-8146,96,-456
1,1166,-8136,86,-471
1,1167,-8145,93,-481
1,1168,-8143,95,-486
1,1169,-8156,80,-484
1,1170,-8152,84,-499
1,1171,-8135,97,-499
1,1172,-8139,93,-484
1,1173,-8132,102,-472
1,1174,-8140,99,-463
1,1175,-8137,102,-460
1,1176,-8146,91,-455
1,1177,-8145,98,-456
1,1178,-8125,88,-472
1,1179,-8135,78,-473
1,1180,-8134,71,-472
1,1181,-8132,78,-477
1,1182,-8130,75,-464
1,1183,-8137,73,-462
1,1184,-8147,84,-473
1,1185,-8155,91,-468
1,1186,-8150,96,-497
1,1187,-8152,108,-491
1,1188,-8160,105,-485
1,1189,-8154,105,-481
1,1190,-8167,103,-480
1,1191,-8157,84,-470
1,1192,-8157,87,-477
1,1193,-8151,84,-473
1,1194,-8151,78,-462
1,1195,-8155,98,-474
1,1196,-8137,105,-478
1,1197,-8147,95,-472
1,1198,-8142,89,-472
1,1199,-8148,98,-458
1,1200,-8154,89,-446
1,1201,-8147,90,-466
1,1202,-8170,113,-489
1,1203,-8136,78,-488
1,1204,-8151,95,-458
1,1205,-8163,102,-473
1,1206,-8129,82,-459
1,1207,-8159,88,-464
1,1208,-8127,92,-475
1,1209,-8126,86,-458
1,1210,-8144,88,-472
1,1211,-8129,75,-456
1,1212,-8170,86,-455
1,1213,-8152,101,-447
1,1214,-8133,98,-465
1,1215,-8147,93,-459
1,1216,-8126,95,-452
1,1217,-8140,92,-464
1,1218,-8144,90,-464
1,1219,-8133,92,-469
1,1220,-8131,89,-475
1,1221,-8131,90,-478
1,1222,-8127,103,-466
1,1223,-8144,102,-465
1,1224,-8140,101,-481
1,1225,-8133,101,-471
1,1226,-8137,89,-449
1,1227,-8126,98,-451
1,1228,-8131,106,-449
1,1229,-8147,111,-471
1,1230,-8134,105,-482
1,1231,-8149,100,-483
1,1232,-8147,96,-481
1,1233,-8159,91,-466
1,1234,-8147,81,-471
1,1235,-8135,82,-477
1,1236,-8128,98,-485
1,1237,-8142,90,-489
1,1238,-8149,93,-476
1,1239,-8146,86,-471
1,1240,-8136,91,-492
1,1241,-8136,99,-493
1,1242,-8135,90,-486
1,1243,-8140,104,-487
1,1244,-8136,86,-479
1,1245,-8140,83,-475
1,1246,-8145,84,-472
1,1247,-8133,81,-455
1,1248,-8133,85,-467
1,1249,-8134,87,-474
1,1250,-8132,80,-478
1,1251,-8131,87,-464
1,1252,-8136,107,-464
1,1253,-8146,92,-443
1,1254,-8141,95,-444
1,1255,-8148,98,-448
1,1256,-8153,98,-441
1,1257,-8144,84,-454
1,1258,-8137,92,-474
1,1259,-8141,93,-482
1,1260,-8135,88,-481
1,1261,-8137,80,-458
1,1262,-8141,83,-464
1,1263,-8146,82,-471
1,1264,-8155,95,-468
1,1265,-8138,94,-484
1,1266,-8146,103,-476
1,1267,-8154,112,-462
1,1268,-8151,108,-462
1,1269,-8146,99,-470
1,1270,-8148,105,-472
1,1271,-8143,106,-486
1,1272,-8143,92,-455
1,1273,-8147,100,-466
1,1274,-8155,107,-457
1,1275,-8158,98,-448
1,1276,-8136,98,-464
1,1277,-8139,110,-468
1,1278,-8134,102,-457
1,1279,-8135,101,-459
1,1280,-8137,93,-451
1,1281,-8138,102,-464
1,1282,-8145,109,-483
1,1283,-8133,115,-489
1,1284,-8136,112,-483
1,1285,-8134,122,-470
1,1286,-8129,107,-475
1,1287,-8131,101,-487
1,1288,-8134,102,-479
1,1289,-8156,93,-458
1,1290,-8155,92,-467
1,1291,-8145,86,-463
1,1292,-8135,99,-484
1,1293,-8139,112,-472
1,1294,-8137,117,-463
1,1295,-8130,113,-450
1,1296,-8139,100,-448
1,1297,-8136,93,-448
1,1298,-8140,86,-451
1,1299,-8142,82,-464
1,1300,-8141,93,-468
1,1301,-8149,94,-471
1,1302,-8153,100,-470
1,1303,-8146,101,-459
1,1304,-8149,91,-467
1,1305,-8147,86,-466
1,1306,-8155,99,-465
1,1307,-8143,93,-442
1,1308,-8130,87,-449
1,1309,-8132,92,-446
1,1310,-8136,92,-454
1,1311,-8143,89,-458
1,1312,-8147,95,-478
1,1313,-8143,88,-493
1,1314,-8129,80,-476
1,1315,-8137,86,-463
1,1316,-8138,88,-468
1,1317,-8159,80,-476
1,1318,-8155,91,-475
1,1319,-8155,93,-471
1,1320,-8156,91,-468
1,1321,-8151,92,-488
1,1322,-8147,89,-481
1,1323,-8135,90,-474
1,1324,-8142,100,-480
1,1325,-8137,103,-471
1,1326,-8145,102,-474
1,1327,-8151,99,-488
1,1328,-8143,98,-472
1,1329,-8152,84,-494
1,1330,-8159,87,-480
1,1331,-8168,88,-487
1,1332,-8166,97,-473
1,1333,-8154,91,-467
1,1334,-8136,78,-475
1,1335,-8130,91,-472
1,1336,-8125,93,-472
1,1337,-8126,98,-471
1,1338,-8130,96,-450
1,1339,-8130,97,-447
1,1340,-8131,101,-447
1,1341,-8131,97,-461
1,1342,-8133,87,-473
1,1343,-8136,78,-469
1,1344,-8138,77,-464
1,1345,-8135,77,-476
1,1346,-8133,95,-453
1,1347,-8125,107,-457
1,1348,-8132,93,-458
1,1349,-8148,97,-457
1,1350,-8128,91,-448
1,1351,-8134,102,-443
1,1352,-8130,101,-454
1,1353,-8158,89,-461
1,1354,-8162,96,-475
1,1355,-8161,99,-459
1,1356,-8169,94,-452
1,1357,-8171,95,-457
1,1358,-8153,92,-460
1,1359,-8144,98,-451
1,1360,-8149,97,-453
1,1361,-8151,107,-448
1,1362,-8139,106,-456
1,1363,-8138,95,-476
1,1364,-8136,94,-495
1,1365,-8141,98,-496
1,1366,-8138,115,-501
1,1367,-8140,104,-503
1,1368,-8136,108,-496
1,1369,-8128,114,-503
1,1370,-8134,128,-496
1,1371,-8149,126,-485
1,1372,-8147,118,-488
1,1373,-8153,103,-461
1,1374,-8148,91,-460
1,1375,-8151,97,-446
1,1376,-8151,101,-460
1,1377,-8149,102,-453
1,1378,-8126,102,-451
1,1379,-8135,100,-456
1,1380,-8138,98,-456
1,1381,-8132,110,-441
1,1382,-8138,101,-448
1,1383,-8139,100,-475
1,1384,-8153,103,-472
1,1385,-8166,103,-461
1,1386,-8161,101,-459
1,1387,-8145,105,-444
1,1388,-8148,104,-453
1,1389,-8137,106,-458
1,1390,-8128,89,-465
1,1391,-8131,83,-459
1,1392,-8138,83,-442
1,1393,-8141,92,-444
1,1394,-8148,95,-444
1,1395,-8144,96,-441
1,1396,-8148,100,-445
1,1397,-8150,112,-433
1,1398,-8136,108,-443
1,1399,-8137,103,-445
1,1400,-8145,93,-448
1,1401,-8152,88,-457
1,1402,-8142,95,-464
1,1403,-8151,98,-468
1,1404,-8157,106,-478
1,1405,-8150,102,-474
1,1406,-8154,94,-470
1,1407,-8152,101,-464
1,1408,-8142,101,-443
1,1409,-8129,101,-462
1,1410,-8146,96,-481
1,1411,-8153,100,-471
1,1412,-8151,89,-462
1,1413,-8147,94,-471
1,1414,-8139,106,-481
1,1415,-8140,111,-485
1,1416,-8144,114,-490
1,1417,-8133,100,-480
1,1418,-8142,96,-471
1,1419,-8141,102,-478
1,1420,-8140,79,-476
1,1421,-8131,75,-465
1,1422,-8136,86,-467
1,1423,-8134,78,-460
1,1424,-8133,84,-453
1,1425,-8134,92,-483
1,1426,-8144,91,-461
1,1427,-8147,91,-460
1,1428,-8150,88,-441
1,1429,-8152,92,-452
1,1430,-8148,94,-458
1,1431,-8143,94,-449
1,1432,-8156,99,-452
1,1433,-8158,94,-455
1,1434,-8149,94,-460
1,1435,-8155,88,-445
1,1436,-8152,87,-473
1,1437,-8143,88,-472
1,1438,-8140,95,-489
1,1439,-8146,100,-499
1,1440,-8136,99,-494
1,1441,-8139,87,-492
1,1442,-8142,96,-493
1,1443,-8142,85,-478
1,1444,-8129,87,-472
1,1445,-8116,95,-468
1,1446,-8134,97,-477
1,1447,-8128,93,-477
1,1448,-8118,92,-486
1,1449,-8122,103,-454
1,1450,-8140,111,-461
1,1451,-8140,100,-441
1,1452,-8128,87,-435
1,1453,-8131,87,-451
1,1454,-8138,100,-458
1,1455,-8160,85,-474
1,1456,-8176,90,-478
1,1457,-8158,105,-480
1,1458,-8144,101,-472
1,1459,-8141,90,-498
1,1460,-8146,100,-497
1,1461,-8146,85,-497
1,1462,-8148,89,-486
1,1463,-8145,99,-466
1,1464,-8139,92,-466
1,1465,-8135,83,-471
1,1466,-8146,84,-471
1,1467,-8154,81,-474
1,1468,-8157,91,-473
1,1469,-8147,72,-455
1,1470,-8142,82,-456
1,1471,-8152,85,-447
1,1472,-8147,87,-454
1,1473,-8138,89,-461
1,1474,-8146,89,-463
1,1475,-8151,105,-453
1,1476,-8151,97,-456
1,1477,-8156,84,-475
1,1478,-8163,80,-491
1,1479,-8150,88,-492
1,1480,-8146,97,-477
1,1481,-8149,95,-466
1,1482,-8144,87,-451
1,1483,-8155,96,-456
1,1484,-8151,100,-476
1,1485,-8143,104,-463
1,1486,-8136,105,-467
1,1487,-8140,103,-460
1,1488,-8143,98,-449
1,1489,-8141,93,-438
1,1490,-8149,97,-454
1,1491,-8149,101,-449
1,1492,-8139,103,-461
1,1493,-8146,110,-467
1,1494,-8159,100,-479
1,1495,-8154,97,-469
1,1496,-8145,91,-468
1,1497,-8125,96,-471
1,1498,-8122,99,-485
1,1499,-8113,96,-495
1,1500,-8123,98,-469
1,1501,-8130,94,-455
1,1502,-8129,93,-458
1,1503,-8135,103,-448
1,1504,-8145,115,-440
1,1505,-8142,89,-455
1,1506,-8140,70,-463
1,1507,-8136,78,-458
1,1508,-8131,85,-460
1,1509,-8143,87,-453
1,1510,-8155,98,-448
1,1511,-8146,106,-458
1,1512,-8144,101,-466
1,1513,-8139,90,-470
1,1514,-8135,102,-478
1,1515,-8128,104,-469
1,1516,-8130,101,-475
1,1517,-8134,95,-459
1,1518,-8147,82,-463
1,1519,-8144,96,-472
1,1520,-8136,96,-462
1,1521,-8140,86,-465
1,1522,-8142,101,-451
1,1523,-8148,96,-439
1,1524,-8145,103,-449
1,1525,-8148,115,-466
1,1526,-8142,106,-457
1,1527,-8129,101,-445
1,1528,-8129,88,-440
1,1529,-8139,88,-450
1,1530,-8142,85,-465
1,1531,-8144,92,-468
1,1532,-8148,110,-465
1,1533,-8149,94,-466
1,1534,-8138,93,-459
1,1535,-8141,86,-459
1,1536,-8130,85,-462
1,1537,-8137,100,-464
1,1538,-8136,100,-464
1,1539,-8138,94,-469
1,1540,-8136,94,-480
1,1541,-8157,91,-470
1,1542,-8158,102,-477
1,1543,-8145,109,-472
1,1544,-8142,100,-458
1,1545,-8142,85,-451
1,1546,-8134,79,-455
1,1547,-8134,82,-475
1,1548,-8133,97,-480
1,1549,-8133,99,-464
1,1550,-8138,97,-456
1,1551,-8140,104,-450
1,1552,-8144,109,-455
1,1553,-8127,104,-454
1,1554,-8132,85,-449
1,1555,-8131,91,-476
1,1556,-8136,85,-475
1,1557,-8139,77,-458
1,1558,-8142,71,-456
1,1559,-8146,70,-471
1,1560,-8143,82,-477
1,1561,-8151,92,-474
1,1562,-8138,95,-480
1,1563,-8143,93,-480
1,1564,-8132,98,-480
1,1565,-8133,109,-486
1,1566,-8126,110,-485
1,1567,-8128,112,-467
1,1568,-8132,111,-464
1,1569,-8141,115,-465
1,1570,-8141,114,-473
1,1571,-8129,110,-500
1,1572,-8120,103,-469
1,1573,-8133,101,-448
1,1574,-8144,101,-457
1,1575,-8149,112,-476
1,1576,-8145,98,-482
1,1577,-8146,100,-474
1,1578,-8143,96,-494
1,1579,-8139,98,-501
1,1580,-8138,116,-501
1,1581,-8145,123,-502
1,1582,-8138,107,-475
1,1583,-8130,87,-460
1,1584,-8130,88,-475
1,1585,-8136,89,-458
1,1586,-8139,101,-453
1,1587,-8135,95,-459
1,1588,-8140,81,-468
1,1589,-8136,85,-458
1,1590,-8148,92,-479
1,1591,-8151,97,-472
1,1592,-8152,103,-451
1,1593,-8156,96,-463
1,1594,-8148,100,-480
1,1595,-8150,106,-483
1,1596,-8141,104,-473
1,1597,-8135,106,-479
1,1598,-8144,93,-462
1,1599,-8128,98,-482
1,1600,-8130,96,-466
1,1601,-8137,104,-460
1,1602,-8139,94,-466
1,1603,-8133,96,-465
1,1604,-8144,87,-480
1,1605,-8152,99,-472
1,1606,-8157,102,-473
1,1607,-8149,103,-474
1,1608,-8143,102,-474
1,1609,-8136,92,-463
1,1610,-8134,97,-477
1,1611,-8150,91,-487
1,1612,-8144,88,-481
1,1613,-8141,89,-481
1,1614,-8142,88,-493
1,1615,-8143,82,-479
1,1616,-8143,92,-460
1,1617,-8140,86,-469
1,1618,-8143,87,-479
1,1619,-8145,91,-486
1,1620,-8145,99,-489
1,1621,-8145,108,-490
1,1622,-8145,106,-482
1,1623,-8157,110,-488
1,1624,-8156,102,-462
1,1625,-8152,96,-442
1,1626,-8148,88,-459
1,1627,-8150,88,-474
1,1628,-8145,87,-468
1,1629,-8146,87,-445
1,1630,-8148,90,-443
1,1631,-8151,91,-455
1,1632,-8145,88,-455
1,1633,-8140,99,-448
1,1634,-8132,106,-448
1,1635,-8125,105,-461
1,1636,-8134,94,-458
1,1637,-8134,95,-474
1,1638,-8139,90,-461
1,1639,-8139,91,-468
1,1640,-8138,95,-482
1,1641,-8149,98,-479
1,1642,-8159,103,-469
1,1643,-8154,105,-463
1,1644,-8149,94,-438
1,1645,-8150,96,-454
1,1646,-8150,102,-465
1,1647,-8152,111,-458
1,1648,-8150,115,-453
1,1649,-8150,118,-443
1,1650,-8156,123,-453
1,1651,-8161,110,-465
1,1652,-8154,112,-474
1,1653,-8147,115,-483
1,1654,-8148,110,-501
1,1655,-8139,111,-488
1,1656,-8149,118,-493
1,1657,-8152,124,-490
1,1658,-8156,116,-479
1,1659,-8163,113,-482
1,1660,-8160,108,-468
1,1661,-8150,100,-471
1,1662,-8150,87,-464
1,1663,-8140,98,-462
1,1664,-8146,98,-463
1,1665,-8145,96,-444
1,1666,-8139,89,-447
1,1667,-8132,91,-456
1,1668,-8144,97,-462
1,1669,-8130,101,-466
1,1670,-8131,91,-464
1,1671,-8139,82,-468
1,1672,-8135,79,-469
1,1673,-8142,95,-472
1,1674,-8149,99,-483
1,1675,-8148,96,-474
1,1676,-8150,92,-471
1,1677,-8146,99,-465
1,1678,-8140,78,-444
1,1679,-8140,68,-456
1,1680,-8145,72,-458
1,1681,-8141,84,-472
1,1682,-8139,96,-478
1,1683,-8132,101,-496
1,1684,-8140,102,-500
1,1685,-8143,104,-493
1,1686,-8137,91,-486
1,1687,-8137,88,-473
1,1688,-8132,93,-470
1,1689,-8132,100,-468
1,1690,-8133,102,-457
1,1691,-8137,115,-467
1,1692,-8136,91,-475
1,1693,-8134,87,-460
1,1694,-8139,86,-448
1,1695,-8140,86,-468
1,1696,-8130,87,-471
1,1697,-8140,98,-477
1,1698,-8144,100,-482
1,1699,-8149,100,-468
1,1700,-8148,104,-459
1,1701,-8148,98,-458
1,1702,-8142,93,-458
1,1703,-8144,92,-450
1,1704,-8140,99,-452
1,1705,-8137,119,-446
1,1706,-8152,123,-460
1,1707,-8150,116,-460
1,1708,-8149,105,-487
1,1709,-8146,104,-492
1,1710,-8152,102,-485
1,1711,-8150,114,-465
1,1712,-8153,106,-472
1,1713,-8158,99,-481
1,1714,-8150,97,-483
1,1715,-8132,104,-475
1,1716,-8131,100,-463
1,1717,-8136,98,-463
1,1718,-8139,98,-454
1,1719,-8139,97,-453
1,1720,-8141,95,-464
1,1721,-8134,109,-471
1,1722,-8143,98,-474
1,1723,-8148,111,-468
1,1724,-8154,108,-478
1,1725,-8160,93,-488
1,1726,-8151,85,-476
1,1727,-8145,85,-474
1,1728,-8141,86,-471
1,1729,-8135,96,-468
1,1730,-8135,97,-460
1,1731,-8144,86,-464
1,1732,-8156,87,-447
1,1733,-8128,90,-452
1,1734,-8127,94,-452
1,1735,-8135,96,-446
1,1736,-8134,94,-459
1,1737,-8138,93,-459
1,1738,-8148,99,-468
1,1739,-8144,93,-454
1,1740,-8157,94,-458
1,1741,-8143,90,-458
1,1742,-8136,98,-466
1,1743,-8143,111,-459
1,1744,-8138,120,-462
1,1745,-8130,109,-476
1,1746,-8133,110,-477
1,1747,-8130,108,-481
1,1748,-8134,98,-452
1,1749,-8137,96,-454
1,1750,-8131,96,-472
1,1751,-8119,97,-485
1,1752,-8133,101,-482
1,1753,-8134,98,-462
1,1754,-8138,100,-457
1,1755,-8148,92,-454
1,1756,-8144,100,-449
1,1757,-8157,94,-461
1,1758,-8161,96,-470
1,1759,-8149,104,-464
1,1760,-8131,108,-474
1,1761,-8131,101,-467
1,1762,-8150,97,-453
1,1763,-8154,108,-446
1,1764,-8145,117,-442
1,1765,-8143,103,-442
1,1766,-8140,103,-452
1,1767,-8134,98,-467
1,1768,-8134,100,-470
1,1769,-8134,99,-475
1,1770,-8138,86,-477
1,1771,-8139,87,-490
1,1772,-8158,90,-476
1,1773,-8152,85,-464
1,1774,-8145,90,-461
1,1775,-8146,95,-467
1,1776,-8142,94,-457
1,1777,-8154,94,-458
1,1778,-8149,102,-472
1,1779,-8144,100,-468
1,1780,-8153,105,-469
1,1781,-8158,90,-475
1,1782,-8146,90,-468
1,1783,-8139,84,-473
1,1784,-8136,88,-475
1,1785,-8138,78,-470
1,1786,-8131,88,-470
1,1787,-8144,82,-472
1,1788,-8139,92,-481
1,1789,-8140,94,-491
1,1790,-8123,90,-497
1,1791,-8135,79,-502
1,1792,-8139,77,-474
1,1793,-8144,80,-479
1,1794,-8138,81,-476
1,1795,-8151,97,-473
1,1796,-8152,97,-470
1,1797,-8145,94,-470
1,1798,-8143,91,-480
1,1799,-8144,91,-476
1,1800,-8144,100,-480
1,1801,-8136,92,-466
1,1802,-8145,93,-479
1,1803,-8150,105,-480
1,1804,-8155,94,-486
1,1805,-8153,99,-489
1,1806,-8148,111,-494
1,1807,-8155,115,-479
1,1808,-8141,110,-481
1,1809,-8137,109,-459
1,1810,-8146,97,-464
1,1811,-8132,84,-475
1,1812,-8138,81,-474
1,1813,-8134,92,-470
1,1814,-8136,94,-474
1,1815,-8148,91,-476
1,1816,-8155,96,-456
1,1817,-8163,92,-467
1,1818,-8156,107,-470
1,1819,-8143,102,-461
1,1820,-8147,91,-470
1,1821,-8149,86,-463
1,1822,-8147,91,-459
1,1823,-8135,96,-462
1,1824,-8145,101,-454
1,1825,-8134,88,-469
1,1826,-8132,85,-471
1,1827,-8125,94,-478
1,1828,-8127,93,-471
1,1829,-8132,96,-472
1,1830,-8139,86,-461
1,1831,-8152,83,-460
1,1832,-8153,86,-447
1,1833,-8152,91,-458
1,1834,-8145,101,-465
1,1835,-8160,108,-463
1,1836,-8154,103,-486
1,1837,-8151,101,-477
1,1838,-8136,102,-473
1,1839,-8143,94,-483
1,1840,-8151,94,-481
1,1841,-8142,87,-476
1,1842,-8144,89,-467
1,1843,-8135,97,-474
1,1844,-8137,101,-475
1,1845,-8143,93,-459
1,1846,-8152,88,-461
1,1847,-8146,95,-468
1,1848,-8148,96,-457
1,1849,-8145,99,-465
1,1850,-8143,91,-452
1,1851,-8135,91,-469
1,1852,-8132,93,-465
1,1853,-8131,98,-459
1,1854,-8142,95,-460
1,1855,-8149,106,-471
1,1856,-8152,104,-468
1,1857,-8159,97,-475
1,1858,-8155,108,-478
1,1859,-8152,88,-468
1,1860,-8144,94,-480
1,1861,-8147,95,-498
1,1862,-8149,96,-499
1,1863,-8141,102,-482
1,1864,-8128,101,-467
1,1865,-8128,93,-467
1,1866,-8133,107,-476
1,1867,-8133,107,-474
1,1868,-8128,114,-464
1,1869,-8143,117,-457
1,1870,-8146,97,-468
1,1871,-8143,96,-465
1,1872,-8150,81,-476
1,1873,-8153,88,-475
1,1874,-8140,95,-473
1,1875,-8149,102,-459
1,1876,-8140,97,-459
1,1877,-8139,88,-460
1,1878,-8149,88,-472
1,1879,-8158,98,-455
1,1880,-8155,106,-449
1,1881,-8143,112,-464
1,1882,-8130,107,-482
1,1883,-8125,105,-467
1,1884,-8133,109,-481
1,1885,-8138,114,-504
1,1886,-8138,109,-504
1,1887,-8138,113,-471
1,1888,-8132,103,-469
1,1889,-8150,107,-459
1,1890,-8158,112,-451
1,1891,-8151,104,-453
1,1892,-8151,97,-443
1,1893,-8153,97,-468
1,1894,-8153,105,-485
1,1895,-8145,96,-453
1,1896,-8143,95,-435
1,1897,-8152,92,-438
1,1898,-8146,98,-446
1,1899,-8142,104,-455
1,1900,-8151,91,-461
1,1901,-8145,98,-476
1,1902,-8144,112,-484
1,1903,-8147,104,-472
1,1904,-8137,99,-468
1,1905,-8130,102,-476
1,1906,-8143,104,-461
1,1907,-8143,95,-459
1,1908,-8138,106,-466
1,1909,-8141,104,-477
1,1910,-8149,91,-493
1,1911,-8151,80,-472
1,1912,-8135,90,-459
1,1913,-8128,93,-459
1,1914,-8133,108,-464
1,1915,-8148,97,-466
1,1916,-8149,100,-454
1,1917,-8149,94,-449
1,1918,-8139,92,-440
1,1919,-8141,97,-458
1,1920,-8135,98,-461
1,1921,-8145,89,-455
1,1922,-8136,98,-470
1,1923,-8128,91,-454
1,1924,-8136,95,-466
1,1925,-8140,92,-473
1,1926,-8149,93,-461
1,1927,-8153,96,-473
1,1928,-8144,95,-475
1,1929,-8150,102,-475
1,1930,-8163,89,-469
1,1931,-8144,101,-456
1,1932,-8133,96,-472
1,1933,-8133,101,-472
1,1934,-8136,95,-473
1,1935,-8133,88,-474
1,1936,-8131,91,-473
1,1937,-8131,85,-460
1,1938,-8122,92,-467
1,1939,-8124,94,-449
1,1940,-8129,97,-458
1,1941,-8139,93,-441
1,1942,-8143,93,-443
1,1943,-8139,102,-457
1,1944,-8144,110,-451
1,1945,-8144,109,-448
1,1946,-8146,116,-455
1,1947,-8140,107,-451
1,1948,-8141,97,-457
1,1949,-8144,89,-469
1,1950,-8134,102,-457
1,1951,-8141,106,-453
1,1952,-8140,101,-445
1,1953,-8141,95,-458
1,1954,-8144,107,-477
1,1955,-8145,114,-470
1,1956,-8140,102,-468
1,1957,-8146,98,-466
1,1958,-8152,106,-465
1,1959,-8150,123,-451
1,1960,-8147,119,-452
1,1961,-8139,116,-462
1,1962,-8130,123,-472
1,1963,-8136,115,-470
1,1964,-8133,100,-470
1,1965,-8140,95,-488
1,1966,-8140,94,-495
1,1967,-8138,102,-479
1,1968,-8146,93,-444
1,1969,-8139,93,-446
1,1970,-8131,97,-454
1,1971,-8135,84,-465
1,1972,-8135,89,-452
1,1973,-8138,107,-457
1,1974,-8146,112,-456
1,1975,-8144,93,-445
1,1976,-8140,90,-440
1,1977,-8136,91,-443
1,1978,-8141,98,-447
1,1979,-8138,95,-454
1,1980,-8143,91,-464
1,1981,-8147,87,-472
1,1982,-8144,86,-477
1,1983,-8135,94,-468
1,1984,-8138,97,-481
1,1985,-8137,79,-480
1,1986,-8137,85,-481
1,1987,-8145,91,-482
1,1988,-8154,98,-471
1,1989,-8150,91,-466
1,1990,-8154,89,-450
1,1991,-8159,100,-470
1,1992,-8160,106,-481
1,1993,-8160,114,-477
1,1994,-8157,105,-477
1,1995,-8151,104,-468
1,1996,-8139,109,-466
1,1997,-8146,110,-475
1,1998,-8139,100,-469
1,1999,-8131,101,-471
1,2000,-8139,109,-459
1,2001,-8146,106,-486
1,2002,-8134,101,-470
1,2003,-8140,103,-468
1,2004,-8147,107,-476
1,2005,-8146,114,-468
1,2006,-8145,100,-453
1,2007,-8137,92,-457
1,2008,-8149,102,-457
1,2009,-8148,101,-466
1,2010,-8150,118,-475
1,2011,-8147,117,-470
1,2012,-8145,115,-463
1,2013,-8143,116,-466
1,2014,-8138,89,-453
1,2015,-8139,82,-446
1,2016,-8146,87,-457
1,2017,-8151,88,-458
1,2018,-8145,92,-475
1,2019,-8142,94,-476
1,2020,-8141,102,-466
1,2021,-8138,96,-449
1,2022,-8149,88,-454
1,2023,-8142,95,-460
1,2024,-8133,97,-462
1,2025,-8138,96,-472
1,2026,-8144,94,-477
1,2027,-8149,100,-470
1,2028,-8137,113,-466
1,2029,-8146,106,-456
1,2030,-8145,104,-463
1,2031,-8148,116,-459
1,2032,-8152,116,-464
1,2033,-8150,99,-472
1,2034,-8144,98,-465
1,2035,-8134,92,-471
1,2036,-8139,87,-451
1,2037,-8156,94,-437
1,2038,-8146,99,-438
1,2039,-8141,94,-466
1,2040,-8147,99,-470
1,2041,-8154,90,-467
1,2042,-8156,95,-462
1,2043,-8138,92,-451
1,2044,-8134,92,-462
1,2045,-8138,90,-457
1,2046,-8140,91,-467
1,2047,-8155,90,-477
1,2048,-8154,87,-481
1,2049,-8153,91,-469
1,2050,-8151,106,-467
1,2051,-8147,107,-470
1,2052,-8134,102,-484
1,2053,-8139,100,-483
1,2054,-8141,89,-482
1,2055,-8125,93,-470
1,2056,-8130,82,-468
1,2057,-8127,90,-448
1,2058,-8134,79,-469
1,2059,-8133,84,-481
1,2060,-8151,86,-472
1,2061,-8160,91,-482
1,2062,-8149,104,-481
1,2063,-8147,103,-487
1,2064,-8143,103,-486
1,2065,-8139,98,-470
1,2066,-8143,106,-466
1,2067,-8137,99,-459
1,2068,-8143,104,-448
1,2069,-8136,96,-465
1,2070,-8153,102,-466
1,2071,-8151,99,-479
1,2072,-8159,94,-469
1,2073,-8166,108,-470
1,2074,-8162,94,-460
1,2075,-8156,89,-436
1,2076,-8161,91,-445
1,2077,-8142,81,-448
1,2078,-8136,77,-458
1,2079,-8147,88,-475
1,2080,-8154,100,-477
1,2081,-8159,101,-454
1,2082,-8154,95,-457
1,2083,-8153,104,-442
1,2084,-8149,94,-463
1,2085,-8147,95,-447
1,2086,-8142,104,-440
1,2087,-8140,99,-454
1,2088,-8139,95,-467
1,2089,-8144,78,-478
1,2090,-8142,80,-478
1,2091,-8137,86,-477
1,2092,-8134,94,-469
1,2093,-8145,96,-466
1,2094,-8150,92,-459
1,2095,-8146,104,-463
1,2096,-8153,102,-455
1,2097,-8152,101,-462
1,2098,-8141,90,-459
1,2099,-8144,90,-454
1,2100,-8132,88,-455
1,2101,-8138,83,-457
1,2102,-8146,87,-470
1,2103,-8144,93,-473
1,2104,-8144,101,-471
1,2105,-8147,95,-463
1,2106,-8136,95,-480
1,2107,-8127,94,-486
1,2108,-8140,98,-466
1,2109,-8129,94,-471
1,2110,-8129,85,-466
1,2111,-8145,90,-460
1,2112,-8143,86,-444
1,2113,-8135,80,-448
1,2114,-8149,79,-464
1,2115,-8160,80,-450
1,2116,-8163,89,-443
1,2117,-8161,87,-453
1,2118,-8148,98,-461
1,2119,-8145,102,-460
1,2120,-8129,98,-466
1,2121,-8120,92,-457
1,2122,-8140,94,-462
1,2123,-8139,82,-456
1,2124,-8145,86,-462
1,2125,-8141,86,-464
1,2126,-8132,92,-454
1,2127,-8130,87,-458
1,2128,-8135,87,-458
1,2129,-8132,110,-466
1,2130,-8149,112,-477
1,2131,-8143,105,-485
1,2132,-8157,102,-486
1,2133,-8149,101,-485
1,2134,-8142,97,-484
1,2135,-8150,84,-474
1,2136,-8140,89,-479
1,2137,-8136,86,-462
1,2138,-8140,91,-458
1,2139,-8144,95,-458
1,2140,-8147,82,-483
1,2141,-8141,86,-475
1,2142,-8143,80,-465
1,2143,-8140,95,-485
1,2144,-8133,87,-472
1,2145,-8141,84,-458
1,2146,-8147,97,-440
1,2147,-8144,105,-450
1,2148,-8145,96,-450
1,2149,-8130,95,-467
1,2150,-8140,84,-465
1,2151,-8145,82,-489
1,2152,-8140,98,-485
1,2153,-8132,111,-467
1,2154,-8137,109,-468
1,2155,-8141,112,-466
1,2156,-8147,122,-466
1,2157,-8165,113,-461
1,2158,-8158,115,-446
1,2159,-8131,106,-453
1,2160,-8126,95,-465
1,2161,-8140,76,-454
1,2162,-8146,82,-455
1,2163,-8153,91,-453
1,2164,-8147,98,-469
1,2165,-8146,94,-481
1,2166,-8153,98,-485
1,2167,-8142,101,-479
1,2168,-8142,111,-468
1,2169,-8142,98,-468
1,2170,-8139,99,-465
1,2171,-8149,95,-472
1,2172,-8150,97,-477
1,2173,-8157,100,-500
1,2174,-8166,95,-493
1,2175,-8161,97,-475
1,2176,-8144,100,-460
1,2177,-8142,101,-451
1,2178,-8134,100,-462
1,2179,-8144,93,-464
1,2180,-8147,93,-467
1,2181,-8144,77,-480
1,2182,-8141,80,-464
1,2183,-8134,88,-466
1,2184,-8133,97,-484
1,2185,-8153,85,-486
1,2186,-8154,88,-465
1,2187,-8157,77,-441
1,2188,-8151,92,-447
1,2189,-8138,96,-460
1,2190,-8143,106,-457
1,2191,-8139,107,-444
1,2192,-8146,86,-453
1,2193,-8152,92,-475
1,2194,-8153,86,-462
1,2195,-8151,96,-474
1,2196,-8143,96,-470
1,2197,-8141,90,-461
1,2198,-8141,95,-479
1,2199,-8142,96,-486
1,2200,-8151,96,-481
1,2201,-8148,97,-473
1,2202,-8145,89,-488
1,2203,-8151,85,-486
1,2204,-8144,88,-489
1,2205,-8134,89,-485
1,2206,-8151,94,-469
1,2207,-8150,94,-473
1,2208,-8148,88,-491
1,2209,-8146,97,-492
1,2210,-8150,81,-477
1,2211,-8149,82,-476
1,2212,-8152,90,-474
1,2213,-8160,81,-465
1,2214,-8149,82,-464
1,2215,-8137,75,-470
1,2216,-8134,76,-468
1,2217,-8125,83,-474
1,2218,-8138,82,-466
1,2219,-8139,71,-472
1,2220,-8147,80,-479
1,2221,-8144,91,-490
1,2222,-8142,87,-493
1,2223,-8154,89,-492
1,2224,-8138,95,-464
1,2225,-8145,82,-451
1,2226,-8160,79,-459
1,2227,-8160,77,-485
1,2228,-8148,78,-469
1,2229,-8137,86,-464
1,2230,-8136,94,-466
1,2231,-8142,109,-461
1,2232,-8139,98,-476
1,2233,-8130,89,-483
1,2234,-8136,99,-484
1,2235,-8147,91,-480
1,2236,-8141,86,-475
1,2237,-8144,88,-471
1,2238,-8145,95,-450
1,2239,-8156,92,-460
1,2240,-8161,100,-461
1,2241,-8160,98,-465
1,2242,-8156,104,-457
1,2243,-8142,101,-442
1,2244,-8131,93,-445
1,2245,-8139,101,-465
1,2246,-8143,105,-477
1,2247,-8137,108,-477
1,2248,-8146,100,-474
1,2249,-8155,91,-469
1,2250,-8148,99,-482
1,2251,-8139,94,-462
1,2252,-8142,92,-463
1,2253,-8142,92,-447
1,2254,-8145,97,-433
1,2255,-8149,108,-451
1,2256,-8139,98,-457
1,2257,-8159,98,-457
1,2258,-8145,93,-475
1,2259,-8148,92,-477
1,2260,-8133,97,-462
1,2261,-8141,97,-459
1,2262,-8141,95,-468
1,2263,-8139,106,-457
1,2264,-8137,119,-465
1,2265,-8148,111,-477
1,2266,-8143,93,-476
1,2267,-8138,85,-485
1,2268,-8141,85,-480
1,2269,-8145,99,-481
1,2270,-8140,100,-479
1,2271,-8160,115,-475
1,2272,-8142,103,-477
1,2273,-8146,106,-481
1,2274,-8140,94,-484
1,2275,-8147,86,-465
1,2276,-8145,75,-465
1,2277,-8143,81,-475
1,2278,-8136,89,-469
1,2279,-8135,112,-461
1,2280,-8148,111,-453
1,2281,-8150,109,-464
1,2282,-8132,105,-453
1,2283,-8138,102,-459
1,2284,-8140,103,-468
1,2285,-8144,112,-462
1,2286,-8146,101,-460
1,2287,-8136,100,-462
1,2288,-8138,103,-456
1,2289,-8130,105,-455
1,2290,-8135,95,-460
1,2291,-8124,100,-470
1,2292,-8142,101,-482
1,2293,-8141,106,-497
1,2294,-8140,107,-476
1,2295,-8140,100,-451
1,2296,-8140,89,-459
1,2297,-8139,90,-473
1,2298,-8135,102,-471
1,2299,-8139,103,-463
1,2300,-8148,110,-467
1,2301,-8151,110,-475
1,2302,-8146,100,-479
1,2303,-8139,112,-464
1,2304,-8155,98,-466
1,2305,-8151,84,-477
1,2306,-8149,81,-470
1,2307,-8152,86,-474
1,2308,-8154,87,-488
1,2309,-8155,98,-471
1,2310,-8152,100,-471
1,2311,-8144,105,-488
1,2312,-8145,95,-498
1,2313,-8146,92,-482
1,2314,-8140,86,-474
1,2315,-8133,80,-459
1,2316,-8147,93,-467
1,2317,-8141,94,-478
1,2318,-8141,96,-473
1,2319,-8142,100,-465
1,2320,-8145,95,-460
1,2321,-8140,100,-456
1,2322,-8150,93,-461
1,2323,-8137,103,-463
1,2324,-8135,116,-461
1,2325,-8129,104,-478
1,2326,-8138,114,-474
1,2327,-8141,121,-477
1,2328,-8141,117,-468
1,2329,-8130,106,-464
1,2330,-8133,95,-466
1,2331,-8129,97,-468
1,2332,-8127,98,-477
1,2333,-8136,95,-464
1,2334,-8136,100,-447
1,2335,-8142,99,-446
1,2336,-8148,92,-451
1,2337,-8142,92,-466
1,2338,-8141,77,-480
1,2339,-8149,80,-478
1,2340,-8149,84,-489
1,2341,-8141,75,-492
1,2342,-8140,79,-469
1,2343,-8145,88,-451
1,2344,-8148,89,-466
1,2345,-8157,98,-477
1,2346,-8155,94,-462
1,2347,-8149,91,-468
1,2348,-8128,101,-478
1,2349,-8134,107,-478
1,2350,-8136,118,-472
1,2351,-8142,99,-466
1,2352,-8139,98,-472
1,2353,-8134,91,-470
1,2354,-8148,76,-452
1,2355,-8152,80,-445
1,2356,-8150,92,-442
1,2357,-8143,103,-442
1,2358,-8147,101,-462
1,2359,-8153,101,-463
1,2360,-8154,92,-464
1,2361,-8151,77,-470
1,2362,-8154,79,-485
1,2363,-8139,72,-463
1,2364,-8130,76,-469
1,2365,-8127,94,-483
1,2366,-8131,100,-481
1,2367,-8129,103,-474
1,2368,-8134,91,-477
1,2369,-8143,93,-471
1,2370,-8152,93,-469
1,2371,-8160,88,-472
1,2372,-8144,101,-454
1,2373,-8132,95,-454
1,2374,-8137,98,-473
1,2375,-8139,101,-470
1,2376,-8147,108,-458
1,2377,-8140,97,-450
1,2378,-8142,99,-453
1,2379,-8135,91,-457
1,2380,-8138,83,-457
1,2381,-8152,85,-468
1,2382,-8159,92,-468
1,2383,-8158,94,-473
1,2384,-8145,83,-465
1,2385,-8137,91,-458
1,2386,-8143,106,-467
1,2387,-8149,102,-466
1,2388,-8159,118,-467
1,2389,-8149,106,-480
1,2390,-8150,97,-473
1,2391,-8161,94,-467
1,2392,-8149,92,-449
1,2393,-8149,92,-434
1,2394,-8147,102,-457
1,2395,-8149,86,-460
1,2396,-8160,94,-459
1,2397,-8155,101,-453
1,2398,-8143,114,-440
1,2399,-8147,100,-452
1,2400,-8147,99,-447
1,2401,-8143,110,-460
1,2402,-8164,114,-473
1,2403,-8157,99,-485
1,2404,-8152,99,-472
1,2405,-8153,98,-457
1,2406,-8146,98,-446
1,2407,-8139,99,-446
1,2408,-8130,96,-460
1,2409,-8133,92,-472
1,2410,-8137,94,-470
1,2411,-8128,91,-467
1,2412,-8134,89,-455
1,2413,-8145,99,-445
1,2414,-8149,106,-448
1,2415,-8137,103,-430
1,2416,-8146,109,-435
1,2417,-8143,107,-436
1,2418,-8134,119,-432
1,2419,-8140,133,-438
1,2420,-8141,129,-448
1,2421,-8141,114,-460
1,2422,-8140,100,-464
1,2423,-8134,100,-468
1,2424,-8144,104,-463
1,2425,-8142,107,-459
1,2426,-8129,111,-466
1,2427,-8128,117,-488
1,2428,-8127,124,-498
1,2429,-8144,111,-490
1,2430,-8149,104,-473
1,2431,-8143,97,-458
1,2432,-8139,101,-455
1,2433,-8148,92,-474
1,2434,-8160,82,-456
1,2435,-8166,92,-460
1,2436,-8172,101,-462
1,2437,-8153,88,-470
1,2438,-8154,94,-462
1,2439,-8155,103,-461
1,2440,-8149,102,-446
1,2441,-8148,107,-449
1,2442,-8145,97,-466
1,2443,-8140,93,-454
1,2444,-8145,83,-450
1,2445,-8144,78,-446
1,2446,-8139,85,-452
1,2447,-8140,96,-434
1,2448,-8136,94,-435
1,2449,-8143,91,-454
1,2450,-8140,89,-458
1,2451,-8155,95,-463
1,2452,-8149,105,-478
1,2453,-8138,104,-475
1,2454,-8141,111,-472
1,2455,-8151,114,-478
1,2456,-8146,118,-475
1,2457,-8146,108,-451
1,2458,-8127,92,-441
1,2459,-8124,88,-456
1,2460,-8140,104,-457
1,2461,-8159,102,-462
1,2462,-8159,101,-467
1,2463,-8145,102,-454
1,2464,-8141,106,-458
1,2465,-8137,116,-472
1,2466,-8130,105,-486
1,2467,-8128,93,-486
1,2468,-8130,88,-479
1,2469,-8132,92,-465
1,2470,-8132,92,-463
1,2471,-8127,102,-472
1,2472,-8127,95,-452
1,2473,-8126,97,-468
1,2474,-8128,96,-488
1,2475,-8125,92,-489
1,2476,-8129,107,-470
1,2477,-8135,107,-460
1,2478,-8129,102,-444
1,2479,-8144,100,-466
1,2480,-8146,102,-478
1,2481,-8153,93,-471
1,2482,-8158,98,-467
1,2483,-8144,96,-465
1,2484,-8145,100,-462
1,2485,-8144,112,-466
1,2486,-8148,103,-459
1,2487,-8149,93,-467
1,2488,-8158,95,-473
1,2489,-8148,106,-470
1,2490,-8148,97,-464
1,2491,-8143,99,-476
1,2492,-8150,98,-458
1,2493,-8145,108,-470
1,2494,-8140,107,-478
1,2495,-8140,93,-488
1,2496,-8142,91,-492
1,2497,-8136,97,-487
2,0,-8157,109,-483
2,1,-8146,102,-486
2,2,-8136,99,-482
2,3,-8132,107,-461
2,4,-8133,103,-454
2,5,-8133,94,-460
2,6,-8129,92,-439
2,7,-8128,93,-455
2,8,-8138,104,-461
2,9,-8148,103,-451
2,10,-8152,104,-453
2,11,-8142,105,-462
2,12,-8138,105,-483
2,13,-8149,102,-477
2,14,-8167,106,-480
2,15,-8153,107,-489
2,16,-8159,103,-476
2,17,-8138,112,-460
2,18,-8134,114,-444
2,19,-8151,109,-447
2,20,-8148,86,-459
2,21,-8142,85,-458
2,22,-8136,89,-473
2,23,-8128,85,-472
2,24,-8132,101,-480
2,25,-8141,108,-486
2,26,-8139,101,-480
2,27,-8145,97,-475
2,28,-8153,97,-463
2,29,-8155,86,-455
2,30,-8147,109,-473
2,31,-8137,104,-484
2,32,-8147,108,-456
2,33,-8143,97,-458
2,34,-8153,101,-454
2,35,-8143,88,-451
2,36,-8141,86,-474
2,37,-8141,92,-472
2,38,-8152,100,-477
2,39,-8147,115,-445
2,40,-8154,117,-453
2,41,-8151,109,-467
2,42,-8141,110,-456
2,43,-8143,111,-468
2,44,-8149,114,-461
2,45,-8141,120,-462
2,46,-8137,113,-455
2,47,-8142,117,-462
2,48,-8132,107,-466
2,49,-8133,103,-448
2,50,-8142,101,-432
2,51,-8142,82,-441
2,52,-8146,86,-464
2,53,-8145,91,-481
2,54,-8147,98,-471
2,55,-8145,103,-477
2,56,-8143,102,-472
2,57,-8143,100,-454
2,58,-8143,90,-441
2,59,-8136,95,-440
2,60,-8132,103,-437
2,61,-8134,104,-469
2,62,-8143,98,-479
2,63,-8144,94,-467
2,64,-8143,84,-473
2,65,-8143,85,-479
2,66,-8144,90,-486
2,67,-8158,95,-482
2,68,-8157,96,-476
2,69,-8150,109,-458
2,70,-8142,116,-460
2,71,-8140,111,-468
2,72,-8141,108,-477
2,73,-8129,94,-473
2,74,-8131,100,-446
2,75,-8124,100,-461
2,76,-8132,104,-464
2,77,-8130,106,-458
2,78,-8143,105,-438
2,79,-8146,105,-444
2,80,-8144,95,-460
2,81,-8160,107,-478
2,82,-8150,109,-480
2,83,-8144,105,-461
2,84,-8137,97,-458
2,85,-8139,95,-464
2,86,-8143,93,-470
2,87,-8142,104,-476
2,88,-8144,106,-478
2,89,-8134,113,-475
2,90,-8125,112,-486
2,91,-8130,100,-478
2,92,-8123,104,-473
2,93,-8127,105,-469
2,94,-8143,110,-464
2,95,-8160,104,-475
2,96,-8161,98,-476
2,97,-8149,102,-463
2,98,-8149,93,-471
2,99,-8137,97,-473
2,100,-8138,89,-470
2,101,-8146,96,-455
2,102,-8139,104,-437
2,103,-8141,111,-432
2,104,-8141,100,-442
2,105,-8129,91,-450
2,106,-8147,95,-457
2,107,-8138,87,-456
2,108,-8128,99,-451
2,109,-8133,95,-449
2,110,-8141,99,-451
2,111,-8138,105,-454
2,112,-8135,94,-465
2,113,-8131,93,-475
2,114,-8139,92,-459
2,115,-8143,107,-461
2,116,-8138,108,-461
2,117,-8137,102,-462
2,118,-8139,99,-462
2,119,-8147,113,-453
2,120,-8143,117,-451
2,121,-8147,115,-445
2,122,-8151,101,-447
2,123,-8148,104,-456
2,124,-8154,102,-455
2,125,-8156,95,-465
2,126,-8157,91,-457
2,127,-8141,91,-453
2,128,-8134,89,-457
2,129,-8140,93,-463
2,130,-8147,90,-469
2,131,-8149,95,-461
2,132,-8148,99,-455
2,133,-8154,96,-468
2,134,-8138,102,-470
2,135,-8140,92,-468
2,136,-8133,89,-476
2,137,-8152,92,-483
2,138,-8153,83,-470
2,139,-8162,81,-452
2,140,-8150,97,-464
2,141,-8148,104,-461
2,142,-8134,102,-471
2,143,-8132,100,-478
2,144,-8133,92,-471
2,145,-8147,94,-475
2,146,-8152,97,-468
2,147,-8152,113,-459
2,148,-8161,110,-473
2,149,-8165,106,-469
2,150,-8154,98,-444
2,151,-8146,86,-447
2,152,-8148,94,-458
2,153,-8146,107,-448
2,154,-8154,109,-451
2,155,-8161,102,-444
2,156,-8161,99,-447
2,157,-8161,96,-477
2,158,-8150,85,-471
2,159,-8146,96,-462
2,160,-8136,101,-460
2,161,-8141,103,-467
2,162,-8144,99,-474
2,163,-8145,86,-487
2,164,-8138,113,-481
2,165,-8145,115,-484
2,166,-8145,109,-464
2,167,-8143,102,-439
2,168,-8133,105,-421
2,169,-8138,110,-438
2,170,-8141,97,-444
2,171,-8142,96,-465
2,172,-8147,90,-466
2,173,-8155,82,-465
2,174,-8162,92,-461
2,175,-8147,108,-467
2,176,-8144,107,-461
2,177,-8150,106,-456
2,178,-8151,99,-453
2,179,-8156,100,-440
2,180,-8156,98,-440
2,181,-8152,102,-448
2,182,-8153,102,-463
2,183,-8138,98,-469
2,184,-8148,97,-469
2,185,-8138,104,-444
2,186,-8137,101,-447
2,187,-8148,95,-448
2,188,-8144,84,-464
2,189,-8156,83,-471
2,190,-8148,84,-468
2,191,-8156,85,-477
2,192,-8163,85,-467
2,193,-8154,92,-454
2,194,-8164,107,-447
2,195,-8159,97,-451
2,196,-8143,92,-453
2,197,-8150,99,-448
2,198,-8144,96,-456
2,199,-8132,88,-455
2,200,-8143,88,-475
2,201,-8152,93,-468
2,202,-8149,81,-484
2,203,-8145,75,-472
2,204,-8145,91,-461
2,205,-8148,98,-453
2,206,-8141,90,-446
2,207,-8150,90,-455
2,208,-8145,95,-460
2,209,-8142,104,-456
2,210,-8135,108,-482
2,211,-8131,108,-477
2,212,-8137,97,-459
2,213,-8153,100,-456
2,214,-8153,90,-459
2,215,-8143,103,-451
2,216,-8146,111,-452
2,217,-8149,110,-446
2,218,-8150,110,-450
2,219,-8133,102,-452
2,220,-8129,97,-454
2,221,-8134,105,-455
2,222,-8146,101,-457
2,223,-8141,118,-454
2,224,-8145,119,-452
2,225,-8145,120,-451
2,226,-8133,98,-454
2,227,-8131,98,-465
2,228,-8136,103,-462
2,229,-8134,92,-461
2,230,-8124,84,-469
2,231,-8132,89,-482
2,232,-8144,99,-487
2,233,-8149,89,-475
2,234,-8149,95,-473
2,235,-8150,112,-473
2,236,-8143,117,-480
2,237,-8126,113,-495
2,238,-8141,98,-491
2,239,-8151,102,-474
2,240,-8149,95,-480
2,241,-8146,88,-476
2,242,-8137,83,-462
2,243,-8139,86,-459
2,244,-8139,90,-467
2,245,-8141,99,-458
2,246,-8135,111,-456
2,247,-8134,110,-465
2,248,-8139,106,-462
2,249,-8131,78,-470
2,250,-8138,79,-458
2,251,-8134,84,-466
2,252,-8137,100,-470
2,253,-8137,112,-479
2,254,-8153,110,-443
2,255,-8159,113,-468
2,256,-8155,111,-472
2,257,-8141,111,-479
2,258,-8139,104,-461
2,259,-8138,91,-455
2,260,-8135,102,-475
2,261,-8139,98,-469
2,262,-8142,107,-461
2,263,-8145,95,-470
2,264,-8149,91,-464
2,265,-8158,106,-462
2,266,-8160,103,-474
2,267,-8151,95,-471
2,268,-8147,93,-474
2,269,-8131,98,-470
2,270,-8135,91,-468
2,271,-8132,106,-482
2,272,-8130,115,-491
2,273,-8141,110,-507
2,274,-8141,112,-491
2,275,-8146,105,-484
2,276,-8146,106,-491
2,277,-8144,123,-477
2,278,-8152,120,-471
2,279,-8145,119,-462
2,280,-8135,111,-462
2,281,-8131,109,-467
2,282,-8137,112,-476
2,283,-8148,111,-471
2,284,-8149,117,-454
2,285,-8150,101,-440
2,286,-8154,101,-466
2,287,-8143,94,-476
2,288,-8150,94,-474
2,289,-8146,99,-449
2,290,-8155,101,-434
2,291,-8152,96,-469
2,292,-8151,99,-485
2,293,-8145,91,-495
2,294,-8139,88,-474
2,295,-8137,98,-467
2,296,-8145,95,-468
2,297,-8144,104,-468
2,298,-8136,103,-463
2,299,-8135,114,-456
2,300,-8143,110,-461
2,301,-8145,104,-459
2,302,-8148,104,-465
2,303,-8139,100,-457
2,304,-8139,106,-454
2,305,-8152,111,-465
2,306,-8144,109,-466
2,307,-8151,119,-467
2,308,-8151,116,-478
2,309,-8155,108,-489
2,310,-8154,96,-488
2,311,-8139,100,-484
2,312,-8131,95,-476
2,313,-8139,100,-479
2,314,-8137,100,-468
2,315,-8144,100,-450
2,316,-8142,111,-460
2,317,-8150,111,-464
2,318,-8144,119,-470
2,319,-8144,108,-472
2,320,-8143,99,-477
2,321,-8143,110,-468
2,322,-8152,115,-470
2,323,-8137,109,-473
2,324,-8137,113,-474
2,325,-8147,95,-463
2,326,-8139,98,-456
2,327,-8143,95,-461
2,328,-8141,83,-468
2,329,-8126,92,-466
2,330,-8142,87,-476
2,331,-8145,92,-471
2,332,-8149,87,-465
2,333,-8150,83,-460
2,334,-8146,92,-465
2,335,-8154,100,-449
2,336,-8149,104,-441
2,337,-8151,118,-455
2,338,-8144,109,-466
2,339,-8154,100,-465
2,340,-8152,112,-459
2,341,-8137,116,-467
2,342,-8145,106,-462
2,343,-8146,96,-460
2,344,-8136,104,-450
2,345,-8134,108,-443
2,346,-8131,112,-468
2,347,-8138,110,-479
2,348,-8140,100,-467
2,349,-8144,103,-456
2,350,-8152,107,-434
2,351,-8141,110,-449
2,352,-8137,103,-449
2,353,-8147,105,-467
2,354,-8145,102,-469
2,355,-8143,107,-469
2,356,-8140,108,-474
2,357,-8147,108,-477
2,358,-8129,101,-488
2,359,-8131,103,-480
2,360,-8150,88,-437
2,361,-8145,104,-451
2,362,-8146,102,-468
2,363,-8137,100,-454
2,364,-8133,84,-454
2,365,-8146,80,-467
2,366,-8141,82,-468
2,367,-8152,93,-468
2,368,-8145,100,-490
2,369,-8146,92,-481
2,370,-8140,93,-456
2,371,-8143,111,-463
2,372,-8148,106,-467
2,373,-8140,103,-453
2,374,-8141,100,-472
2,375,-8139,104,-473
2,376,-8145,104,-475
2,377,-8140,113,-484
2,378,-8148,105,-476
2,379,-8142,115,-463
2,380,-8136,115,-465
2,381,-8131,110,-474
2,382,-8119,112,-484
2,383,-8129,113,-482
2,384,-8136,112,-478
2,385,-8139,104,-486
2,386,-8136,108,-493
2,387,-8138,106,-479
2,388,-8150,103,-485
2,389,-8143,106,-475
2,390,-8147,102,-476
2,391,-8135,99,-462
2,392,-8137,93,-464
2,393,-8135,103,-462
2,394,-8123,94,-457
2,395,-8130,100,-466
2,396,-8121,110,-476
2,397,-8136,106,-467
2,398,-8139,94,-472
2,399,-8134,95,-471
2,400,-8143,99,-483
2,401,-8139,101,-504
2,402,-8139,107,-501
2,403,-8146,117,-495
2,404,-8143,117,-477
2,405,-8147,101,-480
2,406,-8151,101,-491
2,407,-8152,103,-472
2,408,-8153,103,-458
2,409,-8145,104,-464
2,410,-8149,116,-466
2,411,-8149,118,-456
2,412,-8142,103,-462
2,413,-8136,104,-451
2,414,-8141,104,-449
2,415,-8134,101,-462
2,416,-8130,93,-482
2,417,-8143,95,-470
2,418,-8150,102,-472
2,419,-8134,97,-472
2,420,-8146,99,-482
2,421,-8152,105,-480
2,422,-8155,98,-472
2,423,-8155,89,-465
2,424,-8153,95,-462
2,425,-8139,90,-469
2,426,-8140,81,-461
2,427,-8131,81,-469
2,428,-8135,86,-474
2,429,-8138,86,-476
2,430,-8129,93,-461
2,431,-8136,91,-476
2,432,-8145,93,-470
2,433,-8153,108,-463
2,434,-8155,99,-454
2,435,-8167,94,-456
2,436,-8172,96,-465
2,437,-8166,98,-448
2,438,-8152,101,-462
2,439,-8135,109,-479
2,440,-8129,103,-481
2,441,-8124,103,-466
2,442,-8132,95,-484
2,443,-8141,99,-488
2,444,-8150,97,-471
2,445,-8148,92,-472
2,446,-8146,91,-459
2,447,-8146,89,-454
2,448,-8145,99,-469
2,449,-8147,107,-473
2,450,-8158,112,-462
2,451,-8159,97,-462
2,452,-8149,96,-441
2,453,-8134,89,-428
2,454,-8140,94,-440
2,455,-8138,99,-439
2,456,-8139,101,-446
2,457,-8144,104,-458
2,458,-8136,103,-464
2,459,-8145,94,-482
2,460,-8140,91,-464
2,461,-8148,94,-446
2,462,-8150,95,-469
2,463,-8144,101,-462
2,464,-8145,96,-458
2,465,-8132,104,-466
2,466,-8128,105,-464
2,467,-8139,103,-470
2,468,-8137,98,-469
2,469,-8136,104,-469
2,470,-8132,99,-469
2,471,-8125,105,-488
2,472,-8127,99,-489
2,473,-8132,103,-496
2,474,-8142,106,-485
2,475,-8140,112,-473
2,476,-8143,107,-477
2,477,-8146,99,-475
2,478,-8152,95,-472
2,479,-8158,85,-482
2,480,-8152,81,-474
2,481,-8151,90,-471
2,482,-8147,97,-468
2,483,-8138,89,-465
2,484,-8140,88,-457
2,485,-8144,101,-462
2,486,-8138,108,-453
2,487,-8125,99,-451
2,488,-8133,99,-445
2,489,-8164,83,-451
2,490,-8169,91,-448
2,491,-8173,97,-452
2,492,-8167,114,-435
2,493,-8158,118,-449
2,494,-8154,98,-445
2,495,-8148,83,-449
2,496,-8141,91,-457
2,497,-8155,94,-464
2,498,-8162,97,-456
2,499,-8159,92,-453
2,500,-8155,107,-466
2,501,-8134,98,-477
2,502,-8139,99,-466
2,503,-8147,93,-456
2,504,-8150,107,-456
2,505,-8142,121,-447
2,506,-8140,114,-453
2,507,-8134,110,-445
2,508,-8131,106,-453
2,509,-8125,105,-463
2,510,-8128,103,-463
2,511,-8140,110,-486
2,512,-8133,102,-461
2,513,-8132,97,-459
2,514,-8142,109,-476
2,515,-8137,111,-462
2,516,-8139,112,-467
2,517,-8148,96,-491
2,518,-8147,89,-474
2,519,-8142,101,-467
2,520,-8145,100,-471
2,521,-8139,103,-485
2,522,-8141,115,-469
2,523,-8134,108,-480
2,524,-8139,100,-481
2,525,-8137,102,-481
2,526,-8129,104,-472
2,527,-8133,108,-469
2,528,-8144,97,-461
2,529,-8138,94,-481
2,530,-8139,96,-477
2,531,-8138,102,-480
2,532,-8134,105,-456
2,533,-8126,101,-449
2,534,-8129,98,-445
2,535,-8135,94,-458
2,536,-8156,94,-464
2,537,-8154,102,-457
2,538,-8153,109,-466
2,539,-8144,116,-465
2,540,-8133,116,-453
2,541,-8122,102,-460
2,542,-8132,87,-469
2,543,-8142,98,-467
2,544,-8139,91,-472
2,545,-8141,82,-473
2,546,-8135,78,-490
2,547,-8134,80,-473
2,548,-8139,94,-460
2,549,-8133,103,-478
2,550,-8139,107,-483
2,551,-8151,99,-501
2,552,-8150,101,-479
2,553,-8128,108,-491
2,554,-8131,107,-486
2,555,-8139,112,-479
2,556,-8140,90,-474
2,557,-8135,82,-462
2,558,-8139,92,-481
2,559,-8138,92,-480
2,560,-8137,90,-473
2,561,-8127,105,-469
2,562,-8142,113,-465
2,563,-8159,110,-472
2,564,-8161,100,-455
2,565,-8157,93,-445
2,566,-8155,94,-452
2,567,-8152,90,-458
2,568,-8141,90,-481
2,569,-8137,94,-484
2,570,-8150,96,-483
2,571,-8153,98,-474
2,572,-8146,101,-471
2,573,-8141,99,-478
2,574,-8142,99,-474
2,575,-8153,96,-466
2,576,-8150,96,-485
2,577,-8147,88,-486
2,578,-8138,87,-460
2,579,-8128,100,-463
2,580,-8136,98,-469
2,581,-8139,92,-444
2,582,-8132,91,-449
2,583,-8125,95,-438
2,584,-8140,97,-457
2,585,-8151,82,-467
2,586,-8146,84,-442
2,587,-8151,89,-451
2,588,-8153,94,-447
2,589,-8157,83,-448
2,590,-8150,86,-454
2,591,-8143,101,-454
2,592,-8139,107,-454
2,593,-8145,104,-452
2,594,-8150,111,-465
2,595,-8147,115,-453
2,596,-8144,116,-460
2,597,-8151,117,-453
2,598,-8151,96,-448
2,599,-8145,94,-476
2,600,-8152,85,-479
2,601,-8148,92,-474
2,602,-8147,96,-477
2,603,-8153,92,-478
2,604,-8148,84,-469
2,605,-8154,82,-447
2,606,-8144,92,-443
2,607,-8152,82,-451
2,608,-8146,76,-459
2,609,-8149,92,-462
2,610,-8151,95,-463
2,611,-8158,87,-465
2,612,-8155,101,-445
2,613,-8149,108,-453
2,614,-8145,114,-472
2,615,-8136,103,-476
2,616,-8130,109,-472
2,617,-8139,117,-489
2,618,-8148,106,-459
2,619,-8152,89,-456
2,620,-8158,86,-462
2,621,-8159,89,-478
2,622,-8155,95,-443
2,623,-8148,93,-440
2,624,-8149,91,-448
2,625,-8156,89,-458
2,626,-8152,96,-453
2,627,-8158,98,-471
2,628,-8156,102,-487
2,629,-8142,112,-471
2,630,-8141,106,-471
2,631,-8140,107,-488
2,632,-8138,102,-492
2,633,-8136,101,-486
2,634,-8131,104,-472
2,635,-8133,88,-455
2,636,-8153,93,-481
2,637,-8156,94,-466
2,638,-8144,95,-473
2,639,-8145,86,-475
2,640,-8154,77,-471
2,641,-8155,85,-475
2,642,-8157,89,-474
2,643,-8162,85,-467
2,644,-8149,79,-470
2,645,-8137,87,-434
2,646,-8123,93,-419
2,647,-8125,84,-437
2,648,-8139,86,-453
2,649,-8139,78,-456
2,650,-8140,77,-443
2,651,-8138,79,-463
2,652,-8144,88,-467
2,653,-8140,84,-480
2,654,-8137,84,-475
2,655,-8137,83,-475
2,656,-8130,94,-494
2,657,-8139,87,-492
2,658,-8142,90,-479
2,659,-8144,94,-461
2,660,-8141,83,-463
2,661,-8131,80,-440
2,662,-8127,85,-435
2,663,-8128,85,-452
2,664,-8125,89,-464
2,665,-8122,88,-456
2,666,-8133,85,-458
2,667,-8132,85,-475
2,668,-8139,77,-483
2,669,-8145,79,-481
2,670,-8150,81,-478
2,671,-8155,78,-484
2,672,-8146,95,-471
2,673,-8146,102,-457
2,674,-8145,103,-466
2,675,-8136,92,-457
2,676,-8133,96,-446
2,677,-8131,101,-445
2,678,-8135,100,-452
2,679,-8135,90,-447
2,680,-8145,94,-447
2,681,-8147,98,-460
2,682,-8144,103,-488
2,683,-8143,106,-485
2,684,-8145,112,-499
2,685,-8143,105,-492
2,686,-8151,95,-479
2,687,-8154,88,-474
2,688,-8153,91,-501
2,689,-8150,90,-495
2,690,-8131,96,-491
2,691,-8128,103,-500
2,692,-8123,101,-483
2,693,-8120,112,-473
2,694,-8134,117,-466
2,695,-8138,88,-461
2,696,-8128,87,-463
2,697,-8135,92,-453
2,698,-8130,92,-453
2,699,-8142,73,-463
2,700,-8147,67,-470
2,701,-8148,85,-465
2,702,-8158,89,-463
2,703,-8160,83,-440
2,704,-8153,101,-434
2,705,-8144,104,-440
2,706,-8140,95,-456
2,707,-8140,81,-478
2,708,-8137,89,-487
2,709,-8135,98,-471
2,710,-8138,97,-474
2,711,-8155,96,-454
2,712,-8162,91,-452
2,713,-8149,102,-473
2,714,-8143,109,-477
2,715,-8149,98,-459
2,716,-8143,87,-436
2,717,-8140,88,-440
2,718,-8144,95,-424
2,719,-8144,90,-432
2,720,-8154,103,-434
2,721,-8144,93,-446
2,722,-8141,92,-450
2,723,-8128,82,-451
2,724,-8136,75,-450
2,725,-8135,84,-463
2,726,-8146,82,-474
2,727,-8146,81,-476
2,728,-8157,76,-466
2,729,-8151,73,-462
2,730,-8138,83,-458
2,731,-8136,84,-464
2,732,-8130,87,-463
2,733,-8132,89,-442
2,734,-8141,88,-426
2,735,-8141,81,-418
2,736,-8145,84,-423
2,737,-8148,92,-436
2,738,-8152,75,-464
2,739,-8151,79,-475
2,740,-8143,86,-492
2,741,-8151,75,-478
2,742,-8164,85,-458
2,743,-8164,78,-443
2,744,-8165,82,-454
2,745,-8159,86,-456
2,746,-8137,81,-461
2,747,-8136,84,-476
2,748,-8145,86,-485
2,749,-8157,88,-489
2,750,-8164,90,-465
2,751,-8154,85,-450
2,752,-8156,97,-472
2,753,-8151,92,-482
2,754,-8142,94,-479
2,755,-8131,104,-477
2,756,-8140,103,-487
2,757,-8156,94,-483
2,758,-8150,89,-496
2,759,-8150,103,-489
2,760,-8149,101,-491
2,761,-8138,95,-497
2,762,-8138,104,-484
2,763,-8149,107,-480
2,764,-8155,111,-476
2,765,-8164,117,-451
2,766,-8149,112,-415
2,767,-8159,113,-433
2,768,-8147,107,-433
2,769,-8147,99,-452
2,770,-8140,85,-465
2,771,-8128,85,-464
2,772,-8135,92,-460
2,773,-8151,92,-470
2,774,-8140,94,-471
2,775,-8136,86,-470
2,776,-8135,98,-476
2,777,-8140,93,-469
2,778,-8146,99,-467
2,779,-8154,94,-463
2,780,-8160,91,-459
2,781,-8157,94,-443
2,782,-8146,98,-437
2,783,-8153,92,-455
2,784,-8149,93,-455
2,785,-8136,94,-459
2,786,-8147,100,-482
2,787,-8153,97,-478
2,788,-8164,80,-473
2,789,-8155,84,-464
2,790,-8158,90,-458
2,791,-8152,92,-459
2,792,-8152,90,-465
2,793,-8143,95,-479
2,794,-8146,105,-478
2,795,-8141,112,-459
2,796,-8143,109,-452
2,797,-8146,111,-463
2,798,-8140,98,-472
2,799,-8139,99,-480
2,800,-8129,114,-471
2,801,-8136,116,-486
2,802,-8142,101,-485
2,803,-8145,101,-474
2,804,-8141,103,-477
2,805,-8138,96,-466
2,806,-8153,90,-446
2,807,-8143,90,-440
2,808,-8131,105,-443
2,809,-8127,97,-453
2,810,-8128,92,-462
2,811,-8136,98,-475
2,812,-8133,98,-474
2,813,-8132,98,-491
2,814,-8139,90,-485
2,815,-8123,86,-483
2,816,-8136,101,-465
2,817,-8132,99,-472
2,818,-8136,102,-472
2,819,-8129,100,-474
2,820,-8133,98,-476
2,821,-8146,87,-474
2,822,-8140,88,-472
2,823,-8145,96,-451
2,824,-8137,96,-461
2,825,-8135,98,-476
2,826,-8136,97,-465
2,827,-8135,98,-449
2,828,-8147,98,-454
2,829,-8129,105,-455
2,830,-8130,105,-458
2,831,-8135,104,-463
2,832,-8144,101,-460
2,833,-8151,101,-452
2,834,-8152,104,-456
2,835,-8151,93,-466
2,836,-8153,94,-479
2,837,-8153,109,-460
2,838,-8157,99,-452
2,839,-8151,98,-465
2,840,-8145,88,-454
2,841,-8141,96,-435
2,842,-8151,104,-440
2,843,-8157,88,-439
2,844,-8159,83,-448
2,845,-8154,81,-464
2,846,-8153,87,-468
2,847,-8149,85,-460
2,848,-8133,92,-478
2,849,-8136,88,-483
2,850,-8131,95,-466
2,851,-8130,100,-488
2,852,-8120,104,-483
2,853,-8112,94,-473
2,854,-8117,100,-472
2,855,-8133,112,-462
2,856,-8138,116,-452
2,857,-8137,91,-468
2,858,-8129,91,-461
2,859,-8136,91,-450
2,860,-8143,93,-433
2,861,-8138,97,-441
2,862,-8138,93,-438
2,863,-8131,87,-450
2,864,-8132,81,-459
2,865,-8147,92,-480
2,866,-8154,97,-491
2,867,-8146,99,-479
2,868,-8144,101,-459
2,869,-8144,104,-452
2,870,-8131,98,-459
2,871,-8125,104,-470
2,872,-8121,97,-467
2,873,-8125,99,-479
2,874,-8136,94,-466
2,875,-8143,99,-468
2,876,-8143,99,-460
2,877,-8139,91,-468
2,878,-8143,84,-475
2,879,-8144,93,-466
2,880,-8150,94,-470
2,881,-8141,108,-492
2,882,-8140,115,-480
2,883,-8137,113,-479
2,884,-8137,96,-468
2,885,-8146,89,-466
2,886,-8157,97,-454
2,887,-8161,98,-453
2,888,-8157,92,-449
2,889,-8147,99,-447
2,890,-8141,112,-451
2,891,-8139,112,-445
2,892,-8132,114,-467
2,893,-8130,115,-471
2,894,-8140,104,-480
2,895,-8151,107,-459
2,896,-8145,99,-448
2,897,-8146,95,-446
2,898,-8145,96,-452
2,899,-8146,80,-452
2,900,-8141,85,-468
2,901,-8140,88,-458
2,902,-8150,82,-440
2,903,-8157,83,-433
2,904,-8158,94,-448
2,905,-8158,100,-467
2,906,-8153,96,-471
2,907,-8158,83,-461
2,908,-8142,84,-449
2,909,-8149,101,-456
2,910,-8154,97,-444
2,911,-8156,95,-458
2,912,-8152,97,-455
2,913,-8148,82,-450
2,914,-8142,83,-445
2,915,-8140,86,-449
2,916,-8137,104,-457
2,917,-8146,99,-478
2,918,-8137,103,-479
2,919,-8160,104,-475
2,920,-8156,97,-473
2,921,-8145,89,-481
2,922,-8145,88,-491
2,923,-8145,88,-500
2,924,-8139,94,-470
2,925,-8141,92,-480
2,926,-8136,96,-461
2,927,-8132,105,-454
2,928,-8140,112,-451
2,929,-8136,102,-462
2,930,-8139,88,-450
2,931,-8130,91,-452
2,932,-8146,98,-448
2,933,-8149,103,-448
2,934,-8147,104,-463
2,935,-8147,97,-476
2,936,-8146,85,-466
2,937,-8149,96,-463
2,938,-8153,95,-485
2,939,-8162,97,-492
2,940,-8154,108,-466
2,941,-8142,107,-454
2,942,-8146,115,-470
2,943,-8157,113,-456
2,944,-8145,109,-466
2,945,-8138,109,-452
2,946,-8136,111,-457
2,947,-8132,115,-467
2,948,-8135,102,-472
2,949,-8136,88,-465
2,950,-8152,82,-461
2,951,-8147,103,-468
2,952,-8139,107,-463
2,953,-8133,104,-466
2,954,-8148,109,-484
2,955,-8144,101,-467
2,956,-8145,105,-468
2,957,-8146,107,-470
2,958,-8148,111,-455
2,959,-8146,104,-456
2,960,-8146,88,-466
2,961,-8134,95,-460
2,962,-8137,94,-462
2,963,-8136,91,-463
2,964,-8131,89,-477
2,965,-8137,98,-470
2,966,-8125,92,-498
2,967,-8133,94,-498
2,968,-8134,91,-492
2,969,-8140,87,-466
2,970,-8146,84,-466
2,971,-8137,79,-465
2,972,-8154,85,-449
2,973,-8165,91,-459
2,974,-8170,96,-453
2,975,-8162,105,-459
2,976,-8156,103,-464
2,977,-8150,91,-450
2,978,-8158,81,-461
2,979,-8164,93,-469
2,980,-8155,93,-472
2,981,-8155,84,-480
2,982,-8156,89,-481
2,983,-8151,86,-465
2,984,-8155,99,-458
2,985,-8162,103,-458
2,986,-8161,104,-454
2,987,-8147,103,-445
2,988,-8148,108,-455
2,989,-8145,113,-440
2,990,-8135,105,-448
2,991,-8134,102,-462
2,992,-8130,95,-446
2,993,-8134,94,-456
2,994,-8143,89,-463
2,995,-8136,93,-467
2,996,-8125,108,-473
2,997,-8138,108,-483
2,998,-8146,112,-480
2,999,-8131,104,-482
2,1000,-8134,105,-457
2,1001,-8141,101,-458
2,1002,-8153,103,-460
2,1003,-8154,91,-449
2,1004,-8153,88,-443
2,1005,-8155,80,-441
2,1006,-8151,89,-445
2,1007,-8147,90,-447
2,1008,-8140,92,-461
2,1009,-8146,99,-464
2,1010,-8144,98,-471
2,1011,-8144,101,-474
2,1012,-8145,112,-471
2,1013,-8150,113,-462
2,1014,-8138,113,-467
2,1015,-8134,108,-463
2,1016,-8136,102,-469
2,1017,-8148,99,-482
2,1018,-8140,90,-486
2,1019,-8148,106,-488
2,1020,-8144,103,-493
2,1021,-8149,95,-470
2,1022,-8150,117,-459
2,1023,-8145,111,-465
2,1024,-8144,105,-479
2,1025,-8134,94,-500
2,1026,-8147,96,-496
2,1027,-8141,72,-502
2,1028,-8136,80,-490
2,1029,-8157,105,-498
2,1030,-8153,98,-486
2,1031,-8147,81,-478
2,1032,-8153,87,-484
2,1033,-8157,94,-473
2,1034,-8160,100,-473
2,1035,-8147,99,-474
2,1036,-8150,93,-481
2,1037,-8150,88,-482
2,1038,-8141,102,-470
2,1039,-8132,109,-470
2,1040,-8141,106,-468
2,1041,-8154,90,-459
2,1042,-8150,88,-470
2,1043,-8162,97,-468
2,1044,-8168,108,-457
2,1045,-8161,99,-472
2,1046,-8147,94,-473
2,1047,-8132,90,-492
2,1048,-8134,107,-474
2,1049,-8130,92,-466
2,1050,-8128,81,-468
2,1051,-8129,92,-462
2,1052,-8136,94,-447
2,1053,-8142,91,-443
2,1054,-8138,86,-456
2,1055,-8153,82,-450
2,1056,-8157,99,-437
2,1057,-8150,102,-469
2,1058,-8136,99,-480
2,1059,-8137,95,-475
2,1060,-8146,93,-470
2,1061,-8151,95,-485
2,1062,-8147,102,-490
2,1063,-8146,94,-505
2,1064,-8141,95,-484
2,1065,-8139,101,-474
2,1066,-8147,90,-458
2,1067,-8152,88,-487
2,1068,-8149,88,-489
2,1069,-8148,86,-483
2,1070,-8148,88,-470
2,1071,-8159,91,-477
2,1072,-8142,95,-470
2,1073,-8139,95,-464
2,1074,-8140,108,-465
2,1075,-8138,106,-468
2,1076,-8134,100,-476
2,1077,-8139,100,-464
2,1078,-8142,100,-471
2,1079,-8142,95,-484
2,1080,-8131,95,-485
2,1081,-8144,110,-482
2,1082,-8146,112,-494
2,1083,-8137,102,-489
2,1084,-8146,108,-481
2,1085,-8148,117,-485
2,1086,-8147,110,-471
2,1087,-8143,98,-464
2,1088,-8146,91,-467
2,1089,-8142,88,-461
2,1090,-8145,90,-445
2,1091,-8145,86,-456
2,1092,-8156,90,-469
2,1093,-8151,92,-460
2,1094,-8150,96,-463
2,1095,-8152,97,-471
2,1096,-8144,93,-456
2,1097,-8140,84,-453
2,1098,-8136,92,-447
2,1099,-8130,92,-464
2,1100,-8130,90,-459
2,1101,-8129,92,-466
2,1102,-8128,96,-468
2,1103,-8138,89,-462
2,1104,-8133,88,-467
2,1105,-8142,92,-452
2,1106,-8142,88,-441
2,1107,-8137,77,-451
2,1108,-8142,88,-450
2,1109,-8157,91,-457
2,1110,-8150,96,-455
2,1111,-8136,92,-447
2,1112,-8138,86,-470
2,1113,-8150,92,-460
2,1114,-8157,89,-467
2,1115,-8153,96,-472
2,1116,-8130,92,-455
2,1117,-8138,90,-441
2,1118,-8150,82,-452
2,1119,-8150,92,-453
2,1120,-8159,103,-465
2,1121,-8162,93,-462
2,1122,-8151,88,-471
2,1123,-8147,92,-482
2,1124,-8143,97,-489
2,1125,-8135,101,-472
2,1126,-8145,97,-484
2,1127,-8147,107,-479
2,1128,-8153,116,-472
2,1129,-8143,118,-465
2,1130,-8151,111,-470
2,1131,-8146,99,-451
2,1132,-8131,116,-463
2,1133,-8133,99,-483
2,1134,-8137,100,-478
2,1135,-8140,99,-465
2,1136,-8136,98,-462
2,1137,-8139,102,-473
2,1138,-8150,107,-479
2,1139,-8150,110,-469
2,1140,-8138,116,-447
2,1141,-8126,125,-443
2,1142,-8129,118,-448
2,1143,-8133,115,-458
2,1144,-8147,112,-456
2,1145,-8131,105,-463
2,1146,-8128,108,-476
2,1147,-8121,111,-474
2,1148,-8127,104,-472
2,1149,-8143,93,-478
2,1150,-8145,96,-497
2,1151,-8142,107,-500
2,1152,-8155,105,-503
2,1153,-8159,97,-471
2,1154,-8155,95,-498
2,1155,-8159,95,-483
2,1156,-8158,97,-468
2,1157,-8148,112,-461
2,1158,-8137,114,-472
2,1159,-8136,122,-468
2,1160,-8142,125,-464
2,1161,-8157,105,-480
2,1162,-8160,97,-481
2,1163,-8160,87,-469
2,1164,-8147,91,-473
2,1165,-8147,107,-469
2,1166,-8138,104,-476
2,1167,-8151,99,-481
2,1168,-8135,99,-461
2,1169,-8138,96,-458
2,1170,-8136,88,-444
2,1171,-8145,88,-440
2,1172,-8148,86,-432
2,1173,-8152,89,-435
2,1174,-8137,104,-440
2,1175,-8142,109,-452
2,1176,-8135,109,-450
2,1177,-8149,115,-457
2,1178,-8149,110,-470
2,1179,-8146,104,-466
2,1180,-8150,101,-480
2,1181,-8147,111,-465
2,1182,-8153,114,-478
2,1183,-8149,114,-467
2,1184,-8142,112,-446
2,1185,-8148,112,-452
2,1186,-8153,118,-450
2,1187,-8150,116,-460
2,1188,-8152,116,-473
2,1189,-8144,102,-484
2,1190,-8145,92,-482
2,1191,-8147,84,-470
2,1192,-8157,109,-461
2,1193,-8150,101,-469
2,1194,-8156,111,-478
2,1195,-8158,112,-472
2,1196,-8154,105,-460
2,1197,-8155,102,-452
2,1198,-8151,108,-451
2,1199,-8146,115,-450
2,1200,-8142,109,-456
2,1201,-8158,110,-470
2,1202,-8171,94,-482
2,1203,-8167,93,-483
2,1204,-8154,92,-462
2,1205,-8149,94,-461
2,1206,-8132,104,-461
2,1207,-8143,114,-474
2,1208,-8144,101,-478
2,1209,-8144,95,-491
2,1210,-8150,91,-484
2,1211,-8148,97,-476
2,1212,-8139,104,-471
2,1213,-8140,95,-472
2,1214,-8149,102,-465
2,1215,-8163,109,-461
2,1216,-8160,100,-460
2,1217,-8154,99,-449
2,1218,-8172,106,-468
2,1219,-8171,104,-470
2,1220,-8158,99,-469
2,1221,-8155,104,-466
2,1222,-8145,87,-466
2,1223,-8142,82,-450
2,1224,-8135,76,-459
2,1225,-8136,81,-465
2,1226,-8131,87,-471
2,1227,-8147,84,-470
2,1228,-8138,84,-465
2,1229,-8144,92,-472
2,1230,-8140,93,-471
2,1231,-8144,80,-465
2,1232,-8153,81,-475
2,1233,-8149,74,-481
2,1234,-8137,94,-487
2,1235,-8142,105,-472
2,1236,-8144,107,-470
2,1237,-8146,108,-463
2,1238,-8135,107,-445
2,1239,-8144,106,-459
2,1240,-8145,101,-465
2,1241,-8146,83,-450
2,1242,-8150,70,-471
2,1243,-8147,78,-467
2,1244,-8155,85,-474
2,1245,-8147,79,-476
2,1246,-8143,88,-467
2,1247,-8152,93,-458
2,1248,-8146,96,-450
2,1249,-8138,99,-459
2,1250,-8133,106,-480
2,1251,-8141,112,-492
2,1252,-8143,107,-492
2,1253,-8145,114,-478
2,1254,-8148,95,-474
2,1255,-8142,90,-471
2,1256,-8153,88,-478
2,1257,-8160,106,-465
2,1258,-8152,102,-466
2,1259,-8148,97,-472
2,1260,-8143,92,-480
2,1261,-8136,100,-469
2,1262,-8134,95,-467
2,1263,-8143,94,-464
2,1264,-8145,100,-453
2,1265,-8139,103,-447
2,1266,-8135,94,-471
2,1267,-8138,104,-463
2,1268,-8134,106,-450
2,1269,-8130,108,-457
2,1270,-8135,98,-475
2,1271,-8155,99,-478
2,1272,-8154,93,-473
2,1273,-8157,83,-469
2,1274,-8161,91,-468
2,1275,-8152,99,-463
2,1276,-8160,101,-472
2,1277,-8158,103,-458
2,1278,-8145,88,-446
2,1279,-8147,89,-461
2,1280,-8153,86,-462
2,1281,-8148,90,-474
2,1282,-8148,88,-477
2,1283,-8141,108,-476
2,1284,-8153,105,-463
2,1285,-8144,86,-470
2,1286,-8143,85,-460
2,1287,-8150,84,-457
2,1288,-8152,91,-485
2,1289,-8155,93,-483
2,1290,-8143,100,-484
2,1291,-8149,94,-471
2,1292,-8151,92,-453
2,1293,-8152,92,-462
2,1294,-8147,90,-459
2,1295,-8143,94,-451
2,1296,-8148,86,-465
2,1297,-8145,87,-466
2,1298,-8153,92,-477
2,1299,-8152,99,-477
2,1300,-8152,101,-496
2,1301,-8153,103,-492
2,1302,-8146,100,-493
2,1303,-8134,96,-484
2,1304,-8134,98,-480
2,1305,-8128,92,-493
2,1306,-8141,89,-475
2,1307,-8129,102,-474
2,1308,-8125,98,-481
2,1309,-8139,91,-486
2,1310,-8135,91,-476
2,1311,-8127,83,-480
2,1312,-8141,89,-463
2,1313,-8149,93,-477
2,1314,-8159,94,-485
2,1315,-8149,101,-476
2,1316,-8144,102,-466
2,1317,-8146,101,-468
2,1318,-8148,92,-475
2,1319,-8149,91,-482
2,1320,-8135,87,-471
2,1321,-8127,96,-486
2,1322,-8127,96,-483
2,1323,-8120,97,-466
2,1324,-8131,99,-461
2,1325,-8147,94,-469
2,1326,-8138,91,-463
2,1327,-8138,97,-481
2,1328,-8138,102,-471
2,1329,-8148,112,-460
2,1330,-8148,98,-463
2,1331,-8142,96,-479
2,1332,-8149,94,-476
2,1333,-8137,83,-486
2,1334,-8142,86,-482
2,1335,-8147,81,-483
2,1336,-8155,88,-476
2,1337,-8158,88,-473
2,1338,-8144,85,-463
2,1339,-8125,95,-456
2,1340,-8120,98,-468
2,1341,-8127,107,-462
2,1342,-8124,106,-454
2,1343,-8126,105,-454
2,1344,-8122,107,-438
2,1345,-8132,103,-448
2,1346,-8150,101,-444
2,1347,-8157,101,-458
2,1348,-8162,90,-472
2,1349,-8156,92,-470
2,1350,-8153,92,-474
2,1351,-8155,96,-456
2,1352,-8154,98,-465
2,1353,-8147,94,-469
2,1354,-8140,99,-468
2,1355,-8146,106,-471
2,1356,-8155,109,-464
2,1357,-8146,110,-466
2,1358,-8146,111,-462
2,1359,-8140,108,-466
2,1360,-8149,100,-465
2,1361,-8153,103,-446
2,1362,-8147,96,-440
2,1363,-8159,108,-452
2,1364,-8168,104,-456
2,1365,-8148,99,-473
2,1366,-8147,96,-472
2,1367,-8159,93,-466
2,1368,-8150,85,-461
2,1369,-8131,87,-468
2,1370,-8130,85,-458
2,1371,-8146,83,-459
2,1372,-8144,81,-477
2,1373,-8140,82,-470
2,1374,-8148,80,-470
2,1375,-8150,81,-460
2,1376,-8160,87,-458
2,1377,-8149,82,-473
2,1378,-8152,81,-489
2,1379,-8152,93,-479
2,1380,-8147,89,-491
2,1381,-8151,90,-488
2,1382,-8160,91,-478
2,1383,-8149,90,-478
2,1384,-8148,92,-474
2,1385,-8148,99,-472
2,1386,-8139,100,-481
2,1387,-8153,87,-472
2,1388,-8151,95,-469
2,1389,-8152,106,-454
2,1390,-8149,107,-455
2,1391,-8145,91,-459
2,1392,-8146,89,-500
2,1393,-8145,91,-487
2,1394,-8133,92,-474
2,1395,-8139,99,-477
2,1396,-8146,105,-471
2,1397,-8144,106,-465
2,1398,-8148,101,-459
2,1399,-8153,90,-473
2,1400,-8155,86,-469
2,1401,-8149,89,-453
2,1402,-8140,99,-469
2,1403,-8136,97,-468
2,1404,-8143,102,-460
2,1405,-8142,115,-460
2,1406,-8133,102,-464
2,1407,-8122,90,-461
2,1408,-8110,88,-473
2,1409,-8131,83,-474
2,1410,-8142,86,-465
2,1411,-8137,94,-472
2,1412,-8135,89,-474
2,1413,-8136,100,-466
2,1414,-8124,101,-471
2,1415,-8130,108,-478
2,1416,-8135,97,-497
2,1417,-8139,106,-489
2,1418,-8140,111,-480
2,1419,-8153,100,-474
2,1420,-8150,92,-461
2,1421,-8137,79,-459
2,1422,-8138,81,-452
2,1423,-8124,86,-462
2,1424,-8139,80,-453
2,1425,-8136,86,-443
2,1426,-8137,84,-444
2,1427,-8144,94,-452
2,1428,-8138,85,-454
2,1429,-8132,93,-456
2,1430,-8134,103,-462
2,1431,-8132,110,-462
2,1432,-8132,96,-464
2,1433,-8131,105,-466
2,1434,-8134,108,-468
2,1435,-8141,108,-447
2,1436,-8154,103,-455
2,1437,-8166,84,-443
2,1438,-8169,89,-445
2,1439,-8159,92,-453
2,1440,-8167,88,-457
2,1441,-8154,102,-442
2,1442,-8154,103,-452
2,1443,-8149,98,-463
2,1444,-8148,95,-439
2,1445,-8147,100,-430
2,1446,-8152,85,-423
2,1447,-8152,77,-437
2,1448,-8144,84,-441
2,1449,-8151,84,-436
2,1450,-8140,80,-448
2,1451,-8145,87,-468
2,1452,-8130,95,-453
2,1453,-8127,88,-470
2,1454,-8128,79,-481
2,1455,-8135,79,-482
2,1456,-8132,85,-487
2,1457,-8128,72,-478
2,1458,-8128,83,-474
2,1459,-8131,81,-472
2,1460,-8146,92,-462
2,1461,-8146,93,-474
2,1462,-8125,91,-472
2,1463,-8139,102,-460
2,1464,-8141,87,-461
2,1465,-8139,93,-474
2,1466,-8138,91,-483
2,1467,-8121,79,-478
2,1468,-8119,85,-447
2,1469,-8128,100,-448
2,1470,-8130,107,-453
2,1471,-8133,96,-458
2,1472,-8132,99,-476
2,1473,-8130,106,-470
2,1474,-8144,102,-462
2,1475,-8151,96,-479
2,1476,-8160,104,-479
2,1477,-8145,114,-471
2,1478,-8141,102,-474
2,1479,-8137,92,-490
2,1480,-8137,99,-500
2,1481,-8145,102,-499
2,1482,-8152,99,-496
2,1483,-8141,98,-483
2,1484,-8153,103,-470
2,1485,-8159,92,-480
2,1486,-8155,99,-485
2,1487,-8151,107,-483
2,1488,-8147,113,-466
2,1489,-8139,112,-452
2,1490,-8135,106,-452
2,1491,-8128,100,-463
2,1492,-8125,99,-482
2,1493,-8128,93,-478
2,1494,-8134,83,-477
2,1495,-8132,82,-468
2,1496,-8137,89,-467
2,1497,-8149,97,-485
2,1498,-8146,95,-482
2,1499,-8140,91,-465
2,1500,-8138,101,-461
2,1501,-8146,111,-459
2,1502,-8144,107,-479
2,1503,-8144,107,-478
2,1504,-8144,108,-471
2,1505,-8144,110,-473
2,1506,-8137,110,-480
2,1507,-8143,102,-495
2,1508,-8139,104,-488
2,1509,-8137,99,-487
2,1510,-8147,98,-491
2,1511,-8159,99,-490
2,1512,-8166,93,-485
2,1513,-8158,90,-475
2,1514,-8140,102,-461
2,1515,-8137,95,-447
2,1516,-8143,100,-459
2,1517,-8140,103,-461
2,1518,-8146,93,-490
2,1519,-8159,93,-471
2,1520,-8147,95,-451
2,1521,-8135,99,-461
2,1522,-8134,98,-452
2,1523,-8139,111,-471
2,1524,-8145,112,-484
2,1525,-8145,99,-479
2,1526,-8128,95,-454
2,1527,-8129,87,-448
2,1528,-8125,92,-457
2,1529,-8130,88,-480
2,1530,-8148,88,-488
2,1531,-8152,87,-461
2,1532,-8145,87,-460
2,1533,-8141,94,-461
2,1534,-8151,97,-456
2,1535,-8162,101,-450
2,1536,-8149,106,-457
2,1537,-8147,89,-459
2,1538,-8148,80,-462
2,1539,-8152,84,-466
2,1540,-8145,94,-465
2,1541,-8146,99,-477
2,1542,-8151,90,-466
2,1543,-8143,96,-469
2,1544,-8136,93,-453
2,1545,-8135,98,-472
2,1546,-8139,97,-464
2,1547,-8144,104,-473
2,1548,-8140,95,-462
2,1549,-8134,83,-459
2,1550,-8134,91,-445
2,1551,-8132,89,-452
2,1552,-8146,88,-451
2,1553,-8159,101,-465
2,1554,-8158,103,-475
2,1555,-8162,94,-467
2,1556,-8169,96,-461
2,1557,-8149,90,-457
2,1558,-8153,89,-479
2,1559,-8144,90,-468
2,1560,-8155,85,-453
2,1561,-8158,76,-453
2,1562,-8148,87,-478
2,1563,-8138,91,-480
2,1564,-8133,92,-472
2,1565,-8133,74,-465
2,1566,-8140,71,-473
2,1567,-8153,82,-460
2,1568,-8164,80,-451
2,1569,-8154,88,-439
2,1570,-8146,103,-471
2,1571,-8147,102,-483
2,1572,-8130,100,-466
2,1573,-8137,100,-445
2,1574,-8138,90,-451
2,1575,-8132,68,-443
2,1576,-8126,83,-450
2,1577,-8129,76,-444
2,1578,-8131,92,-441
2,1579,-8154,97,-443
2,1580,-8154,98,-457
2,1581,-8144,111,-466
2,1582,-8147,118,-470
2,1583,-8152,128,-460
2,1584,-8146,117,-452
2,1585,-8144,115,-456
2,1586,-8154,124,-438
2,1587,-8157,115,-431
2,1588,-8164,111,-454
2,1589,-8157,102,-448
2,1590,-8157,97,-461
2,1591,-8158,103,-443
2,1592,-8162,103,-435
2,1593,-8155,105,-427
2,1594,-8142,102,-437
2,1595,-8149,101,-435
2,1596,-8150,95,-455
2,1597,-8155,96,-451
2,1598,-8153,114,-446
2,1599,-8150,110,-448
2,1600,-8137,108,-450
2,1601,-8128,104,-450
2,1602,-8134,106,-441
2,1603,-8135,109,-447
2,1604,-8141,110,-447
2,1605,-8146,107,-459
2,1606,-8158,90,-472
2,1607,-8162,76,-481
2,1608,-8161,71,-483
2,1609,-8150,83,-467
2,1610,-8146,77,-471
2,1611,-8132,85,-487
2,1612,-8137,87,-483
2,1613,-8146,84,-481
2,1614,-8146,81,-480
2,1615,-8158,89,-464
2,1616,-8165,92,-454
2,1617,-8160,96,-445
2,1618,-8154,108,-468
2,1619,-8154,106,-468
2,1620,-8136,114,-461
2,1621,-8139,105,-457
2,1622,-8131,94,-448
2,1623,-8144,89,-455
2,1624,-8154,92,-473
2,1625,-8159,90,-478
2,1626,-8148,97,-468
2,1627,-8141,96,-448
2,1628,-8136,88,-442
2,1629,-8134,88,-445
2,1630,-8138,100,-461
2,1631,-8141,99,-450
2,1632,-8150,97,-436
2,1633,-8161,91,-440
2,1634,-8167,101,-445
2,1635,-8166,105,-440
2,1636,-8161,112,-442
2,1637,-8138,108,-472
2,1638,-8141,112,-466
2,1639,-8142,114,-471
2,1640,-8138,108,-467
2,1641,-8144,109,-476
2,1642,-8156,109,-468
2,1643,-8145,105,-468
2,1644,-8156,98,-493
2,1645,-8148,95,-503
2,1646,-8136,98,-494
2,1647,-8130,85,-471
2,1648,-8135,92,-476
2,1649,-8138,95,-461
2,1650,-8142,72,-474
2,1651,-8139,94,-449
2,1652,-8143,98,-461
2,1653,-8137,97,-469
2,1654,-8145,93,-452
2,1655,-8152,91,-445
2,1656,-8146,86,-453
2,1657,-8146,99,-461
2,1658,-8140,94,-448
2,1659,-8141,94,-447
2,1660,-8143,105,-442
2,1661,-8146,111,-448
2,1662,-8146,109,-452
2,1663,-8147,95,-467
2,1664,-8153,85,-466
2,1665,-8147,88,-467
2,1666,-8148,84,-486
2,1667,-8136,90,-477
2,1668,-8140,99,-461
2,1669,-8135,87,-465
2,1670,-8135,88,-466
2,1671,-8130,82,-481
2,1672,-8131,81,-481
2,1673,-8135,70,-468
2,1674,-8132,77,-458
2,1675,-8133,76,-460
2,1676,-8135,91,-449
2,1677,-8136,95,-458
2,1678,-8140,87,-464
2,1679,-8128,96,-459
2,1680,-8123,94,-464
2,1681,-8124,99,-462
2,1682,-8136,101,-457
2,1683,-8134,106,-472
2,1684,-8141,116,-472
2,1685,-8152,117,-469
2,1686,-8160,114,-454
2,1687,-8149,107,-450
2,1688,-8159,109,-452
2,1689,-8161,108,-460
2,1690,-8169,105,-441
2,1691,-8150,99,-458
2,1692,-8139,108,-446
2,1693,-8132,103,-443
2,1694,-8136,99,-444
2,1695,-8139,91,-456
2,1696,-8143,83,-454
2,1697,-8143,80,-455
2,1698,-8150,95,-444
2,1699,-8136,91,-439
2,1700,-8135,83,-442
2,1701,-8142,92,-439
2,1702,-8141,89,-456
2,1703,-8148,87,-480
2,1704,-8152,91,-484
2,1705,-8146,90,-468
2,1706,-8139,97,-465
2,1707,-8127,98,-473
2,1708,-8132,102,-460
2,1709,-8144,88,-461
2,1710,-8143,103,-467
2,1711,-8147,109,-464
2,1712,-8152,91,-468
2,1713,-8151,102,-479
2,1714,-8138,112,-472
2,1715,-8132,111,-454
2,1716,-8148,98,-468
2,1717,-8145,96,-460
2,1718,-8154,93,-456
2,1719,-8156,87,-477
2,1720,-8153,98,-447
2,1721,-8139,89,-454
2,1722,-8132,95,-467
2,1723,-8147,87,-459
2,1724,-8157,83,-460
2,1725,-8155,83,-471
2,1726,-8158,93,-475
2,1727,-8149,86,-467
2,1728,-8149,86,-465
2,1729,-8138,93,-454
2,1730,-8142,100,-456
2,1731,-8146,107,-444
2,1732,-8149,106,-460
2,1733,-8146,95,-467
2,1734,-8140,89,-481
2,1735,-8144,86,-480
2,1736,-8125,98,-475
2,1737,-8125,108,-465
2,1738,-8119,96,-469
2,1739,-8137,99,-468
2,1740,-8138,99,-484
2,1741,-8147,97,-495
2,1742,-8151,108,-491
2,1743,-8147,113,-488
2,1744,-8151,118,-486
2,1745,-8155,113,-495
2,1746,-8173,107,-484
2,1747,-8171,104,-446
2,1748,-8168,106,-455
2,1749,-8162,108,-475
2,1750,-8152,116,-472
2,1751,-8151,111,-448
2,1752,-8142,91,-449
2,1753,-8136,85,-456
2,1754,-8140,75,-455
2,1755,-8132,85,-456
2,1756,-8118,85,-453
2,1757,-8126,89,-453
2,1758,-8134,87,-466
2,1759,-8123,88,-454
2,1760,-8145,86,-460
2,1761,-8159,98,-465
2,1762,-8160,97,-483
2,1763,-8165,100,-476
2,1764,-8151,96,-458
2,1765,-8142,100,-470
2,1766,-8142,93,-469
2,1767,-8134,79,-467
2,1768,-8123,91,-448
2,1769,-8141,96,-439
2,1770,-8140,82,-449
2,1771,-8141,89,-462
2,1772,-8138,87,-453
2,1773,-8126,90,-467
2,1774,-8126,92,-471
2,1775,-8135,93,-478
2,1776,-8141,94,-499
2,1777,-8140,109,-500
2,1778,-8137,109,-485
2,1779,-8127,101,-470
2,1780,-8126,100,-465
2,1781,-8136,91,-463
2,1782,-8137,90,-451
2,1783,-8150,97,-459
2,1784,-8142,97,-464
2,1785,-8134,92,-465
2,1786,-8132,92,-467
2,1787,-8141,89,-462
2,1788,-8152,91,-458
2,1789,-8164,92,-454
2,1790,-8153,78,-467
2,1791,-8155,80,-452
2,1792,-8153,90,-458
2,1793,-8145,106,-468
2,1794,-8131,104,-457
2,1795,-8132,90,-461
2,1796,-8121,93,-474
2,1797,-8132,79,-471
2,1798,-8143,92,-478
2,1799,-8137,98,-488
2,1800,-8140,80,-476
2,1801,-8146,71,-481
2,1802,-8145,80,-485
2,1803,-8144,90,-498
2,1804,-8132,92,-472
2,1805,-8131,99,-465
2,1806,-8134,95,-466
2,1807,-8128,94,-465
2,1808,-8139,86,-481
2,1809,-8142,87,-458
2,1810,-8153,78,-449
2,1811,-8151,93,-450
2,1812,-8133,91,-448
2,1813,-8143,107,-450
2,1814,-8139,101,-460
2,1815,-8132,90,-461
2,1816,-8151,89,-468
2,1817,-8150,107,-475
2,1818,-8159,98,-463
2,1819,-8148,94,-465
2,1820,-8155,87,-464
2,1821,-8160,87,-473
2,1822,-8151,93,-485
2,1823,-8141,103,-472
2,1824,-8146,93,-477
2,1825,-8156,89,-474
2,1826,-8154,106,-483
2,1827,-8155,103,-450
2,1828,-8151,105,-463
2,1829,-8137,102,-468
2,1830,-8132,93,-466
2,1831,-8145,90,-467
2,1832,-8151,95,-449
2,1833,-8152,93,-450
2,1834,-8152,100,-459
2,1835,-8152,98,-460
2,1836,-8167,88,-464
2,1837,-8156,88,-467
2,1838,-8150,93,-475
2,1839,-8152,103,-474
2,1840,-8142,110,-466
2,1841,-8149,97,-486
2,1842,-8147,96,-476
2,1843,-8154,98,-455
2,1844,-8155,97,-457
2,1845,-8149,98,-455
2,1846,-8151,92,-461
2,1847,-8144,93,-456
2,1848,-8147,90,-463
2,1849,-8162,95,-485
2,1850,-8161,97,-487
2,1851,-8141,83,-474
2,1852,-8138,86,-461
2,1853,-8147,90,-452
2,1854,-8158,105,-469
2,1855,-8152,114,-483
2,1856,-8139,111,-474
2,1857,-8142,102,-482
2,1858,-8141,94,-466
2,1859,-8136,94,-474
2,1860,-8137,90,-466
2,1861,-8145,94,-467
2,1862,-8136,78,-482
2,1863,-8135,86,-488
2,1864,-8138,95,-468
2,1865,-8139,103,-468
2,1866,-8139,94,-487
2,1867,-8151,90,-502
2,1868,-8147,89,-486
2,1869,-8148,102,-475
2,1870,-8137,108,-458
2,1871,-8140,106,-462
2,1872,-8131,101,-468
2,1873,-8136,99,-481
2,1874,-8127,90,-484
2,1875,-8122,86,-476
2,1876,-8123,91,-464
2,1877,-8130,97,-449
2,1878,-8129,102,-445
2,1879,-8137,103,-469
2,1880,-8140,100,-467
2,1881,-8138,95,-468
2,1882,-8138,98,-477
2,1883,-8143,96,-468
2,1884,-8155,94,-458
2,1885,-8155,87,-460
2,1886,-8150,107,-466
2,1887,-8157,103,-479
2,1888,-8166,104,-482
2,1889,-8151,98,-479
2,1890,-8135,95,-482
2,1891,-8138,92,-487
2,1892,-8133,88,-483
2,1893,-8133,93,-478
2,1894,-8148,79,-482
2,1895,-8152,82,-477
2,1896,-8147,85,-485
2,1897,-8135,92,-498
2,1898,-8127,98,-499
2,1899,-8127,110,-500
2,1900,-8135,111,-486
2,1901,-8139,110,-479
2,1902,-8140,112,-486
2,1903,-8151,106,-486
2,1904,-8145,109,-486
2,1905,-8149,104,-481
2,1906,-8148,109,-460
2,1907,-8157,107,-466
2,1908,-8140,81,-474
2,1909,-8139,93,-476
2,1910,-8137,92,-469
2,1911,-8127,78,-466
2,1912,-8135,92,-449
2,1913,-8136,96,-450
2,1914,-8127,108,-453
2,1915,-8136,96,-471
2,1916,-8137,91,-474
2,1917,-8136,90,-467
2,1918,-8142,89,-460
2,1919,-8154,99,-456
2,1920,-8147,107,-453
2,1921,-8149,116,-451
2,1922,-8147,112,-468
2,1923,-8135,108,-472
2,1924,-8138,94,-479
2,1925,-8133,85,-477
2,1926,-8135,90,-492
2,1927,-8146,79,-485
2,1928,-8144,73,-470
2,1929,-8129,75,-475
2,1930,-8135,86,-472
2,1931,-8138,98,-490
2,1932,-8147,88,-488
2,1933,-8146,95,-482
2,1934,-8128,91,-479
2,1935,-8134,84,-490
2,1936,-8132,74,-474
2,1937,-8134,92,-474
2,1938,-8132,97,-466
2,1939,-8134,115,-472
2,1940,-8141,102,-474
2,1941,-8125,105,-475
2,1942,-8134,99,-457
2,1943,-8147,100,-459
2,1944,-8135,104,-463
2,1945,-8157,116,-462
2,1946,-8152,117,-463
2,1947,-8155,102,-443
2,1948,-8158,91,-439
2,1949,-8145,95,-458
2,1950,-8151,94,-452
2,1951,-8158,84,-442
2,1952,-8145,83,-445
2,1953,-8130,93,-458
2,1954,-8132,88,-471
2,1955,-8134,84,-465
2,1956,-8148,81,-462
2,1957,-8161,90,-456
2,1958,-8158,80,-455
2,1959,-8147,90,-451
2,1960,-8147,95,-469
2,1961,-8146,95,-482
2,1962,-8157,100,-488
2,1963,-8147,98,-480
2,1964,-8139,104,-473
2,1965,-8139,106,-476
2,1966,-8143,93,-487
2,1967,-8153,102,-476
2,1968,-8149,93,-485
2,1969,-8150,96,-487
2,1970,-8153,100,-470
2,1971,-8149,94,-469
2,1972,-8146,103,-475
2,1973,-8145,92,-479
2,1974,-8142,93,-480
2,1975,-8134,93,-455
2,1976,-8146,101,-428
2,1977,-8141,110,-446
2,1978,-8138,106,-461
2,1979,-8143,102,-466
2,1980,-8147,99,-468
2,1981,-8151,102,-466
2,1982,-8142,96,-464
2,1983,-8148,99,-473
2,1984,-8150,102,-472
2,1985,-8132,91,-475
2,1986,-8133,98,-482
2,1987,-8142,102,-484
2,1988,-8136,106,-508
2,1989,-8147,98,-491
2,1990,-8149,107,-483
2,1991,-8139,107,-484
2,1992,-8130,104,-472
2,1993,-8139,103,-474
2,1994,-8143,105,-487
2,1995,-8141,107,-486
2,1996,-8137,107,-475
2,1997,-8129,106,-451
2,1998,-8129,97,-466
2,1999,-8134,103,-479
2,2000,-8133,104,-478
2,2001,-8132,93,-472
2,2002,-8141,87,-493
2,2003,-8149,87,-490
2,2004,-8152,80,-494
2,2005,-8149,81,-486
2,2006,-8150,100,-473
2,2007,-8149,98,-458
2,2008,-8134,96,-460
2,2009,-8144,83,-475
2,2010,-8134,66,-487
2,2011,-8139,79,-468
2,2012,-8138,80,-456
2,2013,-8136,94,-460
2,2014,-8144,85,-451
2,2015,-8146,78,-448
2,2016,-8130,80,-474
2,2017,-8130,78,-476
2,2018,-8128,86,-489
2,2019,-8131,96,-490
2,2020,-8148,94,-482
2,2021,-8147,105,-474
2,2022,-8148,104,-475
2,2023,-8155,93,-463
2,2024,-8150,94,-454
2,2025,-8136,87,-475
2,2026,-8129,91,-470
2,2027,-8139,95,-445
2,2028,-8145,91,-461
2,2029,-8146,88,-452
2,2030,-8138,86,-445
2,2031,-8137,96,-446
2,2032,-8141,106,-456
2,2033,-8155,92,-452
2,2034,-8151,85,-475
2,2035,-8150,82,-483
2,2036,-8138,89,-484
2,2037,-8132,93,-489
2,2038,-8144,88,-493
2,2039,-8144,83,-481
2,2040,-8146,92,-485
2,2041,-8145,82,-487
2,2042,-8135,82,-483
2,2043,-8139,84,-468
2,2044,-8137,87,-475
2,2045,-8152,88,-474
2,2046,-8148,81,-465
2,2047,-8145,88,-451
2,2048,-8147,88,-439
2,2049,-8133,86,-453
2,2050,-8146,93,-469
2,2051,-8153,93,-464
2,2052,-8145,92,-462
2,2053,-8131,100,-457
2,2054,-8133,98,-471
2,2055,-8142,94,-474
2,2056,-8136,87,-456
2,2057,-8135,85,-456
2,2058,-8134,92,-449
2,2059,-8157,103,-463
2,2060,-8158,116,-475
2,2061,-8162,111,-463
2,2062,-8150,110,-470
2,2063,-8150,104,-469
2,2064,-8154,96,-463
2,2065,-8157,91,-460
2,2066,-8157,105,-452
2,2067,-8158,110,-451
2,2068,-8134,96,-458
2,2069,-8144,102,-463
2,2070,-8147,101,-470
2,2071,-8138,107,-467
2,2072,-8140,105,-444
2,2073,-8137,103,-459
2,2074,-8145,99,-475
2,2075,-8150,97,-468
2,2076,-8130,94,-464
2,2077,-8135,84,-459
2,2078,-8129,82,-466
2,2079,-8130,77,-471
2,2080,-8141,82,-463
2,2081,-8138,79,-459
2,2082,-8144,81,-446
2,2083,-8149,78,-453
2,2084,-8139,89,-455
2,2085,-8142,99,-456
2,2086,-8138,107,-452
2,2087,-8133,106,-461
2,2088,-8140,104,-470
2,2089,-8134,92,-472
2,2090,-8137,91,-475
2,2091,-8136,96,-472
2,2092,-8129,88,-462
2,2093,-8135,85,-458
2,2094,-8153,88,-459
2,2095,-8149,89,-457
2,2096,-8139,96,-432
2,2097,-8137,92,-421
2,2098,-8137,84,-435
2,2099,-8144,83,-457
2,2100,-8142,76,-448
2,2101,-8142,88,-447
2,2102,-8142,101,-453
2,2103,-8138,101,-464
2,2104,-8140,95,-462
2,2105,-8144,97,-454
2,2106,-8143,100,-460
2,2107,-8144,99,-473
2,2108,-8141,92,-464
2,2109,-8134,93,-452
2,2110,-8133,103,-458
2,2111,-8143,111,-470
2,2112,-8149,106,-479
2,2113,-8157,100,-461
2,2114,-8143,106,-447
2,2115,-8146,120,-454
2,2116,-8141,115,-480
2,2117,-8142,116,-501
2,2118,-8136,105,-496
2,2119,-8131,105,-492
2,2120,-8127,102,-482
2,2121,-8148,97,-473
2,2122,-8144,92,-470
2,2123,-8145,90,-464
2,2124,-8143,93,-470
2,2125,-8129,91,-448
2,2126,-8147,99,-460
2,2127,-8154,103,-454
2,2128,-8150,104,-462
2,2129,-8144,97,-475
2,2130,-8146,85,-478
2,2131,-8156,86,-485
2,2132,-8141,92,-482
2,2133,-8135,97,-477
2,2134,-8144,95,-469
2,2135,-8139,105,-460
2,2136,-8152,101,-470
2,2137,-8147,97,-460
2,2138,-8145,80,-456
2,2139,-8144,84,-461
2,2140,-8144,95,-464
2,2141,-8134,96,-451
2,2142,-8139,97,-449
2,2143,-8143,97,-469
2,2144,-8144,91,-467
2,2145,-8142,113,-475
2,2146,-8136,107,-477
2,2147,-8136,108,-487
2,2148,-8137,108,-488
2,2149,-8149,99,-477
2,2150,-8145,90,-461
2,2151,-8146,94,-468
2,2152,-8133,92,-465
2,2153,-8138,86,-439
2,2154,-8139,89,-428
2,2155,-8140,95,-444
2,2156,-8142,106,-472
2,2157,-8155,100,-474
2,2158,-8147,99,-479
2,2159,-8157,92,-489
2,2160,-8155,106,-460
2,2161,-8139,97,-457
2,2162,-8141,88,-468
2,2163,-8151,101,-462
2,2164,-8154,101,-453
2,2165,-8147,95,-467
2,2166,-8143,92,-472
2,2167,-8142,103,-465
2,2168,-8151,97,-469
2,2169,-8155,95,-481
2,2170,-8146,99,-490
2,2171,-8148,91,-486
2,2172,-8135,93,-480
2,2173,-8148,91,-473
2,2174,-8139,85,-462
2,2175,-8142,78,-457
2,2176,-8144,84,-457
2,2177,-8135,83,-467
2,2178,-8131,91,-443
2,2179,-8133,90,-452
2,2180,-8142,95,-464
2,2181,-8134,90,-462
2,2182,-8138,81,-448
2,2183,-8134,81,-447
2,2184,-8133,91,-458
2,2185,-8135,92,-467
2,2186,-8136,100,-477
2,2187,-8138,106,-478
2,2188,-8141,104,-475
2,2189,-8152,100,-468
2,2190,-8147,101,-485
2,2191,-8145,99,-489
2,2192,-8146,85,-485
2,2193,-8150,90,-480
2,2194,-8154,91,-467
2,2195,-8160,97,-473
2,2196,-8148,93,-476
2,2197,-8150,103,-489
2,2198,-8144,109,-478
2,2199,-8148,99,-465
2,2200,-8163,95,-483
2,2201,-8150,97,-483
2,2202,-8146,93,-485
2,2203,-8144,90,-468
2,2204,-8142,78,-462
2,2205,-8129,83,-470
2,2206,-8140,103,-466
2,2207,-8144,104,-467
2,2208,-8137,105,-456
2,2209,-8144,104,-449
2,2210,-8145,104,-448
2,2211,-8148,103,-453
2,2212,-8154,108,-479
2,2213,-8162,93,-487
2,2214,-8157,83,-484
2,2215,-8161,87,-464
2,2216,-8153,95,-462
2,2217,-8147,104,-445
2,2218,-8160,107,-451
2,2219,-8159,117,-458
2,2220,-8160,108,-476
2,2221,-8145,108,-477
2,2222,-8151,85,-466
2,2223,-8147,89,-482
2,2224,-8144,92,-476
2,2225,-8142,93,-484
2,2226,-8143,92,-484
2,2227,-8146,95,-465
2,2228,-8148,104,-468
2,2229,-8137,108,-451
2,2230,-8137,104,-468
2,2231,-8139,107,-469
2,2232,-8143,106,-475
2,2233,-8142,109,-465
2,2234,-8152,107,-459
2,2235,-8145,106,-458
2,2236,-8142,101,-458
2,2237,-8134,99,-461
2,2238,-8133,93,-451
2,2239,-8146,82,-449
2,2240,-8154,96,-467
2,2241,-8144,105,-473
2,2242,-8152,91,-489
2,2243,-8143,99,-487
2,2244,-8146,111,-484
2,2245,-8154,101,-474
2,2246,-8159,94,-466
2,2247,-8150,95,-459
2,2248,-8145,105,-457
2,2249,-8147,122,-467
2,2250,-8143,115,-455
2,2251,-8151,112,-464
2,2252,-8150,104,-484
2,2253,-8152,88,-475
2,2254,-8149,80,-459
2,2255,-8141,81,-456
2,2256,-8140,88,-440
2,2257,-8139,84,-442
2,2258,-8126,79,-440
2,2259,-8131,79,-447
2,2260,-8141,89,-475
2,2261,-8143,98,-471
2,2262,-8141,99,-464
2,2263,-8146,96,-459
2,2264,-8160,94,-457
2,2265,-8148,96,-453
2,2266,-8144,85,-454
2,2267,-8140,76,-470
2,2268,-8147,86,-468
2,2269,-8140,97,-466
2,2270,-8141,91,-459
2,2271,-8139,99,-460
2,2272,-8141,87,-455
2,2273,-8136,80,-453
2,2274,-8144,88,-444
2,2275,-8139,93,-441
2,2276,-8143,92,-445
2,2277,-8151,84,-473
2,2278,-8155,77,-465
2,2279,-8148,81,-442
2,2280,-8152,93,-447
2,2281,-8144,100,-469
2,2282,-8149,106,-473
2,2283,-8145,104,-459
2,2284,-8148,100,-454
2,2285,-8153,103,-466
2,2286,-8146,97,-455
2,2287,-8148,93,-443
2,2288,-8151,94,-435
2,2289,-8163,95,-444
2,2290,-8148,102,-441
2,2291,-8154,99,-449
2,2292,-8149,102,-465
2,2293,-8139,113,-488
2,2294,-8141,109,-502
2,2295,-8145,100,-473
2,2296,-8143,98,-477
2,2297,-8146,97,-473
2,2298,-8150,96,-477
2,2299,-8145,95,-482
2,2300,-8139,87,-475
2,2301,-8146,95,-479
2,2302,-8141,104,-466
2,2303,-8138,117,-454
2,2304,-8142,101,-442
2,2305,-8139,102,-441
2,2306,-8136,107,-440
2,2307,-8153,101,-452
2,2308,-8148,99,-446
2,2309,-8124,107,-442
2,2310,-8142,103,-444
2,2311,-8151,114,-453
2,2312,-8137,96,-464
2,2313,-8136,78,-463
2,2314,-8144,89,-457
2,2315,-8153,104,-451
2,2316,-8148,103,-449
2,2317,-8143,94,-461
2,2318,-8139,95,-460
2,2319,-8154,93,-460
2,2320,-8154,92,-471
2,2321,-8144,89,-474
2,2322,-8143,91,-462
2,2323,-8140,102,-475
2,2324,-8138,103,-467
2,2325,-8136,91,-472
2,2326,-8132,93,-465
2,2327,-8138,100,-487
2,2328,-8138,97,-478
2,2329,-8144,90,-462
2,2330,-8139,97,-456
2,2331,-8140,87,-443
2,2332,-8125,89,-450
2,2333,-8136,82,-455
2,2334,-8143,88,-470
2,2335,-8145,100,-476
2,2336,-8133,94,-462
2,2337,-8135,89,-451
2,2338,-8136,95,-472
2,2339,-8135,98,-474
2,2340,-8137,93,-463
2,2341,-8142,96,-448
2,2342,-8150,86,-440
2,2343,-8151,103,-456
2,2344,-8150,95,-458
2,2345,-8141,95,-459
2,2346,-8128,92,-465
2,2347,-8128,93,-479
2,2348,-8142,100,-482
2,2349,-8150,84,-474
2,2350,-8141,88,-471
2,2351,-8144,88,-458
2,2352,-8140,91,-461
2,2353,-8137,93,-462
2,2354,-8143,89,-456
2,2355,-8142,86,-459
2,2356,-8145,96,-457
2,2357,-8150,92,-464
2,2358,-8157,85,-466
2,2359,-8160,95,-459
2,2360,-8155,102,-464
2,2361,-8163,99,-466
2,2362,-8153,88,-473
2,2363,-8140,90,-454
2,2364,-8143,89,-445
2,2365,-8148,86,-455
2,2366,-8166,86,-440
2,2367,-8155,99,-445
2,2368,-8147,103,-431
2,2369,-8149,101,-448
2,2370,-8147,101,-450
2,2371,-8149,108,-451
2,2372,-8148,104,-446
2,2373,-8141,104,-447
2,2374,-8151,112,-445
2,2375,-8143,103,-474
2,2376,-8134,103,-470
2,2377,-8130,92,-471
2,2378,-8121,89,-477
2,2379,-8122,93,-478
2,2380,-8134,97,-497
2,2381,-8138,84,-495
2,2382,-8128,87,-488
2,2383,-8145,88,-473
2,2384,-8144,101,-467
2,2385,-8148,103,-458
2,2386,-8154,109,-470
2,2387,-8152,108,-471
2,2388,-8150,92,-469
2,2389,-8133,82,-467
2,2390,-8118,95,-465
2,2391,-8120,96,-456
2,2392,-8134,102,-469
2,2393,-8147,86,-457
2,2394,-8141,87,-458
2,2395,-8134,80,-453
2,2396,-8147,88,-446
2,2397,-8148,93,-455
2,2398,-8143,92,-438
2,2399,-8139,93,-445
2,2400,-8134,92,-463
2,2401,-8133,107,-477
2,2402,-8141,107,-462
2,2403,-8142,102,-469
2,2404,-8140,91,-489
2,2405,-8153,102,-490
2,2406,-8152,101,-486
2,2407,-8141,104,-472
2,2408,-8132,96,-464
2,2409,-8129,91,-470
2,2410,-8127,94,-478
2,2411,-8142,111,-464
2,2412,-8138,100,-465
2,2413,-8132,92,-476
2,2414,-8135,95,-471
2,2415,-8137,101,-459
2,2416,-8144,108,-465
2,2417,-8140,105,-449
2,2418,-8141,102,-463
2,2419,-8138,91,-470
2,2420,-8138,89,-468
2,2421,-8125,106,-462
2,2422,-8125,113,-457
2,2423,-8124,113,-474
2,2424,-8128,113,-483
2,2425,-8130,109,-486
2,2426,-8143,97,-488
2,2427,-8149,104,-486
2,2428,-8146,110,-495
2,2429,-8139,121,-490
2,2430,-8145,111,-481
2,2431,-8146,90,-476
2,2432,-8138,95,-465
2,2433,-8140,116,-478
2,2434,-8152,121,-480
2,2435,-8138,108,-474
2,2436,-8147,99,-477
2,2437,-8149,96,-482
2,2438,-8146,83,-480
2,2439,-8139,91,-468
2,2440,-8139,102,-467
2,2441,-8131,91,-465
2,2442,-8127,87,-452
2,2443,-8133,95,-475
2,2444,-8142,95,-492
2,2445,-8140,94,-492
2,2446,-8146,110,-467
2,2447,-8154,107,-479
2,2448,-8148,106,-487
2,2449,-8156,89,-479
2,2450,-8143,93,-463
2,2451,-8134,101,-459
2,2452,-8145,106,-445
2,2453,-8143,97,-431
2,2454,-8144,101,-446
2,2455,-8140,102,-449
2,2456,-8131,107,-446
2,2457,-8114,102,-435
2,2458,-8123,106,-451
2,2459,-8131,102,-468
2,2460,-8135,91,-473
2,2461,-8136,83,-482
2,2462,-8134,95,-487
2,2463,-8130,92,-482
2,2464,-8133,95,-481
2,2465,-8132,101,-460
2,2466,-8141,108,-479
2,2467,-8146,105,-502
2,2468,-8138,99,-489
2,2469,-8140,106,-475
2,2470,-8133,97,-449
2,2471,-8135,104,-443
2,2472,-8146,98,-437
2,2473,-8142,110,-423
2,2474,-8149,99,-467
2,2475,-8151,85,-469
2,2476,-8147,91,-469
2,2477,-8155,81,-465
2,2478,-8148,87,-468
2,2479,-8153,96,-476
2,2480,-8156,98,-444
2,2481,-8135,93,-446
2,2482,-8126,90,-459
2,2483,-8121,86,-475
2,2484,-8130,94,-482
2,2485,-8134,93,-478
2,2486,-8144,94,-481
2,2487,-8154,110,-475
2,2488,-8149,113,-457
2,2489,-8137,106,-461
2,2490,-8152,103,-466
2,2491,-8157,107,-478
2,2492,-8141,115,-477
2,2493,-8150,110,-481
2,2494,-8145,110,-473
2,2495,-8141,114,-470
2,2496,-8137,112,-469
2,2497,-8140,119,-457
3,0,-8154,98,-479
3,1,-8147,97,-467
3,2,-8149,96,-470
3,3,-8161,95,-472
3,4,-8155,97,-459
3,5,-8147,93,-457
3,6,-8150,98,-471
3,7,-8142,96,-464
3,8,-8144,83,-449
3,9,-8138,75,-453
3,10,-8150,69,-471
3,11,-8144,81,-482
3,12,-8144,92,-477
3,13,-8145,105,-474
3,14,-8145,95,-477
3,15,-8155,82,-463
3,16,-8147,86,-480
3,17,-8136,89,-483
3,18,-8142,86,-480
3,19,-8150,85,-473
3,20,-8143,88,-462
3,21,-8141,97,-479
3,22,-8141,106,-470
3,23,-8154,101,-449
3,24,-8144,103,-449
3,25,-8149,93,-444
3,26,-8142,90,-448
3,27,-8144,95,-451
3,28,-8143,91,-454
3,29,-8141,103,-459
3,30,-8145,103,-471
3,31,-8142,95,-481
3,32,-8137,100,-485
3,33,-8126,97,-481
3,34,-8134,86,-498
3,35,-8117,83,-478
3,36,-8125,89,-470
3,37,-8122,86,-481
3,38,-8130,94,-477
3,39,-8140,104,-463
3,40,-8137,101,-479
3,41,-8134,92,-485
3,42,-8149,90,-478
3,43,-8149,97,-474
3,44,-8139,113,-491
3,45,-8148,119,-497
3,46,-8152,119,-489
3,47,-8141,109,-476
3,48,-8155,98,-475
3,49,-8150,105,-474
3,50,-8150,107,-481
3,51,-8161,94,-493
3,52,-8164,88,-489
3,53,-8157,104,-468
3,54,-8164,105,-457
3,55,-8162,112,-464
3,56,-8163,116,-474
3,57,-8138,111,-474
3,58,-8136,102,-465
3,59,-8141,103,-463
3,60,-8137,116,-467
3,61,-8136,118,-481
3,62,-8137,126,-469
3,63,-8135,121,-458
3,64,-8144,111,-451
3,65,-8141,105,-458
3,66,-8134,102,-461
3,67,-8151,107,-477
3,68,-8155,105,-478
3,69,-8157,98,-477
3,70,-8158,98,-491
3,71,-8158,89,-489
3,72,-8161,87,-478
3,73,-8149,98,-483
3,74,-8153,105,-464
3,75,-8150,100,-452
3,76,-8157,94,-449
3,77,-8152,105,-454
3,78,-8140,100,-446
3,79,-8158,97,-455
3,80,-8163,102,-477
3,81,-8147,103,-476
3,82,-8141,113,-473
3,83,-8142,110,-468
3,84,-8148,110,-452
3,85,-8134,116,-456
3,86,-8130,112,-468
3,87,-8136,101,-457
3,88,-8146,108,-448
3,89,-8145,107,-448
3,90,-8136,96,-452
3,91,-8136,94,-457
3,92,-8146,83,-467
3,93,-8145,95,-464
3,94,-8144,106,-467
3,95,-8145,103,-462
3,96,-8147,92,-466
3,97,-8144,92,-449
3,98,-8146,82,-464
3,99,-8153,92,-474
3,100,-8151,98,-453
3,101,-8133,109,-456
3,102,-8137,97,-446
3,103,-8138,90,-462
3,104,-8158,93,-454
3,105,-8143,97,-477
3,106,-8137,100,-467
3,107,-8136,93,-461
3,108,-8135,89,-463
3,109,-8148,93,-480
3,110,-8153,100,-493
3,111,-8151,102,-497
3,112,-8144,99,-473
3,113,-8135,92,-463
3,114,-8128,96,-472
3,115,-8134,95,-461
3,116,-8150,86,-468
3,117,-8161,97,-465
3,118,-8161,102,-474
3,119,-8152,97,-504
3,120,-8155,114,-489
3,121,-8158,111,-477
3,122,-8148,101,-458
3,123,-8142,91,-454
3,124,-8134,90,-475
3,125,-8144,94,-472
3,126,-8130,107,-460
3,127,-8121,106,-460
3,128,-8130,120,-480
3,129,-8139,109,-477
3,130,-8148,103,-473
3,131,-8139,111,-478
3,132,-8142,106,-465
3,133,-8142,98,-472
3,134,-8148,93,-487
3,135,-8156,102,-465
3,136,-8146,96,-466
3,137,-8132,87,-458
3,138,-8132,87,-450
3,139,-8130,92,-466
3,140,-8130,95,-454
3,141,-8138,97,-454
3,142,-8141,93,-460
3,143,-8139,84,-479
3,144,-8146,93,-469
3,145,-8141,93,-463
3,146,-8134,98,-472
3,147,-8136,106,-490
3,148,-8142,97,-482
3,149,-8136,87,-470
3,150,-8132,90,-479
3,151,-8127,104,-501
3,152,-8141,105,-476
3,153,-8129,107,-478
3,154,-8138,105,-467
3,155,-8130,98,-471
3,156,-8124,95,-474
3,157,-8130,107,-489
3,158,-8134,100,-471
3,159,-8142,96,-449
3,160,-8143,83,-455
3,161,-8152,91,-470
3,162,-8141,90,-472
3,163,-8137,100,-460
3,164,-8135,93,-487
3,165,-8143,90,-484
3,166,-8132,99,-468
3,167,-8141,100,-466
3,168,-8139,96,-475
3,169,-8133,93,-466
3,170,-8130,87,-470
3,171,-8137,81,-477
3,172,-8126,88,-494
3,173,-8121,108,-475
3,174,-8126,114,-460
3,175,-8124,108,-446
3,176,-8130,96,-456
3,177,-8139,92,-460
3,178,-8130,100,-450
3,179,-8140,115,-452
3,180,-8139,107,-451
3,181,-8142,105,-464
3,182,-8142,102,-469
3,183,-8131,103,-462
3,184,-8140,107,-462
3,185,-8133,99,-467
3,186,-8142,92,-460
3,187,-8145,99,-454
3,188,-8150,109,-461
3,189,-8161,108,-466
3,190,-8148,100,-462
3,191,-8139,103,-470
3,192,-8148,96,-464
3,193,-8145,98,-453
3,194,-8150,94,-466
3,195,-8140,95,-477
3,196,-8158,97,-486
3,197,-8160,105,-469
3,198,-8157,97,-459
3,199,-8153,98,-464
3,200,-8155,97,-480
3,201,-8155,103,-475
3,202,-8143,115,-476
3,203,-8144,98,-476
3,204,-8145,92,-486
3,205,-8147,91,-488
3,206,-8145,98,-482
3,207,-8147,101,-493
3,208,-8156,95,-471
3,209,-8137,94,-464
3,210,-8133,89,-456
3,211,-8144,88,-477
3,212,-8141,85,-472
3,213,-8153,85,-462
3,214,-8166,87,-460
3,215,-8154,106,-478
3,216,-8159,108,-482
3,217,-8146,113,-463
3,218,-8144,120,-445
3,219,-8145,113,-457
3,220,-8134,105,-457
3,221,-8128,92,-452
3,222,-8131,93,-478
3,223,-8131,92,-489
3,224,-8131,85,-482
3,225,-8137,82,-466
3,226,-8142,98,-467
3,227,-8133,100,-460
3,228,-8140,94,-445
3,229,-8149,97,-449
3,230,-8150,88,-454
3,231,-8128,83,-460
3,232,-8143,90,-458
3,233,-8154,87,-463
3,234,-8146,76,-475
3,235,-8144,78,-466
3,236,-8142,84,-468
3,237,-8149,81,-464
3,238,-8136,85,-481
3,239,-8140,90,-481
3,240,-8137,94,-466
3,241,-8138,93,-498
3,242,-8133,81,-469
3,243,-8140,87,-477
3,244,-8135,94,-477
3,245,-8137,93,-485
3,246,-8140,98,-462
3,247,-8129,112,-474
3,248,-8118,114,-460
3,249,-8130,111,-449
3,250,-8150,98,-449
3,251,-8137,79,-458
3,252,-8151,89,-456
3,253,-8143,81,-445
3,254,-8138,79,-442
3,255,-8150,91,-452
3,256,-8134,96,-445
3,257,-8143,94,-446
3,258,-8145,97,-453
3,259,-8149,102,-473
3,260,-8151,104,-482
3,261,-8144,104,-487
3,262,-8157,108,-492
3,263,-8160,107,-495
3,264,-8140,107,-481
3,265,-8134,102,-477
3,266,-8142,100,-454
3,267,-8136,95,-463
3,268,-8140,103,-478
3,269,-8142,98,-489
3,270,-8140,94,-475
3,271,-8154,95,-473
3,272,-8140,97,-478
3,273,-8153,101,-464
3,274,-8156,107,-453
3,275,-8144,107,-455
3,276,-8140,101,-460
3,277,-8127,95,-457
3,278,-8134,81,-468
3,279,-8129,77,-458
3,280,-8134,88,-439
3,281,-8126,92,-431
3,282,-8136,109,-437
3,283,-8144,120,-447
3,284,-8147,105,-458
3,285,-8132,94,-455
3,286,-8137,88,-469
3,287,-8142,82,-459
3,288,-8143,82,-456
3,289,-8138,85,-445
3,290,-8147,78,-442
3,291,-8143,73,-441
3,292,-8143,71,-454
3,293,-8147,76,-452
3,294,-8143,82,-453
3,295,-8147,100,-454
3,296,-8144,104,-464
3,297,-8149,105,-478
3,298,-8165,99,-484
3,299,-8142,84,-489
3,300,-8147,88,-468
3,301,-8130,88,-473
3,302,-8127,99,-481
3,303,-8130,85,-485
3,304,-8135,85,-494
3,305,-8146,78,-491
3,306,-8145,96,-488
3,307,-8149,110,-478
3,308,-8148,101,-473
3,309,-8152,115,-473
3,310,-8152,101,-487
3,311,-8164,96,-485
3,312,-8165,104,-462
3,313,-8151,100,-452
3,314,-8143,96,-454
3,315,-8148,97,-468
3,316,-8139,109,-478
3,317,-8143,107,-470
3,318,-8132,98,-490
3,319,-8130,101,-507
3,320,-8134,100,-508
3,321,-8141,95,-501
3,322,-8137,101,-506
3,323,-8136,103,-507
3,324,-8135,105,-497
3,325,-8137,103,-485
3,326,-8142,100,-459
3,327,-8151,104,-455
3,328,-8156,102,-443
3,329,-8147,88,-453
3,330,-8133,91,-466
3,331,-8150,97,-472
3,332,-8149,90,-454
3,333,-8152,76,-443
3,334,-8154,83,-447
3,335,-8144,81,-461
3,336,-8139,97,-469
3,337,-8133,101,-481
3,338,-8134,106,-476
3,339,-8134,101,-485
3,340,-8139,95,-485
3,341,-8127,97,-488
3,342,-8135,94,-487
3,343,-8143,94,-483
3,344,-8138,104,-470
3,345,-8135,107,-480
3,346,-8141,96,-488
3,347,-8138,94,-475
3,348,-8128,94,-461
3,349,-8137,104,-462
3,350,-8143,99,-455
3,351,-8150,93,-454
3,352,-8151,99,-461
3,353,-8154,100,-465
3,354,-8148,111,-453
3,355,-8140,110,-471
3,356,-8136,104,-484
3,357,-8135,116,-491
3,358,-8141,111,-501
3,359,-8148,107,-484
3,360,-8147,97,-477
3,361,-8146,101,-455
3,362,-8151,97,-452
3,363,-8136,92,-461
3,364,-8133,92,-454
3,365,-8131,82,-468
3,366,-8128,97,-468
3,367,-8131,110,-478
3,368,-8141,97,-477
3,369,-8142,90,-453
3,370,-8136,92,-459
3,371,-8140,100,-459
3,372,-8140,101,-469
3,373,-8147,94,-474
3,374,-8157,98,-461
3,375,-8155,106,-466
3,376,-8154,101,-459
3,377,-8136,105,-458
3,378,-8139,99,-457
3,379,-8146,105,-461
3,380,-8144,108,-473
3,381,-8133,101,-473
3,382,-8129,96,-478
3,383,-8147,93,-463
3,384,-8157,100,-447
3,385,-8150,94,-460
3,386,-8145,107,-477
3,387,-8144,114,-486
3,388,-8155,106,-484
3,389,-8155,89,-495
3,390,-8157,103,-491
3,391,-8154,104,-495
3,392,-8152,96,-488
3,393,-8143,90,-484
3,394,-8137,94,-470
3,395,-8139,101,-457
3,396,-8140,105,-465
3,397,-8125,99,-455
3,398,-8133,99,-454
3,399,-8142,101,-464
3,400,-8149,110,-472
3,401,-8149,106,-468
3,402,-8142,98,-462
3,403,-8158,93,-465
3,404,-8144,81,-491
3,405,-8140,86,-493
3,406,-8146,96,-480
3,407,-8141,102,-462
3,408,-8133,109,-463
3,409,-8120,96,-476
3,410,-8132,97,-469
3,411,-8133,105,-476
3,412,-8139,109,-476
3,413,-8140,119,-460
3,414,-8136,118,-472
3,415,-8136,96,-464
3,416,-8145,87,-461
3,417,-8144,88,-449
3,418,-8147,101,-456
3,419,-8143,101,-444
3,420,-8146,93,-443
3,421,-8136,95,-456
3,422,-8138,91,-455
3,423,-8136,81,-462
3,424,-8138,81,-479
3,425,-8153,93,-494
3,426,-8138,92,-487
3,427,-8129,93,-487
3,428,-8132,90,-499
3,429,-8131,85,-496
3,430,-8142,93,-470
3,431,-8134,95,-448
3,432,-8135,86,-451
3,433,-8144,85,-450
3,434,-8143,84,-443
3,435,-8141,89,-435
3,436,-8142,100,-440
3,437,-8153,100,-461
3,438,-8140,105,-472
3,439,-8129,118,-490
3,440,-8133,112,-493
3,441,-8140,115,-490
3,442,-8138,115,-475
3,443,-8129,123,-482
3,444,-8129,116,-496
3,445,-8131,120,-482
3,446,-8140,112,-481
3,447,-8138,104,-481
3,448,-8140,106,-457
3,449,-8135,99,-464
3,450,-8136,92,-458
3,451,-8145,98,-464
3,452,-8147,98,-483
3,453,-8138,104,-481
3,454,-8142,104,-459
3,455,-8144,85,-462
3,456,-8149,102,-470
3,457,-8144,98,-457
3,458,-8141,99,-452
3,459,-8151,94,-473
3,460,-8165,100,-479
3,461,-8168,97,-473
3,462,-8167,91,-486
3,463,-8160,87,-487
3,464,-8144,89,-477
3,465,-8141,98,-493
3,466,-8148,101,-501
3,467,-8148,107,-486
3,468,-8132,107,-476
3,469,-8124,108,-464
3,470,-8136,107,-460
3,471,-8139,99,-468
3,472,-8143,99,-482
3,473,-8140,92,-492
3,474,-8144,101,-501
3,475,-8146,101,-484
3,476,-8140,93,-474
3,477,-8148,89,-480
3,478,-8154,92,-477
3,479,-8160,90,-472
3,480,-8159,102,-487
3,481,-8160,105,-481
3,482,-8161,97,-472
3,483,-8152,93,-469
3,484,-8151,101,-473
3,485,-8165,111,-484
3,486,-8163,106,-487
3,487,-8161,96,-497
3,488,-8154,86,-486
3,489,-8142,87,-489
3,490,-8145,85,-485
3,491,-8151,95,-493
3,492,-8150,99,-459
3,493,-8161,87,-445
3,494,-8158,91,-438
3,495,-8143,88,-446
3,496,-8147,101,-453
3,497,-8155,93,-451
3,498,-8145,97,-457
3,499,-8137,102,-449
3,500,-8135,98,-463
3,501,-8149,98,-475
3,502,-8146,106,-473
3,503,-8144,92,-464
3,504,-8136,82,-472
3,505,-8132,79,-466
3,506,-8147,89,-466
3,507,-8155,94,-473
3,508,-8148,94,-475
3,509,-8142,94,-490
3,510,-8154,96,-485
3,511,-8151,105,-474
3,512,-8144,103,-455
3,513,-8141,97,-456
3,514,-8150,94,-455
3,515,-8143,91,-465
3,516,-8145,98,-458
3,517,-8142,101,-448
3,518,-8145,102,-439
3,519,-8149,113,-445
3,520,-8142,108,-450
3,521,-8145,104,-471
3,522,-8140,111,-487
3,523,-8131,104,-480
3,524,-8128,102,-491
3,525,-8129,95,-477
3,526,-8134,91,-494
3,527,-8151,82,-483
3,528,-8149,89,-476
3,529,-8146,89,-495
3,530,-8143,93,-486
3,531,-8132,84,-482
3,532,-8128,81,-475
3,533,-8131,85,-468
3,534,-8135,93,-463
3,535,-8131,88,-461
3,536,-8141,77,-467
3,537,-8138,90,-466
3,538,-8145,88,-468
3,539,-8146,89,-452
3,540,-8144,95,-465
3,541,-8138,89,-470
3,542,-8143,102,-461
3,543,-8146,102,-472
3,544,-8147,101,-474
3,545,-8145,100,-464
3,546,-8145,100,-453
3,547,-8135,103,-463
3,548,-8140,108,-470
3,549,-8136,96,-462
3,550,-8132,113,-465
3,551,-8129,102,-470
3,552,-8135,103,-475
3,553,-8143,112,-474
3,554,-8144,102,-490
3,555,-8131,99,-495
3,556,-8131,95,-473
3,557,-8141,108,-475
3,558,-8131,108,-472
3,559,-8139,118,-462
3,560,-8133,106,-463
3,561,-8131,101,-461
3,562,-8136,100,-472
3,563,-8129,94,-470
3,564,-8135,93,-484
3,565,-8134,101,-464
3,566,-8136,100,-456
3,567,-8138,95,-452
3,568,-8141,98,-469
3,569,-8141,98,-470
3,570,-8140,102,-475
3,571,-8144,108,-484
3,572,-8127,111,-469
3,573,-8142,106,-469
3,574,-8135,96,-462
3,575,-8132,95,-456
3,576,-8131,104,-457
3,577,-8139,107,-454
3,578,-8140,110,-461
3,579,-8134,106,-458
3,580,-8134,112,-463
3,581,-8141,107,-466
3,582,-8137,101,-472
3,583,-8131,115,-483
3,584,-8155,124,-479
3,585,-8144,115,-455
3,586,-8136,103,-462
3,587,-8148,103,-471
3,588,-8157,101,-483
3,589,-8139,92,-473
3,590,-8124,89,-490
3,591,-8135,92,-501
3,592,-8134,90,-506
3,593,-8132,89,-489
3,594,-8130,99,-470
3,595,-8133,103,-477
3,596,-8127,87,-476
3,597,-8144,69,-480
3,598,-8143,73,-482
3,599,-8145,80,-481
3,600,-8143,90,-474
3,601,-8143,94,-460
3,602,-8149,98,-450
3,603,-8151,95,-464
3,604,-8151,90,-476
3,605,-8147,101,-474
3,606,-8144,105,-448
3,607,-8140,91,-437
3,608,-8136,98,-437
3,609,-8136,89,-445
3,610,-8138,92,-459
3,611,-8131,97,-466
3,612,-8129,96,-480
3,613,-8132,108,-485
3,614,-8142,103,-475
3,615,-8141,106,-468
3,616,-8144,100,-470
3,617,-8145,97,-481
3,618,-8141,99,-473
3,619,-8139,100,-458
3,620,-8135,90,-459
3,621,-8134,95,-468
3,622,-8115,97,-463
3,623,-8115,104,-465
3,624,-8118,98,-475
3,625,-8122,96,-481
3,626,-8129,93,-459
3,627,-8142,98,-446
3,628,-8139,100,-460
3,629,-8137,103,-462
3,630,-8144,115,-453
3,631,-8148,123,-463
3,632,-8139,103,-480
3,633,-8143,104,-468
3,634,-8139,94,-471
3,635,-8131,96,-481
3,636,-8126,97,-496
3,637,-8134,98,-493
3,638,-8150,95,-459
3,639,-8165,93,-463
3,640,-8155,94,-474
3,641,-8152,102,-487
3,642,-8135,99,-479
3,643,-8130,91,-464
3,644,-8136,82,-447
3,645,-8140,75,-452
3,646,-8142,85,-457
3,647,-8132,96,-474
3,648,-8122,85,-479
3,649,-8126,102,-483
3,650,-8135,88,-486
3,651,-8141,92,-502
3,652,-8133,103,-494
3,653,-8135,97,-492
3,654,-8145,95,-480
3,655,-8140,91,-478
3,656,-8129,93,-470
3,657,-8139,95,-453
3,658,-8138,104,-448
3,659,-8146,116,-453
3,660,-8140,112,-467
3,661,-8147,90,-464
3,662,-8156,91,-472
3,663,-8148,97,-486
3,664,-8139,94,-483
3,665,-8141,90,-480
3,666,-8134,90,-474
3,667,-8139,82,-476
3,668,-8141,87,-480
3,669,-8135,88,-475
3,670,-8155,93,-477
3,671,-8146,99,-483
3,672,-8143,101,-477
3,673,-8134,97,-476
3,674,-8133,100,-471
3,675,-8149,102,-471
3,676,-8143,99,-474
3,677,-8141,85,-470
3,678,-8131,88,-489
3,679,-8123,84,-481
3,680,-8144,81,-471
3,681,-8154,92,-460
3,682,-8147,92,-457
3,683,-8146,93,-479
3,684,-8138,93,-462
3,685,-8137,92,-463
3,686,-8145,110,-478
3,687,-8140,115,-473
3,688,-8143,107,-460
3,689,-8150,103,-467
3,690,-8160,113,-456
3,691,-8153,105,-445
3,692,-8150,102,-460
3,693,-8138,114,-468
3,694,-8141,105,-459
3,695,-8140,99,-475
3,696,-8143,97,-487
3,697,-8139,100,-478
3,698,-8132,103,-471
3,699,-8145,88,-465
3,700,-8149,82,-489
3,701,-8148,90,-486
3,702,-8147,99,-470
3,703,-8145,98,-479
3,704,-8137,94,-466
3,705,-8150,97,-484
3,706,-8165,90,-492
3,707,-8148,92,-492
3,708,-8135,93,-463
3,709,-8131,103,-452
3,710,-8138,105,-471
3,711,-8143,109,-478
3,712,-8136,91,-473
3,713,-8131,96,-478
3,714,-8146,88,-479
3,715,-8147,87,-474
3,716,-8149,83,-494
3,717,-8142,89,-492
3,718,-8143,101,-484
3,719,-8143,107,-451
3,720,-8137,99,-456
3,721,-8133,93,-460
3,722,-8131,85,-458
3,723,-8132,86,-446
3,724,-8124,93,-450
3,725,-8117,94,-460
3,726,-8126,99,-466
3,727,-8127,96,-469
3,728,-8126,94,-459
3,729,-8139,89,-469
3,730,-8144,90,-459
3,731,-8142,99,-463
3,732,-8140,106,-479
3,733,-8134,105,-485
3,734,-8134,97,-480
3,735,-8140,99,-491
3,736,-8129,97,-490
3,737,-8140,106,-477
3,738,-8141,89,-470
3,739,-8133,84,-488
3,740,-8140,76,-494
3,741,-8149,71,-486
3,742,-8161,73,-468
3,743,-8145,83,-465
3,744,-8133,94,-463
3,745,-8136,104,-470
3,746,-8144,97,-465
3,747,-8163,99,-482
3,748,-8165,100,-476
3,749,-8151,96,-478
3,750,-8141,115,-481
3,751,-8139,108,-470
3,752,-8143,100,-444
3,753,-8135,96,-448
3,754,-8137,108,-441
3,755,-8142,116,-451
3,756,-8143,109,-456
3,757,-8157,105,-457
3,758,-8146,114,-481
3,759,-8140,110,-485
3,760,-8134,107,-469
3,761,-8140,108,-479
3,762,-8143,97,-479
3,763,-8156,88,-467
3,764,-8144,98,-458
3,765,-8131,93,-447
3,766,-8145,89,-441
3,767,-8133,95,-446
3,768,-8132,104,-447
3,769,-8126,97,-446
3,770,-8138,92,-472
3,771,-8137,88,-470
3,772,-8141,91,-475
3,773,-8154,86,-492
3,774,-8154,88,-500
3,775,-8155,89,-488
3,776,-8152,86,-495
3,777,-8138,79,-485
3,778,-8130,84,-476
3,779,-8129,96,-487
3,780,-8149,95,-471
3,781,-8150,96,-456
3,782,-8147,95,-451
3,783,-8141,84,-464
3,784,-8142,88,-452
3,785,-8138,83,-463
3,786,-8144,86,-451
3,787,-8148,89,-450
3,788,-8144,102,-456
3,789,-8144,99,-444
3,790,-8133,102,-449
3,791,-8132,109,-469
3,792,-8125,112,-473
3,793,-8139,112,-496
3,794,-8149,109,-494
3,795,-8141,118,-503
3,796,-8143,120,-495
3,797,-8152,100,-495
3,798,-8152,94,-477
3,799,-8147,99,-472
3,800,-8148,98,-472
3,801,-8136,96,-454
3,802,-8134,101,-458
3,803,-8145,96,-462
3,804,-8145,97,-462
3,805,-8152,91,-461
3,806,-8149,92,-460
3,807,-8133,93,-464
3,808,-8130,89,-449
3,809,-8144,98,-462
3,810,-8138,96,-465
3,811,-8151,97,-475
3,812,-8144,104,-467
3,813,-8143,91,-467
3,814,-8141,91,-478
3,815,-8144,90,-477
3,816,-8135,97,-471
3,817,-8138,94,-489
3,818,-8150,87,-501
3,819,-8156,85,-490
3,820,-8149,99,-473
3,821,-8142,99,-463
3,822,-8144,97,-466
3,823,-8130,99,-458
3,824,-8129,109,-463
3,825,-8133,104,-471
3,826,-8145,113,-481
3,827,-8153,115,-461
3,828,-8150,92,-460
3,829,-8140,94,-449
3,830,-8126,93,-450
3,831,-8140,88,-462
3,832,-8145,84,-466
3,833,-8139,77,-470
3,834,-8137,73,-474
3,835,-8144,93,-474
3,836,-8139,103,-470
3,837,-8137,94,-475
3,838,-8117,79,-464
3,839,-8125,79,-448
3,840,-8139,74,-447
3,841,-8141,77,-447
3,842,-8140,77,-456
3,843,-8133,101,-446
3,844,-8135,111,-460
3,845,-8144,118,-460
3,846,-8148,110,-461
3,847,-8147,100,-445
3,848,-8133,95,-436
3,849,-8136,92,-449
3,850,-8138,84,-450
3,851,-8131,94,-450
3,852,-8141,108,-449
3,853,-8128,95,-460
3,854,-8134,88,-454
3,855,-8141,90,-469
3,856,-8140,93,-471
3,857,-8139,96,-465
3,858,-8139,95,-476
3,859,-8148,99,-497
3,860,-8150,109,-511
3,861,-8145,91,-497
3,862,-8147,97,-497
3,863,-8144,95,-500
3,864,-8140,95,-493
3,865,-8150,112,-464
3,866,-8150,104,-475
3,867,-8149,90,-465
3,868,-8142,91,-467
3,869,-8141,98,-461
3,870,-8139,90,-468
3,871,-8135,84,-448
3,872,-8130,95,-451
3,873,-8122,86,-454
3,874,-8141,83,-470
3,875,-8144,83,-475
3,876,-8146,93,-460
3,877,-8138,88,-475
3,878,-8136,101,-474
3,879,-8147,96,-472
3,880,-8154,83,-487
3,881,-8157,84,-470
3,882,-8140,97,-470
3,883,-8148,104,-447
3,884,-8148,91,-457
3,885,-8133,92,-458
3,886,-8133,96,-474
3,887,-8135,95,-480
3,888,-8141,94,-493
3,889,-8143,105,-480
3,890,-8141,108,-482
3,891,-8146,116,-482
3,892,-8132,103,-483
3,893,-8135,100,-466
3,894,-8143,106,-461
3,895,-8139,102,-460
3,896,-8137,94,-468
3,897,-8131,90,-467
3,898,-8108,92,-473
3,899,-8124,96,-489
3,900,-8126,103,-482
3,901,-8146,96,-469
3,902,-8148,82,-474
3,903,-8156,88,-465
3,904,-8144,80,-468
3,905,-8141,77,-455
3,906,-8145,94,-482
3,907,-8128,92,-494
3,908,-8135,102,-489
3,909,-8137,79,-495
3,910,-8143,75,-474
3,911,-8141,80,-458
3,912,-8145,84,-472
3,913,-8138,91,-470
3,914,-8141,91,-466
3,915,-8147,89,-445
3,916,-8145,96,-446
3,917,-8149,104,-459
3,918,-8145,104,-466
3,919,-8146,114,-473
3,920,-8147,114,-487
3,921,-8145,113,-490
3,922,-8144,109,-479
3,923,-8125,102,-493
3,924,-8130,110,-485
3,925,-8142,100,-470
3,926,-8138,88,-478
3,927,-8135,98,-478
3,928,-8148,110,-476
3,929,-8155,109,-483
3,930,-8156,103,-465
3,931,-8162,99,-472
3,932,-8157,104,-478
3,933,-8155,93,-460
3,934,-8141,84,-469
3,935,-8137,91,-467
3,936,-8139,86,-452
3,937,-8140,87,-441
3,938,-8137,93,-437
3,939,-8144,102,-460
3,940,-8143,105,-461
3,941,-8160,97,-468
3,942,-8160,106,-465
3,943,-8160,108,-467
3,944,-8155,101,-462
3,945,-8144,106,-450
3,946,-8138,104,-467
3,947,-8142,88,-468
3,948,-8161,88,-481
3,949,-8160,82,-471
3,950,-8140,81,-459
3,951,-8136,88,-466
3,952,-8139,82,-466
3,953,-8140,90,-468
3,954,-8152,101,-471
3,955,-8152,91,-443
3,956,-8144,88,-463
3,957,-8150,106,-477
3,958,-8150,92,-475
3,959,-8143,91,-465
3,960,-8141,95,-463
3,961,-8152,80,-471
3,962,-8161,89,-481
3,963,-8155,95,-478
3,964,-8148,93,-483
3,965,-8139,98,-479
3,966,-8154,94,-454
3,967,-8152,91,-454
3,968,-8129,97,-475
3,969,-8135,90,-492
3,970,-8154,74,-490
3,971,-8165,67,-488
3,972,-8157,82,-494
3,973,-8145,83,-476
3,974,-8138,78,-461
3,975,-8144,90,-469
3,976,-8156,94,-446
3,977,-8149,100,-458
3,978,-8160,111,-464
3,979,-8154,106,-463
3,980,-8144,108,-463
3,981,-8133,113,-447
3,982,-8144,86,-435
3,983,-8143,102,-451
3,984,-8140,105,-456
3,985,-8135,108,-461
3,986,-8141,113,-459
3,987,-8147,116,-449
3,988,-8138,109,-459
3,989,-8152,109,-460
3,990,-8154,104,-467
3,991,-8133,102,-461
3,992,-8136,106,-452
3,993,-8149,98,-453
3,994,-8151,100,-455
3,995,-8144,100,-471
3,996,-8139,104,-462
3,997,-8138,97,-455
3,998,-8138,95,-475
3,999,-8150,94,-493
3,1000,-8147,92,-476
3,1001,-8137,90,-469
3,1002,-8138,106,-473
3,1003,-8145,108,-470
3,1004,-8136,113,-445
3,1005,-8133,109,-454
3,1006,-8142,111,-449
3,1007,-8133,120,-449
3,1008,-8141,112,-457
3,1009,-8144,100,-458
3,1010,-8132,104,-464
3,1011,-8134,101,-476
3,1012,-8133,82,-482
3,1013,-8117,83,-474
3,1014,-8113,81,-472
3,1015,-8120,83,-465
3,1016,-8134,83,-472
3,1017,-8149,86,-462
3,1018,-8139,87,-457
3,1019,-8147,90,-462
3,1020,-8148,88,-459
3,1021,-8153,90,-467
3,1022,-8166,93,-474
3,1023,-8153,84,-468
3,1024,-8140,82,-464
3,1025,-8135,78,-473
3,1026,-8141,86,-473
3,1027,-8139,96,-489
3,1028,-8133,87,-480
3,1029,-8127,83,-480
3,1030,-8138,79,-481
3,1031,-8134,73,-479
3,1032,-8126,75,-473
3,1033,-8130,87,-476
3,1034,-8134,88,-472
3,1035,-8144,82,-472
3,1036,-8143,89,-458
3,1037,-8137,82,-454
3,1038,-8134,94,-445
3,1039,-8137,100,-447
3,1040,-8130,101,-464
3,1041,-8126,90,-466
3,1042,-8118,98,-457
3,1043,-8121,105,-457
3,1044,-8120,100,-457
3,1045,-8132,98,-453
3,1046,-8115,97,-450
3,1047,-8129,100,-462
3,1048,-8133,113,-481
3,1049,-8138,97,-457
3,1050,-8136,81,-459
3,1051,-8145,98,-462
3,1052,-8141,91,-451
3,1053,-8134,85,-472
3,1054,-8149,90,-462
3,1055,-8158,90,-472
3,1056,-8160,95,-472
3,1057,-8133,93,-463
3,1058,-8133,100,-476
3,1059,-8137,91,-467
3,1060,-8129,107,-446
3,1061,-8126,93,-466
3,1062,-8144,94,-486
3,1063,-8162,105,-460
3,1064,-8161,100,-450
3,1065,-8152,97,-481
3,1066,-8152,104,-485
3,1067,-8151,90,-476
3,1068,-8149,95,-474
3,1069,-8129,87,-481
3,1070,-8129,84,-466
3,1071,-8141,89,-457
3,1072,-8149,92,-477
3,1073,-8145,106,-468
3,1074,-8146,97,-453
3,1075,-8149,97,-466
3,1076,-8145,94,-462
3,1077,-8141,89,-462
3,1078,-8133,90,-447
3,1079,-8132,108,-448
3,1080,-8140,118,-460
3,1081,-8133,115,-461
3,1082,-8127,107,-484
3,1083,-8137,115,-478
3,1084,-8144,104,-478
3,1085,-8148,91,-475
3,1086,-8148,97,-472
3,1087,-8138,102,-476
3,1088,-8135,90,-454
3,1089,-8144,84,-456
3,1090,-8146,87,-454
3,1091,-8151,91,-465
3,1092,-8152,95,-482
3,1093,-8142,93,-481
3,1094,-8134,105,-463
3,1095,-8134,102,-463
3,1096,-8138,103,-457
3,1097,-8152,87,-464
3,1098,-8167,87,-474
3,1099,-8159,91,-466
3,1100,-8155,96,-463
3,1101,-8152,99,-480
3,1102,-8151,97,-484
3,1103,-8148,95,-464
3,1104,-8136,88,-463
3,1105,-8134,89,-489
3,1106,-8144,99,-480
3,1107,-8141,99,-455
3,1108,-8140,93,-470
3,1109,-8142,87,-457
3,1110,-8146,82,-457
3,1111,-8145,84,-448
3,1112,-8141,87,-468
3,1113,-8138,96,-475
3,1114,-8143,115,-491
3,1115,-8149,112,-478
3,1116,-8150,103,-466
3,1117,-8161,94,-477
3,1118,-8152,93,-473
3,1119,-8150,94,-468
3,1120,-8140,96,-455
3,1121,-8143,96,-464
3,1122,-8146,102,-491
3,1123,-8140,109,-505
3,1124,-8146,105,-504
3,1125,-8141,111,-499
3,1126,-8136,104,-488
3,1127,-8158,88,-487
3,1128,-8141,89,-458
3,1129,-8134,90,-441
3,1130,-8137,93,-449
3,1131,-8133,108,-463
3,1132,-8141,109,-463
3,1133,-8149,99,-462
3,1134,-8136,100,-470
3,1135,-8134,101,-472
3,1136,-8145,96,-466
3,1137,-8150,104,-478
3,1138,-8138,102,-480
3,1139,-8126,100,-471
3,1140,-8121,107,-456
3,1141,-8137,99,-471
3,1142,-8144,90,-487
3,1143,-8161,99,-481
3,1144,-8148,98,-477
3,1145,-8152,91,-471
3,1146,-8146,94,-464
3,1147,-8141,90,-473
3,1148,-8145,86,-460
3,1149,-8154,100,-450
3,1150,-8152,103,-448
3,1151,-8149,98,-464
3,1152,-8139,91,-472
3,1153,-8134,91,-469
3,1154,-8145,95,-481
3,1155,-8140,88,-473
3,1156,-8136,86,-469
3,1157,-8134,93,-450
3,1158,-8134,106,-448
3,1159,-8140,107,-445
3,1160,-8156,98,-453
3,1161,-8161,111,-448
3,1162,-8155,112,-453
3,1163,-8160,116,-462
3,1164,-8143,102,-474
3,1165,-8150,106,-460
3,1166,-8146,110,-478
3,1167,-8140,107,-477
3,1168,-8141,108,-458
3,1169,-8134,110,-452
3,1170,-8137,118,-455
3,1171,-8138,105,-470
3,1172,-8130,86,-485
3,1173,-8140,87,-482
3,1174,-8134,91,-472
3,1175,-8140,111,-469
3,1176,-8134,111,-482
3,1177,-8133,111,-473
3,1178,-8131,104,-452
3,1179,-8131,105,-457
3,1180,-8136,107,-472
3,1181,-8139,103,-455
3,1182,-8137,98,-447
3,1183,-8137,106,-445
3,1184,-8125,115,-439
3,1185,-8130,107,-458
3,1186,-8130,111,-450
3,1187,-8129,103,-452
3,1188,-8137,92,-459
3,1189,-8141,91,-469
3,1190,-8141,79,-489
3,1191,-8133,84,-476
3,1192,-8144,88,-480
3,1193,-8134,107,-484
3,1194,-8127,95,-477
3,1195,-8131,83,-478
3,1196,-8140,82,-453
3,1197,-8145,84,-459
3,1198,-8145,93,-474
3,1199,-8143,102,-470
3,1200,-8136,96,-465
3,1201,-8122,111,-461
3,1202,-8119,115,-471
3,1203,-8126,108,-469
3,1204,-8128,97,-474
3,1205,-8144,87,-474
3,1206,-8156,87,-479
3,1207,-8150,93,-485
3,1208,-8127,94,-468
3,1209,-8127,78,-472
3,1210,-8129,92,-488
3,1211,-8132,101,-502
3,1212,-8144,105,-500
3,1213,-8139,105,-498
3,1214,-8135,116,-479
3,1215,-8140,117,-487
3,1216,-8136,110,-482
3,1217,-8139,99,-479
3,1218,-8143,85,-478
3,1219,-8151,92,-470
3,1220,-8141,94,-476
3,1221,-8142,95,-464
3,1222,-8151,101,-459
3,1223,-8154,103,-458
3,1224,-8150,106,-443
3,1225,-8155,116,-439
3,1226,-8148,108,-453
3,1227,-8140,111,-465
3,1228,-8149,109,-461
3,1229,-8153,107,-475
3,1230,-8141,102,-478
3,1231,-8135,102,-485
3,1232,-8145,100,-480
3,1233,-8142,95,-479
3,1234,-8143,103,-464
3,1235,-8138,97,-478
3,1236,-8145,90,-472
3,1237,-8138,99,-470
3,1238,-8133,89,-486
3,1239,-8145,98,-489
3,1240,-8151,102,-457
3,1241,-8140,96,-444
3,1242,-8135,100,-446
3,1243,-8128,100,-468
3,1244,-8131,94,-475
3,1245,-8145,86,-475
3,1246,-8142,101,-464
3,1247,-8136,103,-461
3,1248,-8125,99,-441
3,1249,-8145,93,-445
3,1250,-8158,102,-451
3,1251,-8154,107,-452
3,1252,-8144,105,-450
3,1253,-8152,99,-446
3,1254,-8140,88,-462
3,1255,-8123,71,-472
3,1256,-8130,76,-470
3,1257,-8133,86,-474
3,1258,-8137,91,-462
3,1259,-8138,89,-459
3,1260,-8144,99,-461
3,1261,-8134,102,-446
3,1262,-8142,92,-449
3,1263,-8130,82,-465
3,1264,-8131,91,-466
3,1265,-8145,99,-459
3,1266,-8132,106,-438
3,1267,-8152,111,-457
3,1268,-8152,112,-445
3,1269,-8153,105,-439
3,1270,-8157,91,-459
3,1271,-8155,89,-467
3,1272,-8152,106,-475
3,1273,-8141,105,-471
3,1274,-8141,101,-474
3,1275,-8141,101,-467
3,1276,-8134,105,-467
3,1277,-8131,111,-461
3,1278,-8140,116,-476
3,1279,-8142,106,-485
3,1280,-8137,105,-492
3,1281,-8131,95,-479
3,1282,-8145,81,-459
3,1283,-8156,85,-457
3,1284,-8160,95,-459
3,1285,-8157,97,-493
3,1286,-8141,85,-482
3,1287,-8129,96,-473
3,1288,-8132,97,-474
3,1289,-8142,88,-455
3,1290,-8154,90,-464
3,1291,-8154,99,-481
3,1292,-8152,90,-478
3,1293,-8151,92,-476
3,1294,-8148,105,-483
3,1295,-8141,107,-486
3,1296,-8144,108,-487
3,1297,-8131,105,-493
3,1298,-8129,115,-473
3,1299,-8126,117,-475
3,1300,-8133,113,-488
3,1301,-8139,105,-490
3,1302,-8140,104,-498
3,1303,-8134,95,-508
3,1304,-8140,93,-496
3,1305,-8143,94,-499
3,1306,-8147,93,-497
3,1307,-8150,89,-472
3,1308,-8150,91,-460
3,1309,-8140,100,-475
3,1310,-8146,82,-465
3,1311,-8162,89,-463
3,1312,-8160,87,-477
3,1313,-8157,79,-490
3,1314,-8156,77,-463
3,1315,-8154,83,-463
3,1316,-8148,91,-454
3,1317,-8152,84,-473
3,1318,-8149,86,-480
3,1319,-8148,101,-473
3,1320,-8140,98,-464
3,1321,-8142,96,-468
3,1322,-8138,90,-471
3,1323,-8144,75,-479
3,1324,-8148,69,-467
3,1325,-8140,85,-460
3,1326,-8136,90,-465
3,1327,-8135,96,-460
3,1328,-8133,90,-478
3,1329,-8142,100,-482
3,1330,-8136,108,-485
3,1331,-8125,111,-484
3,1332,-8142,112,-476
3,1333,-8140,116,-465
3,1334,-8141,102,-476
3,1335,-8142,101,-481
3,1336,-8141,94,-472
3,1337,-8141,100,-474
3,1338,-8133,91,-479
3,1339,-8148,91,-466
3,1340,-8151,107,-466
3,1341,-8136,110,-475
3,1342,-8140,123,-482
3,1343,-8128,111,-482
3,1344,-8133,115,-488
3,1345,-8142,99,-497
3,1346,-8145,91,-505
3,1347,-8130,87,-500
3,1348,-8134,92,-504
3,1349,-8139,99,-492
3,1350,-8148,96,-472
3,1351,-8143,98,-459
3,1352,-8140,86,-475
3,1353,-8141,79,-488
3,1354,-8142,85,-491
3,1355,-8138,89,-472
3,1356,-8131,97,-475
3,1357,-8140,106,-476
3,1358,-8141,103,-473
3,1359,-8152,114,-470
3,1360,-8147,104,-482
3,1361,-8152,105,-478
3,1362,-8148,103,-473
3,1363,-8138,89,-454
3,1364,-8134,92,-445
3,1365,-8138,97,-457
3,1366,-8141,99,-467
3,1367,-8148,109,-468
3,1368,-8143,105,-466
3,1369,-8143,95,-461
3,1370,-8150,90,-464
3,1371,-8152,90,-467
3,1372,-8147,94,-463
3,1373,-8168,94,-467
3,1374,-8159,90,-465
3,1375,-8164,93,-478
3,1376,-8159,102,-469
3,1377,-8157,104,-460
3,1378,-8157,91,-455
3,1379,-8145,100,-467
3,1380,-8140,111,-480
3,1381,-8134,100,-488
3,1382,-8136,103,-460
3,1383,-8133,105,-460
3,1384,-8146,97,-466
3,1385,-8149,104,-470
3,1386,-8164,97,-478
3,1387,-8157,100,-482
3,1388,-8140,92,-493
3,1389,-8135,96,-479
3,1390,-8142,108,-460
3,1391,-8153,105,-442
3,1392,-8161,105,-448
3,1393,-8151,106,-442
3,1394,-8157,103,-449
3,1395,-8156,94,-466
3,1396,-8149,85,-452
3,1397,-8155,90,-458
3,1398,-8148,79,-471
3,1399,-8149,81,-480
3,1400,-8146,91,-472
3,1401,-8141,93,-473
3,1402,-8130,90,-471
3,1403,-8146,86,-468
3,1404,-8142,90,-469
3,1405,-8147,90,-478
3,1406,-8159,90,-475
3,1407,-8156,101,-462
3,1408,-8136,103,-458
3,1409,-8138,99,-458
3,1410,-8129,111,-452
3,1411,-8127,109,-460
3,1412,-8128,107,-455
3,1413,-8144,109,-460
3,1414,-8152,112,-466
3,1415,-8158,113,-461
3,1416,-8141,95,-451
3,1417,-8141,86,-473
3,1418,-8135,101,-469
3,1419,-8130,101,-471
3,1420,-8133,101,-480
3,1421,-8130,106,-480
3,1422,-8132,104,-486
3,1423,-8135,96,-477
3,1424,-8138,92,-473
3,1425,-8139,96,-469
3,1426,-8143,102,-469
3,1427,-8142,108,-465
3,1428,-8138,117,-469
3,1429,-8135,103,-472
3,1430,-8152,95,-472
3,1431,-8147,91,-470
3,1432,-8138,110,-495
3,1433,-8131,111,-471
3,1434,-8137,115,-471
3,1435,-8149,112,-478
3,1436,-8148,104,-479
3,1437,-8131,93,-499
3,1438,-8135,92,-493
3,1439,-8138,114,-480
3,1440,-8150,105,-464
3,1441,-8157,106,-458
3,1442,-8154,110,-457
3,1443,-8158,111,-450
3,1444,-8146,100,-470
3,1445,-8141,104,-481
3,1446,-8143,101,-474
3,1447,-8147,105,-460
3,1448,-8148,96,-461
3,1449,-8142,88,-447
3,1450,-8144,102,-445
3,1451,-8142,105,-461
3,1452,-8143,109,-471
3,1453,-8143,115,-475
3,1454,-8138,105,-478
3,1455,-8131,105,-471
3,1456,-8134,100,-462
3,1457,-8133,101,-461
3,1458,-8141,101,-451
3,1459,-8139,107,-468
3,1460,-8123,109,-476
3,1461,-8121,93,-489
3,1462,-8122,99,-490
3,1463,-8128,108,-493
3,1464,-8125,112,-474
3,1465,-8129,122,-483
3,1466,-8136,122,-476
3,1467,-8134,108,-468
3,1468,-8128,97,-457
3,1469,-8138,85,-452
3,1470,-8150,89,-458
3,1471,-8147,86,-477
3,1472,-8138,94,-465
3,1473,-8134,99,-476
3,1474,-8140,92,-484
3,1475,-8147,82,-467
3,1476,-8137,85,-459
3,1477,-8146,87,-458
3,1478,-8139,92,-457
3,1479,-8135,92,-467
3,1480,-8136,100,-464
3,1481,-8148,106,-479
3,1482,-8148,92,-484
3,1483,-8142,89,-494
3,1484,-8135,79,-487
3,1485,-8134,93,-459
3,1486,-8140,90,-458
3,1487,-8145,85,-453
3,1488,-8141,98,-465
3,1489,-8141,88,-468
3,1490,-8147,93,-477
3,1491,-8140,85,-486
3,1492,-8145,84,-486
3,1493,-8141,94,-466
3,1494,-8142,106,-465
3,1495,-8148,106,-448
3,1496,-8152,100,-446
3,1497,-8159,106,-458
3,1498,-8148,83,-478
3,1499,-8145,77,-493
3,1500,-8142,99,-501
3,1501,-8144,105,-496
3,1502,-8133,104,-474
3,1503,-8120,104,-481
3,1504,-8128,97,-466
3,1505,-8128,103,-469
3,1506,-8128,100,-492
3,1507,-8140,98,-482
3,1508,-8133,85,-472
3,1509,-8149,90,-466
3,1510,-8140,86,-475
3,1511,-8137,98,-464
3,1512,-8141,93,-469
3,1513,-8122,79,-463
3,1514,-8120,73,-468
3,1515,-8132,79,-464
3,1516,-8141,100,-444
3,1517,-8157,101,-463
3,1518,-8141,107,-469
3,1519,-8129,110,-482
3,1520,-8130,92,-479
3,1521,-8125,97,-473
3,1522,-8150,84,-476
3,1523,-8149,80,-472
3,1524,-8141,95,-479
3,1525,-8133,89,-485
3,1526,-8133,84,-482
3,1527,-8130,104,-475
3,1528,-8136,109,-465
3,1529,-8132,95,-464
3,1530,-8133,93,-462
3,1531,-8133,89,-470
3,1532,-8131,86,-475
3,1533,-8135,95,-465
3,1534,-8126,89,-460
3,1535,-8129,79,-457
3,1536,-8133,84,-467
3,1537,-8133,101,-478
3,1538,-8136,100,-479
3,1539,-8136,97,-466
3,1540,-8143,97,-468
3,1541,-8146,96,-487
3,1542,-8142,89,-501
3,1543,-8139,85,-484
3,1544,-8156,90,-501
3,1545,-8165,95,-503
3,1546,-8152,109,-491
3,1547,-8143,120,-492
3,1548,-8136,105,-479
3,1549,-8131,104,-466
3,1550,-8137,101,-468
3,1551,-8131,99,-476
3,1552,-8138,96,-477
3,1553,-8141,93,-467
3,1554,-8138,91,-476
3,1555,-8140,102,-466
3,1556,-8145,112,-482
3,1557,-8140,112,-496
3,1558,-8128,107,-490
3,1559,-8132,96,-480
3,1560,-8135,90,-476
3,1561,-8132,84,-480
3,1562,-8133,98,-465
3,1563,-8134,92,-468
3,1564,-8141,81,-458
3,1565,-8147,87,-468
3,1566,-8144,85,-471
3,1567,-8138,93,-472
3,1568,-8133,87,-459
3,1569,-8132,90,-493
3,1570,-8120,84,-486
3,1571,-8117,97,-497
3,1572,-8132,108,-523
3,1573,-8135,116,-521
3,1574,-8150,119,-513
3,1575,-8158,123,-496
3,1576,-8141,127,-483
3,1577,-8151,109,-489
3,1578,-8146,107,-474
3,1579,-8148,121,-463
3,1580,-8140,110,-469
3,1581,-8143,101,-463
3,1582,-8143,96,-469
3,1583,-8148,94,-459
3,1584,-8151,95,-466
3,1585,-8148,94,-443
3,1586,-8141,89,-451
3,1587,-8141,95,-454
3,1588,-8135,96,-467
3,1589,-8145,109,-460
3,1590,-8135,125,-472
3,1591,-8138,113,-494
3,1592,-8139,110,-498
3,1593,-8130,110,-483
3,1594,-8136,123,-461
3,1595,-8138,105,-480
3,1596,-8136,92,-483
3,1597,-8145,94,-496
3,1598,-8151,112,-478
3,1599,-8140,105,-479
3,1600,-8134,107,-478
3,1601,-8135,106,-458
3,1602,-8136,93,-466
3,1603,-8140,92,-483
3,1604,-8156,106,-489
3,1605,-8163,104,-477
3,1606,-8161,113,-469
3,1607,-8151,118,-463
3,1608,-8145,112,-489
3,1609,-8155,104,-484
3,1610,-8142,109,-484
3,1611,-8150,107,-498
3,1612,-8148,98,-495
3,1613,-8143,90,-484
3,1614,-8142,91,-476
3,1615,-8135,81,-452
3,1616,-8137,92,-450
3,1617,-8144,91,-459
3,1618,-8143,97,-466
3,1619,-8131,99,-473
3,1620,-8131,92,-473
3,1621,-8140,102,-484
3,1622,-8146,86,-474
3,1623,-8155,88,-463
3,1624,-8149,95,-453
3,1625,-8134,112,-459
3,1626,-8126,101,-456
3,1627,-8145,90,-459
3,1628,-8137,85,-467
3,1629,-8139,97,-489
3,1630,-8145,112,-472
3,1631,-8142,100,-495
3,1632,-8141,105,-481
3,1633,-8132,100,-494
3,1634,-8135,99,-483
3,1635,-8136,92,-469
3,1636,-8142,88,-449
3,1637,-8138,92,-467
3,1638,-8132,86,-474
3,1639,-8131,97,-498
3,1640,-8120,96,-474
3,1641,-8139,93,-471
3,1642,-8144,81,-485
3,1643,-8161,83,-465
3,1644,-8159,88,-461
3,1645,-8160,95,-457
3,1646,-8165,95,-450
3,1647,-8154,90,-454
3,1648,-8156,98,-458
3,1649,-8157,88,-456
3,1650,-8150,96,-461
3,1651,-8143,98,-469
3,1652,-8142,85,-468
3,1653,-8138,105,-478
3,1654,-8143,111,-471
3,1655,-8153,112,-462
3,1656,-8160,101,-457
3,1657,-8147,105,-446
3,1658,-8144,97,-448
3,1659,-8157,109,-453
3,1660,-8144,114,-447
3,1661,-8141,109,-448
3,1662,-8148,91,-454
3,1663,-8140,83,-458
3,1664,-8141,76,-459
3,1665,-8135,67,-456
3,1666,-8131,72,-466
3,1667,-8146,84,-479
3,1668,-8159,78,-475
3,1669,-8159,77,-466
3,1670,-8154,77,-462
3,1671,-8145,87,-457
3,1672,-8151,87,-451
3,1673,-8128,86,-454
3,1674,-8122,95,-468
3,1675,-8135,109,-480
3,1676,-8144,117,-481
3,1677,-8135,119,-474
3,1678,-8138,105,-463
3,1679,-8145,86,-472
3,1680,-8150,90,-467
3,1681,-8149,91,-444
3,1682,-8147,92,-438
3,1683,-8152,88,-439
3,1684,-8143,90,-455
3,1685,-8133,101,-457
3,1686,-8130,104,-454
3,1687,-8118,98,-463
3,1688,-8124,97,-457
3,1689,-8123,86,-465
3,1690,-8132,91,-448
3,1691,-8139,96,-463
3,1692,-8129,100,-468
3,1693,-8135,91,-474
3,1694,-8150,95,-466
3,1695,-8143,114,-479
3,1696,-8138,107,-461
3,1697,-8141,104,-460
3,1698,-8142,93,-448
3,1699,-8148,97,-459
3,1700,-8149,100,-450
3,1701,-8146,90,-458
3,1702,-8151,89,-459
3,1703,-8145,88,-474
3,1704,-8145,84,-477
3,1705,-8151,94,-466
3,1706,-8151,102,-472
3,1707,-8136,105,-455
3,1708,-8125,96,-462
3,1709,-8135,90,-472
3,1710,-8144,91,-457
3,1711,-8153,92,-460
3,1712,-8142,96,-463
3,1713,-8137,104,-456
3,1714,-8158,95,-468
3,1715,-8156,94,-469
3,1716,-8153,96,-464
3,1717,-8135,111,-462
3,1718,-8142,111,-479
3,1719,-8140,103,-469
3,1720,-8146,100,-459
3,1721,-8164,95,-467
3,1722,-8157,96,-459
3,1723,-8141,93,-456
3,1724,-8138,100,-434
3,1725,-8129,98,-445
3,1726,-8126,103,-465
3,1727,-8121,113,-464
3,1728,-8134,97,-484
3,1729,-8125,95,-491
3,1730,-8137,87,-469
3,1731,-8133,85,-483
3,1732,-8141,93,-492
3,1733,-8143,99,-504
3,1734,-8136,84,-491
3,1735,-8142,89,-475
3,1736,-8147,93,-465
3,1737,-8150,84,-456
3,1738,-8148,100,-487
3,1739,-8140,105,-489
3,1740,-8142,100,-476
3,1741,-8142,90,-491
3,1742,-8144,103,-476
3,1743,-8143,94,-466
3,1744,-8150,86,-460
3,1745,-8140,85,-480
3,1746,-8129,74,-471
3,1747,-8134,70,-445
3,1748,-8139,90,-456
3,1749,-8135,98,-450
3,1750,-8128,102,-465
3,1751,-8137,111,-463
3,1752,-8139,108,-464
3,1753,-8144,104,-468
3,1754,-8143,107,-478
3,1755,-8140,87,-466
3,1756,-8146,91,-470
3,1757,-8152,98,-490
3,1758,-8155,98,-497
3,1759,-8162,93,-487
3,1760,-8156,99,-477
3,1761,-8157,99,-464
3,1762,-8152,99,-458
3,1763,-8150,95,-462
3,1764,-8137,95,-475
3,1765,-8147,80,-487
3,1766,-8135,91,-479
3,1767,-8140,106,-474
3,1768,-8134,99,-486
3,1769,-8129,108,-476
3,1770,-8127,111,-465
3,1771,-8139,117,-489
3,1772,-8140,105,-500
3,1773,-8146,103,-477
3,1774,-8153,100,-478
3,1775,-8150,109,-490
3,1776,-8158,115,-470
3,1777,-8155,110,-471
3,1778,-8151,101,-466
3,1779,-8145,105,-482
3,1780,-8150,104,-467
3,1781,-8153,93,-454
3,1782,-8146,101,-466
3,1783,-8143,105,-479
3,1784,-8147,94,-480
3,1785,-8155,96,-481
3,1786,-8154,110,-484
3,1787,-8152,98,-466
3,1788,-8148,102,-472
3,1789,-8139,100,-479
3,1790,-8141,96,-471
3,1791,-8147,88,-473
3,1792,-8144,82,-465
3,1793,-8145,81,-469
3,1794,-8135,87,-464
3,1795,-8134,79,-462
3,1796,-8136,85,-454
3,1797,-8149,85,-468
3,1798,-8159,87,-471
3,1799,-8142,89,-471
3,1800,-8145,90,-472
3,1801,-8151,91,-470
3,1802,-8147,81,-464
3,1803,-8148,77,-454
3,1804,-8142,81,-456
3,1805,-8139,99,-447
3,1806,-8136,95,-460
3,1807,-8120,88,-462
3,1808,-8127,102,-477
3,1809,-8132,107,-474
3,1810,-8139,107,-474
3,1811,-8136,108,-467
3,1812,-8135,90,-470
3,1813,-8141,91,-462
3,1814,-8160,89,-456
3,1815,-8147,89,-462
3,1816,-8142,87,-465
3,1817,-8140,86,-467
3,1818,-8144,94,-475
3,1819,-8152,109,-471
3,1820,-8144,104,-478
3,1821,-8146,100,-481
3,1822,-8152,98,-461
3,1823,-8159,87,-472
3,1824,-8172,86,-473
3,1825,-8167,80,-459
3,1826,-8148,74,-470
3,1827,-8142,76,-475
3,1828,-8131,80,-472
3,1829,-8138,91,-474
3,1830,-8141,112,-470
3,1831,-8143,108,-488
3,1832,-8147,102,-468
3,1833,-8152,98,-479
3,1834,-8150,99,-471
3,1835,-8140,105,-478
3,1836,-8139,116,-486
3,1837,-8140,107,-484
3,1838,-8131,96,-472
3,1839,-8151,86,-485
3,1840,-8155,84,-485
3,1841,-8150,83,-500
3,1842,-8139,87,-494
3,1843,-8135,95,-475
3,1844,-8136,88,-485
3,1845,-8121,97,-472
3,1846,-8133,86,-484
3,1847,-8135,95,-468
3,1848,-8140,98,-455
3,1849,-8141,83,-456
3,1850,-8135,87,-460
3,1851,-8137,91,-467
3,1852,-8129,90,-459
3,1853,-8126,86,-447
3,1854,-8130,95,-473
3,1855,-8134,95,-476
3,1856,-8147,88,-474
3,1857,-8147,75,-459
3,1858,-8145,83,-447
3,1859,-8146,93,-459
3,1860,-8143,104,-457
3,1861,-8143,95,-460
3,1862,-8153,96,-470
3,1863,-8149,104,-472
3,1864,-8153,109,-479
3,1865,-8159,91,-476
3,1866,-8152,99,-458
3,1867,-8143,97,-474
3,1868,-8134,103,-493
3,1869,-8135,104,-481
3,1870,-8144,101,-467
3,1871,-8124,103,-476
3,1872,-8127,110,-479
3,1873,-8131,101,-473
3,1874,-8124,109,-484
3,1875,-8132,112,-482
3,1876,-8126,108,-477
3,1877,-8126,114,-490
3,1878,-8133,105,-496
3,1879,-8138,101,-483
3,1880,-8140,104,-440
3,1881,-8139,99,-440
3,1882,-8140,87,-436
3,1883,-8148,85,-446
3,1884,-8148,87,-464
3,1885,-8139,81,-475
3,1886,-8146,82,-474
3,1887,-8144,87,-478
3,1888,-8142,95,-482
3,1889,-8140,100,-482
3,1890,-8126,111,-481
3,1891,-8129,112,-470
3,1892,-8134,108,-476
3,1893,-8122,116,-477
3,1894,-8135,105,-474
3,1895,-8139,103,-483
3,1896,-8141,85,-472
3,1897,-8140,87,-457
3,1898,-8132,89,-455
3,1899,-8132,92,-458
3,1900,-8139,98,-453
3,1901,-8128,103,-464
3,1902,-8146,98,-455
3,1903,-8153,101,-442
3,1904,-8145,97,-450
3,1905,-8140,94,-459
3,1906,-8133,82,-448
3,1907,-8134,76,-439
3,1908,-8128,72,-462
3,1909,-8134,66,-449
3,1910,-8133,89,-473
3,1911,-8134,88,-468
3,1912,-8147,84,-462
3,1913,-8145,96,-445
3,1914,-8145,96,-444
3,1915,-8151,88,-454
3,1916,-8150,89,-466
3,1917,-8149,102,-470
3,1918,-8142,111,-467
3,1919,-8149,115,-463
3,1920,-8130,106,-458
3,1921,-8132,102,-467
3,1922,-8136,94,-461
3,1923,-8134,93,-459
3,1924,-8153,88,-472
3,1925,-8148,86,-490
3,1926,-8143,97,-486
3,1927,-8132,97,-468
3,1928,-8123,101,-463
3,1929,-8134,95,-486
3,1930,-8136,78,-493
3,1931,-8137,85,-485
3,1932,-8131,86,-493
3,1933,-8134,86,-475
3,1934,-8138,91,-462
3,1935,-8139,106,-452
3,1936,-8137,101,-445
3,1937,-8143,82,-447
3,1938,-8154,81,-448
3,1939,-8155,92,-462
3,1940,-8150,90,-466
3,1941,-8135,85,-470
3,1942,-8141,77,-465
3,1943,-8141,86,-469
3,1944,-8148,85,-475
3,1945,-8145,101,-472
3,1946,-8136,107,-470
3,1947,-8150,104,-473
3,1948,-8147,99,-486
3,1949,-8150,103,-472
3,1950,-8146,95,-464
3,1951,-8145,94,-469
3,1952,-8137,87,-461
3,1953,-8131,81,-468
3,1954,-8138,95,-465
3,1955,-8142,98,-467
3,1956,-8149,93,-463
3,1957,-8148,110,-466
3,1958,-8135,97,-453
3,1959,-8141,103,-478
3,1960,-8149,110,-478
3,1961,-8137,99,-468
3,1962,-8138,84,-440
3,1963,-8140,96,-444
3,1964,-8144,101,-444
3,1965,-8140,104,-439
3,1966,-8141,96,-439
3,1967,-8146,89,-446
3,1968,-8122,94,-451
3,1969,-8127,93,-463
3,1970,-8133,96,-492
3,1971,-8132,103,-489
3,1972,-8123,97,-474
3,1973,-8123,98,-471
3,1974,-8139,91,-466
3,1975,-8155,93,-454
3,1976,-8148,97,-460
3,1977,-8147,101,-464
3,1978,-8150,103,-465
3,1979,-8154,96,-479
3,1980,-8155,84,-464
3,1981,-8154,83,-466
3,1982,-8147,86,-476
3,1983,-8144,81,-458
3,1984,-8138,86,-469
3,1985,-8141,93,-460
3,1986,-8135,100,-475
3,1987,-8138,100,-464
3,1988,-8134,101,-468
3,1989,-8129,100,-469
3,1990,-8134,109,-460
3,1991,-8136,107,-453
3,1992,-8155,106,-475
3,1993,-8149,92,-490
3,1994,-8150,90,-474
3,1995,-8134,96,-462
3,1996,-8143,97,-463
3,1997,-8148,104,-463
3,1998,-8136,103,-481
3,1999,-8145,107,-480
3,2000,-8143,110,-466
3,2001,-8142,98,-455
3,2002,-8138,96,-476
3,2003,-8146,108,-482
3,2004,-8145,108,-473
3,2005,-8143,113,-481
3,2006,-8148,110,-483
3,2007,-8158,107,-493
3,2008,-8164,106,-494
3,2009,-8167,107,-484
3,2010,-8170,109,-486
3,2011,-8162,105,-458
3,2012,-8160,101,-455
3,2013,-8159,99,-457
3,2014,-8146,92,-462
3,2015,-8143,97,-453
3,2016,-8139,92,-457
3,2017,-8149,89,-472
3,2018,-8154,87,-461
3,2019,-8155,78,-467
3,2020,-8163,77,-436
3,2021,-8155,97,-465
3,2022,-8156,113,-467
3,2023,-8140,110,-455
3,2024,-8147,108,-450
3,2025,-8149,112,-467
3,2026,-8147,93,-478
3,2027,-8146,86,-485
3,2028,-8141,92,-484
3,2029,-8133,91,-486
3,2030,-8134,83,-499
3,2031,-8148,87,-493
3,2032,-8143,86,-497
3,2033,-8136,86,-496
3,2034,-8133,96,-482
3,2035,-8146,93,-480
3,2036,-8142,101,-476
3,2037,-8144,105,-497
3,2038,-8162,98,-504
3,2039,-8153,99,-492
3,2040,-8154,102,-476
3,2041,-8145,89,-464
3,2042,-8131,100,-467
3,2043,-8135,104,-473
3,2044,-8142,101,-463
3,2045,-8154,115,-448
3,2046,-8143,108,-456
3,2047,-8139,114,-469
3,2048,-8139,102,-476
3,2049,-8135,90,-456
3,2050,-8140,90,-461
3,2051,-8137,90,-461
3,2052,-8126,86,-465
3,2053,-8140,106,-460
3,2054,-8149,120,-462
3,2055,-8147,119,-473
3,2056,-8155,99,-455
3,2057,-8151,99,-445
3,2058,-8164,97,-450
3,2059,-8165,106,-481
3,2060,-8149,105,-494
3,2061,-8143,108,-495
3,2062,-8140,96,-482
3,2063,-8138,87,-476
3,2064,-8142,83,-481
3,2065,-8141,97,-474
3,2066,-8144,101,-468
3,2067,-8144,98,-481
3,2068,-8151,97,-479
3,2069,-8154,101,-477
3,2070,-8155,98,-469
3,2071,-8149,97,-471
3,2072,-8150,94,-463
3,2073,-8142,90,-467
3,2074,-8137,98,-473
3,2075,-8136,100,-458
3,2076,-8124,100,-438
3,2077,-8129,106,-444
3,2078,-8139,98,-454
3,2079,-8146,93,-454
3,2080,-8151,96,-469
3,2081,-8144,106,-468
3,2082,-8141,108,-469
3,2083,-8140,101,-462
3,2084,-8135,94,-473
3,2085,-8121,99,-470
3,2086,-8122,101,-461
3,2087,-8125,108,-447
3,2088,-8125,105,-453
3,2089,-8138,108,-454
3,2090,-8132,108,-451
3,2091,-8143,102,-467
3,2092,-8147,94,-476
3,2093,-8148,92,-489
3,2094,-8146,94,-488
3,2095,-8150,96,-455
3,2096,-8155,98,-454
3,2097,-8154,111,-456
3,2098,-8139,113,-461
3,2099,-8146,119,-474
3,2100,-8144,101,-468
3,2101,-8138,90,-470
3,2102,-8139,98,-477
3,2103,-8145,102,-470
3,2104,-8153,96,-446
3,2105,-8151,112,-460
3,2106,-8140,101,-475
3,2107,-8133,94,-442
3,2108,-8141,81,-430
3,2109,-8149,102,-455
3,2110,-8150,110,-454
3,2111,-8146,105,-442
3,2112,-8142,92,-443
3,2113,-8151,105,-461
3,2114,-8156,99,-454
3,2115,-8164,97,-430
3,2116,-8165,91,-450
3,2117,-8163,107,-455
3,2118,-8155,98,-462
3,2119,-8157,95,-460
3,2120,-8153,87,-465
3,2121,-8142,86,-480
3,2122,-8138,101,-478
3,2123,-8145,84,-478
3,2124,-8141,82,-469
3,2125,-8140,100,-460
3,2126,-8141,103,-474
3,2127,-8147,104,-476
3,2128,-8146,89,-472
3,2129,-8148,96,-481
3,2130,-8146,103,-475
3,2131,-8138,106,-473
3,2132,-8151,97,-474
3,2133,-8150,106,-482
3,2134,-8146,104,-477
3,2135,-8148,97,-472
3,2136,-8150,94,-450
3,2137,-8153,98,-425
3,2138,-8152,98,-420
3,2139,-8138,99,-433
3,2140,-8150,101,-441
3,2141,-8150,103,-468
3,2142,-8145,110,-473
3,2143,-8157,118,-472
3,2144,-8144,113,-471
3,2145,-8120,123,-460
3,2146,-8142,105,-465
3,2147,-8137,98,-458
3,2148,-8135,97,-455
3,2149,-8139,94,-458
3,2150,-8134,105,-457
3,2151,-8140,119,-465
3,2152,-8153,115,-463
3,2153,-8147,104,-457
3,2154,-8157,102,-450
3,2155,-8156,101,-460
3,2156,-8154,105,-469
3,2157,-8148,107,-471
3,2158,-8133,113,-464
3,2159,-8133,103,-470
3,2160,-8128,94,-462
3,2161,-8125,103,-461
3,2162,-8139,101,-449
3,2163,-8154,96,-454
3,2164,-8140,93,-476
3,2165,-8146,77,-488
3,2166,-8139,80,-488
3,2167,-8127,81,-468
3,2168,-8135,88,-469
3,2169,-8149,96,-469
3,2170,-8150,92,-473
3,2171,-8147,76,-473
3,2172,-8151,75,-462
3,2173,-8156,76,-472
3,2174,-8147,83,-477
3,2175,-8149,95,-461
3,2176,-8144,90,-466
3,2177,-8148,90,-468
3,2178,-8159,110,-456
3,2179,-8149,111,-468
3,2180,-8149,113,-463
3,2181,-8153,116,-450
3,2182,-8157,115,-437
3,2183,-8163,122,-448
3,2184,-8156,105,-466
3,2185,-8154,94,-481
3,2186,-8146,102,-476
3,2187,-8147,97,-468
3,2188,-8147,91,-446
3,2189,-8142,104,-439
3,2190,-8137,94,-443
3,2191,-8134,96,-453
3,2192,-8144,96,-461
3,2193,-8142,95,-457
3,2194,-8139,98,-469
3,2195,-8151,92,-467
3,2196,-8134,89,-468
3,2197,-8140,100,-465
3,2198,-8129,89,-476
3,2199,-8128,95,-489
3,2200,-8128,92,-487
3,2201,-8134,97,-475
3,2202,-8136,103,-469
3,2203,-8138,109,-456
3,2204,-8137,105,-468
3,2205,-8143,94,-468
3,2206,-8137,102,-463
3,2207,-8136,105,-459
3,2208,-8145,98,-474
3,2209,-8131,85,-466
3,2210,-8132,95,-476
3,2211,-8146,97,-479
3,2212,-8141,105,-474
3,2213,-8140,108,-465
3,2214,-8134,89,-449
3,2215,-8128,82,-474
3,2216,-8140,82,-480
3,2217,-8144,86,-485
3,2218,-8140,92,-491
3,2219,-8142,94,-477
3,2220,-8150,94,-478
3,2221,-8155,97,-479
3,2222,-8152,95,-471
3,2223,-8130,84,-477
3,2224,-8137,84,-474
3,2225,-8136,92,-471
3,2226,-8126,91,-463
3,2227,-8127,100,-476
3,2228,-8139,98,-455
3,2229,-8150,88,-455
3,2230,-8140,91,-451
3,2231,-8140,92,-463
3,2232,-8131,93,-462
3,2233,-8126,96,-457
3,2234,-8124,91,-448
3,2235,-8128,90,-444
3,2236,-8130,90,-461
3,2237,-8147,92,-462
3,2238,-8143,99,-455
3,2239,-8145,112,-458
3,2240,-8142,109,-451
3,2241,-8141,109,-443
3,2242,-8140,110,-453
3,2243,-8136,105,-464
3,2244,-8133,104,-465
3,2245,-8144,97,-477
3,2246,-8151,95,-500
3,2247,-8168,96,-507
3,2248,-8157,89,-489
3,2249,-8148,83,-486
3,2250,-8151,85,-489
3,2251,-8147,95,-476
3,2252,-8140,96,-470
3,2253,-8134,103,-455
3,2254,-8125,108,-439
3,2255,-8136,101,-465
3,2256,-8138,97,-462
3,2257,-8137,98,-468
3,2258,-8131,102,-465
3,2259,-8146,101,-450
3,2260,-8145,113,-470
3,2261,-8153,107,-467
3,2262,-8156,95,-443
3,2263,-8150,108,-432
3,2264,-8146,110,-456
3,2265,-8142,103,-465
3,2266,-8137,87,-460
3,2267,-8137,92,-466
3,2268,-8133,99,-472
3,2269,-8139,101,-471
3,2270,-8142,107,-469
3,2271,-8149,95,-471
3,2272,-8145,97,-476
3,2273,-8136,105,-470
3,2274,-8123,107,-468
3,2275,-8143,105,-472
3,2276,-8140,107,-469
3,2277,-8138,103,-477
3,2278,-8141,100,-474
3,2279,-8141,103,-481
3,2280,-8154,102,-488
3,2281,-8162,98,-463
3,2282,-8148,100,-472
3,2283,-8144,104,-472
3,2284,-8148,101,-476
3,2285,-8139,88,-445
3,2286,-8140,91,-455
3,2287,-8136,86,-460
3,2288,-8140,93,-472
3,2289,-8148,90,-465
3,2290,-8140,89,-468
3,2291,-8152,98,-464
3,2292,-8152,101,-457
3,2293,-8151,100,-461
3,2294,-8145,90,-460
3,2295,-8140,93,-448
3,2296,-8146,104,-460
3,2297,-8149,98,-466
3,2298,-8146,100,-472
3,2299,-8138,92,-475
3,2300,-8140,83,-473
3,2301,-8151,82,-472
3,2302,-8158,86,-490
3,2303,-8152,89,-495
3,2304,-8148,89,-479
3,2305,-8143,76,-471
3,2306,-8132,87,-461
3,2307,-8132,87,-463
3,2308,-8126,93,-450
3,2309,-8134,95,-438
3,2310,-8134,99,-445
3,2311,-8146,100,-456
3,2312,-8143,96,-459
3,2313,-8142,101,-463
3,2314,-8135,101,-460
3,2315,-8135,100,-445
3,2316,-8146,91,-438
3,2317,-8131,98,-452
3,2318,-8122,106,-461
3,2319,-8120,95,-468
3,2320,-8125,109,-470
3,2321,-8128,105,-469
3,2322,-8141,104,-470
3,2323,-8149,105,-462
3,2324,-8136,121,-462
3,2325,-8141,114,-480
3,2326,-8137,98,-476
3,2327,-8140,89,-465
3,2328,-8138,98,-467
3,2329,-8139,88,-463
3,2330,-8156,86,-468
3,2331,-8157,89,-470
3,2332,-8159,92,-470
3,2333,-8145,89,-462
3,2334,-8136,84,-462
3,2335,-8133,89,-472
3,2336,-8149,98,-488
3,2337,-8143,100,-487
3,2338,-8149,97,-495
3,2339,-8154,86,-473
3,2340,-8148,82,-455
3,2341,-8145,76,-465
3,2342,-8142,89,-460
3,2343,-8138,85,-469
3,2344,-8146,95,-473
3,2345,-8144,97,-493
3,2346,-8135,106,-494
3,2347,-8140,118,-479
3,2348,-8143,113,-484
3,2349,-8139,109,-481
3,2350,-8142,111,-481
3,2351,-8155,104,-483
3,2352,-8146,102,-474
3,2353,-8141,97,-455
3,2354,-8132,101,-462
3,2355,-8132,107,-467
3,2356,-8156,104,-485
3,2357,-8144,101,-488
3,2358,-8139,101,-488
3,2359,-8145,103,-498
3,2360,-8147,94,-474
3,2361,-8157,100,-463
3,2362,-8152,79,-492
3,2363,-8141,91,-474
3,2364,-8143,97,-460
3,2365,-8140,106,-463
3,2366,-8139,109,-475
3,2367,-8136,111,-484
3,2368,-8135,105,-474
3,2369,-8134,108,-483
3,2370,-8137,89,-469
3,2371,-8136,103,-469
3,2372,-8141,109,-470
3,2373,-8140,109,-484
3,2374,-8137,117,-487
3,2375,-8129,114,-484
3,2376,-8139,108,-460
3,2377,-8139,97,-450
3,2378,-8145,96,-463
3,2379,-8138,100,-467
3,2380,-8145,101,-486
3,2381,-8146,105,-484
3,2382,-8139,96,-469
3,2383,-8126,89,-475
3,2384,-8139,86,-478
3,2385,-8136,87,-462
3,2386,-8147,82,-455
3,2387,-8146,76,-465
3,2388,-8149,74,-463
3,2389,-8133,91,-459
3,2390,-8146,88,-461
3,2391,-8142,101,-473
3,2392,-8142,101,-465
3,2393,-8131,103,-467
3,2394,-8142,91,-493
3,2395,-8141,98,-477
3,2396,-8138,96,-471
3,2397,-8145,98,-476
3,2398,-8142,114,-459
3,2399,-8138,113,-481
3,2400,-8145,96,-492
3,2401,-8132,90,-487
3,2402,-8141,81,-499
3,2403,-8139,90,-493
3,2404,-8142,84,-501
3,2405,-8133,96,-490
3,2406,-8138,97,-487
3,2407,-8156,103,-499
3,2408,-8152,106,-494
3,2409,-8143,112,-472
3,2410,-8145,99,-479
3,2411,-8149,92,-480
3,2412,-8135,94,-474
3,2413,-8132,96,-479
3,2414,-8142,102,-478
3,2415,-8137,91,-487
3,2416,-8133,89,-483
3,2417,-8135,111,-494
3,2418,-8137,121,-468
3,2419,-8134,120,-460
3,2420,-8134,95,-477
3,2421,-8139,89,-471
3,2422,-8135,79,-465
3,2423,-8135,66,-466
3,2424,-8146,77,-478
3,2425,-8142,80,-467
3,2426,-8146,89,-458
3,2427,-8153,93,-470
3,2428,-8150,93,-464
3,2429,-8147,100,-466
3,2430,-8157,112,-469
3,2431,-8145,104,-477
3,2432,-8139,87,-476
3,2433,-8137,95,-487
3,2434,-8151,107,-497
3,2435,-8149,105,-474
3,2436,-8143,94,-489
3,2437,-8141,93,-492
3,2438,-8158,91,-482
3,2439,-8155,90,-466
3,2440,-8147,96,-467
3,2441,-8136,98,-458
3,2442,-8123,100,-471
3,2443,-8144,95,-472
3,2444,-8152,90,-467
3,2445,-8146,88,-481
3,2446,-8146,99,-479
3,2447,-8151,94,-479
3,2448,-8148,95,-492
3,2449,-8144,100,-493
3,2450,-8143,102,-467
3,2451,-8134,102,-452
3,2452,-8145,95,-469
3,2453,-8148,87,-478
3,2454,-8145,89,-472
3,2455,-8134,98,-463
3,2456,-8133,89,-449
3,2457,-8133,91,-446
3,2458,-8131,84,-460
3,2459,-8138,86,-454
3,2460,-8142,95,-461
3,2461,-8140,116,-461
3,2462,-8142,103,-475
3,2463,-8140,112,-457
3,2464,-8145,111,-451
3,2465,-8145,131,-463
3,2466,-8150,131,-462
3,2467,-8150,121,-454
3,2468,-8146,119,-464
3,2469,-8144,94,-481
3,2470,-8147,93,-472
3,2471,-8146,100,-457
3,2472,-8149,100,-449
3,2473,-8149,103,-479
3,2474,-8151,91,-499
3,2475,-8147,81,-507
3,2476,-8152,93,-481
3,2477,-8145,102,-469
3,2478,-8146,98,-473
3,2479,-8138,92,-485
3,2480,-8138,96,-475
3,2481,-8145,97,-459
3,2482,-8143,88,-456
3,2483,-8139,96,-453
3,2484,-8136,91,-474
3,2485,-8144,103,-477
3,2486,-8137,111,-486
3,2487,-8137,112,-480
3,2488,-8146,118,-480
3,2489,-8146,108,-479
3,2490,-8142,102,-460
3,2491,-8151,109,-469
3,2492,-8148,110,-459
3,2493,-8136,93,-478
3,2494,-8133,93,-465
3,2495,-8130,96,-448
3,2496,-8140,103,-446
3,2497,-8130,101,-465
4,0,-8127,101,-464
4,1,-8121,95,-458
4,2,-8125,92,-465
4,3,-8139,94,-473
4,4,-8143,96,-471
4,5,-8136,101,-457
4,6,-8131,102,-448
4,7,-8134,121,-457
4,8,-8134,120,-465
4,9,-8134,118,-457
4,10,-8139,110,-446
4,11,-8143,108,-466
4,12,-8137,96,-473
4,13,-8140,96,-469
4,14,-8138,95,-472
4,15,-8131,83,-477
4,16,-8136,63,-488
4,17,-8137,65,-472
4,18,-8141,94,-475
4,19,-8141,91,-467
4,20,-8137,73,-457
4,21,-8135,76,-466
4,22,-8142,87,-457
4,23,-8154,99,-453
4,24,-8156,101,-471
4,25,-8167,106,-490
4,26,-8156,103,-490
4,27,-8150,99,-480
4,28,-8139,108,-463
4,29,-8141,110,-467
4,30,-8157,108,-473
4,31,-8156,102,-486
4,32,-8150,109,-468
4,33,-8143,111,-456
4,34,-8138,113,-447
4,35,-8136,101,-450
4,36,-8133,93,-460
4,37,-8134,90,-453
4,38,-8137,90,-448
4,39,-8143,96,-460
4,40,-8138,103,-474
4,41,-8137,100,-474
4,42,-8147,93,-477
4,43,-8147,95,-484
4,44,-8141,90,-488
4,45,-8140,90,-484
4,46,-8141,88,-473
4,47,-8146,101,-462
4,48,-8155,103,-453
4,49,-8149,90,-463
4,50,-8128,89,-469
4,51,-8133,96,-461
4,52,-8132,98,-473
4,53,-8133,94,-478
4,54,-8139,82,-482
4,55,-8141,93,-477
4,56,-8131,100,-467
4,57,-8129,98,-470
4,58,-8126,118,-480
4,59,-8139,113,-475
4,60,-8149,114,-478
4,61,-8134,107,-485
4,62,-8128,104,-465
4,63,-8140,105,-453
4,64,-8144,109,-454
4,65,-8139,114,-471
4,66,-8136,111,-485
4,67,-8119,117,-473
4,68,-8123,108,-472
4,69,-8133,114,-470
4,70,-8139,105,-466
4,71,-8141,111,-460
4,72,-8138,110,-454
4,73,-8137,100,-459
4,74,-8122,87,-449
4,75,-8123,83,-439
4,76,-8136,101,-439
4,77,-8139,101,-433
4,78,-8142,105,-451
4,79,-8140,96,-459
4,80,-8141,91,-466
4,81,-8133,92,-483
4,82,-8126,95,-490
4,83,-8125,78,-479
4,84,-8119,90,-475
4,85,-8123,100,-453
4,86,-8151,97,-457
4,87,-8153,118,-477
4,88,-8146,125,-502
4,89,-8142,115,-502
4,90,-8140,102,-485
4,91,-8136,112,-462
4,92,-8136,113,-464
4,93,-8138,87,-457
4,94,-8156,88,-454
4,95,-8158,82,-451
4,96,-8168,78,-434
4,97,-8153,87,-461
4,98,-8142,84,-462
4,99,-8134,90,-470
4,100,-8134,86,-450
4,101,-8128,86,-453
4,102,-8141,96,-441
4,103,-8142,99,-433
4,104,-8136,92,-445
4,105,-8135,80,-454
4,106,-8137,86,-466
4,107,-8149,94,-457
4,108,-8142,110,-464
4,109,-8141,97,-477
4,110,-8141,91,-478
4,111,-8131,94,-462
4,112,-8131,94,-453
4,113,-8130,91,-462
4,114,-8135,95,-460
4,115,-8135,98,-483
4,116,-8142,103,-477
4,117,-8141,94,-459
4,118,-8146,84,-459
4,119,-8152,92,-451
4,120,-8153,94,-455
4,121,-8149,83,-459
4,122,-8155,108,-462
4,123,-8146,114,-461
4,124,-8139,108,-474
4,125,-8130,96,-470
4,126,-8133,98,-475
4,127,-8133,81,-474
4,128,-8140,80,-469
4,129,-8142,85,-467
4,130,-8142,94,-460
4,131,-8154,87,-452
4,132,-8156,76,-445
4,133,-8148,82,-447
4,134,-8141,80,-429
4,135,-8143,88,-449
4,136,-8141,97,-457
4,137,-8139,93,-450
4,138,-8150,79,-446
4,139,-8152,77,-454
4,140,-8137,85,-466
4,141,-8134,97,-462
4,142,-8131,91,-471
4,143,-8143,83,-465
4,144,-8150,82,-449
4,145,-8146,93,-454
4,146,-8143,99,-453
4,147,-8132,110,-454
4,148,-8126,107,-465
4,149,-8137,97,-489
4,150,-8142,87,-488
4,151,-8136,91,-498
4,152,-8142,92,-485
4,153,-8143,87,-488
4,154,-8141,80,-484
4,155,-8145,97,-472
4,156,-8135,115,-465
4,157,-8134,109,-478
4,158,-8139,102,-486
4,159,-8136,88,-488
4,160,-8152,99,-488
4,161,-8149,98,-494
4,162,-8139,98,-491
4,163,-8135,91,-475
4,164,-8138,87,-471
4,165,-8134,87,-491
4,166,-8129,93,-477
4,167,-8125,97,-473
4,168,-8128,95,-477
4,169,-8126,100,-468
4,170,-8124,93,-475
4,171,-8132,90,-478
4,172,-8138,83,-488
4,173,-8145,97,-468
4,174,-8146,109,-474
4,175,-8142,103,-481
4,176,-8133,98,-458
4,177,-8131,96,-452
4,178,-8144,97,-443
4,179,-8147,94,-449
4,180,-8139,84,-443
4,181,-8138,90,-449
4,182,-8141,107,-461
4,183,-8135,104,-480
4,184,-8129,97,-476
4,185,-8117,105,-454
4,186,-8130,109,-444
4,187,-8125,102,-461
4,188,-8131,95,-479
4,189,-8135,105,-476
4,190,-8146,104,-473
4,191,-8137,97,-497
4,192,-8132,106,-495
4,193,-8135,103,-483
4,194,-8138,110,-460
4,195,-8132,115,-456
4,196,-8140,125,-445
4,197,-8142,111,-452
4,198,-8143,115,-469
4,199,-8147,101,-463
4,200,-8138,110,-457
4,201,-8148,103,-465
4,202,-8145,95,-458
4,203,-8133,83,-463
4,204,-8131,90,-460
4,205,-8133,93,-461
4,206,-8131,89,-461
4,207,-8125,102,-474
4,208,-8138,104,-475
4,209,-8135,103,-486
4,210,-8145,106,-478
4,211,-8159,106,-487
4,212,-8140,109,-486
4,213,-8143,109,-482
4,214,-8150,92,-490
4,215,-8144,105,-489
4,216,-8148,106,-498
4,217,-8134,107,-489
4,218,-8131,118,-476
4,219,-8125,111,-454
4,220,-8127,103,-441
4,221,-8124,101,-430
4,222,-8128,111,-439
4,223,-8137,97,-452
4,224,-8131,94,-460
4,225,-8140,92,-463
4,226,-8137,102,-469
4,227,-8140,92,-475
4,228,-8133,84,-490
4,229,-8136,83,-468
4,230,-8140,102,-463
4,231,-8142,103,-462
4,232,-8141,97,-463
4,233,-8135,97,-449
4,234,-8139,95,-458
4,235,-8149,94,-462
4,236,-8159,103,-464
4,237,-8149,85,-458
4,238,-8152,79,-461
4,239,-8134,81,-459
4,240,-8121,89,-468
4,241,-8126,93,-477
4,242,-8133,84,-479
4,243,-8149,89,-476
4,244,-8141,96,-463
4,245,-8138,101,-455
4,246,-8146,93,-454
4,247,-8149,102,-491
4,248,-8145,103,-482
4,249,-8157,113,-481
4,250,-8149,108,-486
4,251,-8141,83,-484
4,252,-8149,80,-465
4,253,-8146,81,-468
4,254,-8145,95,-458
4,255,-8150,110,-450
4,256,-8143,107,-462
4,257,-8143,115,-475
4,258,-8133,125,-482
4,259,-8133,120,-461
4,260,-8146,110,-449
4,261,-8128,98,-461
4,262,-8128,90,-462
4,263,-8134,92,-447
4,264,-8131,93,-429
4,265,-8120,113,-434
4,266,-8135,105,-450
4,267,-8139,102,-453
4,268,-8146,109,-445
4,269,-8136,107,-447
4,270,-8135,90,-457
4,271,-8139,89,-468
4,272,-8136,92,-459
4,273,-8135,101,-454
4,274,-8140,113,-458
4,275,-8146,124,-469
4,276,-8136,122,-463
4,277,-8140,114,-458
4,278,-8134,112,-474
4,279,-8127,101,-472
4,280,-8129,86,-459
4,281,-8144,76,-466
4,282,-8147,75,-472
4,283,-8150,87,-472
4,284,-8138,92,-467
4,285,-8141,94,-468
4,286,-8138,88,-474
4,287,-8127,85,-471
4,288,-8142,88,-466
4,289,-8144,89,-483
4,290,-8147,88,-487
4,291,-8154,97,-475
4,292,-8143,114,-468
4,293,-8142,116,-460
4,294,-8141,105,-460
4,295,-8149,97,-448
4,296,-8150,85,-467
4,297,-8140,83,-474
4,298,-8139,87,-483
4,299,-8147,99,-489
4,300,-8145,97,-474
4,301,-8148,92,-479
4,302,-8151,98,-476
4,303,-8148,101,-474
4,304,-8145,103,-462
4,305,-8147,105,-490
4,306,-8131,105,-485
4,307,-8130,99,-487
4,308,-8131,110,-480
4,309,-8133,108,-463
4,310,-8136,98,-462
4,311,-8132,100,-467
4,312,-8127,92,-480
4,313,-8131,94,-493
4,314,-8141,107,-500
4,315,-8124,101,-493
4,316,-8128,94,-496
4,317,-8126,103,-484
4,318,-8143,102,-477
4,319,-8137,111,-466
4,320,-8132,99,-466
4,321,-8146,89,-443
4,322,-8145,93,-440
4,323,-8142,89,-457
4,324,-8151,86,-455
4,325,-8168,91,-451
4,326,-8160,92,-461
4,327,-8149,85,-451
4,328,-8149,94,-464
4,329,-8135,87,-477
4,330,-8137,82,-464
4,331,-8138,100,-454
4,332,-8143,93,-450
4,333,-8147,85,-463
4,334,-8146,95,-451
4,335,-8145,91,-471
4,336,-8133,93,-468
4,337,-8134,104,-470
4,338,-8145,116,-473
4,339,-8139,102,-478
4,340,-8147,89,-474
4,341,-8146,93,-486
4,342,-8145,101,-474
4,343,-8147,103,-467
4,344,-8131,104,-486
4,345,-8129,100,-473
4,346,-8134,95,-487
4,347,-8138,101,-510
4,348,-8137,98,-507
4,349,-8147,95,-481
4,350,-8149,97,-472
4,351,-8135,97,-470
4,352,-8131,102,-480
4,353,-8136,96,-479
4,354,-8147,99,-491
4,355,-8149,84,-487
4,356,-8153,93,-474
4,357,-8136,95,-476
4,358,-8125,99,-472
4,359,-8121,101,-465
4,360,-8125,116,-470
4,361,-8137,108,-483
4,362,-8144,101,-468
4,363,-8146,99,-464
4,364,-8137,96,-463
4,365,-8142,86,-464
4,366,-8148,86,-463
4,367,-8144,87,-461
4,368,-8141,92,-457
4,369,-8152,88,-467
4,370,-8150,88,-456
4,371,-8150,82,-473
4,372,-8141,93,-486
4,373,-8134,96,-478
4,374,-8143,91,-487
4,375,-8136,94,-466
4,376,-8151,104,-478
4,377,-8139,102,-465
4,378,-8134,109,-469
4,379,-8132,103,-469
4,380,-8124,100,-467
4,381,-8133,89,-454
4,382,-8138,90,-475
4,383,-8142,88,-479
4,384,-8148,93,-462
4,385,-8145,103,-479
4,386,-8141,110,-503
4,387,-8146,101,-493
4,388,-8151,109,-499
4,389,-8143,108,-503
4,390,-8137,95,-505
4,391,-8133,98,-496
4,392,-8130,99,-482
4,393,-8134,89,-475
4,394,-8134,79,-478
4,395,-8137,82,-473
4,396,-8152,81,-470
4,397,-8161,91,-474
4,398,-8148,97,-472
4,399,-8145,92,-471
4,400,-8140,94,-475
4,401,-8135,95,-469
4,402,-8119,88,-484
4,403,-8129,85,-497
4,404,-8138,74,-483
4,405,-8134,79,-465
4,406,-8146,88,-455
4,407,-8145,95,-456
4,408,-8140,95,-446
4,409,-8136,118,-459
4,410,-8134,111,-455
4,411,-8137,97,-470
4,412,-8136,93,-455
4,413,-8138,96,-468
4,414,-8142,105,-474
4,415,-8142,98,-483
4,416,-8135,92,-466
4,417,-8142,91,-482
4,418,-8147,78,-492
4,419,-8145,90,-477
4,420,-8141,111,-478
4,421,-8140,109,-454
4,422,-8141,102,-460
4,423,-8150,102,-461
4,424,-8142,86,-474
4,425,-8141,95,-460
4,426,-8146,95,-453
4,427,-8146,90,-458
4,428,-8137,98,-473
4,429,-8128,88,-479
4,430,-8135,106,-488
4,431,-8128,105,-496
4,432,-8130,94,-490
4,433,-8129,97,-481
4,434,-8139,105,-480
4,435,-8130,108,-479
4,436,-8131,99,-480
4,437,-8146,94,-484
4,438,-8131,102,-479
4,439,-8140,119,-478
4,440,-8132,113,-460
4,441,-8137,104,-472
4,442,-8146,91,-489
4,443,-8134,92,-465
4,444,-8146,90,-454
4,445,-8152,93,-480
4,446,-8144,100,-469
4,447,-8152,94,-467
4,448,-8159,102,-483
4,449,-8152,106,-496
4,450,-8151,108,-489
4,451,-8141,103,-487
4,452,-8143,101,-468
4,453,-8146,100,-480
4,454,-8144,98,-475
4,455,-8148,105,-459
4,456,-8142,102,-473
4,457,-8136,93,-483
4,458,-8137,91,-493
4,459,-8144,86,-482
4,460,-8146,88,-484
4,461,-8149,103,-479
4,462,-8138,99,-472
4,463,-8133,96,-471
4,464,-8133,87,-461
4,465,-8144,92,-465
4,466,-8141,97,-465
4,467,-8140,91,-461
4,468,-8144,88,-465
4,469,-8147,79,-476
4,470,-8126,92,-483
4,471,-8119,91,-476
4,472,-8128,92,-473
4,473,-8140,99,-481
4,474,-8145,107,-485
4,475,-8140,111,-488
4,476,-8149,102,-490
4,477,-8134,106,-486
4,478,-8154,99,-492
4,479,-8155,94,-490
4,480,-8153,101,-478
4,481,-8154,103,-470
4,482,-8144,100,-464
4,483,-8133,102,-486
4,484,-8145,103,-478
4,485,-8149,98,-476
4,486,-8145,99,-465
4,487,-8149,93,-475
4,488,-8149,101,-495
4,489,-8145,105,-503
4,490,-8152,107,-499
4,491,-8135,102,-510
4,492,-8142,110,-495
4,493,-8147,103,-484
4,494,-8154,101,-474
4,495,-8151,91,-467
4,496,-8150,98,-452
4,497,-8141,103,-463
4,498,-8134,105,-469
4,499,-8126,104,-471
4,500,-8124,100,-469
4,501,-8123,99,-449
4,502,-8133,101,-473
4,503,-8132,85,-469
4,504,-8134,101,-465
4,505,-8136,100,-469
4,506,-8136,89,-479
4,507,-8137,96,-468
4,508,-8149,98,-464
4,509,-8137,103,-469
4,510,-8140,93,-462
4,511,-8148,90,-458
4,512,-8161,88,-473
4,513,-8164,94,-469
4,514,-8160,83,-486
4,515,-8140,88,-452
4,516,-8137,85,-456
4,517,-8139,88,-463
4,518,-8145,87,-484
4,519,-8154,92,-487
4,520,-8153,87,-473
4,521,-8154,81,-465
4,522,-8159,92,-456
4,523,-8147,97,-458
4,524,-8143,100,-459
4,525,-8138,101,-460
4,526,-8138,105,-468
4,527,-8140,115,-479
4,528,-8144,116,-481
4,529,-8142,104,-481
4,530,-8136,88,-491
4,531,-8135,86,-483
4,532,-8132,89,-479
4,533,-8135,78,-484
4,534,-8145,94,-468
4,535,-8145,104,-487
4,536,-8134,102,-476
4,537,-8132,90,-483
4,538,-8134,102,-469
4,539,-8134,104,-450
4,540,-8138,89,-456
4,541,-8140,92,-462
4,542,-8146,114,-462
4,543,-8125,126,-459
4,544,-8121,112,-459
4,545,-8134,104,-457
4,546,-8139,97,-452
4,547,-8148,102,-455
4,548,-8140,100,-458
4,549,-8135,106,-456
4,550,-8133,101,-475
4,551,-8150,94,-474
4,552,-8154,95,-452
4,553,-8149,90,-464
4,554,-8147,92,-463
4,555,-8141,94,-475
4,556,-8133,107,-461
4,557,-8127,97,-456
4,558,-8144,91,-459
4,559,-8145,81,-456
4,560,-8135,85,-443
4,561,-8125,96,-458
4,562,-8121,111,-446
4,563,-8140,111,-443
4,564,-8147,105,-450
4,565,-8139,102,-459
4,566,-8135,105,-470
4,567,-8134,103,-483
4,568,-8139,109,-472
4,569,-8136,103,-471
4,570,-8133,91,-467
4,571,-8128,93,-454
4,572,-8135,97,-459
4,573,-8123,108,-446
4,574,-8116,99,-451
4,575,-8116,93,-457
4,576,-8130,99,-461
4,577,-8139,96,-462
4,578,-8139,88,-459
4,579,-8131,92,-457
4,580,-8120,85,-470
4,581,-8133,97,-480
4,582,-8149,112,-487
4,583,-8137,112,-486
4,584,-8147,104,-475
4,585,-8156,84,-486
4,586,-8146,76,-473
4,587,-8143,83,-456
4,588,-8143,83,-454
4,589,-8130,93,-447
4,590,-8129,79,-455
4,591,-8134,75,-443
4,592,-8130,91,-459
4,593,-8125,99,-467
4,594,-8132,100,-458
4,595,-8126,95,-463
4,596,-8131,102,-466
4,597,-8143,102,-465
4,598,-8153,95,-472
4,599,-8140,92,-475
4,600,-8127,102,-480
4,601,-8131,104,-492
4,602,-8137,95,-478
4,603,-8146,88,-466
4,604,-8159,85,-461
4,605,-8144,86,-473
4,606,-8134,90,-492
4,607,-8128,86,-490
4,608,-8125,101,-477
4,609,-8131,105,-455
4,610,-8136,98,-453
4,611,-8138,96,-472
4,612,-8149,83,-466
4,613,-8149,83,-456
4,614,-8149,89,-473
4,615,-8134,92,-480
4,616,-8129,90,-466
4,617,-8128,94,-475
4,618,-8125,95,-458
4,619,-8131,89,-469
4,620,-8131,86,-480
4,621,-8138,89,-466
4,622,-8143,95,-465
4,623,-8140,94,-460
4,624,-8146,97,-457
4,625,-8137,91,-457
4,626,-8139,96,-462
4,627,-8130,85,-471
4,628,-8133,85,-451
4,629,-8144,90,-451
4,630,-8137,89,-469
4,631,-8140,89,-478
4,632,-8133,96,-470
4,633,-8125,87,-484
4,634,-8127,85,-477
4,635,-8142,82,-471
4,636,-8133,98,-459
4,637,-8134,112,-443
4,638,-8148,106,-430
4,639,-8148,102,-443
4,640,-8150,111,-467
4,641,-8139,101,-459
4,642,-8132,84,-460
4,643,-8142,99,-471
4,644,-8134,104,-485
4,645,-8129,98,-489
4,646,-8144,89,-477
4,647,-8137,99,-485
4,648,-8145,93,-473
4,649,-8147,91,-467
4,650,-8150,98,-469
4,651,-8145,85,-466
4,652,-8144,84,-466
4,653,-8124,96,-454
4,654,-8134,103,-464
4,655,-8130,95,-465
4,656,-8135,83,-479
4,657,-8139,83,-477
4,658,-8133,90,-479
4,659,-8142,92,-480
4,660,-8152,95,-461
4,661,-8155,94,-470
4,662,-8153,104,-474
4,663,-8153,101,-471
4,664,-8159,88,-467
4,665,-8142,89,-459
4,666,-8141,104,-461
4,667,-8145,102,-476
4,668,-8155,108,-479
4,669,-8152,104,-474
4,670,-8144,92,-473
4,671,-8146,89,-486
4,672,-8146,85,-488
4,673,-8140,97,-492
4,674,-8122,104,-477
4,675,-8113,100,-478
4,676,-8127,100,-486
4,677,-8125,100,-458
4,678,-8130,91,-475
4,679,-8142,94,-486
4,680,-8133,93,-461
4,681,-8133,97,-458
4,682,-8139,120,-466
4,683,-8147,108,-459
4,684,-8148,99,-452
4,685,-8130,112,-470
4,686,-8138,99,-462
4,687,-8130,93,-469
4,688,-8130,91,-471
4,689,-8136,99,-467
4,690,-8137,86,-490
4,691,-8127,89,-490
4,692,-8115,89,-502
4,693,-8122,96,-499
4,694,-8140,101,-478
4,695,-8125,103,-462
4,696,-8118,101,-489
4,697,-8131,102,-487
4,698,-8128,100,-480
4,699,-8125,107,-467
4,700,-8132,115,-456
4,701,-8137,107,-456
4,702,-8139,106,-466
4,703,-8140,104,-470
4,704,-8136,110,-464
4,705,-8142,94,-462
4,706,-8142,92,-477
4,707,-8139,103,-485
4,708,-8139,101,-479
4,709,-8138,97,-472
4,710,-8136,95,-452
4,711,-8151,102,-460
4,712,-8142,94,-465
4,713,-8127,99,-468
4,714,-8136,100,-472
4,715,-8140,100,-480
4,716,-8134,101,-482
4,717,-8127,95,-478
4,718,-8135,95,-478
4,719,-8135,93,-463
4,720,-8139,98,-472
4,721,-8138,106,-471
4,722,-8141,101,-470
4,723,-8138,105,-496
4,724,-8134,106,-511
4,725,-8133,107,-485
4,726,-8147,93,-464
4,727,-8151,87,-461
4,728,-8158,95,-456
4,729,-8148,95,-461
4,730,-8154,93,-465
4,731,-8155,107,-468
4,732,-8143,96,-450
4,733,-8135,104,-471
4,734,-8142,103,-468
4,735,-8139,99,-484
4,736,-8142,90,-476
4,737,-8141,86,-460
4,738,-8157,84,-471
4,739,-8145,94,-463
4,740,-8135,99,-453
4,741,-8132,93,-450
4,742,-8140,93,-463
4,743,-8127,88,-465
4,744,-8132,82,-450
4,745,-8138,81,-459
4,746,-8143,96,-456
4,747,-8128,96,-462
4,748,-8134,98,-467
4,749,-8132,100,-458
4,750,-8146,97,-455
4,751,-8154,90,-457
4,752,-8147,96,-457
4,753,-8145,98,-471
4,754,-8138,97,-463
4,755,-8132,97,-462
4,756,-8133,95,-450
4,757,-8139,93,-442
4,758,-8148,78,-445
4,759,-8139,83,-464
4,760,-8141,88,-479
4,761,-8147,90,-491
4,762,-8155,78,-472
4,763,-8159,79,-461
4,764,-8163,82,-448
4,765,-8161,90,-462
4,766,-8150,94,-483
4,767,-8128,103,-468
4,768,-8136,90,-461
4,769,-8152,85,-459
4,770,-8153,94,-459
4,771,-8148,97,-470
4,772,-8146,83,-462
4,773,-8136,81,-451
4,774,-8141,82,-454
4,775,-8139,84,-468
4,776,-8143,95,-466
4,777,-8147,90,-462
4,778,-8137,91,-452
4,779,-8144,90,-435
4,780,-8138,90,-466
4,781,-8142,97,-469
4,782,-8139,94,-472
4,783,-8125,99,-486
4,784,-8128,97,-485
4,785,-8123,101,-474
4,786,-8113,102,-463
4,787,-8123,99,-466
4,788,-8132,93,-466
4,789,-8133,102,-487
4,790,-8124,117,-487
4,791,-8137,109,-480
4,792,-8140,106,-464
4,793,-8145,90,-462
4,794,-8140,80,-472
4,795,-8130,80,-473
4,796,-8135,70,-449
4,797,-8133,79,-437
4,798,-8142,90,-436
4,799,-8142,103,-443
4,800,-8146,101,-439
4,801,-8156,103,-451
4,802,-8141,91,-454
4,803,-8141,94,-457
4,804,-8147,94,-464
4,805,-8153,90,-457
4,806,-8153,89,-451
4,807,-8155,88,-461
4,808,-8157,94,-469
4,809,-8158,95,-459
4,810,-8158,84,-457
4,811,-8156,91,-464
4,812,-8150,83,-464
4,813,-8137,82,-473
4,814,-8140,80,-458
4,815,-8136,90,-453
4,816,-8128,91,-475
4,817,-8128,86,-475
4,818,-8137,92,-479
4,819,-8129,96,-486
4,820,-8123,90,-486
4,821,-8118,94,-481
4,822,-8139,95,-473
4,823,-8139,100,-460
4,824,-8146,109,-457
4,825,-8137,107,-460
4,826,-8123,103,-469
4,827,-8124,102,-461
4,828,-8124,96,-449
4,829,-8146,100,-448
4,830,-8149,98,-457
4,831,-8142,98,-459
4,832,-8133,104,-444
4,833,-8146,98,-465
4,834,-8141,97,-480
4,835,-8151,88,-478
4,836,-8153,88,-473
4,837,-8143,85,-473
4,838,-8148,89,-475
4,839,-8147,98,-478
4,840,-8138,100,-455
4,841,-8137,91,-438
4,842,-8142,90,-443
4,843,-8151,93,-461
4,844,-8144,99,-466
4,845,-8142,103,-480
4,846,-8144,103,-478
4,847,-8139,92,-473
4,848,-8142,90,-468
4,849,-8145,83,-461
4,850,-8144,80,-461
4,851,-8155,93,-461
4,852,-8163,97,-456
4,853,-8155,83,-459
4,854,-8147,82,-478
4,855,-8142,93,-474
4,856,-8137,104,-474
4,857,-8132,99,-465
4,858,-8143,104,-467
4,859,-8139,118,-466
4,860,-8141,108,-467
4,861,-8147,103,-472
4,862,-8147,101,-460
4,863,-8147,101,-448
4,864,-8144,110,-446
4,865,-8133,105,-446
4,866,-8135,104,-459
4,867,-8129,103,-473
4,868,-8125,99,-476
4,869,-8127,102,-472
4,870,-8122,105,-462
4,871,-8122,105,-472
4,872,-8125,100,-489
4,873,-8132,93,-482
4,874,-8146,82,-467
4,875,-8150,81,-453
4,876,-8145,87,-448
4,877,-8141,81,-466
4,878,-8137,89,-477
4,879,-8145,88,-468
4,880,-8138,84,-480
4,881,-8134,77,-493
4,882,-8140,68,-495
4,883,-8131,78,-469
4,884,-8142,74,-485
4,885,-8128,87,-485
4,886,-8122,100,-474
4,887,-8122,91,-477
4,888,-8131,87,-487
4,889,-8131,89,-497
4,890,-8138,89,-491
4,891,-8140,92,-480
4,892,-8144,92,-470
4,893,-8143,90,-479
4,894,-8150,80,-486
4,895,-8150,101,-463
4,896,-8145,97,-460
4,897,-8145,91,-461
4,898,-8134,93,-458
4,899,-8135,93,-464
4,900,-8129,96,-447
4,901,-8113,100,-448
4,902,-8132,95,-440
4,903,-8134,96,-444
4,904,-8126,103,-460
4,905,-8119,101,-477
4,906,-8120,103,-482
4,907,-8125,111,-484
4,908,-8131,109,-475
4,909,-8141,112,-458
4,910,-8144,106,-471
4,911,-8139,107,-453
4,912,-8140,103,-460
4,913,-8147,96,-453
4,914,-8151,103,-462
4,915,-8143,107,-451
4,916,-8138,101,-455
4,917,-8136,93,-466
4,918,-8138,107,-473
4,919,-8136,112,-473
4,920,-8147,107,-460
4,921,-8152,106,-468
4,922,-8138,82,-465
4,923,-8151,84,-478
4,924,-8152,83,-489
4,925,-8161,86,-480
4,926,-8155,80,-468
4,927,-8146,87,-460
4,928,-8151,83,-461
4,929,-8149,82,-467
4,930,-8150,96,-465
4,931,-8138,94,-453
4,932,-8124,108,-454
4,933,-8131,103,-474
4,934,-8142,99,-469
4,935,-8132,94,-474
4,936,-8136,82,-482
4,937,-8137,83,-474
4,938,-8126,92,-466
4,939,-8125,99,-477
4,940,-8127,100,-465
4,941,-8133,98,-471
4,942,-8130,98,-475
4,943,-8139,112,-466
4,944,-8146,104,-459
4,945,-8129,96,-488
4,946,-8120,89,-484
4,947,-8135,82,-473
4,948,-8136,85,-463
4,949,-8127,93,-457
4,950,-8132,91,-461
4,951,-8123,90,-445
4,952,-8121,90,-449
4,953,-8118,89,-459
4,954,-8138,87,-475
4,955,-8140,81,-475
4,956,-8141,77,-459
4,957,-8157,77,-459
4,958,-8157,84,-466
4,959,-8145,85,-461
4,960,-8148,80,-482
4,961,-8136,87,-489
4,962,-8140,99,-476
4,963,-8131,103,-467
4,964,-8123,102,-464
4,965,-8131,106,-468
4,966,-8134,94,-472
4,967,-8142,97,-462
4,968,-8145,102,-464
4,969,-8134,93,-475
4,970,-8148,89,-490
4,971,-8145,87,-489
4,972,-8141,97,-474
4,973,-8145,99,-469
4,974,-8145,107,-487
4,975,-8140,108,-478
4,976,-8144,99,-476
4,977,-8145,99,-476
4,978,-8151,107,-479
4,979,-8151,114,-484
4,980,-8142,109,-480
4,981,-8144,97,-465
4,982,-8146,94,-478
4,983,-8147,89,-477
4,984,-8161,104,-473
4,985,-8151,110,-464
4,986,-8147,116,-460
4,987,-8147,121,-458
4,988,-8152,111,-468
4,989,-8154,104,-462
4,990,-8141,93,-492
4,991,-8146,90,-485
4,992,-8144,97,-463
4,993,-8126,106,-462
4,994,-8122,109,-479
4,995,-8130,97,-496
4,996,-8143,87,-489
4,997,-8139,92,-464
4,998,-8137,103,-465
4,999,-8137,108,-463
4,1000,-8137,104,-474
4,1001,-8135,104,-461
4,1002,-8142,108,-482
4,1003,-8136,108,-465
4,1004,-8133,107,-460
4,1005,-8126,107,-465
4,1006,-8132,102,-465
4,1007,-8141,99,-472
4,1008,-8141,98,-472
4,1009,-8138,93,-491
4,1010,-8139,97,-482
4,1011,-8152,80,-472
4,1012,-8154,92,-481
4,1013,-8152,85,-476
4,1014,-8143,92,-458
4,1015,-8140,109,-468
4,1016,-8140,103,-480
4,1017,-8144,94,-470
4,1018,-8146,102,-475
4,1019,-8146,101,-477
4,1020,-8149,103,-470
4,1021,-8141,101,-475
4,1022,-8141,94,-458
4,1023,-8141,94,-463
4,1024,-8151,88,-454
4,1025,-8141,107,-459
4,1026,-8136,98,-443
4,1027,-8143,100,-445
4,1028,-8152,97,-464
4,1029,-8158,99,-475
4,1030,-8145,94,-474
4,1031,-8154,91,-477
4,1032,-8149,97,-487
4,1033,-8150,93,-472
4,1034,-8163,103,-459
4,1035,-8148,96,-464
4,1036,-8150,104,-460
4,1037,-8143,99,-447
4,1038,-8134,87,-452
4,1039,-8159,91,-455
4,1040,-8148,101,-465
4,1041,-8149,93,-436
4,1042,-8135,94,-438
4,1043,-8138,98,-456
4,1044,-8135,101,-456
4,1045,-8134,102,-436
4,1046,-8134,98,-436
4,1047,-8143,98,-444
4,1048,-8143,97,-454
4,1049,-8142,91,-454
4,1050,-8141,90,-448
4,1051,-8143,97,-465
4,1052,-8143,94,-477
4,1053,-8148,107,-489
4,1054,-8156,108,-494
4,1055,-8155,106,-482
4,1056,-8148,98,-481
4,1057,-8153,96,-472
4,1058,-8152,89,-480
4,1059,-8156,91,-474
4,1060,-8151,86,-460
4,1061,-8158,86,-458
4,1062,-8156,88,-470
4,1063,-8146,97,-501
4,1064,-8143,93,-493
4,1065,-8130,94,-488
4,1066,-8130,98,-492
4,1067,-8127,102,-473
4,1068,-8125,98,-457
4,1069,-8113,97,-466
4,1070,-8107,97,-476
4,1071,-8116,98,-464
4,1072,-8125,98,-468
4,1073,-8133,97,-474
4,1074,-8140,108,-482
4,1075,-8142,108,-457
4,1076,-8140,107,-468
4,1077,-8141,109,-465
4,1078,-8145,105,-472
4,1079,-8151,95,-483
4,1080,-8142,92,-482
4,1081,-8139,107,-475
4,1082,-8136,103,-469
4,1083,-8140,102,-470
4,1084,-8148,90,-462
4,1085,-8133,84,-473
4,1086,-8133,92,-478
4,1087,-8128,99,-462
4,1088,-8138,105,-474
4,1089,-8145,98,-477
4,1090,-8139,90,-474
4,1091,-8142,104,-478
4,1092,-8134,112,-468
4,1093,-8126,120,-468
4,1094,-8132,111,-493
4,1095,-8129,97,-478
4,1096,-8124,96,-479
4,1097,-8122,82,-450
4,1098,-8137,92,-463
4,1099,-8144,93,-478
4,1100,-8137,88,-486
4,1101,-8136,95,-472
4,1102,-8142,86,-474
4,1103,-8127,91,-476
4,1104,-8115,96,-486
4,1105,-8128,103,-473
4,1106,-8124,117,-464
4,1107,-8130,113,-456
4,1108,-8133,114,-456
4,1109,-8134,107,-465
4,1110,-8142,108,-467
4,1111,-8144,107,-464
4,1112,-8135,96,-460
4,1113,-8132,92,-462
4,1114,-8141,88,-469
4,1115,-8161,101,-477
4,1116,-8164,103,-475
4,1117,-8152,105,-466
4,1118,-8161,109,-473
4,1119,-8156,120,-462
4,1120,-8142,114,-466
4,1121,-8144,109,-476
4,1122,-8147,111,-492
4,1123,-8147,104,-480
4,1124,-8144,107,-466
4,1125,-8145,102,-470
4,1126,-8148,95,-463
4,1127,-8140,98,-457
4,1128,-8139,89,-460
4,1129,-8142,90,-464
4,1130,-8145,87,-472
4,1131,-8134,96,-479
4,1132,-8133,99,-470
4,1133,-8128,91,-456
4,1134,-8136,86,-477
4,1135,-8145,81,-476
4,1136,-8144,82,-470
4,1137,-8133,83,-447
4,1138,-8131,94,-453
4,1139,-8130,97,-445
4,1140,-8133,104,-457
4,1141,-8137,102,-467
4,1142,-8127,113,-458
4,1143,-8134,112,-479
4,1144,-8141,93,-499
4,1145,-8146,94,-493
4,1146,-8149,78,-488
4,1147,-8143,92,-488
4,1148,-8142,89,-478
4,1149,-8140,97,-477
4,1150,-8138,112,-484
4,1151,-8141,102,-458
4,1152,-8144,112,-455
4,1153,-8147,111,-462
4,1154,-8153,103,-469
4,1155,-8147,99,-457
4,1156,-8138,90,-470
4,1157,-8135,76,-452
4,1158,-8125,88,-450
4,1159,-8130,80,-453
4,1160,-8135,83,-441
4,1161,-8147,88,-459
4,1162,-8146,104,-463
4,1163,-8134,90,-474
4,1164,-8134,83,-476
4,1165,-8129,85,-469
4,1166,-8138,94,-468
4,1167,-8138,94,-473
4,1168,-8140,93,-490
4,1169,-8144,93,-487
4,1170,-8147,78,-481
4,1171,-8139,81,-502
4,1172,-8140,107,-486
4,1173,-8152,107,-488
4,1174,-8153,99,-496
4,1175,-8150,93,-483
4,1176,-8141,93,-466
4,1177,-8143,95,-484
4,1178,-8142,112,-498
4,1179,-8135,108,-496
4,1180,-8137,105,-472
4,1181,-8133,99,-477
4,1182,-8140,96,-479
4,1183,-8146,87,-476
4,1184,-8138,78,-467
4,1185,-8138,84,-468
4,1186,-8137,106,-467
4,1187,-8151,100,-462
4,1188,-8157,99,-471
4,1189,-8140,93,-453
4,1190,-8146,109,-448
4,1191,-8152,104,-458
4,1192,-8157,92,-480
4,1193,-8156,89,-487
4,1194,-8136,76,-472
4,1195,-8134,82,-444
4,1196,-8133,82,-449
4,1197,-8140,75,-471
4,1198,-8135,80,-469
4,1199,-8130,97,-455
4,1200,-8120,95,-474
4,1201,-8130,97,-497
4,1202,-8134,93,-476
4,1203,-8139,89,-460
4,1204,-8146,86,-450
4,1205,-8128,82,-456
4,1206,-8128,91,-469
4,1207,-8133,79,-472
4,1208,-8127,85,-483
4,1209,-8132,89,-479
4,1210,-8131,92,-474
4,1211,-8153,88,-484
4,1212,-8158,84,-479
4,1213,-8156,98,-475
4,1214,-8148,101,-478
4,1215,-8141,112,-472
4,1216,-8146,111,-473
4,1217,-8148,102,-460
4,1218,-8154,80,-460
4,1219,-8146,76,-459
4,1220,-8139,79,-472
4,1221,-8146,77,-455
4,1222,-8138,84,-456
4,1223,-8143,79,-465
4,1224,-8140,76,-442
4,1225,-8134,78,-446
4,1226,-8140,80,-440
4,1227,-8140,86,-446
4,1228,-8138,95,-433
4,1229,-8141,94,-455
4,1230,-8144,101,-455
4,1231,-8143,112,-436
4,1232,-8139,97,-451
4,1233,-8126,98,-452
4,1234,-8120,91,-447
4,1235,-8125,96,-450
4,1236,-8137,90,-461
4,1237,-8128,84,-465
4,1238,-8127,85,-474
4,1239,-8139,98,-483
4,1240,-8139,107,-478
4,1241,-8131,116,-465
4,1242,-8132,106,-454
4,1243,-8127,98,-459
4,1244,-8130,83,-453
4,1245,-8141,84,-464
4,1246,-8138,78,-469
4,1247,-8143,85,-461
4,1248,-8146,101,-474
4,1249,-8137,113,-477
4,1250,-8138,112,-468
4,1251,-8132,108,-466
4,1252,-8137,106,-460
4,1253,-8142,79,-449
4,1254,-8146,74,-453
4,1255,-8135,77,-472
4,1256,-8137,84,-476
4,1257,-8140,94,-470
4,1258,-8133,102,-457
4,1259,-8123,118,-467
4,1260,-8124,128,-469
4,1261,-8138,107,-457
4,1262,-8139,105,-469
4,1263,-8151,109,-461
4,1264,-8152,104,-454
4,1265,-8157,103,-481
4,1266,-8148,109,-499
4,1267,-8146,112,-504
4,1268,-8142,108,-479
4,1269,-8138,87,-473
4,1270,-8140,102,-455
4,1271,-8136,91,-450
4,1272,-8139,94,-469
4,1273,-8141,103,-473
4,1274,-8145,91,-477
4,1275,-8154,89,-483
4,1276,-8158,85,-482
4,1277,-8154,92,-469
4,1278,-8147,94,-474
4,1279,-8148,92,-481
4,1280,-8142,94,-485
4,1281,-8142,97,-476
4,1282,-8142,98,-466
4,1283,-8129,94,-479
4,1284,-8126,89,-459
4,1285,-8133,88,-465
4,1286,-8136,82,-488
4,1287,-8136,96,-479
4,1288,-8148,106,-482
4,1289,-8151,106,-482
4,1290,-8163,103,-487
4,1291,-8169,111,-479
4,1292,-8161,114,-464
4,1293,-8168,108,-466
4,1294,-8165,98,-455
4,1295,-8158,98,-452
4,1296,-8153,104,-464
4,1297,-8155,102,-482
4,1298,-8151,100,-492
4,1299,-8147,97,-465
4,1300,-8149,99,-445
4,1301,-8151,103,-448
4,1302,-8149,102,-431
4,1303,-8153,96,-441
4,1304,-8159,96,-437
4,1305,-8158,91,-461
4,1306,-8154,92,-455
4,1307,-8146,96,-465
4,1308,-8134,105,-475
4,1309,-8131,92,-469
4,1310,-8136,93,-472
4,1311,-8140,102,-458
4,1312,-8149,109,-460
4,1313,-8152,101,-463
4,1314,-8152,105,-468
4,1315,-8148,100,-465
4,1316,-8153,96,-483
4,1317,-8156,96,-477
4,1318,-8158,91,-468
4,1319,-8137,109,-483
4,1320,-8138,110,-497
4,1321,-8145,105,-484
4,1322,-8146,110,-471
4,1323,-8140,113,-474
4,1324,-8142,100,-476
4,1325,-8121,102,-486
4,1326,-8130,103,-466
4,1327,-8134,101,-452
4,1328,-8137,107,-448
4,1329,-8134,111,-451
4,1330,-8132,108,-450
4,1331,-8145,102,-453
4,1332,-8138,100,-459
4,1333,-8132,95,-463
4,1334,-8127,90,-460
4,1335,-8135,93,-452
4,1336,-8146,99,-441
4,1337,-8162,102,-440
4,1338,-8148,99,-471
4,1339,-8137,86,-466
4,1340,-8145,89,-471
4,1341,-8154,103,-463
4,1342,-8151,108,-454
4,1343,-8146,103,-458
4,1344,-8153,97,-467
4,1345,-8161,101,-459
4,1346,-8148,93,-472
4,1347,-8136,85,-459
4,1348,-8133,82,-450
4,1349,-8138,94,-448
4,1350,-8131,90,-442
4,1351,-8133,95,-458
4,1352,-8129,86,-474
4,1353,-8140,92,-465
4,1354,-8139,94,-484
4,1355,-8133,89,-481
4,1356,-8131,88,-473
4,1357,-8154,93,-468
4,1358,-8141,82,-460
4,1359,-8143,89,-461
4,1360,-8140,107,-465
4,1361,-8148,101,-472
4,1362,-8144,94,-484
4,1363,-8144,91,-475
4,1364,-8144,89,-466
4,1365,-8141,99,-449
4,1366,-8126,88,-445
4,1367,-8133,85,-450
4,1368,-8136,99,-456
4,1369,-8148,101,-467
4,1370,-8138,91,-459
4,1371,-8128,85,-465
4,1372,-8124,92,-466
4,1373,-8137,87,-467
4,1374,-8141,99,-470
4,1375,-8139,112,-476
4,1376,-8160,113,-468
4,1377,-8159,104,-473
4,1378,-8145,94,-470
4,1379,-8143,106,-467
4,1380,-8139,103,-461
4,1381,-8138,113,-464
4,1382,-8140,111,-476
4,1383,-8132,99,-478
4,1384,-8141,92,-470
4,1385,-8136,94,-479
4,1386,-8152,94,-458
4,1387,-8155,104,-447
4,1388,-8152,101,-458
4,1389,-8138,90,-467
4,1390,-8149,84,-465
4,1391,-8142,96,-467
4,1392,-8129,101,-471
4,1393,-8142,103,-480
4,1394,-8151,96,-475
4,1395,-8148,93,-484
4,1396,-8150,93,-488
4,1397,-8137,81,-474
4,1398,-8135,79,-471
4,1399,-8142,85,-454
4,1400,-8138,85,-454
4,1401,-8141,87,-455
4,1402,-8137,91,-462
4,1403,-8133,96,-466
4,1404,-8139,95,-470
4,1405,-8138,97,-452
4,1406,-8131,105,-446
4,1407,-8136,103,-460
4,1408,-8131,103,-486
4,1409,-8127,88,-488
4,1410,-8144,86,-484
4,1411,-8129,86,-488
4,1412,-8129,70,-501
4,1413,-8135,62,-481
4,1414,-8131,54,-466
4,1415,-8136,63,-463
4,1416,-8140,81,-453
4,1417,-8134,92,-457
4,1418,-8141,101,-460
4,1419,-8144,103,-469
4,1420,-8143,88,-479
4,1421,-8146,101,-469
4,1422,-8143,99,-480
4,1423,-8143,95,-494
4,1424,-8147,85,-468
4,1425,-8149,89,-450
4,1426,-8157,96,-470
4,1427,-8157,102,-455
4,1428,-8164,99,-446
4,1429,-8156,92,-452
4,1430,-8154,100,-462
4,1431,-8137,101,-452
4,1432,-8123,100,-441
4,1433,-8136,90,-441
4,1434,-8134,102,-472
4,1435,-8136,107,-480
4,1436,-8133,109,-490
4,1437,-8127,120,-491
4,1438,-8122,115,-483
4,1439,-8129,113,-493
4,1440,-8126,117,-483
4,1441,-8138,115,-474
4,1442,-8134,114,-470
4,1443,-8134,114,-466
4,1444,-8132,98,-470
4,1445,-8139,92,-461
4,1446,-8145,98,-460
4,1447,-8145,103,-448
4,1448,-8132,104,-448
4,1449,-8122,102,-462
4,1450,-8130,91,-473
4,1451,-8135,81,-475
4,1452,-8143,80,-472
4,1453,-8148,91,-468
4,1454,-8142,90,-470
4,1455,-8138,99,-463
4,1456,-8144,92,-464
4,1457,-8144,102,-466
4,1458,-8158,108,-467
4,1459,-8137,102,-459
4,1460,-8142,93,-466
4,1461,-8141,78,-473
4,1462,-8133,86,-486
4,1463,-8144,90,-474
4,1464,-8140,89,-465
4,1465,-8134,92,-467
4,1466,-8112,83,-475
4,1467,-8133,95,-480
4,1468,-8137,99,-468
4,1469,-8153,96,-471
4,1470,-8154,101,-471
4,1471,-8134,94,-470
4,1472,-8137,77,-457
4,1473,-8148,87,-459
4,1474,-8143,87,-469
4,1475,-8153,99,-464
4,1476,-8130,87,-460
4,1477,-8143,101,-463
4,1478,-8129,106,-473
4,1479,-8129,120,-473
4,1480,-8137,112,-481
4,1481,-8138,113,-499
4,1482,-8143,110,-490
4,1483,-8139,96,-459
4,1484,-8143,97,-455
4,1485,-8138,93,-455
4,1486,-8133,101,-437
4,1487,-8130,95,-451
4,1488,-8124,99,-464
4,1489,-8129,108,-487
4,1490,-8143,116,-487
4,1491,-8138,112,-479
4,1492,-8152,102,-466
4,1493,-8145,94,-478
4,1494,-8137,96,-474
4,1495,-8134,87,-473
4,1496,-8148,86,-485
4,1497,-8142,87,-467
4,1498,-8130,92,-462
4,1499,-8123,85,-460
4,1500,-8122,82,-449
4,1501,-8113,99,-456
4,1502,-8129,89,-482
4,1503,-8156,88,-484
4,1504,-8152,75,-482
4,1505,-8158,79,-468
4,1506,-8153,81,-467
4,1507,-8153,96,-470
4,1508,-8153,93,-477
4,1509,-8148,110,-471
4,1510,-8146,111,-455
4,1511,-8153,107,-462
4,1512,-8161,98,-472
4,1513,-8164,104,-471
4,1514,-8161,99,-462
4,1515,-8149,83,-448
4,1516,-8140,65,-447
4,1517,-8141,66,-467
4,1518,-8141,87,-462
4,1519,-8149,87,-465
4,1520,-8163,83,-462
4,1521,-8156,89,-464
4,1522,-8142,100,-465
4,1523,-8145,98,-455
4,1524,-8127,91,-422
4,1525,-8136,82,-443
4,1526,-8142,97,-464
4,1527,-8149,89,-482
4,1528,-8147,97,-468
4,1529,-8153,104,-446
4,1530,-8162,106,-458
4,1531,-8170,109,-457
4,1532,-8161,98,-474
4,1533,-8153,92,-476
4,1534,-8148,98,-469
4,1535,-8146,106,-482
4,1536,-8133,112,-471
4,1537,-8141,114,-469
4,1538,-8145,115,-464
4,1539,-8138,109,-469
4,1540,-8133,102,-467
4,1541,-8130,115,-473
4,1542,-8133,108,-477
4,1543,-8135,94,-479
4,1544,-8145,84,-477
4,1545,-8130,103,-461
4,1546,-8124,97,-457
4,1547,-8148,102,-464
4,1548,-8158,105,-477
4,1549,-8145,101,-487
4,1550,-8132,107,-496
4,1551,-8143,106,-478
4,1552,-8142,105,-478
4,1553,-8153,93,-484
4,1554,-8139,94,-490
4,1555,-8132,98,-478
4,1556,-8143,96,-479
4,1557,-8150,101,-474
4,1558,-8149,97,-458
4,1559,-8156,95,-470
4,1560,-8155,100,-455
4,1561,-8140,98,-443
4,1562,-8147,112,-454
4,1563,-8133,118,-462
4,1564,-8133,120,-474
4,1565,-8145,116,-475
4,1566,-8153,102,-486
4,1567,-8142,103,-472
4,1568,-8141,91,-478
4,1569,-8136,88,-467
4,1570,-8136,94,-473
4,1571,-8138,92,-454
4,1572,-8144,82,-448
4,1573,-8145,83,-459
4,1574,-8145,89,-465
4,1575,-8144,97,-460
4,1576,-8127,94,-463
4,1577,-8137,93,-486
4,1578,-8126,93,-479
4,1579,-8129,91,-479
4,1580,-8127,82,-478
4,1581,-8105,94,-485
4,1582,-8113,106,-474
4,1583,-8125,109,-480
4,1584,-8134,108,-483
4,1585,-8142,93,-473
4,1586,-8129,90,-452
4,1587,-8143,76,-460
4,1588,-8145,86,-461
4,1589,-8126,85,-463
4,1590,-8131,79,-454
4,1591,-8130,75,-447
4,1592,-8138,87,-447
4,1593,-8142,84,-460
4,1594,-8139,95,-470
4,1595,-8146,98,-484
4,1596,-8140,102,-483
4,1597,-8144,90,-469
4,1598,-8141,95,-497
4,1599,-8134,104,-503
4,1600,-8153,99,-493
4,1601,-8154,99,-471
4,1602,-8147,107,-485
4,1603,-8142,96,-477
4,1604,-8142,105,-475
4,1605,-8128,108,-466
4,1606,-8123,94,-491
4,1607,-8133,91,-484
4,1608,-8140,102,-450
4,1609,-8142,100,-448
4,1610,-8150,102,-460
4,1611,-8157,104,-455
4,1612,-8150,95,-448
4,1613,-8140,108,-459
4,1614,-8143,98,-472
4,1615,-8136,92,-468
4,1616,-8135,111,-450
4,1617,-8147,105,-464
4,1618,-8139,97,-455
4,1619,-8133,97,-457
4,1620,-8144,96,-449
4,1621,-8146,104,-464
4,1622,-8150,102,-472
4,1623,-8141,109,-457
4,1624,-8144,106,-456
4,1625,-8147,100,-459
4,1626,-8132,102,-445
4,1627,-8135,97,-452
4,1628,-8144,80,-459
4,1629,-8141,85,-466
4,1630,-8143,91,-477
4,1631,-8144,71,-490
4,1632,-8148,57,-498
4,1633,-8139,84,-483
4,1634,-8145,71,-483
4,1635,-8137,90,-485
4,1636,-8143,98,-460
4,1637,-8159,100,-458
4,1638,-8157,96,-462
4,1639,-8149,105,-466
4,1640,-8145,104,-489
4,1641,-8147,102,-467
4,1642,-8149,99,-461
4,1643,-8147,103,-439
4,1644,-8156,97,-451
4,1645,-8147,101,-466
4,1646,-8157,85,-461
4,1647,-8151,94,-474
4,1648,-8137,89,-491
4,1649,-8139,100,-479
4,1650,-8135,107,-476
4,1651,-8140,100,-476
4,1652,-8136,97,-485
4,1653,-8123,94,-470
4,1654,-8122,93,-472
4,1655,-8131,91,-463
4,1656,-8134,73,-453
4,1657,-8136,85,-458
4,1658,-8156,99,-448
4,1659,-8148,103,-435
4,1660,-8137,97,-451
4,1661,-8130,96,-466
4,1662,-8132,94,-482
4,1663,-8125,104,-501
4,1664,-8127,95,-496
4,1665,-8137,84,-489
4,1666,-8145,82,-475
4,1667,-8141,97,-461
4,1668,-8141,87,-472
4,1669,-8148,92,-451
4,1670,-8143,101,-468
4,1671,-8144,111,-477
4,1672,-8144,110,-479
4,1673,-8144,125,-468
4,1674,-8147,123,-453
4,1675,-8138,115,-455
4,1676,-8138,110,-466
4,1677,-8134,113,-470
4,1678,-8135,100,-464
4,1679,-8139,107,-458
4,1680,-8137,100,-484
4,1681,-8135,91,-495
4,1682,-8140,98,-481
4,1683,-8136,95,-488
4,1684,-8138,99,-465
4,1685,-8131,95,-470
4,1686,-8127,101,-491
4,1687,-8133,101,-479
4,1688,-8138,94,-472
4,1689,-8148,91,-482
4,1690,-8139,91,-490
4,1691,-8144,88,-473
4,1692,-8148,99,-454
4,1693,-8141,98,-456
4,1694,-8135,94,-457
4,1695,-8125,89,-461
4,1696,-8137,96,-463
4,1697,-8143,89,-475
4,1698,-8152,96,-474
4,1699,-8138,101,-468
4,1700,-8132,90,-458
4,1701,-8136,91,-490
4,1702,-8139,80,-514
4,1703,-8150,81,-496
4,1704,-8156,92,-497
4,1705,-8154,104,-474
4,1706,-8161,107,-482
4,1707,-8155,115,-486
4,1708,-8144,109,-490
4,1709,-8135,107,-462
4,1710,-8134,104,-468
4,1711,-8146,92,-460
4,1712,-8138,99,-462
4,1713,-8134,89,-470
4,1714,-8131,80,-467
4,1715,-8122,78,-468
4,1716,-8133,100,-484
4,1717,-8141,100,-461
4,1718,-8135,99,-474
4,1719,-8131,88,-474
4,1720,-8146,92,-482
4,1721,-8134,85,-479
4,1722,-8124,79,-459
4,1723,-8125,91,-467
4,1724,-8132,104,-469
4,1725,-8134,94,-452
4,1726,-8129,80,-458
4,1727,-8139,83,-483
4,1728,-8144,82,-473
4,1729,-8141,85,-462
4,1730,-8148,90,-484
4,1731,-8159,92,-492
4,1732,-8153,83,-463
4,1733,-8155,90,-451
4,1734,-8153,91,-452
4,1735,-8158,91,-477
4,1736,-8148,101,-476
4,1737,-8148,84,-478
4,1738,-8139,86,-463
4,1739,-8140,92,-467
4,1740,-8144,92,-483
4,1741,-8146,91,-483
4,1742,-8145,94,-484
4,1743,-8134,86,-500
4,1744,-8133,87,-500
4,1745,-8132,85,-480
4,1746,-8148,90,-474
4,1747,-8134,103,-473
4,1748,-8133,95,-470
4,1749,-8130,99,-468
4,1750,-8137,108,-474
4,1751,-8137,107,-493
4,1752,-8126,101,-497
4,1753,-8130,108,-498
4,1754,-8136,106,-495
4,1755,-8143,104,-477
4,1756,-8143,103,-465
4,1757,-8147,105,-460
4,1758,-8149,112,-455
4,1759,-8144,114,-464
4,1760,-8133,111,-460
4,1761,-8140,101,-459
4,1762,-8141,96,-466
4,1763,-8134,100,-449
4,1764,-8132,86,-457
4,1765,-8134,98,-467
4,1766,-8135,105,-461
4,1767,-8141,102,-462
4,1768,-8138,112,-455
4,1769,-8160,112,-470
4,1770,-8142,101,-468
4,1771,-8140,97,-465
4,1772,-8143,106,-457
4,1773,-8136,93,-475
4,1774,-8137,102,-482
4,1775,-8140,104,-476
4,1776,-8132,93,-470
4,1777,-8139,106,-478
4,1778,-8135,99,-488
4,1779,-8133,90,-473
4,1780,-8137,91,-478
4,1781,-8132,93,-467
4,1782,-8145,105,-468
4,1783,-8144,103,-467
4,1784,-8137,99,-471
4,1785,-8130,93,-476
4,1786,-8123,102,-472
4,1787,-8122,97,-468
4,1788,-8114,85,-476
4,1789,-8119,100,-480
4,1790,-8120,109,-470
4,1791,-8126,106,-464
4,1792,-8138,102,-457
4,1793,-8140,104,-473
4,1794,-8149,93,-473
4,1795,-8146,98,-458
4,1796,-8129,105,-457
4,1797,-8141,98,-463
4,1798,-8142,104,-462
4,1799,-8146,113,-456
4,1800,-8149,96,-450
4,1801,-8142,91,-463
4,1802,-8138,93,-465
4,1803,-8152,83,-459
4,1804,-8143,89,-463
4,1805,-8141,91,-464
4,1806,-8142,100,-470
4,1807,-8139,113,-449
4,1808,-8132,116,-451
4,1809,-8147,110,-453
4,1810,-8152,101,-454
4,1811,-8154,88,-462
4,1812,-8149,90,-474
4,1813,-8158,84,-483
4,1814,-8155,100,-486
4,1815,-8150,99,-478
4,1816,-8141,94,-475
4,1817,-8142,94,-481
4,1818,-8147,100,-465
4,1819,-8153,89,-465
4,1820,-8140,96,-454
4,1821,-8142,112,-458
4,1822,-8144,119,-452
4,1823,-8126,123,-455
4,1824,-8123,113,-449
4,1825,-8156,105,-454
4,1826,-8158,99,-453
4,1827,-8154,100,-457
4,1828,-8150,103,-459
4,1829,-8140,112,-449
4,1830,-8141,116,-453
4,1831,-8131,118,-461
4,1832,-8133,119,-459
4,1833,-8119,109,-459
4,1834,-8132,102,-459
4,1835,-8135,98,-454
4,1836,-8139,102,-479
4,1837,-8137,103,-454
4,1838,-8142,94,-452
4,1839,-8150,95,-456
4,1840,-8152,88,-451
4,1841,-8138,80,-467
4,1842,-8134,99,-457
4,1843,-8129,111,-466
4,1844,-8134,104,-458
4,1845,-8128,105,-458
4,1846,-8127,97,-465
4,1847,-8145,101,-466
4,1848,-8150,93,-460
4,1849,-8147,81,-474
4,1850,-8146,83,-462
4,1851,-8143,90,-454
4,1852,-8146,92,-438
4,1853,-8144,101,-456
4,1854,-8127,107,-465
4,1855,-8130,115,-459
4,1856,-8131,108,-467
4,1857,-8124,101,-457
4,1858,-8119,103,-471
4,1859,-8118,110,-481
4,1860,-8122,105,-493
4,1861,-8133,103,-484
4,1862,-8135,104,-492
4,1863,-8137,105,-479
4,1864,-8143,106,-475
4,1865,-8131,103,-476
4,1866,-8119,99,-483
4,1867,-8126,100,-477
4,1868,-8128,88,-483
4,1869,-8145,77,-475
4,1870,-8136,94,-467
4,1871,-8139,105,-468
4,1872,-8158,88,-462
4,1873,-8162,90,-460
4,1874,-8155,92,-464
4,1875,-8153,93,-447
4,1876,-8146,91,-452
4,1877,-8132,93,-467
4,1878,-8132,105,-474
4,1879,-8142,101,-471
4,1880,-8155,96,-464
4,1881,-8161,96,-460
4,1882,-8154,84,-449
4,1883,-8145,80,-434
4,1884,-8136,89,-446
4,1885,-8142,93,-446
4,1886,-8136,91,-455
4,1887,-8127,95,-462
4,1888,-8128,101,-468
4,1889,-8149,106,-466
4,1890,-8142,99,-484
4,1891,-8142,89,-492
4,1892,-8141,88,-466
4,1893,-8145,110,-447
4,1894,-8144,107,-452
4,1895,-8141,105,-476
4,1896,-8133,102,-473
4,1897,-8135,92,-454
4,1898,-8133,100,-450
4,1899,-8125,98,-478
4,1900,-8118,94,-487
4,1901,-8125,109,-478
4,1902,-8125,104,-471
4,1903,-8131,94,-474
4,1904,-8136,97,-466
4,1905,-8142,89,-444
4,1906,-8135,98,-444
4,1907,-8128,99,-451
4,1908,-8121,95,-462
4,1909,-8124,101,-453
4,1910,-8134,99,-462
4,1911,-8140,92,-447
4,1912,-8150,92,-440
4,1913,-8138,88,-463
4,1914,-8129,91,-456
4,1915,-8143,90,-468
4,1916,-8139,89,-486
4,1917,-8130,95,-492
4,1918,-8138,93,-496
4,1919,-8155,84,-486
4,1920,-8153,85,-459
4,1921,-8150,93,-479
4,1922,-8153,94,-489
4,1923,-8145,90,-492
4,1924,-8152,93,-494
4,1925,-8150,83,-491
4,1926,-8153,81,-464
4,1927,-8155,93,-452
4,1928,-8140,90,-458
4,1929,-8135,91,-471
4,1930,-8142,86,-483
4,1931,-8147,86,-488
4,1932,-8158,90,-487
4,1933,-8146,93,-485
4,1934,-8151,98,-467
4,1935,-8152,96,-459
4,1936,-8148,81,-461
4,1937,-8152,78,-453
4,1938,-8154,83,-458
4,1939,-8147,91,-471
4,1940,-8142,86,-486
4,1941,-8143,80,-491
4,1942,-8126,78,-477
4,1943,-8134,82,-454
4,1944,-8128,89,-455
4,1945,-8133,89,-455
4,1946,-8133,90,-456
4,1947,-8137,96,-471
4,1948,-8138,100,-464
4,1949,-8145,103,-461
4,1950,-8134,103,-459
4,1951,-8138,90,-486
4,1952,-8135,87,-485
4,1953,-8133,83,-482
4,1954,-8144,79,-485
4,1955,-8136,85,-500
4,1956,-8141,91,-502
4,1957,-8140,94,-502
4,1958,-8137,97,-490
4,1959,-8137,100,-479
4,1960,-8146,98,-476
4,1961,-8144,85,-479
4,1962,-8143,82,-468
4,1963,-8148,93,-467
4,1964,-8146,96,-462
4,1965,-8143,110,-481
4,1966,-8138,110,-468
4,1967,-8138,112,-474
4,1968,-8144,114,-479
4,1969,-8132,115,-475
4,1970,-8132,105,-480
4,1971,-8144,99,-488
4,1972,-8136,102,-468
4,1973,-8142,99,-459
4,1974,-8136,102,-471
4,1975,-8147,105,-485
4,1976,-8146,109,-481
4,1977,-8149,108,-465
4,1978,-8134,99,-467
4,1979,-8132,97,-480
4,1980,-8150,87,-474
4,1981,-8148,95,-461
4,1982,-8135,99,-468
4,1983,-8144,99,-474
4,1984,-8152,100,-490
4,1985,-8148,86,-484
4,1986,-8135,93,-472
4,1987,-8133,98,-474
4,1988,-8139,104,-472
4,1989,-8140,105,-463
4,1990,-8138,110,-469
4,1991,-8138,97,-456
4,1992,-8122,95,-449
4,1993,-8121,97,-442
4,1994,-8122,107,-457
4,1995,-8134,87,-471
4,1996,-8140,94,-461
4,1997,-8136,91,-453
4,1998,-8123,82,-462
4,1999,-8123,86,-460
4,2000,-8129,99,-471
4,2001,-8137,107,-478
4,2002,-8143,122,-481
4,2003,-8137,116,-471
4,2004,-8142,111,-470
4,2005,-8152,106,-476
4,2006,-8156,96,-473
4,2007,-8142,92,-471
4,2008,-8140,94,-463
4,2009,-8140,103,-464
4,2010,-8139,108,-466
4,2011,-8150,104,-473
4,2012,-8153,103,-477
4,2013,-8157,110,-474
4,2014,-8155,104,-495
4,2015,-8146,93,-498
4,2016,-8154,94,-486
4,2017,-8150,100,-473
4,2018,-8146,105,-469
4,2019,-8154,104,-468
4,2020,-8155,106,-464
4,2021,-8159,104,-475
4,2022,-8151,95,-485
4,2023,-8145,83,-483
4,2024,-8139,89,-483
4,2025,-8141,98,-472
4,2026,-8140,95,-467
4,2027,-8144,103,-461
4,2028,-8157,86,-472
4,2029,-8166,91,-455
4,2030,-8155,88,-460
4,2031,-8153,93,-470
4,2032,-8141,94,-477
4,2033,-8140,99,-472
4,2034,-8136,89,-481
4,2035,-8131,97,-482
4,2036,-8128,88,-482
4,2037,-8123,80,-483
4,2038,-8130,92,-477
4,2039,-8145,92,-468
4,2040,-8147,95,-477
4,2041,-8146,95,-470
4,2042,-8138,95,-456
4,2043,-8137,103,-462
4,2044,-8148,94,-456
4,2045,-8144,85,-460
4,2046,-8149,80,-464
4,2047,-8143,87,-466
4,2048,-8160,81,-474
4,2049,-8156,83,-467
4,2050,-8158,88,-465
4,2051,-8153,104,-479
4,2052,-8150,101,-485
4,2053,-8148,86,-482
4,2054,-8160,85,-484
4,2055,-8144,96,-495
4,2056,-8152,97,-487
4,2057,-8147,94,-474
4,2058,-8144,103,-465
4,2059,-8138,106,-455
4,2060,-8134,103,-463
4,2061,-8133,100,-489
4,2062,-8142,85,-468
4,2063,-8144,83,-478
4,2064,-8148,96,-478
4,2065,-8140,102,-473
4,2066,-8142,98,-468
4,2067,-8130,103,-467
4,2068,-8135,101,-463
4,2069,-8146,103,-455
4,2070,-8138,102,-451
4,2071,-8135,101,-460
4,2072,-8140,106,-467
4,2073,-8140,112,-485
4,2074,-8144,105,-492
4,2075,-8148,106,-485
4,2076,-8148,103,-478
4,2077,-8154,101,-485
4,2078,-8157,106,-472
4,2079,-8152,103,-477
4,2080,-8145,108,-480
4,2081,-8145,107,-473
4,2082,-8140,93,-471
4,2083,-8158,88,-481
4,2084,-8157,92,-464
4,2085,-8162,89,-449
4,2086,-8150,80,-465
4,2087,-8146,84,-466
4,2088,-8148,83,-465
4,2089,-8151,89,-473
4,2090,-8155,82,-475
4,2091,-8158,85,-475
4,2092,-8155,91,-478
4,2093,-8148,89,-462
4,2094,-8137,87,-461
4,2095,-8135,97,-482
4,2096,-8144,98,-480
4,2097,-8144,81,-468
4,2098,-8142,85,-470
4,2099,-8141,101,-465
4,2100,-8151,109,-466
4,2101,-8149,101,-471
4,2102,-8141,90,-480
4,2103,-8142,97,-479
4,2104,-8138,97,-481
4,2105,-8141,96,-485
4,2106,-8145,95,-494
4,2107,-8138,102,-500
4,2108,-8139,104,-481
4,2109,-8148,102,-474
4,2110,-8143,109,-470
4,2111,-8134,114,-468
4,2112,-8130,110,-481
4,2113,-8115,92,-475
4,2114,-8130,79,-466
4,2115,-8146,89,-491
4,2116,-8145,89,-486
4,2117,-8147,100,-448
4,2118,-8144,101,-452
4,2119,-8146,100,-449
4,2120,-8147,92,-450
4,2121,-8144,115,-445
4,2122,-8144,113,-465
4,2123,-8156,91,-452
4,2124,-8138,94,-432
4,2125,-8131,97,-441
4,2126,-8142,92,-462
4,2127,-8143,84,-468
4,2128,-8141,97,-467
4,2129,-8138,109,-472
4,2130,-8126,103,-466
4,2131,-8118,96,-453
4,2132,-8123,90,-445
4,2133,-8133,92,-435
4,2134,-8134,92,-441
4,2135,-8136,100,-467
4,2136,-8144,101,-473
4,2137,-8139,101,-477
4,2138,-8132,89,-476
4,2139,-8142,93,-477
4,2140,-8147,91,-464
4,2141,-8142,96,-449
4,2142,-8133,94,-453
4,2143,-8128,88,-466
4,2144,-8134,86,-459
4,2145,-8125,88,-461
4,2146,-8120,81,-465
4,2147,-8130,90,-456
4,2148,-8135,91,-462
4,2149,-8125,94,-467
4,2150,-8134,90,-478
4,2151,-8142,86,-455
4,2152,-8162,88,-464
4,2153,-8151,96,-457
4,2154,-8163,102,-463
4,2155,-8166,104,-471
4,2156,-8159,102,-468
4,2157,-8147,99,-463
4,2158,-8147,109,-467
4,2159,-8134,102,-454
4,2160,-8116,103,-461
4,2161,-8131,97,-478
4,2162,-8137,95,-459
4,2163,-8129,94,-475
4,2164,-8138,90,-468
4,2165,-8130,88,-467
4,2166,-8136,100,-466
4,2167,-8143,95,-469
4,2168,-8158,110,-456
4,2169,-8157,106,-453
4,2170,-8160,94,-466
4,2171,-8150,87,-476
4,2172,-8143,83,-486
4,2173,-8146,87,-472
4,2174,-8147,96,-455
4,2175,-8155,92,-444
4,2176,-8153,88,-449
4,2177,-8137,88,-453
4,2178,-8144,86,-450
4,2179,-8146,94,-447
4,2180,-8143,102,-461
4,2181,-8160,94,-455
4,2182,-8148,78,-451
4,2183,-8143,74,-462
4,2184,-8145,77,-461
4,2185,-8141,81,-448
4,2186,-8145,77,-445
4,2187,-8152,75,-460
4,2188,-8145,88,-468
4,2189,-8150,84,-477
4,2190,-8142,85,-493
4,2191,-8140,81,-480
4,2192,-8137,84,-483
4,2193,-8141,103,-477
4,2194,-8143,110,-460
4,2195,-8138,99,-492
4,2196,-8159,99,-469
4,2197,-8148,89,-456
4,2198,-8139,83,-476
4,2199,-8133,90,-499
4,2200,-8140,78,-489
4,2201,-8133,83,-476
4,2202,-8136,79,-471
4,2203,-8140,84,-459
4,2204,-8133,86,-470
4,2205,-8143,88,-476
4,2206,-8140,99,-494
4,2207,-8139,104,-510
4,2208,-8141,95,-486
4,2209,-8143,93,-480
4,2210,-8138,95,-460
4,2211,-8144,97,-469
4,2212,-8146,104,-463
4,2213,-8148,101,-466
4,2214,-8142,94,-458
4,2215,-8154,98,-444
4,2216,-8145,94,-458
4,2217,-8134,103,-464
4,2218,-8144,105,-469
4,2219,-8146,111,-472
4,2220,-8147,110,-444
4,2221,-8154,97,-453
4,2222,-8151,95,-477
4,2223,-8155,95,-487
4,2224,-8143,101,-468
4,2225,-8130,96,-446
4,2226,-8129,90,-447
4,2227,-8127,101,-458
4,2228,-8130,106,-484
4,2229,-8130,96,-493
4,2230,-8137,93,-481
4,2231,-8135,102,-486
4,2232,-8138,107,-483
4,2233,-8143,90,-464
4,2234,-8144,88,-461
4,2235,-8147,87,-447
4,2236,-8150,94,-453
4,2237,-8146,105,-456
4,2238,-8152,103,-453
4,2239,-8146,96,-461
4,2240,-8138,103,-473
4,2241,-8139,88,-464
4,2242,-8137,88,-431
4,2243,-8141,93,-432
4,2244,-8142,101,-442
4,2245,-8145,96,-450
4,2246,-8133,94,-450
4,2247,-8130,98,-449
4,2248,-8139,111,-457
4,2249,-8153,103,-470
4,2250,-8156,88,-483
4,2251,-8156,84,-470
4,2252,-8154,81,-461
4,2253,-8150,79,-457
4,2254,-8147,81,-476
4,2255,-8147,93,-492
4,2256,-8142,89,-484
4,2257,-8139,94,-467
4,2258,-8149,90,-486
4,2259,-8158,86,-480
4,2260,-8153,82,-480
4,2261,-8153,78,-474
4,2262,-8144,96,-449
4,2263,-8136,106,-463
4,2264,-8138,109,-470
4,2265,-8143,120,-485
4,2266,-8150,110,-482
4,2267,-8151,102,-465
4,2268,-8160,105,-470
4,2269,-8152,95,-481
4,2270,-8150,90,-471
4,2271,-8148,96,-458
4,2272,-8158,92,-462
4,2273,-8158,92,-466
4,2274,-8152,80,-460
4,2275,-8143,87,-482
4,2276,-8121,90,-472
4,2277,-8126,93,-462
4,2278,-8134,88,-453
4,2279,-8134,85,-474
4,2280,-8136,99,-477
4,2281,-8130,89,-471
4,2282,-8124,86,-473
4,2283,-8134,84,-469
4,2284,-8124,91,-464
4,2285,-8129,96,-462
4,2286,-8143,88,-474
4,2287,-8139,76,-473
4,2288,-8137,83,-453
4,2289,-8149,83,-468
4,2290,-8151,94,-480
4,2291,-8140,101,-461
4,2292,-8134,103,-473
4,2293,-8141,100,-480
4,2294,-8136,101,-485
4,2295,-8137,94,-451
4,2296,-8140,89,-455
4,2297,-8147,92,-453
4,2298,-8158,102,-455
4,2299,-8145,105,-454
4,2300,-8152,102,-450
4,2301,-8149,95,-452
4,2302,-8151,99,-447
4,2303,-8146,101,-473
4,2304,-8145,99,-489
4,2305,-8149,104,-485
4,2306,-8153,107,-473
4,2307,-8142,111,-473
4,2308,-8137,108,-471
4,2309,-8135,102,-454
4,2310,-8134,112,-467
4,2311,-8126,97,-481
4,2312,-8131,98,-479
4,2313,-8151,98,-464
4,2314,-8152,105,-473
4,2315,-8138,109,-476
4,2316,-8138,98,-466
4,2317,-8138,100,-447
4,2318,-8142,112,-462
4,2319,-8131,112,-478
4,2320,-8137,103,-482
4,2321,-8132,91,-479
4,2322,-8131,93,-473
4,2323,-8148,105,-462
4,2324,-8157,107,-464
4,2325,-8161,86,-464
4,2326,-8151,74,-472
4,2327,-8150,76,-485
4,2328,-8149,80,-459
4,2329,-8144,76,-460
4,2330,-8136,72,-468
4,2331,-8130,86,-474
4,2332,-8144,99,-482
4,2333,-8127,80,-476
4,2334,-8135,90,-462
4,2335,-8146,84,-467
4,2336,-8154,85,-470
4,2337,-8162,83,-458
4,2338,-8156,84,-453
4,2339,-8149,82,-454
4,2340,-8146,89,-455
4,2341,-8151,90,-440
4,2342,-8154,92,-442
4,2343,-8150,86,-447
4,2344,-8144,87,-454
4,2345,-8155,87,-458
4,2346,-8146,80,-477
4,2347,-8132,91,-484
4,2348,-8127,109,-474
4,2349,-8133,107,-482
4,2350,-8153,96,-484
4,2351,-8156,92,-474
4,2352,-8142,90,-469
4,2353,-8139,95,-480
4,2354,-8135,85,-455
4,2355,-8135,90,-467
4,2356,-8149,93,-483
4,2357,-8144,104,-476
4,2358,-8137,98,-458
4,2359,-8135,95,-462
4,2360,-8129,89,-459
4,2361,-8132,88,-469
4,2362,-8120,91,-472
4,2363,-8138,99,-473
4,2364,-8146,102,-480
4,2365,-8132,79,-477
4,2366,-8137,70,-477
4,2367,-8140,90,-482
4,2368,-8143,94,-494
4,2369,-8145,89,-501
4,2370,-8148,97,-497
4,2371,-8140,112,-476
4,2372,-8143,113,-488
4,2373,-8132,107,-479
4,2374,-8136,106,-476
4,2375,-8132,101,-473
4,2376,-8138,89,-480
4,2377,-8141,83,-493
4,2378,-8133,90,-499
4,2379,-8137,101,-488
4,2380,-8142,105,-485
4,2381,-8142,99,-492
4,2382,-8147,103,-488
4,2383,-8134,106,-486
4,2384,-8130,99,-481
4,2385,-8121,105,-469
4,2386,-8116,95,-467
4,2387,-8131,101,-441
4,2388,-8132,102,-449
4,2389,-8137,109,-447
4,2390,-8135,107,-454
4,2391,-8139,95,-447
4,2392,-8148,101,-451
4,2393,-8141,95,-463
4,2394,-8136,89,-471
4,2395,-8150,85,-477
4,2396,-8156,90,-469
4,2397,-8159,77,-477
4,2398,-8159,84,-474
4,2399,-8149,91,-466
4,2400,-8149,106,-434
4,2401,-8152,102,-424
4,2402,-8146,91,-436
4,2403,-8149,87,-449
4,2404,-8157,101,-466
4,2405,-8148,110,-470
4,2406,-8135,101,-474
4,2407,-8125,96,-473
4,2408,-8127,86,-461
4,2409,-8129,84,-467
4,2410,-8140,95,-480
4,2411,-8139,90,-481
4,2412,-8144,95,-469
4,2413,-8139,90,-477
4,2414,-8134,93,-485
4,2415,-8135,100,-474
4,2416,-8129,94,-458
4,2417,-8130,84,-472
4,2418,-8129,92,-442
4,2419,-8127,87,-458
4,2420,-8129,85,-458
4,2421,-8131,93,-464
4,2422,-8126,99,-455
4,2423,-8148,107,-460
4,2424,-8145,98,-458
4,2425,-8138,83,-480
4,2426,-8136,84,-475
4,2427,-8131,87,-465
4,2428,-8139,86,-460
4,2429,-8135,81,-463
4,2430,-8138,97,-473
4,2431,-8141,103,-479
4,2432,-8129,88,-487
4,2433,-8131,87,-479
4,2434,-8143,100,-488
4,2435,-8138,101,-500
4,2436,-8139,99,-491
4,2437,-8131,99,-469
4,2438,-8139,109,-475
4,2439,-8131,113,-484
4,2440,-8144,117,-476
4,2441,-8148,103,-476
4,2442,-8150,96,-487
4,2443,-8142,97,-478
4,2444,-8145,91,-474
4,2445,-8138,102,-475
4,2446,-8141,109,-480
4,2447,-8146,101,-469
4,2448,-8136,90,-467
4,2449,-8120,94,-451
4,2450,-8132,96,-443
4,2451,-8145,109,-449
4,2452,-8147,104,-438
4,2453,-8142,108,-432
4,2454,-8140,96,-443
4,2455,-8138,87,-471
4,2456,-8140,96,-467
4,2457,-8144,105,-452
4,2458,-8141,109,-459
4,2459,-8158,101,-458
4,2460,-8154,103,-468
4,2461,-8149,105,-469
4,2462,-8144,102,-469
4,2463,-8141,94,-467
4,2464,-8130,90,-471
4,2465,-8134,106,-469
4,2466,-8131,94,-475
4,2467,-8143,82,-463
4,2468,-8151,94,-489
4,2469,-8141,95,-485
4,2470,-8136,98,-486
4,2471,-8146,82,-478
4,2472,-8145,96,-470
4,2473,-8142,93,-477
4,2474,-8138,79,-487
4,2475,-8132,90,-483
4,2476,-8122,109,-477
4,2477,-8129,90,-473
4,2478,-8131,82,-471
4,2479,-8140,84,-479
4,2480,-8141,88,-481
4,2481,-8138,78,-475
4,2482,-8138,89,-460
4,2483,-8137,100,-452
4,2484,-8137,98,-463
4,2485,-8138,100,-463
4,2486,-8134,104,-451
4,2487,-8141,108,-454
4,2488,-8138,98,-461
4,2489,-8146,91,-442
4,2490,-8135,90,-446
4,2491,-8130,96,-460
4,2492,-8138,94,-461
4,2493,-8141,85,-461
4,2494,-8135,82,-466
4,2495,-8143,95,-477
4,2496,-8136,99,-475
4,2497,-8134,115,-469
5,0,-8136,92,-475
5,1,-8146,105,-472
5,2,-8132,100,-490
5,3,-8120,102,-483
5,4,-8126,103,-489
5,5,-8135,88,-493
5,6,-8139,85,-495
5,7,-8140,93,-478
5,8,-8151,90,-481
5,9,-8155,92,-484
5,10,-8157,100,-477
5,11,-8149,113,-471
5,12,-8146,112,-485
5,13,-8157,117,-477
5,14,-8166,113,-474
5,15,-8160,101,-468
5,16,-8169,111,-467
5,17,-8162,110,-476
5,18,-8153,113,-467
5,19,-8151,110,-461
5,20,-8165,112,-459
5,21,-8159,106,-464
5,22,-8133,104,-475
5,23,-8118,99,-470
5,24,-8141,97,-461
5,25,-8140,104,-467
5,26,-8143,106,-462
5,27,-8136,96,-461
5,28,-8119,93,-461
5,29,-8132,90,-470
5,30,-8144,95,-455
5,31,-8157,101,-446
5,32,-8147,90,-441
5,33,-8139,89,-445
5,34,-8140,102,-455
5,35,-8138,107,-458
5,36,-8147,101,-472
5,37,-8149,97,-465
5,38,-8148,89,-457
5,39,-8148,101,-473
5,40,-8138,103,-450
5,41,-8136,105,-461
5,42,-8129,116,-486
5,43,-8144,121,-487
5,44,-8147,108,-473
5,45,-8143,98,-495
5,46,-8147,86,-478
5,47,-8143,86,-472
5,48,-8157,109,-471
5,49,-8159,90,-467
5,50,-8157,80,-454
5,51,-8149,90,-472
5,52,-8145,93,-468
5,53,-8156,97,-477
5,54,-8163,99,-472
5,55,-8157,103,-472
5,56,-8156,106,-460
5,57,-8151,114,-454
5,58,-8148,106,-461
5,59,-8137,101,-458
5,60,-8139,119,-450
5,61,-8142,106,-457
5,62,-8141,110,-449
5,63,-8144,109,-454
5,64,-8143,102,-463
5,65,-8148,110,-453
5,66,-8146,83,-458
5,67,-8158,81,-459
5,68,-8151,96,-446
5,69,-8144,102,-475
5,70,-8151,87,-495
5,71,-8159,84,-461
5,72,-8151,84,-465
5,73,-8148,97,-494
5,74,-8146,104,-486
5,75,-8147,102,-481
5,76,-8151,101,-497
5,77,-8152,89,-490
5,78,-8155,87,-494
5,79,-8156,82,-466
5,80,-8141,93,-461
5,81,-8141,99,-451
5,82,-8140,114,-456
5,83,-8142,98,-458
5,84,-8158,91,-469
5,85,-8158,83,-468
5,86,-8144,93,-475
5,87,-8159,90,-469
5,88,-8150,110,-469
5,89,-8144,119,-469
5,90,-8131,114,-476
5,91,-8133,111,-473
5,92,-8128,105,-483
5,93,-8140,105,-473
5,94,-8153,99,-476
5,95,-8155,85,-469
5,96,-8150,94,-470
5,97,-8154,101,-479
5,98,-8152,98,-478
5,99,-8154,88,-476
5,100,-8164,82,-498
5,101,-8156,97,-478
5,102,-8153,107,-478
5,103,-8150,117,-465
5,104,-8145,107,-471
5,105,-8151,100,-479
5,106,-8148,105,-473
5,107,-8150,101,-462
5,108,-8146,89,-481
5,109,-8144,88,-468
5,110,-8147,83,-465
5,111,-8143,81,-468
5,112,-8147,82,-472
5,113,-8145,102,-473
5,114,-8137,92,-470
5,115,-8132,85,-457
5,116,-8131,87,-460
5,117,-8132,104,-482
5,118,-8138,110,-479
5,119,-8139,116,-465
5,120,-8142,121,-480
5,121,-8136,105,-482
5,122,-8142,107,-478
5,123,-8140,107,-476
5,124,-8137,111,-467
5,125,-8138,93,-455
5,126,-8143,90,-453
5,127,-8148,92,-455
5,128,-8146,89,-454
5,129,-8148,104,-463
5,130,-8138,104,-468
5,131,-8145,96,-469
5,132,-8152,102,-467
5,133,-8150,97,-445
5,134,-8143,97,-439
5,135,-8130,97,-455
5,136,-8134,99,-473
5,137,-8140,91,-475
5,138,-8130,96,-477
5,139,-8142,101,-475
5,140,-8149,105,-473
5,141,-8134,104,-474
5,142,-8145,94,-468
5,143,-8152,87,-460
5,144,-8151,97,-487
5,145,-8146,93,-481
5,146,-8149,89,-479
5,147,-8156,98,-471
5,148,-8143,93,-475
5,149,-8136,92,-474
5,150,-8141,108,-485
5,151,-8140,107,-493
5,152,-8156,98,-488
5,153,-8159,106,-471
5,154,-8149,97,-449
5,155,-8144,91,-468
5,156,-8138,91,-477
5,157,-8148,96,-470
5,158,-8156,91,-465
5,159,-8158,85,-459
5,160,-8160,96,-440
5,161,-8140,108,-452
5,162,-8140,105,-464
5,163,-8139,103,-455
5,164,-8138,108,-455
5,165,-8142,113,-450
5,166,-8142,101,-454
5,167,-8153,101,-464
5,168,-8145,87,-476
5,169,-8142,102,-483
5,170,-8147,108,-479
5,171,-8146,109,-490
5,172,-8143,111,-493
5,173,-8127,100,-498
5,174,-8121,95,-494
5,175,-8134,91,-472
5,176,-8140,93,-444
5,177,-8140,102,-448
5,178,-8149,105,-460
5,179,-8155,97,-476
5,180,-8139,89,-490
5,181,-8137,91,-482
5,182,-8135,92,-487
5,183,-8132,85,-474
5,184,-8138,92,-483
5,185,-8134,102,-472
5,186,-8140,103,-481
5,187,-8156,104,-461
5,188,-8150,97,-464
5,189,-8155,82,-460
5,190,-8145,81,-474
5,191,-8146,81,-457
5,192,-8143,80,-462
5,193,-8138,82,-456
5,194,-8131,88,-464
5,195,-8123,86,-462
5,196,-8130,102,-462
5,197,-8133,98,-495
5,198,-8126,85,-487
5,199,-8129,81,-466
5,200,-8132,81,-470
5,201,-8136,85,-457
5,202,-8127,91,-460
5,203,-8129,89,-484
5,204,-8146,93,-495
5,205,-8151,101,-489
5,206,-8156,104,-488
5,207,-8148,97,-498
5,208,-8138,95,-492
5,209,-8142,89,-491
5,210,-8148,113,-480
5,211,-8160,120,-494
5,212,-8152,115,-490
5,213,-8139,101,-486
5,214,-8145,109,-480
5,215,-8147,101,-485
5,216,-8151,97,-478
5,217,-8150,90,-472
5,218,-8136,85,-465
5,219,-8131,89,-460
5,220,-8135,92,-459
5,221,-8141,103,-453
5,222,-8152,92,-464
5,223,-8151,101,-472
5,224,-8145,99,-477
5,225,-8156,103,-466
5,226,-8154,98,-473
5,227,-8162,95,-479
5,228,-8158,102,-495
5,229,-8146,95,-485
5,230,-8155,99,-498
5,231,-8147,105,-512
5,232,-8142,111,-508
5,233,-8138,99,-494
5,234,-8151,99,-480
5,235,-8142,95,-463
5,236,-8134,96,-455
5,237,-8134,97,-461
5,238,-8138,90,-463
5,239,-8151,92,-468
5,240,-8140,85,-466
5,241,-8132,93,-461
5,242,-8129,94,-477
5,243,-8136,89,-469
5,244,-8147,98,-459
5,245,-8161,101,-469
5,246,-8160,114,-485
5,247,-8143,105,-477
5,248,-8141,94,-460
5,249,-8150,87,-460
5,250,-8145,93,-466
5,251,-8137,94,-466
5,252,-8143,89,-470
5,253,-8137,86,-468
5,254,-8129,87,-469
5,255,-8125,91,-461
5,256,-8129,93,-484
5,257,-8127,97,-484
5,258,-8140,98,-479
5,259,-8140,98,-468
5,260,-8131,100,-465
5,261,-8136,110,-463
5,262,-8132,102,-471
5,263,-8124,112,-477
5,264,-8137,100,-486
5,265,-8148,98,-487
5,266,-8134,97,-471
5,267,-8136,81,-464
5,268,-8141,85,-470
5,269,-8134,78,-457
5,270,-8133,90,-462
5,271,-8143,106,-472
5,272,-8142,111,-470
5,273,-8143,106,-467
5,274,-8155,93,-475
5,275,-8144,99,-467
5,276,-8135,95,-458
5,277,-8136,83,-454
5,278,-8124,84,-450
5,279,-8137,90,-456
5,280,-8139,84,-469
5,281,-8135,89,-468
5,282,-8136,97,-466
5,283,-8132,104,-460
5,284,-8132,102,-461
5,285,-8137,98,-456
5,286,-8143,103,-473
5,287,-8141,87,-477
5,288,-8140,91,-476
5,289,-8139,91,-466
5,290,-8139,86,-467
5,291,-8138,84,-477
5,292,-8140,86,-470
5,293,-8135,83,-475
5,294,-8136,88,-478
5,295,-8137,95,-482
5,296,-8126,104,-488
5,297,-8125,102,-475
5,298,-8140,100,-468
5,299,-8154,113,-456
5,300,-8146,103,-462
5,301,-8127,101,-481
5,302,-8143,97,-467
5,303,-8148,91,-469
5,304,-8158,99,-474
5,305,-8160,96,-485
5,306,-8148,85,-491
5,307,-8137,92,-478
5,308,-8133,86,-491
5,309,-8147,89,-500
5,310,-8152,91,-484
5,311,-8147,97,-467
5,312,-8144,88,-458
5,313,-8146,88,-444
5,314,-8150,102,-442
5,315,-8144,107,-444
5,316,-8126,98,-445
5,317,-8124,99,-453
5,318,-8132,93,-471
5,319,-8134,90,-446
5,320,-8128,87,-458
5,321,-8151,81,-476
5,322,-8139,93,-469
5,323,-8146,95,-483
5,324,-8147,80,-472
5,325,-8140,84,-474
5,326,-8134,87,-475
5,327,-8140,90,-490
5,328,-8148,85,-482
5,329,-8146,91,-464
5,330,-8142,78,-457
5,331,-8135,86,-447
5,332,-8119,84,-434
5,333,-8127,91,-442
5,334,-8143,94,-456
5,335,-8153,96,-454
5,336,-8142,88,-460
5,337,-8135,81,-450
5,338,-8140,82,-440
5,339,-8145,88,-451
5,340,-8149,84,-463
5,341,-8159,88,-481
5,342,-8155,89,-476
5,343,-8151,96,-481
5,344,-8151,89,-466
5,345,-8147,93,-474
5,346,-8153,97,-488
5,347,-8158,103,-464
5,348,-8174,101,-441
5,349,-8168,93,-443
5,350,-8153,99,-432
5,351,-8146,89,-443
5,352,-8141,88,-439
5,353,-8140,93,-442
5,354,-8131,93,-473
5,355,-8132,98,-474
5,356,-8137,88,-479
5,357,-8133,87,-482
5,358,-8133,92,-479
5,359,-8133,94,-477
5,360,-8143,96,-475
5,361,-8141,95,-460
5,362,-8135,91,-470
5,363,-8132,110,-456
5,364,-8126,107,-443
5,365,-8120,99,-442
5,366,-8120,92,-452
5,367,-8129,95,-452
5,368,-8137,94,-467
5,369,-8140,104,-458
5,370,-8143,88,-459
5,371,-8153,95,-472
5,372,-8156,88,-475
5,373,-8147,77,-480
5,374,-8138,70,-461
5,375,-8131,88,-465
5,376,-8128,96,-463
5,377,-8135,93,-478
5,378,-8128,97,-489
5,379,-8132,97,-480
5,380,-8138,94,-461
5,381,-8138,99,-475
5,382,-8134,94,-480
5,383,-8120,103,-489
5,384,-8122,112,-484
5,385,-8130,112,-473
5,386,-8132,108,-487
5,387,-8141,117,-481
5,388,-8142,106,-466
5,389,-8139,104,-459
5,390,-8140,104,-443
5,391,-8137,92,-453
5,392,-8144,107,-471
5,393,-8156,108,-462
5,394,-8153,105,-464
5,395,-8135,104,-461
5,396,-8138,107,-468
5,397,-8148,101,-462
5,398,-8139,97,-460
5,399,-8147,82,-463
5,400,-8155,90,-486
5,401,-8142,98,-472
5,402,-8137,104,-468
5,403,-8135,106,-476
5,404,-8138,108,-448
5,405,-8155,112,-461
5,406,-8155,97,-463
5,407,-8147,105,-463
5,408,-8138,101,-442
5,409,-8138,96,-440
5,410,-8143,90,-444
5,411,-8144,93,-445
5,412,-8143,75,-447
5,413,-8141,83,-445
5,414,-8135,86,-452
5,415,-8148,79,-471
5,416,-8149,91,-458
5,417,-8149,105,-459
5,418,-8140,103,-454
5,419,-8149,87,-465
5,420,-8139,88,-477
5,421,-8155,103,-489
5,422,-8150,86,-492
5,423,-8142,83,-495
5,424,-8148,89,-470
5,425,-8162,101,-456
5,426,-8160,106,-461
5,427,-8152,106,-461
5,428,-8138,89,-460
5,429,-8144,92,-467
5,430,-8140,101,-481
5,431,-8144,101,-462
5,432,-8157,86,-445
5,433,-8136,85,-445
5,434,-8140,95,-443
5,435,-8135,93,-447
5,436,-8139,94,-459
5,437,-8138,90,-467
5,438,-8136,79,-460
5,439,-8142,78,-456
5,440,-8141,92,-459
5,441,-8132,87,-452
5,442,-8132,76,-462
5,443,-8146,72,-461
5,444,-8157,77,-450
5,445,-8147,96,-472
5,446,-8144,90,-472
5,447,-8141,75,-474
5,448,-8150,77,-464
5,449,-8149,83,-464
5,450,-8151,105,-465
5,451,-8137,114,-468
5,452,-8136,106,-467
5,453,-8144,102,-471
5,454,-8151,96,-458
5,455,-8139,90,-452
5,456,-8148,84,-456
5,457,-8147,90,-477
5,458,-8143,91,-500
5,459,-8144,88,-490
5,460,-8134,96,-498
5,461,-8140,99,-496
5,462,-8153,114,-479
5,463,-8154,112,-472
5,464,-8154,113,-469
5,465,-8149,101,-466
5,466,-8151,93,-462
5,467,-8141,89,-470
5,468,-8149,97,-464
5,469,-8145,99,-451
5,470,-8141,99,-460
5,471,-8138,112,-466
5,472,-8127,115,-485
5,473,-8127,101,-479
5,474,-8123,94,-448
5,475,-8129,103,-446
5,476,-8131,113,-451
5,477,-8141,109,-455
5,478,-8134,92,-475
5,479,-8137,98,-478
5,480,-8137,94,-462
5,481,-8140,92,-463
5,482,-8150,95,-456
5,483,-8154,105,-460
5,484,-8152,103,-460
5,485,-8152,100,-465
5,486,-8153,104,-466
5,487,-8143,93,-466
5,488,-8138,90,-477
5,489,-8139,92,-472
5,490,-8139,73,-475
5,491,-8141,80,-472
5,492,-8150,85,-469
5,493,-8143,97,-451
5,494,-8149,99,-457
5,495,-8152,119,-462
5,496,-8145,122,-473
5,497,-8140,111,-481
5,498,-8142,90,-491
5,499,-8152,93,-483
5,500,-8145,98,-473
5,501,-8135,109,-475
5,502,-8128,114,-489
5,503,-8148,105,-485
5,504,-8152,103,-463
5,505,-8142,106,-459
5,506,-8143,105,-464
5,507,-8141,113,-467
5,508,-8146,113,-476
5,509,-8143,112,-470
5,510,-8147,105,-465
5,511,-8142,98,-467
5,512,-8148,98,-475
5,513,-8137,111,-474
5,514,-8124,101,-474
5,515,-8134,99,-470
5,516,-8140,107,-484
5,517,-8136,99,-484
5,518,-8134,102,-474
5,519,-8134,114,-468
5,520,-8147,110,-466
5,521,-8138,109,-470
5,522,-8141,108,-454
5,523,-8143,106,-459
5,524,-8139,112,-456
5,525,-8151,117,-443
5,526,-8150,115,-440
5,527,-8154,114,-454
5,528,-8151,105,-454
5,529,-8138,104,-463
5,530,-8141,101,-461
5,531,-8143,99,-448
5,532,-8143,104,-447
5,533,-8151,106,-462
5,534,-8149,99,-481
5,535,-8148,97,-467
5,536,-8139,101,-470
5,537,-8136,100,-440
5,538,-8133,96,-449
5,539,-8128,104,-449
5,540,-8129,93,-446
5,541,-8144,79,-441
5,542,-8142,73,-450
5,543,-8138,80,-464
5,544,-8127,91,-465
5,545,-8128,94,-473
5,546,-8133,107,-486
5,547,-8136,98,-473
5,548,-8141,97,-461
5,549,-8139,98,-459
5,550,-8139,93,-463
5,551,-8142,93,-460
5,552,-8137,87,-448
5,553,-8134,73,-448
5,554,-8131,82,-467
5,555,-8129,77,-480
5,556,-8117,97,-479
5,557,-8136,103,-488
5,558,-8138,110,-463
5,559,-8146,103,-458
5,560,-8135,102,-468
5,561,-8134,95,-467
5,562,-8136,90,-467
5,563,-8147,100,-472
5,564,-8143,113,-472
5,565,-8142,97,-479
5,566,-8142,88,-469
5,567,-8140,94,-471
5,568,-8134,86,-454
5,569,-8139,102,-456
5,570,-8143,110,-445
5,571,-8153,101,-445
5,572,-8133,94,-457
5,573,-8133,83,-463
5,574,-8138,79,-462
5,575,-8148,81,-465
5,576,-8143,86,-479
5,577,-8138,87,-476
5,578,-8135,91,-481
5,579,-8135,85,-464
5,580,-8147,84,-461
5,581,-8152,79,-459
5,582,-8138,84,-453
5,583,-8133,90,-470
5,584,-8127,100,-482
5,585,-8139,105,-493
5,586,-8127,110,-480
5,587,-8137,95,-467
5,588,-8155,98,-481
5,589,-8156,90,-478
5,590,-8140,98,-454
5,591,-8130,94,-456
5,592,-8131,90,-473
5,593,-8140,86,-490
5,594,-8134,85,-461
5,595,-8136,87,-462
5,596,-8144,93,-456
5,597,-8148,93,-456
5,598,-8149,88,-459
5,599,-8144,83,-450
5,600,-8151,92,-455
5,601,-8165,107,-462
5,602,-8159,107,-450
5,603,-8146,88,-445
5,604,-8147,91,-471
5,605,-8151,93,-466
5,606,-8144,92,-458
5,607,-8136,95,-454
5,608,-8133,94,-467
5,609,-8136,100,-472
5,610,-8142,83,-483
5,611,-8150,93,-483
5,612,-8152,97,-479
5,613,-8149,98,-481
5,614,-8141,100,-500
5,615,-8126,93,-474
5,616,-8131,89,-479
5,617,-8137,86,-473
5,618,-8149,95,-463
5,619,-8150,101,-459
5,620,-8147,101,-454
5,621,-8154,102,-470
5,622,-8130,94,-454
5,623,-8124,99,-457
5,624,-8141,99,-448
5,625,-8146,96,-461
5,626,-8156,90,-467
5,627,-8157,95,-478
5,628,-8158,95,-479
5,629,-8154,96,-472
5,630,-8156,101,-480
5,631,-8146,94,-478
5,632,-8137,106,-470
5,633,-8137,109,-476
5,634,-8139,99,-474
5,635,-8139,96,-466
5,636,-8136,105,-471
5,637,-8134,98,-472
5,638,-8139,93,-469
5,639,-8133,82,-492
5,640,-8137,80,-492
5,641,-8136,78,-483
5,642,-8141,87,-482
5,643,-8136,88,-488
5,644,-8146,84,-491
5,645,-8146,88,-470
5,646,-8128,90,-469
5,647,-8140,79,-473
5,648,-8150,86,-474
5,649,-8156,101,-488
5,650,-8165,94,-488
5,651,-8160,95,-498
5,652,-8162,102,-469
5,653,-8148,101,-465
5,654,-8136,104,-444
5,655,-8139,96,-455
5,656,-8143,93,-465
5,657,-8149,99,-471
5,658,-8160,103,-468
5,659,-8151,102,-473
5,660,-8150,95,-492
5,661,-8146,97,-486
5,662,-8128,95,-477
5,663,-8127,97,-475
5,664,-8130,105,-478
5,665,-8143,109,-490
5,666,-8144,107,-474
5,667,-8142,101,-462
5,668,-8145,106,-473
5,669,-8141,102,-467
5,670,-8136,99,-460
5,671,-8148,103,-476
5,672,-8153,110,-473
5,673,-8149,102,-466
5,674,-8156,90,-473
5,675,-8156,93,-481
5,676,-8146,88,-484
5,677,-8143,92,-470
5,678,-8146,105,-464
5,679,-8147,108,-470
5,680,-8160,108,-470
5,681,-8140,90,-443
5,682,-8133,96,-438
5,683,-8143,95,-447
5,684,-8133,100,-449
5,685,-8130,109,-446
5,686,-8126,99,-446
5,687,-8139,109,-461
5,688,-8156,104,-467
5,689,-8153,97,-480
5,690,-8151,94,-478
5,691,-8158,101,-457
5,692,-8150,96,-449
5,693,-8155,101,-438
5,694,-8149,101,-435
5,695,-8140,98,-459
5,696,-8143,109,-470
5,697,-8142,103,-477
5,698,-8145,108,-472
5,699,-8140,106,-482
5,700,-8134,97,-473
5,701,-8138,101,-456
5,702,-8147,83,-475
5,703,-8145,91,-476
5,704,-8131,88,-474
5,705,-8135,87,-457
5,706,-8147,92,-482
5,707,-8133,91,-480
5,708,-8126,99,-483
5,709,-8123,103,-481
5,710,-8132,93,-471
5,711,-8132,95,-467
5,712,-8127,95,-474
5,713,-8123,89,-492
5,714,-8127,90,-511
5,715,-8134,89,-505
5,716,-8138,89,-482
5,717,-8144,90,-471
5,718,-8140,85,-479
5,719,-8134,82,-474
5,720,-8136,93,-478
5,721,-8128,98,-463
5,722,-8137,94,-475
5,723,-8144,95,-487
5,724,-8142,93,-491
5,725,-8144,92,-498
5,726,-8140,96,-492
5,727,-8140,92,-492
5,728,-8138,96,-467
5,729,-8139,96,-471
5,730,-8132,86,-466
5,731,-8137,79,-462
5,732,-8136,97,-475
5,733,-8134,96,-465
5,734,-8139,87,-452
5,735,-8139,94,-455
5,736,-8143,90,-469
5,737,-8143,84,-468
5,738,-8146,93,-463
5,739,-8150,95,-470
5,740,-8149,97,-472
5,741,-8140,102,-464
5,742,-8137,95,-474
5,743,-8140,97,-470
5,744,-8140,105,-453
5,745,-8146,89,-447
5,746,-8152,101,-445
5,747,-8146,105,-473
5,748,-8137,100,-462
5,749,-8135,93,-469
5,750,-8142,95,-457
5,751,-8144,97,-472
5,752,-8143,101,-472
5,753,-8138,95,-495
5,754,-8132,92,-488
5,755,-8132,95,-477
5,756,-8139,107,-475
5,757,-8135,111,-496
5,758,-8130,108,-505
5,759,-8140,100,-499
5,760,-8142,104,-489
5,761,-8140,99,-494
5,762,-8145,105,-476
5,763,-8143,95,-472
5,764,-8144,101,-475
5,765,-8147,101,-462
5,766,-8138,107,-485
5,767,-8133,101,-488
5,768,-8133,92,-484
5,769,-8131,95,-469
5,770,-8137,92,-481
5,771,-8129,88,-468
5,772,-8132,80,-471
5,773,-8118,91,-479
5,774,-8123,90,-470
5,775,-8124,87,-446
5,776,-8132,94,-439
5,777,-8137,106,-437
5,778,-8148,98,-452
5,779,-8149,100,-465
5,780,-8151,98,-460
5,781,-8150,101,-449
5,782,-8155,108,-451
5,783,-8146,106,-453
5,784,-8145,107,-459
5,785,-8147,95,-472
5,786,-8148,93,-474
5,787,-8139,95,-469
5,788,-8143,100,-466
5,789,-8142,103,-471
5,790,-8136,100,-478
5,791,-8138,114,-466
5,792,-8134,108,-471
5,793,-8129,96,-476
5,794,-8140,98,-478
5,795,-8140,104,-488
5,796,-8140,106,-490
5,797,-8149,98,-489
5,798,-8142,100,-495
5,799,-8135,109,-487
5,800,-8136,115,-476
5,801,-8138,106,-475
5,802,-8145,101,-487
5,803,-8135,94,-483
5,804,-8117,93,-489
5,805,-8127,92,-475
5,806,-8134,99,-485
5,807,-8139,101,-479
5,808,-8137,82,-472
5,809,-8133,80,-479
5,810,-8127,92,-497
5,811,-8129,92,-493
5,812,-8147,87,-475
5,813,-8146,95,-467
5,814,-8127,92,-490
5,815,-8119,92,-485
5,816,-8123,101,-469
5,817,-8130,102,-463
5,818,-8138,91,-453
5,819,-8139,82,-448
5,820,-8138,81,-460
5,821,-8140,98,-458
5,822,-8158,100,-469
5,823,-8153,92,-489
5,824,-8154,80,-488
5,825,-8140,90,-484
5,826,-8123,97,-500
5,827,-8112,94,-501
5,828,-8108,76,-493
5,829,-8123,95,-491
5,830,-8139,96,-483
5,831,-8135,99,-470
5,832,-8143,89,-483
5,833,-8152,87,-490
5,834,-8151,93,-488
5,835,-8153,93,-478
5,836,-8145,93,-487
5,837,-8130,93,-474
5,838,-8148,104,-463
5,839,-8149,106,-454
5,840,-8134,94,-439
5,841,-8140,97,-445
5,842,-8147,105,-452
5,843,-8150,111,-460
5,844,-8149,102,-443
5,845,-8160,95,-466
5,846,-8145,115,-465
5,847,-8150,109,-457
5,848,-8147,102,-466
5,849,-8132,82,-461
5,850,-8145,89,-452
5,851,-8147,93,-455
5,852,-8153,86,-443
5,853,-8144,84,-455
5,854,-8146,103,-467
5,855,-8141,104,-469
5,856,-8135,101,-474
5,857,-8126,89,-472
5,858,-8138,88,-489
5,859,-8143,86,-484
5,860,-8141,90,-494
5,861,-8138,91,-498
5,862,-8151,91,-496
5,863,-8138,96,-479
5,864,-8138,95,-485
5,865,-8127,96,-489
5,866,-8128,83,-480
5,867,-8123,75,-458
5,868,-8129,79,-452
5,869,-8138,89,-448
5,870,-8130,92,-446
5,871,-8125,93,-450
5,872,-8124,94,-434
5,873,-8131,103,-433
5,874,-8138,102,-437
5,875,-8137,92,-453
5,876,-8141,93,-456
5,877,-8144,81,-456
5,878,-8147,79,-463
5,879,-8140,81,-467
5,880,-8138,78,-469
5,881,-8147,88,-462
5,882,-8153,91,-463
5,883,-8150,91,-485
5,884,-8143,98,-474
5,885,-8138,107,-476
5,886,-8152,111,-479
5,887,-8150,99,-477
5,888,-8140,91,-483
5,889,-8131,88,-474
5,890,-8135,89,-477
5,891,-8144,98,-478
5,892,-8144,96,-458
5,893,-8136,95,-448
5,894,-8142,97,-452
5,895,-8143,92,-457
5,896,-8142,95,-447
5,897,-8139,87,-461
5,898,-8143,80,-469
5,899,-8152,83,-457
5,900,-8135,93,-454
5,901,-8134,97,-467
5,902,-8141,105,-471
5,903,-8132,104,-478
5,904,-8142,108,-481
5,905,-8147,96,-486
5,906,-8138,101,-489
5,907,-8141,103,-490
5,908,-8143,89,-506
5,909,-8147,88,-497
5,910,-8149,89,-489
5,911,-8137,92,-489
5,912,-8149,98,-467
5,913,-8145,104,-476
5,914,-8147,99,-471
5,915,-8140,92,-451
5,916,-8138,89,-448
5,917,-8148,102,-461
5,918,-8155,89,-455
5,919,-8147,92,-447
5,920,-8145,95,-454
5,921,-8141,84,-458
5,922,-8152,87,-461
5,923,-8143,100,-478
5,924,-8146,95,-463
5,925,-8147,95,-472
5,926,-8155,99,-464
5,927,-8156,90,-451
5,928,-8153,97,-462
5,929,-8155,98,-468
5,930,-8148,83,-458
5,931,-8159,79,-463
5,932,-8142,78,-462
5,933,-8139,85,-453
5,934,-8131,92,-458
5,935,-8142,84,-463
5,936,-8144,93,-455
5,937,-8138,104,-459
5,938,-8131,99,-471
5,939,-8129,93,-461
5,940,-8129,98,-471
5,941,-8132,96,-474
5,942,-8133,98,-466
5,943,-8121,106,-472
5,944,-8138,112,-474
5,945,-8146,110,-474
5,946,-8142,113,-492
5,947,-8151,110,-489
5,948,-8153,103,-483
5,949,-8141,110,-470
5,950,-8141,115,-469
5,951,-8124,112,-464
5,952,-8133,90,-456
5,953,-8134,99,-465
5,954,-8142,94,-470
5,955,-8157,98,-498
5,956,-8151,88,-510
5,957,-8146,97,-504
5,958,-8147,98,-490
5,959,-8146,99,-474
5,960,-8145,87,-485
5,961,-8132,97,-484
5,962,-8136,111,-473
5,963,-8138,117,-468
5,964,-8124,115,-464
5,965,-8133,100,-486
5,966,-8141,107,-498
5,967,-8135,87,-499
5,968,-8135,91,-494
5,969,-8144,94,-483
5,970,-8163,88,-481
5,971,-8152,87,-480
5,972,-8142,74,-479
5,973,-8144,75,-476
5,974,-8145,97,-480
5,975,-8141,109,-497
5,976,-8142,103,-474
5,977,-8145,101,-461
5,978,-8140,99,-469
5,979,-8142,102,-468
5,980,-8143,118,-483
5,981,-8148,106,-484
5,982,-8143,89,-463
5,983,-8139,85,-462
5,984,-8138,95,-455
5,985,-8148,91,-463
5,986,-8151,93,-460
5,987,-8145,94,-462
5,988,-8133,100,-461
5,989,-8137,94,-456
5,990,-8143,89,-452
5,991,-8149,95,-446
5,992,-8145,98,-450
5,993,-8146,94,-477
5,994,-8142,94,-481
5,995,-8143,86,-475
5,996,-8160,85,-472
5,997,-8171,90,-467
5,998,-8159,87,-471
5,999,-8145,91,-482
5,1000,-8146,99,-464
5,1001,-8150,97,-459
5,1002,-8156,102,-458
5,1003,-8143,96,-450
5,1004,-8145,95,-469
5,1005,-8141,92,-466
5,1006,-8133,84,-475
5,1007,-8142,104,-458
5,1008,-8136,100,-456
5,1009,-8141,95,-460
5,1010,-8138,97,-467
5,1011,-8127,93,-466
5,1012,-8132,71,-475
5,1013,-8133,70,-469
5,1014,-8137,70,-472
5,1015,-8142,83,-468
5,1016,-8150,91,-483
5,1017,-8151,96,-475
5,1018,-8149,98,-501
5,1019,-8159,101,-490
5,1020,-8158,97,-482
5,1021,-8144,95,-467
5,1022,-8147,115,-461
5,1023,-8136,108,-458
5,1024,-8128,104,-461
5,1025,-8144,106,-475
5,1026,-8136,104,-478
5,1027,-8141,101,-458
5,1028,-8137,102,-471
5,1029,-8132,99,-463
5,1030,-8132,112,-463
5,1031,-8141,116,-482
5,1032,-8146,110,-464
5,1033,-8138,101,-458
5,1034,-8140,104,-462
5,1035,-8136,102,-486
5,1036,-8136,99,-484
5,1037,-8146,103,-458
5,1038,-8140,104,-465
5,1039,-8129,107,-467
5,1040,-8123,113,-461
5,1041,-8131,103,-478
5,1042,-8134,95,-476
5,1043,-8134,108,-487
5,1044,-8123,111,-490
5,1045,-8136,104,-471
5,1046,-8144,93,-475
5,1047,-8144,85,-463
5,1048,-8142,91,-469
5,1049,-8160,92,-482
5,1050,-8142,78,-479
5,1051,-8146,88,-467
5,1052,-8155,106,-450
5,1053,-8139,95,-452
5,1054,-8139,89,-465
5,1055,-8135,90,-480
5,1056,-8151,87,-478
5,1057,-8156,93,-476
5,1058,-8158,95,-454
5,1059,-8154,95,-456
5,1060,-8152,92,-453
5,1061,-8142,100,-463
5,1062,-8144,107,-466
5,1063,-8134,93,-468
5,1064,-8141,79,-460
5,1065,-8143,88,-465
5,1066,-8150,91,-455
5,1067,-8156,87,-463
5,1068,-8143,94,-468
5,1069,-8147,103,-461
5,1070,-8141,101,-472
5,1071,-8138,105,-452
5,1072,-8142,109,-454
5,1073,-8133,107,-455
5,1074,-8122,93,-479
5,1075,-8128,100,-485
5,1076,-8117,106,-474
5,1077,-8128,89,-480
5,1078,-8141,95,-496
5,1079,-8152,88,-488
5,1080,-8159,92,-476
5,1081,-8158,97,-467
5,1082,-8152,97,-464
5,1083,-8153,79,-456
5,1084,-8151,86,-448
5,1085,-8149,105,-487
5,1086,-8159,90,-491
5,1087,-8139,99,-480
5,1088,-8144,99,-471
5,1089,-8140,89,-480
5,1090,-8138,81,-471
5,1091,-8128,92,-462
5,1092,-8127,95,-456
5,1093,-8149,87,-453
5,1094,-8146,88,-453
5,1095,-8150,105,-475
5,1096,-8141,103,-466
5,1097,-8129,93,-456
5,1098,-8134,97,-454
5,1099,-8135,102,-457
5,1100,-8138,99,-461
5,1101,-8144,93,-472
5,1102,-8140,93,-462
5,1103,-8128,97,-464
5,1104,-8136,93,-468
5,1105,-8134,86,-483
5,1106,-8128,89,-471
5,1107,-8125,96,-450
5,1108,-8134,100,-455
5,1109,-8131,92,-462
5,1110,-8135,88,-443
5,1111,-8150,79,-462
5,1112,-8145,77,-448
5,1113,-8133,78,-449
5,1114,-8141,81,-457
5,1115,-8138,90,-452
5,1116,-8139,84,-463
5,1117,-8142,92,-467
5,1118,-8140,90,-462
5,1119,-8142,98,-476
5,1120,-8136,107,-480
5,1121,-8138,98,-478
5,1122,-8130,91,-475
5,1123,-8128,90,-458
5,1124,-8133,107,-452
5,1125,-8136,97,-447
5,1126,-8143,93,-448
5,1127,-8157,95,-453
5,1128,-8143,88,-436
5,1129,-8141,93,-457
5,1130,-8151,102,-476
5,1131,-8157,109,-464
5,1132,-8163,102,-470
5,1133,-8166,98,-469
5,1134,-8158,106,-455
5,1135,-8151,98,-448
5,1136,-8142,108,-443
5,1137,-8149,110,-448
5,1138,-8158,109,-447
5,1139,-8160,111,-464
5,1140,-8159,107,-462
5,1141,-8147,105,-462
5,1142,-8139,98,-456
5,1143,-8142,90,-472
5,1144,-8148,80,-473
5,1145,-8140,90,-463
5,1146,-8137,90,-462
5,1147,-8133,85,-482
5,1148,-8129,80,-485
5,1149,-8124,95,-469
5,1150,-8139,87,-472
5,1151,-8143,89,-476
5,1152,-8137,89,-467
5,1153,-8125,83,-472
5,1154,-8142,87,-478
5,1155,-8146,98,-470
5,1156,-8147,99,-476
5,1157,-8140,103,-459
5,1158,-8149,94,-476
5,1159,-8142,83,-497
5,1160,-8139,74,-495
5,1161,-8148,82,-478
5,1162,-8136,88,-463
5,1163,-8130,99,-460
5,1164,-8131,99,-471
5,1165,-8143,102,-484
5,1166,-8144,105,-479
5,1167,-8151,98,-490
5,1168,-8146,102,-496
5,1169,-8129,109,-486
5,1170,-8139,106,-483
5,1171,-8149,117,-477
5,1172,-8153,111,-485
5,1173,-8155,116,-499
5,1174,-8144,111,-497
5,1175,-8130,102,-501
5,1176,-8121,107,-492
5,1177,-8133,107,-469
5,1178,-8139,104,-480
5,1179,-8151,90,-480
5,1180,-8161,98,-455
5,1181,-8167,101,-458
5,1182,-8151,94,-457
5,1183,-8149,95,-468
5,1184,-8148,100,-468
5,1185,-8144,106,-449
5,1186,-8130,113,-451
5,1187,-8134,110,-454
5,1188,-8134,105,-457
5,1189,-8145,95,-440
5,1190,-8141,87,-461
5,1191,-8150,93,-445
5,1192,-8149,104,-443
5,1193,-8150,85,-474
5,1194,-8145,89,-493
5,1195,-8154,92,-487
5,1196,-8144,88,-483
5,1197,-8131,80,-473
5,1198,-8144,86,-469
5,1199,-8143,84,-472
5,1200,-8138,81,-466
5,1201,-8137,83,-452
5,1202,-8138,74,-443
5,1203,-8132,86,-450
5,1204,-8127,90,-454
5,1205,-8134,98,-441
5,1206,-8130,93,-448
5,1207,-8124,90,-466
5,1208,-8127,100,-483
5,1209,-8134,99,-493
5,1210,-8134,104,-482
5,1211,-8137,111,-479
5,1212,-8138,109,-491
5,1213,-8140,111,-485
5,1214,-8140,102,-490
5,1215,-8135,104,-478
5,1216,-8124,98,-490
5,1217,-8131,96,-484
5,1218,-8129,89,-480
5,1219,-8141,87,-482
5,1220,-8148,90,-477
5,1221,-8138,88,-494
5,1222,-8136,88,-481
5,1223,-8152,103,-469
5,1224,-8142,96,-467
5,1225,-8136,102,-475
5,1226,-8138,111,-470
5,1227,-8138,110,-472
5,1228,-8140,120,-476
5,1229,-8140,105,-468
5,1230,-8147,97,-480
5,1231,-8139,96,-469
5,1232,-8139,96,-459
5,1233,-8152,98,-453
5,1234,-8152,95,-449
5,1235,-8150,111,-448
5,1236,-8147,111,-468
5,1237,-8146,105,-438
5,1238,-8135,100,-455
5,1239,-8143,111,-451
5,1240,-8145,110,-461
5,1241,-8144,106,-476
5,1242,-8137,92,-469
5,1243,-8134,84,-464
5,1244,-8129,91,-469
5,1245,-8130,79,-473
5,1246,-8124,78,-492
5,1247,-8137,82,-484
5,1248,-8138,82,-473
5,1249,-8136,100,-466
5,1250,-8150,100,-486
5,1251,-8159,98,-480
5,1252,-8153,90,-468
5,1253,-8150,84,-468
5,1254,-8153,74,-472
5,1255,-8154,88,-456
5,1256,-8146,83,-459
5,1257,-8145,88,-455
5,1258,-8157,97,-471
5,1259,-8155,89,-464
5,1260,-8143,100,-453
5,1261,-8141,106,-459
5,1262,-8130,104,-460
5,1263,-8134,93,-469
5,1264,-8122,102,-474
5,1265,-8121,99,-471
5,1266,-8133,96,-460
5,1267,-8142,113,-464
5,1268,-8146,99,-451
5,1269,-8153,98,-453
5,1270,-8152,100,-451
5,1271,-8148,96,-464
5,1272,-8143,98,-459
5,1273,-8144,96,-451
5,1274,-8151,89,-447
5,1275,-8142,83,-462
5,1276,-8134,86,-470
5,1277,-8129,74,-467
5,1278,-8116,66,-453
5,1279,-8127,78,-464
5,1280,-8139,90,-495
5,1281,-8166,106,-495
5,1282,-8160,123,-475
5,1283,-8142,131,-468
5,1284,-8143,110,-450
5,1285,-8144,94,-449
5,1286,-8137,72,-483
5,1287,-8135,68,-505
5,1288,-8127,73,-513
5,1289,-8142,80,-503
5,1290,-8152,80,-508
5,1291,-8157,92,-490
5,1292,-8149,96,-457
5,1293,-8139,91,-421
5,1294,-8132,101,-419
5,1295,-8131,108,-441
5,1296,-8147,108,-483
5,1297,-8140,96,-520
5,1298,-8138,75,-555
5,1299,-8144,53,-546
5,1300,-8137,61,-512
5,1301,-8132,75,-463
5,1302,-8138,89,-432
5,1303,-8146,106,-430
5,1304,-8157,112,-435
5,1305,-8162,116,-457
5,1306,-8144,109,-459
5,1307,-8140,97,-471
5,1308,-8156,93,-491
5,1309,-8149,99,-495
5,1310,-8136,120,-485
5,1311,-8134,126,-469
5,1312,-8145,114,-450
5,1313,-8146,100,-456
5,1314,-8151,92,-469
5,1315,-8159,89,-470
5,1316,-8152,92,-478
5,1317,-8140,100,-490
5,1318,-8143,106,-466
5,1319,-8158,103,-414
5,1320,-8154,108,-402
5,1321,-8154,98,-400
5,1322,-8134,102,-433
5,1323,-8134,93,-451
5,1324,-8137,96,-465
5,1325,-8134,89,-488
5,1326,-8131,76,-486
5,1327,-8132,81,-496
5,1328,-8130,84,-464
5,1329,-8121,85,-417
5,1330,-8148,114,-404
5,1331,-8146,115,-415
5,1332,-8147,90,-421
5,1333,-8146,97,-473
5,1334,-8146,110,-504
5,1335,-8145,89,-513
5,1336,-8134,79,-488
5,1337,-8143,71,-479
5,1338,-8146,65,-473
5,1339,-8147,66,-478
5,1340,-8147,86,-493
5,1341,-8141,100,-463
5,1342,-8136,117,-438
5,1343,-8152,123,-438
5,1344,-8156,112,-430
5,1345,-8147,115,-434
5,1346,-8142,104,-443
5,1347,-8136,79,-448
5,1348,-8133,76,-459
5,1349,-8126,82,-468
5,1350,-8110,86,-501
5,1351,-8122,91,-502
5,1352,-8131,90,-491
5,1353,-8131,82,-466
5,1354,-8127,98,-430
5,1355,-8138,114,-440
5,1356,-8149,115,-444
5,1357,-8142,116,-460
5,1358,-8153,100,-471
5,1359,-8140,84,-472
5,1360,-8130,93,-468
5,1361,-8130,86,-458
5,1362,-8138,81,-474
5,1363,-8143,78,-470
5,1364,-8138,91,-452
5,1365,-8134,86,-459
5,1366,-8155,87,-443
5,1367,-8158,72,-448
5,1368,-8153,75,-469
5,1369,-8167,83,-474
5,1370,-8146,98,-459
5,1371,-8149,93,-434
5,1372,-8138,89,-433
5,1373,-8140,84,-445
5,1374,-8134,69,-475
5,1375,-8127,65,-493
5,1376,-8122,71,-496
5,1377,-8122,74,-472
5,1378,-8126,88,-456
5,1379,-8123,96,-454
5,1380,-8131,108,-459
5,1381,-8138,117,-448
5,1382,-8141,106,-437
5,1383,-8140,110,-435
5,1384,-8134,92,-461
5,1385,-8136,84,-484
5,1386,-8129,95,-494
5,1387,-8135,96,-486
5,1388,-8128,102,-476
5,1389,-8126,89,-456
5,1390,-8122,92,-468
5,1391,-8121,89,-462
5,1392,-8124,91,-473
5,1393,-8125,95,-463
5,1394,-8145,92,-475
5,1395,-8141,98,-465
5,1396,-8137,105,-467
5,1397,-8145,98,-474
5,1398,-8150,99,-473
5,1399,-8140,102,-489
5,1400,-8126,96,-474
5,1401,-8128,99,-473
5,1402,-8142,104,-467
5,1403,-8135,89,-489
5,1404,-8143,87,-484
5,1405,-8129,90,-482
5,1406,-8143,91,-474
5,1407,-8149,99,-478
5,1408,-8143,110,-469
5,1409,-8149,107,-493
5,1410,-8135,105,-486
5,1411,-8130,105,-481
5,1412,-8125,111,-485
5,1413,-8134,110,-490
5,1414,-8145,97,-478
5,1415,-8137,92,-476
5,1416,-8140,95,-475
5,1417,-8139,85,-469
5,1418,-8139,81,-457
5,1419,-8137,87,-454
5,1420,-8137,88,-467
5,1421,-8136,88,-461
5,1422,-8126,92,-448
5,1423,-8129,86,-451
5,1424,-8140,94,-454
5,1425,-8144,98,-467
5,1426,-8134,85,-458
5,1427,-8135,87,-458
5,1428,-8137,98,-471
5,1429,-8139,100,-464
5,1430,-8134,103,-452
5,1431,-8138,98,-456
5,1432,-8143,99,-464
5,1433,-8138,110,-466
5,1434,-8141,108,-473
5,1435,-8149,114,-483
5,1436,-8165,102,-480
5,1437,-8168,101,-480
5,1438,-8164,105,-489
5,1439,-8151,95,-493
5,1440,-8141,88,-479
5,1441,-8142,89,-480
5,1442,-8139,96,-478
5,1443,-8145,98,-485
5,1444,-8146,93,-499
5,1445,-8159,95,-504
5,1446,-8145,97,-501
5,1447,-8133,94,-491
5,1448,-8140,99,-470
5,1449,-8148,92,-468
5,1450,-8163,84,-464
5,1451,-8157,91,-471
5,1452,-8148,87,-472
5,1453,-8149,85,-471
5,1454,-8153,87,-485
5,1455,-8147,85,-475
5,1456,-8135,86,-469
5,1457,-8124,81,-438
5,1458,-8131,76,-441
5,1459,-8139,81,-450
5,1460,-8129,98,-454
5,1461,-8143,87,-469
5,1462,-8142,86,-471
5,1463,-8143,89,-456
5,1464,-8143,92,-455
5,1465,-8146,88,-458
5,1466,-8148,98,-474
5,1467,-8138,96,-468
5,1468,-8132,103,-454
5,1469,-8143,101,-456
5,1470,-8138,111,-470
5,1471,-8140,100,-484
5,1472,-8136,83,-477
5,1473,-8139,90,-463
5,1474,-8133,90,-471
5,1475,-8135,87,-468
5,1476,-8143,87,-452
5,1477,-8138,94,-449
5,1478,-8135,92,-454
5,1479,-8143,97,-459
5,1480,-8150,104,-472
5,1481,-8144,105,-466
5,1482,-8153,107,-450
5,1483,-8158,91,-448
5,1484,-8147,85,-460
5,1485,-8155,90,-464
5,1486,-8151,90,-473
5,1487,-8148,99,-474
5,1488,-8147,103,-482
5,1489,-8140,101,-454
5,1490,-8134,92,-454
5,1491,-8136,94,-469
5,1492,-8144,96,-462
5,1493,-8150,95,-457
5,1494,-8133,98,-450
5,1495,-8142,96,-442
5,1496,-8143,91,-468
5,1497,-8143,85,-470
5,1498,-8146,93,-465
5,1499,-8147,91,-455
5,1500,-8143,97,-472
5,1501,-8139,97,-479
5,1502,-8148,104,-490
5,1503,-8142,102,-489
5,1504,-8138,94,-483
5,1505,-8149,92,-478
5,1506,-8155,90,-477
5,1507,-8160,92,-470
5,1508,-8157,98,-470
5,1509,-8147,93,-469
5,1510,-8153,83,-475
5,1511,-8152,77,-482
5,1512,-8151,67,-489
5,1513,-8152,79,-469
5,1514,-8157,81,-478
5,1515,-8148,97,-475
5,1516,-8144,101,-480
5,1517,-8150,102,-464
5,1518,-8148,96,-480
5,1519,-8151,87,-482
5,1520,-8138,96,-467
5,1521,-8140,102,-450
5,1522,-8138,93,-457
5,1523,-8150,97,-453
5,1524,-8137,105,-448
5,1525,-8138,101,-458
5,1526,-8150,102,-441
5,1527,-8150,106,-446
5,1528,-8140,108,-462
5,1529,-8140,115,-449
5,1530,-8142,117,-431
5,1531,-8153,113,-448
5,1532,-8158,105,-471
5,1533,-8148,99,-485
5,1534,-8153,74,-471
5,1535,-8147,78,-456
5,1536,-8137,97,-459
5,1537,-8145,91,-474
5,1538,-8144,82,-477
5,1539,-8153,86,-479
5,1540,-8139,89,-481
5,1541,-8142,97,-475
5,1542,-8139,87,-467
5,1543,-8148,77,-469
5,1544,-8155,78,-481
5,1545,-8152,94,-477
5,1546,-8144,95,-486
5,1547,-8153,104,-486
5,1548,-8131,92,-490
5,1549,-8124,86,-479
5,1550,-8126,103,-473
5,1551,-8139,106,-480
5,1552,-8129,100,-474
5,1553,-8127,103,-463
5,1554,-8129,108,-476
5,1555,-8128,103,-471
5,1556,-8146,94,-443
5,1557,-8146,96,-433
5,1558,-8140,102,-432
5,1559,-8146,97,-443
5,1560,-8145,98,-448
5,1561,-8157,94,-433
5,1562,-8149,85,-455
5,1563,-8149,88,-447
5,1564,-8145,91,-460
5,1565,-8148,84,-466
5,1566,-8151,86,-472
5,1567,-8138,93,-467
5,1568,-8148,104,-475
5,1569,-8146,100,-465
5,1570,-8141,108,-478
5,1571,-8145,100,-481
5,1572,-8144,98,-484
5,1573,-8135,96,-493
5,1574,-8140,108,-489
5,1575,-8145,113,-487
5,1576,-8140,119,-481
5,1577,-8136,104,-466
5,1578,-8125,101,-469
5,1579,-8124,96,-478
5,1580,-8128,90,-477
5,1581,-8135,100,-467
5,1582,-8124,105,-485
5,1583,-8120,115,-489
5,1584,-8120,121,-496
5,1585,-8117,114,-492
5,1586,-8134,108,-482
5,1587,-8146,115,-479
5,1588,-8155,113,-467
5,1589,-8158,107,-474
5,1590,-8153,106,-467
5,1591,-8147,95,-467
5,1592,-8147,97,-466
5,1593,-8138,89,-465
5,1594,-8143,84,-465
5,1595,-8136,94,-469
5,1596,-8134,101,-470
5,1597,-8141,107,-465
5,1598,-8151,93,-458
5,1599,-8150,78,-470
5,1600,-8140,86,-479
5,1601,-8138,89,-471
5,1602,-8143,87,-486
5,1603,-8135,91,-483
5,1604,-8141,93,-466
5,1605,-8141,100,-460
5,1606,-8145,96,-475
5,1607,-8147,93,-474
5,1608,-8141,92,-483
5,1609,-8143,92,-491
5,1610,-8149,82,-484
5,1611,-8142,79,-485
5,1612,-8138,85,-479
5,1613,-8146,86,-483
5,1614,-8148,96,-490
5,1615,-8147,113,-494
5,1616,-8152,104,-497
5,1617,-8148,90,-488
5,1618,-8147,96,-492
5,1619,-8145,110,-466
5,1620,-8137,113,-465
5,1621,-8140,112,-464
5,1622,-8141,99,-474
5,1623,-8132,88,-463
5,1624,-8128,83,-466
5,1625,-8140,88,-463
5,1626,-8136,93,-456
5,1627,-8140,106,-472
5,1628,-8139,97,-467
5,1629,-8142,105,-460
5,1630,-8141,113,-463
5,1631,-8142,109,-455
5,1632,-8155,105,-460
5,1633,-8161,107,-468
5,1634,-8158,109,-466
5,1635,-8137,108,-458
5,1636,-8138,102,-448
5,1637,-8141,93,-460
5,1638,-8146,97,-481
5,1639,-8130,104,-472
5,1640,-8131,109,-477
5,1641,-8132,97,-480
5,1642,-8140,98,-507
5,1643,-8134,94,-508
5,1644,-8123,92,-507
5,1645,-8130,100,-487
5,1646,-8135,107,-482
5,1647,-8135,116,-482
5,1648,-8137,118,-492
5,1649,-8126,109,-490
5,1650,-8128,102,-483
5,1651,-8128,102,-483
5,1652,-8142,95,-486
5,1653,-8147,76,-496
5,1654,-8160,82,-484
5,1655,-8152,86,-478
5,1656,-8142,93,-485
5,1657,-8137,91,-484
5,1658,-8142,90,-495
5,1659,-8139,88,-497
5,1660,-8156,99,-481
5,1661,-8160,112,-480
5,1662,-8152,110,-463
5,1663,-8142,102,-450
5,1664,-8152,94,-453
5,1665,-8161,92,-459
5,1666,-8171,97,-461
5,1667,-8159,89,-457
5,1668,-8146,96,-449
5,1669,-8142,80,-448
5,1670,-8151,82,-452
5,1671,-8155,98,-466
5,1672,-8153,102,-461
5,1673,-8161,96,-453
5,1674,-8146,88,-474
5,1675,-8140,99,-480
5,1676,-8128,88,-474
5,1677,-8125,84,-467
5,1678,-8138,91,-483
5,1679,-8127,91,-478
5,1680,-8131,81,-487
5,1681,-8137,93,-486
5,1682,-8145,94,-496
5,1683,-8144,91,-460
5,1684,-8149,109,-460
5,1685,-8141,89,-478
5,1686,-8140,85,-484
5,1687,-8143,81,-461
5,1688,-8143,88,-469
5,1689,-8154,88,-462
5,1690,-8150,93,-467
5,1691,-8148,87,-460
5,1692,-8137,86,-471
5,1693,-8130,87,-458
5,1694,-8140,94,-467
5,1695,-8141,104,-463
5,1696,-8143,125,-466
5,1697,-8138,130,-458
5,1698,-8137,114,-471
5,1699,-8147,110,-468
5,1700,-8143,108,-478
5,1701,-8144,100,-459
5,1702,-8148,108,-455
5,1703,-8129,108,-454
5,1704,-8124,105,-463
5,1705,-8134,108,-455
5,1706,-8142,114,-457
5,1707,-8140,111,-469
5,1708,-8143,104,-486
5,1709,-8139,93,-474
5,1710,-8132,98,-482
5,1711,-8140,104,-472
5,1712,-8139,103,-475
5,1713,-8141,97,-500
5,1714,-8131,96,-480
5,1715,-8123,100,-469
5,1716,-8132,95,-474
5,1717,-8132,82,-476
5,1718,-8133,97,-476
5,1719,-8143,80,-470
5,1720,-8144,82,-488
5,1721,-8154,94,-488
5,1722,-8149,99,-502
5,1723,-8148,106,-495
5,1724,-8144,107,-478
5,1725,-8139,108,-477
5,1726,-8143,113,-474
5,1727,-8153,99,-469
5,1728,-8140,103,-456
5,1729,-8138,104,-448
5,1730,-8138,121,-464
5,1731,-8136,112,-450
5,1732,-8135,106,-427
5,1733,-8138,104,-436
5,1734,-8150,101,-452
5,1735,-8152,95,-462
5,1736,-8140,91,-458
5,1737,-8141,79,-475
5,1738,-8146,74,-461
5,1739,-8151,92,-472
5,1740,-8148,97,-477
5,1741,-8144,105,-485
5,1742,-8143,100,-480
5,1743,-8145,94,-478
5,1744,-8144,99,-490
5,1745,-8143,101,-482
5,1746,-8154,99,-495
5,1747,-8152,98,-492
5,1748,-8149,102,-483
5,1749,-8143,111,-461
5,1750,-8142,98,-449
5,1751,-8145,95,-440
5,1752,-8146,97,-458
5,1753,-8140,91,-480
5,1754,-8141,92,-500
5,1755,-8144,97,-500
5,1756,-8140,91,-479
5,1757,-8138,87,-473
5,1758,-8144,88,-459
5,1759,-8149,95,-471
5,1760,-8146,90,-451
5,1761,-8143,93,-441
5,1762,-8132,105,-433
5,1763,-8131,101,-435
5,1764,-8140,109,-433
5,1765,-8158,100,-424
5,1766,-8143,106,-411
5,1767,-8143,98,-424
5,1768,-8157,95,-426
5,1769,-8149,94,-438
5,1770,-8145,92,-451
5,1771,-8142,89,-463
5,1772,-8135,97,-462
5,1773,-8137,95,-461
5,1774,-8131,102,-449
5,1775,-8126,108,-450
5,1776,-8136,98,-445
5,1777,-8159,92,-457
5,1778,-8155,97,-453
5,1779,-8143,94,-461
5,1780,-8143,91,-482
5,1781,-8144,87,-498
5,1782,-8139,69,-489
5,1783,-8141,78,-480
5,1784,-8145,96,-475
5,1785,-8154,96,-468
5,1786,-8149,94,-483
5,1787,-8141,81,-479
5,1788,-8136,81,-466
5,1789,-8146,84,-463
5,1790,-8139,74,-457
5,1791,-8156,88,-474
5,1792,-8149,104,-474
5,1793,-8147,109,-466
5,1794,-8151,110,-441
5,1795,-8134,103,-440
5,1796,-8145,102,-430
5,1797,-8151,93,-442
5,1798,-8154,85,-461
5,1799,-8152,91,-463
5,1800,-8147,90,-447
5,1801,-8156,92,-458
5,1802,-8153,81,-473
5,1803,-8150,86,-477
5,1804,-8161,85,-446
5,1805,-8160,91,-454
5,1806,-8165,84,-456
5,1807,-8169,86,-477
5,1808,-8163,91,-486
5,1809,-8154,100,-492
5,1810,-8142,100,-500
5,1811,-8139,93,-516
5,1812,-8141,102,-497
5,1813,-8144,88,-528
5,1814,-8152,95,-514
5,1815,-8153,103,-489
5,1816,-8141,96,-462
5,1817,-8131,93,-458
5,1818,-8142,93,-460
5,1819,-8141,96,-463
5,1820,-8144,103,-449
5,1821,-8147,102,-445
5,1822,-8158,105,-460
5,1823,-8161,101,-461
5,1824,-8164,98,-457
5,1825,-8150,105,-456
5,1826,-8143,86,-475
5,1827,-8133,96,-488
5,1828,-8140,104,-486
5,1829,-8136,122,-470
5,1830,-8135,132,-465
5,1831,-8145,123,-459
5,1832,-8131,108,-439
5,1833,-8136,103,-445
5,1834,-8131,105,-448
5,1835,-8132,95,-443
5,1836,-8131,89,-448
5,1837,-8131,90,-456
5,1838,-8139,101,-465
5,1839,-8148,95,-460
5,1840,-8141,105,-469
5,1841,-8145,120,-469
5,1842,-8144,111,-498
5,1843,-8137,98,-490
5,1844,-8138,97,-475
5,1845,-8139,97,-492
5,1846,-8136,102,-490
5,1847,-8138,92,-508
5,1848,-8140,94,-505
5,1849,-8129,88,-491
5,1850,-8135,97,-493
5,1851,-8128,105,-492
5,1852,-8136,99,-470
5,1853,-8144,96,-466
5,1854,-8142,96,-478
5,1855,-8153,102,-468
5,1856,-8157,93,-479
5,1857,-8155,90,-480
5,1858,-8149,86,-478
5,1859,-8145,94,-480
5,1860,-8141,93,-480
5,1861,-8136,97,-475
5,1862,-8138,99,-462
5,1863,-8135,90,-454
5,1864,-8144,90,-439
5,1865,-8151,94,-440
5,1866,-8149,96,-448
5,1867,-8155,92,-454
5,1868,-8143,91,-455
5,1869,-8139,97,-459
5,1870,-8144,96,-452
5,1871,-8142,95,-460
5,1872,-8147,96,-473
5,1873,-8128,94,-473
5,1874,-8127,93,-467
5,1875,-8136,87,-463
5,1876,-8139,76,-454
5,1877,-8136,84,-460
5,1878,-8127,96,-474
5,1879,-8137,96,-493
5,1880,-8138,90,-498
5,1881,-8135,90,-485
5,1882,-8140,86,-496
5,1883,-8134,82,-505
5,1884,-8142,93,-487
5,1885,-8148,94,-482
5,1886,-8135,92,-505
5,1887,-8140,101,-498
5,1888,-8145,102,-492
5,1889,-8137,89,-489
5,1890,-8138,87,-496
5,1891,-8132,93,-493
5,1892,-8138,104,-476
5,1893,-8140,115,-473
5,1894,-8138,114,-467
5,1895,-8138,119,-464
5,1896,-8142,115,-464
5,1897,-8144,116,-464
5,1898,-8141,116,-451
5,1899,-8143,118,-456
5,1900,-8133,102,-467
5,1901,-8126,97,-454
5,1902,-8133,93,-468
5,1903,-8125,92,-468
5,1904,-8140,82,-455
5,1905,-8142,89,-445
5,1906,-8133,88,-444
5,1907,-8142,84,-452
5,1908,-8145,88,-474
5,1909,-8149,86,-476
5,1910,-8154,100,-462
5,1911,-8151,100,-479
5,1912,-8151,96,-476
5,1913,-8153,112,-487
5,1914,-8157,106,-487
5,1915,-8157,106,-484
5,1916,-8136,106,-487
5,1917,-8143,98,-485
5,1918,-8150,104,-482
5,1919,-8150,80,-505
5,1920,-8146,85,-489
5,1921,-8134,97,-489
5,1922,-8128,86,-492
5,1923,-8144,97,-474
5,1924,-8144,106,-476
5,1925,-8142,106,-452
5,1926,-8148,112,-466
5,1927,-8150,102,-474
5,1928,-8141,99,-474
5,1929,-8146,98,-449
5,1930,-8150,91,-462
5,1931,-8151,101,-480
5,1932,-8152,89,-481
5,1933,-8144,91,-477
5,1934,-8135,88,-477
5,1935,-8143,96,-473
5,1936,-8147,88,-472
5,1937,-8151,87,-463
5,1938,-8163,91,-468
5,1939,-8170,85,-472
5,1940,-8146,87,-482
5,1941,-8135,88,-478
5,1942,-8133,92,-472
5,1943,-8125,90,-459
5,1944,-8140,96,-452
5,1945,-8137,95,-478
5,1946,-8135,73,-486
5,1947,-8134,84,-494
5,1948,-8150,101,-480
5,1949,-8150,109,-482
5,1950,-8151,110,-487
5,1951,-8159,94,-492
5,1952,-8155,107,-499
5,1953,-8150,103,-484
5,1954,-8154,98,-502
5,1955,-8156,90,-491
5,1956,-8143,100,-494
5,1957,-8140,114,-480
5,1958,-8144,115,-475
5,1959,-8152,118,-480
5,1960,-8162,120,-477
5,1961,-8151,123,-488
5,1962,-8151,118,-472
5,1963,-8157,104,-474
5,1964,-8155,105,-474
5,1965,-8147,104,-444
5,1966,-8139,104,-445
5,1967,-8146,111,-443
5,1968,-8151,96,-453
5,1969,-8147,92,-444
5,1970,-8137,90,-440
5,1971,-8148,97,-444
5,1972,-8148,99,-460
5,1973,-8145,99,-471
5,1974,-8140,107,-469
5,1975,-8136,100,-470
5,1976,-8137,100,-457
5,1977,-8128,109,-469
5,1978,-8137,95,-472
5,1979,-8140,98,-477
5,1980,-8150,106,-476
5,1981,-8167,114,-481
5,1982,-8161,113,-506
5,1983,-8155,109,-494
5,1984,-8150,101,-505
5,1985,-8147,106,-482
5,1986,-8152,101,-478
5,1987,-8156,97,-484
5,1988,-8147,109,-474
5,1989,-8136,106,-474
5,1990,-8144,98,-481
5,1991,-8139,93,-488
5,1992,-8155,82,-476
5,1993,-8153,79,-462
5,1994,-8153,75,-488
5,1995,-8157,78,-481
5,1996,-8168,82,-476
5,1997,-8155,93,-466
5,1998,-8153,98,-460
5,1999,-8150,100,-449
5,2000,-8140,102,-444
5,2001,-8136,106,-466
5,2002,-8139,98,-469
5,2003,-8138,97,-473
5,2004,-8141,95,-474
5,2005,-8132,92,-479
5,2006,-8139,84,-490
5,2007,-8148,84,-475
5,2008,-8159,96,-483
5,2009,-8145,101,-480
5,2010,-8139,101,-464
5,2011,-8141,106,-462
5,2012,-8142,106,-468
5,2013,-8138,111,-464
5,2014,-8149,107,-481
5,2015,-8151,110,-495
5,2016,-8151,104,-497
5,2017,-8165,101,-482
5,2018,-8160,104,-486
5,2019,-8149,99,-489
5,2020,-8147,101,-504
5,2021,-8142,101,-502
5,2022,-8136,87,-481
5,2023,-8143,89,-474
5,2024,-8147,90,-466
5,2025,-8140,97,-476
5,2026,-8131,89,-486
5,2027,-8128,96,-467
5,2028,-8125,87,-435
5,2029,-8125,92,-459
5,2030,-8149,92,-463
5,2031,-8141,83,-466
5,2032,-8139,102,-454
5,2033,-8136,111,-462
5,2034,-8145,107,-460
5,2035,-8152,116,-465
5,2036,-8136,114,-468
5,2037,-8140,118,-462
5,2038,-8139,118,-456
5,2039,-8142,105,-460
5,2040,-8144,109,-451
5,2041,-8130,101,-453
5,2042,-8130,95,-462
5,2043,-8139,88,-454
5,2044,-8135,95,-459
5,2045,-8132,107,-459
5,2046,-8127,109,-476
5,2047,-8143,108,-475
5,2048,-8153,96,-469
5,2049,-8138,81,-480
5,2050,-8132,84,-500
5,2051,-8143,99,-505
5,2052,-8141,98,-515
5,2053,-8141,90,-514
5,2054,-8145,96,-509
5,2055,-8144,93,-513
5,2056,-8148,115,-498
5,2057,-8164,109,-498
5,2058,-8160,126,-487
5,2059,-8161,110,-487
5,2060,-8154,105,-477
5,2061,-8154,101,-471
5,2062,-8156,99,-484
5,2063,-8158,103,-474
5,2064,-8158,99,-477
5,2065,-8161,101,-465
5,2066,-8151,104,-452
5,2067,-8147,106,-447
5,2068,-8141,105,-436
5,2069,-8140,96,-433
5,2070,-8147,96,-427
5,2071,-8141,99,-449
5,2072,-8137,95,-461
5,2073,-8137,96,-458
5,2074,-8141,103,-451
5,2075,-8146,108,-458
5,2076,-8155,101,-459
5,2077,-8149,102,-455
5,2078,-8149,112,-455
5,2079,-8143,105,-453
5,2080,-8126,103,-469
5,2081,-8132,97,-469
5,2082,-8136,88,-470
5,2083,-8128,82,-478
5,2084,-8150,88,-479
5,2085,-8149,83,-480
5,2086,-8149,84,-489
5,2087,-8149,96,-469
5,2088,-8139,97,-461
5,2089,-8150,87,-469
5,2090,-8137,92,-489
5,2091,-8138,96,-470
5,2092,-8142,87,-471
5,2093,-8138,93,-462
5,2094,-8144,95,-464
5,2095,-8150,94,-478
5,2096,-8134,97,-490
5,2097,-8139,104,-518
5,2098,-8137,93,-476
5,2099,-8142,94,-472
5,2100,-8145,94,-464
5,2101,-8145,93,-464
5,2102,-8133,101,-451
5,2103,-8138,95,-453
5,2104,-8141,101,-466
5,2105,-8133,108,-468
5,2106,-8135,112,-487
5,2107,-8142,99,-473
5,2108,-8140,113,-471
5,2109,-8140,108,-464
5,2110,-8149,90,-456
5,2111,-8137,93,-457
5,2112,-8144,82,-455
5,2113,-8146,87,-466
5,2114,-8141,95,-450
5,2115,-8138,93,-461
5,2116,-8141,111,-474
5,2117,-8145,105,-480
5,2118,-8134,93,-490
5,2119,-8129,96,-496
5,2120,-8145,88,-496
5,2121,-8155,90,-502
5,2122,-8153,78,-487
5,2123,-8145,90,-501
5,2124,-8143,105,-496
5,2125,-8136,98,-478
5,2126,-8131,91,-483
5,2127,-8151,102,-459
5,2128,-8158,100,-455
5,2129,-8150,105,-447
5,2130,-8147,102,-433
5,2131,-8140,104,-426
5,2132,-8146,90,-448
5,2133,-8135,93,-453
5,2134,-8133,95,-438
5,2135,-8138,123,-416
5,2136,-8150,118,-412
5,2137,-8141,112,-418
5,2138,-8143,100,-441
5,2139,-8141,102,-453
5,2140,-8143,93,-451
5,2141,-8139,88,-472
5,2142,-8135,98,-474
5,2143,-8128,115,-487
5,2144,-8136,111,-500
5,2145,-8156,100,-488
5,2146,-8159,102,-471
5,2147,-8150,94,-473
5,2148,-8153,97,-475
5,2149,-8152,81,-471
5,2150,-8140,87,-477
5,2151,-8147,89,-471
5,2152,-8140,87,-470
5,2153,-8146,79,-497
5,2154,-8152,77,-502
5,2155,-8152,86,-503
5,2156,-8156,84,-490
5,2157,-8160,97,-485
5,2158,-8159,102,-481
5,2159,-8161,101,-484
5,2160,-8147,92,-473
5,2161,-8140,94,-476
5,2162,-8132,103,-479
5,2163,-8132,109,-482
5,2164,-8121,101,-477
5,2165,-8125,92,-481
5,2166,-8119,93,-474
5,2167,-8130,97,-474
5,2168,-8130,98,-471
5,2169,-8126,85,-458
5,2170,-8136,82,-466
5,2171,-8140,87,-454
5,2172,-8147,98,-453
5,2173,-8146,97,-463
5,2174,-8139,88,-455
5,2175,-8137,87,-448
5,2176,-8135,95,-438
5,2177,-8136,99,-438
5,2178,-8134,96,-466
5,2179,-8140,99,-477
5,2180,-8146,89,-486
5,2181,-8137,98,-476
5,2182,-8132,98,-471
5,2183,-8132,102,-467
5,2184,-8135,102,-462
5,2185,-8140,110,-472
5,2186,-8134,102,-492
5,2187,-8127,87,-484
5,2188,-8138,81,-479
5,2189,-8148,93,-497
5,2190,-8152,93,-503
5,2191,-8149,93,-494
5,2192,-8144,104,-485
5,2193,-8137,107,-471
5,2194,-8127,102,-485
5,2195,-8129,95,-484
5,2196,-8125,96,-475
5,2197,-8132,100,-472
5,2198,-8149,105,-449
5,2199,-8142,103,-468
5,2200,-8146,98,-482
5,2201,-8139,97,-475
5,2202,-8140,104,-455
5,2203,-8145,108,-442
5,2204,-8135,112,-446
5,2205,-8125,108,-439
5,2206,-8130,101,-454
5,2207,-8145,102,-471
5,2208,-8147,88,-486
5,2209,-8155,94,-481
5,2210,-8162,102,-469
5,2211,-8151,98,-469
5,2212,-8148,86,-479
5,2213,-8141,78,-488
5,2214,-8131,77,-486
5,2215,-8135,88,-471
5,2216,-8139,90,-460
5,2217,-8135,81,-472
5,2218,-8128,84,-470
5,2219,-8133,86,-478
5,2220,-8141,83,-476
5,2221,-8143,85,-491
5,2222,-8134,96,-485
5,2223,-8132,90,-477
5,2224,-8135,87,-462
5,2225,-8132,87,-460
5,2226,-8137,79,-473
5,2227,-8148,75,-475
5,2228,-8138,74,-450
5,2229,-8138,90,-452
5,2230,-8148,93,-446
5,2231,-8147,89,-446
5,2232,-8145,89,-440
5,2233,-8139,96,-449
5,2234,-8135,94,-460
5,2235,-8132,95,-472
5,2236,-8131,102,-472
5,2237,-8126,108,-460
5,2238,-8139,94,-446
5,2239,-8134,84,-458
5,2240,-8119,82,-454
5,2241,-8116,79,-458
5,2242,-8122,91,-458
5,2243,-8132,101,-447
5,2244,-8131,114,-443
5,2245,-8142,106,-473
5,2246,-8143,105,-464
5,2247,-8137,103,-475
5,2248,-8128,106,-470
5,2249,-8125,103,-485
5,2250,-8146,97,-473
5,2251,-8163,103,-487
5,2252,-8159,95,-482
5,2253,-8152,102,-484
5,2254,-8140,89,-462
5,2255,-8138,92,-458
5,2256,-8138,94,-464
5,2257,-8146,93,-462
5,2258,-8142,90,-465
5,2259,-8136,100,-473
5,2260,-8144,97,-488
5,2261,-8145,84,-489
5,2262,-8142,79,-472
5,2263,-8139,92,-462
5,2264,-8134,94,-472
5,2265,-8126,99,-478
5,2266,-8121,98,-495
5,2267,-8123,99,-475
5,2268,-8143,105,-477
5,2269,-8144,107,-466
5,2270,-8141,111,-462
5,2271,-8152,100,-454
5,2272,-8145,97,-454
5,2273,-8135,91,-465
5,2274,-8132,89,-453
5,2275,-8147,83,-451
5,2276,-8153,80,-449
5,2277,-8146,86,-444
5,2278,-8151,82,-447
5,2279,-8135,87,-465
5,2280,-8126,86,-467
5,2281,-8132,90,-485
5,2282,-8140,93,-491
5,2283,-8147,91,-493
5,2284,-8143,92,-470
5,2285,-8147,95,-464
5,2286,-8148,86,-480
5,2287,-8136,93,-468
5,2288,-8139,97,-483
5,2289,-8143,98,-511
5,2290,-8146,86,-504
5,2291,-8140,84,-494
5,2292,-8134,84,-496
5,2293,-8131,88,-493
5,2294,-8141,87,-487
5,2295,-8132,87,-485
5,2296,-8130,94,-469
5,2297,-8127,94,-477
5,2298,-8137,90,-473
5,2299,-8141,87,-476
5,2300,-8154,82,-457
5,2301,-8154,83,-454
5,2302,-8158,95,-451
5,2303,-8158,103,-460
5,2304,-8155,102,-453
5,2305,-8156,110,-441
5,2306,-8158,109,-430
5,2307,-8149,104,-444
5,2308,-8148,89,-444
5,2309,-8149,92,-435
5,2310,-8142,89,-454
5,2311,-8143,80,-459
5,2312,-8145,85,-467
5,2313,-8138,87,-453
5,2314,-8154,99,-463
5,2315,-8164,93,-462
5,2316,-8164,88,-448
5,2317,-8171,88,-459
5,2318,-8165,101,-484
5,2319,-8154,94,-469
5,2320,-8154,97,-470
5,2321,-8141,93,-483
5,2322,-8147,86,-483
5,2323,-8141,85,-477
5,2324,-8144,83,-479
5,2325,-8143,83,-474
5,2326,-8149,85,-486
5,2327,-8143,93,-498
5,2328,-8140,94,-464
5,2329,-8145,98,-469
5,2330,-8140,87,-476
5,2331,-8136,79,-467
5,2332,-8156,78,-465
5,2333,-8148,84,-448
5,2334,-8145,87,-433
5,2335,-8145,96,-448
5,2336,-8152,99,-453
5,2337,-8149,93,-454
5,2338,-8156,104,-458
5,2339,-8155,100,-464
5,2340,-8152,114,-463
5,2341,-8131,102,-473
5,2342,-8129,97,-466
5,2343,-8126,96,-455
5,2344,-8134,88,-464
5,2345,-8128,105,-482
5,2346,-8123,98,-488
5,2347,-8127,85,-487
5,2348,-8134,90,-489
5,2349,-8140,111,-478
5,2350,-8116,101,-486
5,2351,-8129,97,-480
5,2352,-8129,100,-467
5,2353,-8144,91,-464
5,2354,-8152,92,-485
5,2355,-8148,100,-486
5,2356,-8140,101,-485
5,2357,-8134,110,-495
5,2358,-8134,115,-499
5,2359,-8125,109,-489
5,2360,-8129,105,-492
5,2361,-8149,97,-497
5,2362,-8149,106,-494
5,2363,-8148,114,-502
5,2364,-8138,114,-494
5,2365,-8144,112,-484
5,2366,-8157,98,-475
5,2367,-8164,97,-472
5,2368,-8148,88,-472
5,2369,-8143,94,-482
5,2370,-8143,97,-460
5,2371,-8133,83,-452
5,2372,-8126,79,-447
5,2373,-8143,93,-468
5,2374,-8139,104,-442
5,2375,-8138,95,-447
5,2376,-8132,95,-439
5,2377,-8129,93,-440
5,2378,-8130,84,-450
5,2379,-8143,83,-459
5,2380,-8145,85,-458
5,2381,-8139,89,-469
5,2382,-8142,99,-475
5,2383,-8151,108,-493
5,2384,-8153,94,-480
5,2385,-8154,96,-478
5,2386,-8147,77,-462
5,2387,-8140,93,-475
5,2388,-8138,90,-487
5,2389,-8147,107,-484
5,2390,-8135,103,-483
5,2391,-8132,84,-472
5,2392,-8131,80,-481
5,2393,-8144,93,-483
5,2394,-8148,96,-476
5,2395,-8150,94,-479
5,2396,-8156,98,-460
5,2397,-8159,95,-466
5,2398,-8155,99,-484
5,2399,-8142,99,-497
5,2400,-8135,78,-479
5,2401,-8137,77,-488
5,2402,-8128,101,-480
5,2403,-8127,109,-478
5,2404,-8130,100,-481
5,2405,-8142,111,-494
5,2406,-8133,100,-475
5,2407,-8128,110,-456
5,2408,-8119,109,-448
5,2409,-8115,100,-458
5,2410,-8123,95,-457
5,2411,-8129,87,-461
5,2412,-8137,92,-466
5,2413,-8128,95,-459
5,2414,-8129,104,-448
5,2415,-8128,115,-454
5,2416,-8137,107,-467
5,2417,-8146,104,-458
5,2418,-8138,98,-461
5,2419,-8137,101,-473
5,2420,-8138,93,-470
5,2421,-8141,105,-482
5,2422,-8143,105,-490
5,2423,-8145,107,-494
5,2424,-8143,106,-510
5,2425,-8136,105,-502
5,2426,-8121,78,-497
5,2427,-8130,74,-499
5,2428,-8128,83,-497
5,2429,-8128,88,-483
5,2430,-8132,90,-476
5,2431,-8136,88,-484
5,2432,-8138,88,-489
5,2433,-8136,87,-471
5,2434,-8142,91,-452
5,2435,-8144,97,-456
5,2436,-8138,86,-461
5,2437,-8126,113,-454
5,2438,-8129,111,-457
5,2439,-8125,104,-447
5,2440,-8138,104,-459
5,2441,-8141,95,-458
5,2442,-8138,104,-449
5,2443,-8130,98,-451
5,2444,-8142,98,-456
5,2445,-8130,88,-459
5,2446,-8135,87,-446
5,2447,-8142,90,-456
5,2448,-8151,92,-465
5,2449,-8148,90,-472
5,2450,-8147,86,-461
5,2451,-8161,98,-456
5,2452,-8155,97,-461
5,2453,-8150,89,-464
5,2454,-8144,93,-473
5,2455,-8144,91,-485
5,2456,-8150,105,-482
5,2457,-8153,110,-487
5,2458,-8146,111,-493
5,2459,-8144,107,-500
5,2460,-8153,94,-505
5,2461,-8142,95,-482
5,2462,-8139,96,-472
5,2463,-8133,91,-458
5,2464,-8131,100,-481
5,2465,-8135,85,-495
5,2466,-8136,96,-472
5,2467,-8119,110,-471
5,2468,-8131,105,-471
5,2469,-8116,113,-465
5,2470,-8126,117,-466
5,2471,-8121,95,-462
5,2472,-8133,91,-470
5,2473,-8134,101,-459
5,2474,-8140,116,-453
5,2475,-8138,113,-458
5,2476,-8136,100,-471
5,2477,-8136,105,-444
5,2478,-8120,102,-454
5,2479,-8132,102,-455
5,2480,-8147,98,-460
5,2481,-8143,99,-459
5,2482,-8134,109,-460
5,2483,-8148,120,-468
5,2484,-8152,109,-464
5,2485,-8153,87,-466
5,2486,-8153,94,-466
5,2487,-8151,90,-465
5,2488,-8139,106,-470
5,2489,-8135,102,-482
5,2490,-8144,104,-503
5,2491,-8146,98,-509
5,2492,-8142,101,-495
5,2493,-8144,100,-491
5,2494,-8151,94,-508
5,2495,-8152,100,-506
5,2496,-8150,96,-479
5,2497,-8151,97,-479
6,0,-8133,101,-460
6,1,-8136,105,-456
6,2,-8137,106,-451
6,3,-8120,107,-455
6,4,-8127,111,-459
6,5,-8131,111,-461
6,6,-8138,105,-475
6,7,-8147,104,-460
6,8,-8144,106,-438
6,9,-8147,101,-437
6,10,-8138,97,-420
6,11,-8131,109,-428
6,12,-8139,100,-442
6,13,-8138,98,-438
6,14,-8136,95,-442
6,15,-8141,88,-447
6,16,-8144,84,-460
6,17,-8150,87,-476
6,18,-8140,85,-472
6,19,-8128,89,-467
6,20,-8136,98,-463
6,21,-8144,106,-474
6,22,-8136,114,-469
6,23,-8137,103,-491
6,24,-8152,94,-495
6,25,-8157,92,-489
6,26,-8146,84,-495
6,27,-8144,85,-489
6,28,-8149,76,-476
6,29,-8148,84,-488
6,30,-8153,89,-497
6,31,-8149,93,-474
6,32,-8156,97,-474
6,33,-8148,98,-465
6,34,-8157,88,-471
6,35,-8149,90,-467
6,36,-8141,88,-457
6,37,-8142,94,-478
6,38,-8148,99,-475
6,39,-8146,99,-472
6,40,-8145,100,-465
6,41,-8123,102,-456
6,42,-8134,102,-448
6,43,-8137,107,-468
6,44,-8131,111,-470
6,45,-8133,93,-461
6,46,-8140,88,-463
6,47,-8146,79,-474
6,48,-8140,79,-474
6,49,-8145,93,-473
6,50,-8148,100,-459
6,51,-8129,94,-459
6,52,-8136,95,-468
6,53,-8139,95,-460
6,54,-8142,89,-466
6,55,-8139,90,-480
6,56,-8134,97,-486
6,57,-8135,95,-493
6,58,-8126,95,-500
6,59,-8126,91,-482
6,60,-8137,87,-478
6,61,-8145,99,-481
6,62,-8151,93,-486
6,63,-8138,82,-488
6,64,-8144,82,-496
6,65,-8141,82,-496
6,66,-8132,89,-504
6,67,-8146,90,-500
6,68,-8134,88,-494
6,69,-8132,92,-489
6,70,-8138,81,-482
6,71,-8151,81,-476
6,72,-8154,80,-472
6,73,-8153,72,-463
6,74,-8144,77,-458
6,75,-8145,83,-449
6,76,-8140,104,-459
6,77,-8144,106,-444
6,78,-8154,113,-435
6,79,-8153,105,-427
6,80,-8163,91,-422
6,81,-8155,89,-427
6,82,-8153,87,-472
6,83,-8144,80,-474
6,84,-8134,93,-472
6,85,-8131,98,-467
6,86,-8140,117,-470
6,87,-8134,95,-485
6,88,-8140,96,-492
6,89,-8144,97,-498
6,90,-8143,102,-483
6,91,-8140,95,-483
6,92,-8135,87,-481
6,93,-8128,97,-493
6,94,-8127,92,-461
6,95,-8133,99,-450
6,96,-8139,108,-453
6,97,-8144,107,-461
6,98,-8137,92,-471
6,99,-8150,92,-463
6,100,-8144,101,-459
6,101,-8141,96,-462
6,102,-8138,92,-476
6,103,-8146,85,-488
6,104,-8143,88,-478
6,105,-8154,86,-477
6,106,-8155,78,-471
6,107,-8149,75,-464
6,108,-8142,76,-450
6,109,-8135,69,-456
6,110,-8128,72,-452
6,111,-8126,90,-465
6,112,-8134,98,-461
6,113,-8138,107,-461
6,114,-8139,98,-450
6,115,-8145,95,-449
6,116,-8152,97,-451
6,117,-8142,88,-452
6,118,-8144,94,-456
6,119,-8153,92,-455
6,120,-8149,105,-473
6,121,-8140,104,-478
6,122,-8140,100,-483
6,123,-8138,83,-477
6,124,-8132,84,-485
6,125,-8130,81,-502
6,126,-8136,81,-514
6,127,-8133,87,-495
6,128,-8140,94,-489
6,129,-8132,97,-484
6,130,-8132,105,-491
6,131,-8131,89,-494
6,132,-8134,91,-476
6,133,-8134,93,-474
6,134,-8121,95,-469
6,135,-8116,89,-470
6,136,-8117,85,-481
6,137,-8115,79,-491
6,138,-8119,93,-491
6,139,-8123,108,-493
6,140,-8122,114,-476
6,141,-8136,99,-448
6,142,-8131,85,-430
6,143,-8139,94,-430
6,144,-8140,105,-435
6,145,-8139,122,-451
6,146,-8127,117,-462
6,147,-8135,102,-474
6,148,-8143,89,-473
6,149,-8133,86,-469
6,150,-8134,88,-466
6,151,-8140,97,-451
6,152,-8143,95,-451
6,153,-8151,101,-458
6,154,-8156,109,-452
6,155,-8159,102,-455
6,156,-8153,114,-465
6,157,-8147,106,-480
6,158,-8145,99,-481
6,159,-8135,105,-493
6,160,-8143,102,-488
6,161,-8155,107,-476
6,162,-8144,109,-469
6,163,-8137,99,-475
6,164,-8140,106,-481
6,165,-8140,112,-480
6,166,-8146,108,-483
6,167,-8141,98,-497
6,168,-8137,101,-487
6,169,-8128,99,-477
6,170,-8131,93,-481
6,171,-8135,92,-484
6,172,-8131,97,-476
6,173,-8136,89,-485
6,174,-8137,88,-471
6,175,-8139,93,-469
6,176,-8145,78,-473
6,177,-8142,79,-476
6,178,-8128,85,-478
6,179,-8124,88,-470
6,180,-8122,91,-470
6,181,-8123,95,-461
6,182,-8127,83,-457
6,183,-8131,83,-460
6,184,-8144,96,-451
6,185,-8138,92,-419
6,186,-8136,113,-437
6,187,-8137,105,-446
6,188,-8131,100,-436
6,189,-8132,94,-432
6,190,-8129,97,-454
6,191,-8132,89,-465
6,192,-8126,93,-477
6,193,-8135,90,-486
6,194,-8149,94,-473
6,195,-8157,97,-459
6,196,-8152,99,-462
6,197,-8141,99,-481
6,198,-8135,87,-475
6,199,-8145,83,-464
6,200,-8150,79,-466
6,201,-8143,87,-479
6,202,-8144,91,-487
6,203,-8138,88,-463
6,204,-8144,91,-480
6,205,-8140,88,-474
6,206,-8144,95,-478
6,207,-8145,104,-462
6,208,-8144,98,-473
6,209,-8147,87,-472
6,210,-8150,88,-463
6,211,-8149,96,-454
6,212,-8145,95,-459
6,213,-8151,105,-470
6,214,-8142,93,-474
6,215,-8149,95,-467
6,216,-8149,109,-458
6,217,-8133,99,-457
6,218,-8134,92,-477
6,219,-8136,98,-472
6,220,-8139,94,-474
6,221,-8131,84,-461
6,222,-8127,85,-470
6,223,-8140,87,-488
6,224,-8132,90,-467
6,225,-8144,96,-458
6,226,-8151,115,-462
6,227,-8157,107,-474
6,228,-8158,99,-478
6,229,-8144,100,-479
6,230,-8143,95,-479
6,231,-8144,87,-485
6,232,-8142,95,-490
6,233,-8140,99,-483
6,234,-8133,99,-477
6,235,-8130,103,-475
6,236,-8143,95,-482
6,237,-8133,103,-487
6,238,-8143,110,-462
6,239,-8134,100,-477
6,240,-8134,103,-482
6,241,-8132,93,-476
6,242,-8138,100,-489
6,243,-8136,87,-483
6,244,-8128,95,-493
6,245,-8135,89,-472
6,246,-8132,87,-462
6,247,-8131,84,-457
6,248,-8131,94,-455
6,249,-8136,88,-439
6,250,-8143,86,-454
6,251,-8145,97,-452
6,252,-8150,101,-449
6,253,-8140,100,-451
6,254,-8146,103,-449
6,255,-8145,91,-444
6,256,-8139,102,-439
6,257,-8143,96,-438
6,258,-8132,95,-467
6,259,-8125,100,-485
6,260,-8129,103,-468
6,261,-8130,106,-469
6,262,-8136,108,-462
6,263,-8139,107,-464
6,264,-8139,104,-470
6,265,-8143,99,-472
6,266,-8150,97,-482
6,267,-8144,84,-490
6,268,-8139,86,-471
6,269,-8133,91,-477
6,270,-8136,86,-485
6,271,-8146,95,-487
6,272,-8136,96,-502
6,273,-8142,98,-499
6,274,-8142,92,-477
6,275,-8135,100,-471
6,276,-8143,94,-484
6,277,-8146,94,-475
6,278,-8134,117,-468
6,279,-8139,120,-462
6,280,-8145,110,-463
6,281,-8146,104,-452
6,282,-8140,113,-441
6,283,-8135,115,-444
6,284,-8139,105,-444
6,285,-8160,115,-460
6,286,-8152,102,-458
6,287,-8154,100,-472
6,288,-8128,98,-457
6,289,-8130,92,-460
6,290,-8131,99,-464
6,291,-8137,88,-471
6,292,-8135,85,-472
6,293,-8138,95,-468
6,294,-8150,101,-461
6,295,-8147,91,-440
6,296,-8161,76,-456
6,297,-8151,72,-458
6,298,-8144,70,-460
6,299,-8142,79,-453
6,300,-8149,102,-470
6,301,-8140,109,-490
6,302,-8135,123,-495
6,303,-8137,106,-480
6,304,-8143,96,-472
6,305,-8131,88,-481
6,306,-8137,90,-477
6,307,-8131,95,-489
6,308,-8123,99,-479
6,309,-8119,103,-481
6,310,-8118,90,-484
6,311,-8137,93,-473
6,312,-8137,98,-476
6,313,-8153,94,-446
6,314,-8161,89,-448
6,315,-8157,92,-454
6,316,-8150,87,-446
6,317,-8141,88,-430
6,318,-8153,71,-432
6,319,-8151,86,-425
6,320,-8134,111,-433
6,321,-8130,102,-458
6,322,-8138,99,-455
6,323,-8142,95,-469
6,324,-8144,91,-472
6,325,-8137,85,-482
6,326,-8130,85,-484
6,327,-8139,95,-489
6,328,-8138,100,-476
6,329,-8137,90,-483
6,330,-8141,99,-491
6,331,-8137,102,-491
6,332,-8131,99,-501
6,333,-8140,100,-504
6,334,-8134,96,-496
6,335,-8150,88,-495
6,336,-8140,87,-495
6,337,-8142,88,-509
6,338,-8131,84,-506
6,339,-8139,85,-487
6,340,-8142,87,-487
6,341,-8139,97,-477
6,342,-8136,99,-491
6,343,-8135,99,-479
6,344,-8143,87,-468
6,345,-8137,81,-478
6,346,-8140,83,-481
6,347,-8148,86,-473
6,348,-8147,92,-462
6,349,-8138,93,-456
6,350,-8126,86,-428
6,351,-8138,89,-436
6,352,-8131,87,-454
6,353,-8122,84,-467
6,354,-8129,91,-451
6,355,-8135,86,-458
6,356,-8140,92,-475
6,357,-8143,109,-469
6,358,-8148,100,-459
6,359,-8148,87,-464
6,360,-8142,103,-467
6,361,-8148,102,-466
6,362,-8158,100,-464
6,363,-8155,84,-473
6,364,-8150,83,-473
6,365,-8154,99,-492
6,366,-8155,104,-475
6,367,-8150,106,-483
6,368,-8148,110,-485
6,369,-8152,114,-482
6,370,-8150,101,-480
6,371,-8154,86,-465
6,372,-8148,87,-471
6,373,-8141,82,-470
6,374,-8126,79,-462
6,375,-8148,76,-482
6,376,-8151,87,-486
6,377,-8140,102,-474
6,378,-8145,100,-483
6,379,-8147,109,-482
6,380,-8141,112,-485
6,381,-8137,125,-502
6,382,-8146,117,-492
6,383,-8133,123,-481
6,384,-8134,113,-480
6,385,-8134,112,-469
6,386,-8130,108,-440
6,387,-8131,106,-441
6,388,-8134,100,-446
6,389,-8128,78,-457
6,390,-8119,92,-458
6,391,-8125,91,-471
6,392,-8134,103,-453
6,393,-8137,113,-426
6,394,-8130,101,-434
6,395,-8137,93,-436
6,396,-8136,113,-453
6,397,-8139,106,-471
6,398,-8147,97,-477
6,399,-8138,90,-497
6,400,-8158,98,-485
6,401,-8172,93,-478
6,402,-8166,87,-474
6,403,-8153,83,-482
6,404,-8142,84,-498
6,405,-8147,88,-490
6,406,-8133,91,-480
6,407,-8145,83,-474
6,408,-8149,81,-465
6,409,-8138,84,-492
6,410,-8137,90,-491
6,411,-8128,87,-486
6,412,-8143,85,-469
6,413,-8150,98,-475
6,414,-8145,109,-478
6,415,-8127,97,-486
6,416,-8133,102,-469
6,417,-8127,89,-449
6,418,-8131,79,-436
6,419,-8138,88,-420
6,420,-8164,91,-431
6,421,-8158,91,-421
6,422,-8141,83,-432
6,423,-8151,84,-446
6,424,-8151,94,-460
6,425,-8158,111,-463
6,426,-8156,111,-443
6,427,-8159,97,-443
6,428,-8155,102,-440
6,429,-8162,95,-439
6,430,-8156,103,-437
6,431,-8153,96,-447
6,432,-8144,94,-462
6,433,-8145,98,-464
6,434,-8140,84,-473
6,435,-8139,87,-479
6,436,-8145,80,-501
6,437,-8143,95,-499
6,438,-8155,105,-494
6,439,-8146,96,-495
6,440,-8133,94,-487
6,441,-8127,91,-495
6,442,-8141,84,-499
6,443,-8138,96,-501
6,444,-8137,103,-489
6,445,-8134,102,-499
6,446,-8129,102,-487
6,447,-8131,99,-472
6,448,-8138,99,-466
6,449,-8144,95,-471
6,450,-8134,80,-482
6,451,-8154,92,-484
6,452,-8170,101,-500
6,453,-8155,93,-474
6,454,-8149,82,-463
6,455,-8143,89,-462
6,456,-8129,88,-460
6,457,-8127,94,-458
6,458,-8145,88,-465
6,459,-8141,91,-452
6,460,-8147,99,-453
6,461,-8139,102,-440
6,462,-8136,91,-449
6,463,-8147,85,-455
6,464,-8143,72,-480
6,465,-8134,65,-482
6,466,-8143,62,-475
6,467,-8138,77,-471
6,468,-8142,90,-485
6,469,-8139,90,-501
6,470,-8144,108,-508
6,471,-8147,104,-491
6,472,-8147,97,-487
6,473,-8146,94,-482
6,474,-8150,102,-475
6,475,-8155,91,-462
6,476,-8159,101,-457
6,477,-8155,95,-465
6,478,-8139,100,-481
6,479,-8131,93,-472
6,480,-8126,100,-449
6,481,-8125,100,-455
6,482,-8119,96,-456
6,483,-8119,87,-459
6,484,-8144,91,-453
6,485,-8139,99,-452
6,486,-8150,110,-452
6,487,-8148,112,-461
6,488,-8150,102,-465
6,489,-8147,96,-471
6,490,-8131,104,-459
6,491,-8133,116,-459
6,492,-8142,110,-466
6,493,-8142,103,-469
6,494,-8147,98,-476
6,495,-8148,98,-478
6,496,-8143,102,-481
6,497,-8139,107,-461
6,498,-8139,104,-464
6,499,-8142,103,-486
6,500,-8135,104,-477
6,501,-8136,119,-481
6,502,-8140,120,-490
6,503,-8133,114,-471
6,504,-8135,107,-478
6,505,-8139,99,-461
6,506,-8148,104,-467
6,507,-8149,109,-454
6,508,-8147,107,-435
6,509,-8156,103,-463
6,510,-8147,98,-482
6,511,-8144,100,-470
6,512,-8140,100,-471
6,513,-8154,90,-471
6,514,-8154,106,-481
6,515,-8157,103,-486
6,516,-8148,88,-461
6,517,-8143,77,-454
6,518,-8143,83,-446
6,519,-8144,92,-463
6,520,-8132,86,-447
6,521,-8134,98,-447
6,522,-8139,98,-467
6,523,-8134,94,-454
6,524,-8135,107,-459
6,525,-8132,106,-463
6,526,-8140,103,-473
6,527,-8149,105,-476
6,528,-8147,111,-464
6,529,-8134,106,-439
6,530,-8138,105,-436
6,531,-8133,97,-455
6,532,-8132,104,-464
6,533,-8124,104,-478
6,534,-8138,106,-479
6,535,-8142,98,-470
6,536,-8142,92,-472
6,537,-8135,86,-467
6,538,-8148,85,-461
6,539,-8146,104,-461
6,540,-8149,98,-467
6,541,-8144,101,-473
6,542,-8141,97,-486
6,543,-8140,96,-494
6,544,-8141,94,-477
6,545,-8150,90,-454
6,546,-8146,91,-454
6,547,-8134,95,-472
6,548,-8128,92,-474
6,549,-8138,96,-480
6,550,-8145,94,-465
6,551,-8136,95,-484
6,552,-8138,88,-492
6,553,-8138,87,-496
6,554,-8144,83,-495
6,555,-8136,92,-486
6,556,-8135,104,-472
6,557,-8148,95,-472
6,558,-8143,90,-475
6,559,-8145,107,-458
6,560,-8144,115,-453
6,561,-8137,117,-438
6,562,-8138,120,-444
6,563,-8126,119,-456
6,564,-8118,123,-470
6,565,-8124,99,-463
6,566,-8126,96,-455
6,567,-8126,85,-471
6,568,-8131,82,-482
6,569,-8145,90,-484
6,570,-8133,79,-461
6,571,-8135,86,-469
6,572,-8153,90,-470
6,573,-8152,97,-451
6,574,-8142,94,-481
6,575,-8129,88,-489
6,576,-8128,85,-479
6,577,-8124,85,-483
6,578,-8127,87,-494
6,579,-8132,83,-482
6,580,-8125,71,-484
6,581,-8135,83,-484
6,582,-8150,79,-471
6,583,-8145,80,-479
6,584,-8148,83,-495
6,585,-8149,90,-480
6,586,-8144,87,-487
6,587,-8143,80,-485
6,588,-8144,91,-478
6,589,-8141,88,-493
6,590,-8135,88,-480
6,591,-8138,82,-457
6,592,-8142,86,-462
6,593,-8129,92,-471
6,594,-8135,84,-442
6,595,-8124,87,-428
6,596,-8126,97,-429
6,597,-8123,114,-456
6,598,-8135,118,-469
6,599,-8146,124,-477
6,600,-8142,121,-461
6,601,-8135,106,-470
6,602,-8135,85,-479
6,603,-8135,90,-476
6,604,-8139,94,-467
6,605,-8139,90,-470
6,606,-8138,92,-465
6,607,-8137,96,-485
6,608,-8140,95,-479
6,609,-8136,97,-474
6,610,-8139,94,-470
6,611,-8152,83,-478
6,612,-8153,80,-471
6,613,-8131,86,-466
6,614,-8129,96,-475
6,615,-8139,102,-486
6,616,-8143,103,-493
6,617,-8149,89,-488
6,618,-8155,88,-491
6,619,-8156,81,-469
6,620,-8156,77,-467
6,621,-8158,78,-465
6,622,-8158,88,-466
6,623,-8149,101,-459
6,624,-8142,107,-474
6,625,-8144,102,-485
6,626,-8150,100,-468
6,627,-8144,94,-460
6,628,-8142,95,-451
6,629,-8133,108,-447
6,630,-8143,110,-443
6,631,-8144,101,-429
6,632,-8141,111,-443
6,633,-8158,100,-462
6,634,-8160,97,-465
6,635,-8158,87,-446
6,636,-8146,80,-447
6,637,-8128,88,-452
6,638,-8138,78,-471
6,639,-8138,72,-468
6,640,-8134,75,-473
6,641,-8121,86,-470
6,642,-8120,85,-464
6,643,-8115,82,-469
6,644,-8125,97,-472
6,645,-8133,113,-469
6,646,-8128,107,-488
6,647,-8149,99,-498
6,648,-8144,91,-471
6,649,-8143,100,-476
6,650,-8151,82,-472
6,651,-8148,85,-460
6,652,-8152,85,-461
6,653,-8152,92,-464
6,654,-8155,88,-452
6,655,-8149,106,-472
6,656,-8132,98,-476
6,657,-8141,104,-463
6,658,-8137,96,-465
6,659,-8126,100,-471
6,660,-8140,92,-446
6,661,-8144,105,-440
6,662,-8141,97,-442
6,663,-8141,97,-445
6,664,-8140,96,-453
6,665,-8130,92,-458
6,666,-8141,84,-456
6,667,-8143,83,-455
6,668,-8143,86,-461
6,669,-8142,86,-460
6,670,-8136,83,-451
6,671,-8141,92,-456
6,672,-8137,88,-464
6,673,-8142,85,-474
6,674,-8145,91,-452
6,675,-8147,79,-458
6,676,-8149,86,-477
6,677,-8148,84,-484
6,678,-8141,85,-479
6,679,-8143,84,-475
6,680,-8146,90,-475
6,681,-8141,104,-475
6,682,-8147,115,-466
6,683,-8152,112,-464
6,684,-8149,101,-469
6,685,-8138,104,-483
6,686,-8140,87,-491
6,687,-8132,81,-501
6,688,-8140,85,-498
6,689,-8134,98,-505
6,690,-8138,97,-487
6,691,-8128,80,-466
6,692,-8139,75,-484
6,693,-8142,80,-483
6,694,-8133,88,-487
6,695,-8138,87,-477
6,696,-8136,98,-464
6,697,-8142,106,-467
6,698,-8133,109,-453
6,699,-8139,117,-459
6,700,-8145,113,-458
6,701,-8139,109,-439
6,702,-8149,112,-436
6,703,-8149,103,-426
6,704,-8134,100,-437
6,705,-8143,106,-444
6,706,-8142,93,-438
6,707,-8143,95,-453
6,708,-8146,88,-439
6,709,-8159,102,-455
6,710,-8162,106,-487
6,711,-8156,104,-479
6,712,-8164,98,-480
6,713,-8149,87,-477
6,714,-8146,97,-467
6,715,-8144,102,-455
6,716,-8146,106,-459
6,717,-8134,101,-472
6,718,-8138,100,-467
6,719,-8142,105,-472
6,720,-8137,93,-460
6,721,-8137,95,-476
6,722,-8148,103,-481
6,723,-8146,112,-485
6,724,-8141,101,-492
6,725,-8143,81,-490
6,726,-8143,92,-482
6,727,-8140,82,-476
6,728,-8139,80,-470
6,729,-8146,83,-465
6,730,-8142,83,-462
6,731,-8135,80,-464
6,732,-8146,83,-452
6,733,-8142,81,-457
6,734,-8147,86,-461
6,735,-8151,81,-461
6,736,-8137,71,-453
6,737,-8145,67,-458
6,738,-8149,86,-466
6,739,-8148,86,-464
6,740,-8125,92,-453
6,741,-8128,88,-443
6,742,-8137,87,-459
6,743,-8139,97,-468
6,744,-8145,95,-481
6,745,-8140,96,-451
6,746,-8133,97,-464
6,747,-8131,97,-466
6,748,-8147,90,-463
6,749,-8132,97,-470
6,750,-8132,95,-471
6,751,-8152,101,-486
6,752,-8157,104,-479
6,753,-8141,103,-470
6,754,-8138,101,-483
6,755,-8139,104,-481
6,756,-8147,95,-472
6,757,-8153,91,-459
6,758,-8143,92,-451
6,759,-8126,98,-465
6,760,-8121,93,-485
6,761,-8128,95,-479
6,762,-8131,95,-459
6,763,-8131,88,-451
6,764,-8141,94,-446
6,765,-8139,102,-449
6,766,-8140,111,-469
6,767,-8143,115,-475
6,768,-8132,109,-487
6,769,-8135,115,-459
6,770,-8138,110,-471
6,771,-8122,102,-462
6,772,-8131,89,-461
6,773,-8137,91,-452
6,774,-8136,102,-461
6,775,-8145,98,-474
6,776,-8136,98,-476
6,777,-8139,97,-476
6,778,-8148,104,-482
6,779,-8144,113,-472
6,780,-8140,114,-482
6,781,-8145,106,-492
6,782,-8149,92,-481
6,783,-8149,78,-487
6,784,-8140,82,-460
6,785,-8142,87,-469
6,786,-8136,105,-471
6,787,-8148,106,-467
6,788,-8150,106,-471
6,789,-8137,90,-483
6,790,-8140,85,-475
6,791,-8136,79,-490
6,792,-8152,85,-471
6,793,-8152,82,-450
6,794,-8155,85,-471
6,795,-8140,88,-468
6,796,-8125,91,-474
6,797,-8139,87,-460
6,798,-8145,98,-449
6,799,-8155,111,-445
6,800,-8156,96,-461
6,801,-8141,91,-470
6,802,-8146,98,-481
6,803,-8145,91,-464
6,804,-8134,92,-465
6,805,-8133,105,-444
6,806,-8141,104,-465
6,807,-8144,103,-471
6,808,-8140,103,-465
6,809,-8149,103,-460
6,810,-8146,110,-468
6,811,-8139,108,-476
6,812,-8141,101,-468
6,813,-8134,109,-463
6,814,-8139,102,-487
6,815,-8145,98,-492
6,816,-8145,85,-490
6,817,-8148,98,-484
6,818,-8133,100,-483
6,819,-8127,102,-483
6,820,-8134,100,-475
6,821,-8128,91,-481
6,822,-8138,99,-484
6,823,-8149,95,-493
6,824,-8144,93,-494
6,825,-8141,88,-498
6,826,-8133,89,-488
6,827,-8136,92,-475
6,828,-8131,85,-455
6,829,-8144,98,-455
6,830,-8139,94,-465
6,831,-8154,82,-476
6,832,-8138,78,-480
6,833,-8137,90,-494
6,834,-8137,93,-494
6,835,-8131,93,-491
6,836,-8137,94,-462
6,837,-8144,86,-450
6,838,-8143,90,-467
6,839,-8153,94,-473
6,840,-8136,90,-474
6,841,-8143,98,-475
6,842,-8148,88,-471
6,843,-8155,82,-464
6,844,-8150,88,-460
6,845,-8139,99,-466
6,846,-8130,89,-486
6,847,-8133,86,-477
6,848,-8124,88,-471
6,849,-8132,80,-473
6,850,-8134,80,-486
6,851,-8129,88,-490
6,852,-8135,104,-496
6,853,-8137,101,-488
6,854,-8145,97,-477
6,855,-8140,95,-469
6,856,-8138,94,-455
6,857,-8146,101,-446
6,858,-8160,99,-447
6,859,-8167,93,-464
6,860,-8153,94,-473
6,861,-8161,90,-473
6,862,-8159,100,-483
6,863,-8153,104,-487
6,864,-8164,114,-483
6,865,-8157,95,-490
6,866,-8140,96,-471
6,867,-8138,97,-477
6,868,-8140,93,-491
6,869,-8151,81,-480
6,870,-8159,99,-479
6,871,-8158,96,-475
6,872,-8158,84,-470
6,873,-8160,100,-454
6,874,-8152,100,-459
6,875,-8138,93,-466
6,876,-8130,81,-470
6,877,-8133,92,-478
6,878,-8143,96,-470
6,879,-8151,93,-460
6,880,-8144,86,-475
6,881,-8139,87,-468
6,882,-8147,94,-473
6,883,-8141,95,-477
6,884,-8142,83,-481
6,885,-8138,82,-495
6,886,-8139,81,-495
6,887,-8147,84,-475
6,888,-8140,102,-478
6,889,-8133,105,-478
6,890,-8139,95,-472
6,891,-8132,101,-444
6,892,-8143,106,-449
6,893,-8146,101,-468
6,894,-8146,101,-481
6,895,-8150,111,-493
6,896,-8159,103,-485
6,897,-8150,112,-477
6,898,-8150,106,-479
6,899,-8152,105,-463
6,900,-8142,97,-457
6,901,-8154,92,-448
6,902,-8144,84,-458
6,903,-8165,83,-460
6,904,-8164,97,-458
6,905,-8154,92,-460
6,906,-8142,96,-452
6,907,-8143,102,-448
6,908,-8137,107,-455
6,909,-8128,102,-441
6,910,-8141,107,-438
6,911,-8131,104,-460
6,912,-8142,93,-475
6,913,-8133,74,-500
6,914,-8135,81,-503
6,915,-8136,83,-512
6,916,-8137,94,-504
6,917,-8143,92,-473
6,918,-8142,90,-474
6,919,-8131,91,-457
6,920,-8141,82,-468
6,921,-8146,80,-463
6,922,-8147,90,-461
6,923,-8146,89,-452
6,924,-8143,89,-462
6,925,-8140,85,-480
6,926,-8139,85,-485
6,927,-8138,82,-463
6,928,-8136,75,-452
6,929,-8131,81,-463
6,930,-8122,81,-474
6,931,-8132,84,-479
6,932,-8136,94,-493
6,933,-8135,94,-488
6,934,-8126,93,-470
6,935,-8135,86,-471
6,936,-8141,87,-469
6,937,-8138,83,-489
6,938,-8144,84,-485
6,939,-8141,92,-481
6,940,-8129,94,-498
6,941,-8132,99,-490
6,942,-8147,92,-465
6,943,-8145,80,-454
6,944,-8143,87,-445
6,945,-8134,95,-440
6,946,-8135,83,-428
6,947,-8151,82,-424
6,948,-8138,88,-441
6,949,-8141,81,-452
6,950,-8151,83,-459
6,951,-8148,83,-474
6,952,-8149,81,-485
6,953,-8146,77,-473
6,954,-8142,78,-468
6,955,-8140,82,-471
6,956,-8153,88,-473
6,957,-8155,86,-453
6,958,-8152,91,-467
6,959,-8139,97,-466
6,960,-8133,89,-452
6,961,-8133,86,-464
6,962,-8128,93,-466
6,963,-8141,90,-477
6,964,-8150,83,-467
6,965,-8149,92,-459
6,966,-8149,95,-470
6,967,-8155,93,-473
6,968,-8143,89,-470
6,969,-8139,85,-480
6,970,-8137,86,-456
6,971,-8136,95,-454
6,972,-8143,96,-470
6,973,-8152,88,-476
6,974,-8155,92,-461
6,975,-8152,102,-462
6,976,-8150,98,-464
6,977,-8150,93,-446
6,978,-8155,96,-454
6,979,-8161,95,-458
6,980,-8157,85,-454
6,981,-8147,87,-462
6,982,-8148,89,-469
6,983,-8143,93,-473
6,984,-8150,89,-457
6,985,-8148,86,-456
6,986,-8142,80,-459
6,987,-8148,85,-459
6,988,-8154,91,-472
6,989,-8159,101,-466
6,990,-8154,103,-464
6,991,-8146,100,-474
