block,index,ax_raw,ay_raw,az_raw
1,0,4,-8178,91
1,1,5,-8180,70
1,2,4,-8181,56
1,3,-3,-8166,62
1,4,-20,-8169,52
1,5,-10,-8162,45
1,6,-12,-8175,35
1,7,-19,-8176,37
1,8,-26,-8194,57
1,9,-24,-8181,74
1,10,-20,-8184,77
1,11,-15,-8160,104
1,12,-20,-8167,124
1,13,-20,-8169,121
1,14,-16,-8172,111
1,15,-16,-8178,71
1,16,-20,-8173,87
1,17,-23,-8177,106
1,18,-11,-8161,94
1,19,-19,-8177,96
1,20,-27,-8169,104
1,21,-27,-8181,108
1,22,-30,-8168,99
1,23,-32,-8165,89
1,24,-23,-8168,90
1,25,-8,-8187,89
1,26,1,-8189,84
1,27,6,-8175,86
1,28,-3,-8180,83
1,29,-7,-8184,84
1,30,-6,-8182,68
1,31,-13,-8188,55
1,32,-11,-8184,69
1,33,-17,-8179,88
1,34,-11,-8174,93
1,35,-8,-8177,108
1,36,2,-8189,97
1,37,-4,-8189,88
1,38,-14,-8189,108
1,39,-7,-8185,109
1,40,-1,-8190,99
1,41,-12,-8181,106
1,42,-14,-8186,103
1,43,-16,-8198,111
1,44,-12,-8196,122
1,45,-2,-8188,110
1,46,-17,-8180,78
1,47,-17,-8172,87
1,48,-30,-8176,97
1,49,-31,-8182,94
1,50,-20,-8169,115
1,51,-9,-8179,90
1,52,-14,-8186,110
1,53,-15,-8182,121
1,54,-11,-8198,117
1,55,-2,-8204,120
1,56,-8,-8190,123
1,57,-10,-8176,117
1,58,-21,-8177,122
1,59,-23,-8180,131
1,60,-35,-8187,128
1,61,-31,-8182,123
1,62,-28,-8170,109
1,63,-24,-8170,113
1,64,-17,-8179,114
1,65,-18,-8190,104
1,66,-18,-8187,98
1,67,-26,-8182,89
1,68,-16,-8166,114
1,69,-7,-8179,131
1,70,-16,-8196,137
1,71,-18,-8189,125
1,72,-12,-8176,111
1,73,-2,-8184,108
1,74,-8,-8192,87
1,75,-7,-8189,101
1,76,-15,-8173,93
1,77,-27,-8165,87
1,78,-25,-8162,87
1,79,-24,-8164,92
1,80,-17,-8171,103
1,81,-13,-8169,120
1,82,-4,-8167,146
1,83,-3,-8173,136
1,84,-2,-8181,123
1,85,-1,-8187,109
1,86,-8,-8180,105
1,87,-7,-8179,89
1,88,-24,-8174,80
1,89,-31,-8171,81
1,90,-2,-8175,86
1,91,-7,-8170,69
1,92,-7,-8179,81
1,93,-10,-8194,82
1,94,-12,-8177,82
1,95,-23,-8189,101
1,96,-25,-8196,106
1,97,-20,-8194,126
1,98,-21,-8197,116
1,99,-26,-8196,126
1,100,-19,-8182,124
1,101,-3,-8183,131
1,102,-11,-8179,119
1,103,-27,-8177,105
1,104,-18,-8176,95
1,105,-23,-8188,87
1,106,-27,-8183,92
1,107,-32,-8172,100
1,108,-32,-8170,113
1,109,-24,-8178,116
1,110,-17,-8191,109
1,111,-11,-8185,106
1,112,-3,-8172,101
1,113,-10,-8176,94
1,114,-12,-8166,85
1,115,-16,-8165,85
1,116,-19,-8166,70
1,117,-20,-8169,87
1,118,-19,-8164,81
1,119,-23,-8181,72
1,120,-18,-8177,81
1,121,-14,-8175,97
1,122,-4,-8182,103
1,123,1,-8179,124
1,124,-5,-8170,128
1,125,-2,-8183,132
1,126,-4,-8183,118
1,127,-4,-8180,103
1,128,-12,-8185,96
1,129,0,-8198,102
1,130,0,-8198,91
1,131,-9,-8185,88
1,132,-16,-8177,115
1,133,-14,-8171,124
1,134,-3,-8174,124
1,135,-8,-8183,109
1,136,-10,-8181,93
1,137,-9,-8178,92
1,138,-8,-8171,95
1,139,-5,-8156,92
1,140,-7,-8154,101
1,141,-13,-8167,97
1,142,-15,-8192,107
1,143,-18,-8191,108
1,144,-16,-8180,124
1,145,-14,-8188,115
1,146,-5,-8188,103
1,147,-12,-8188,102
1,148,-19,-8190,89
1,149,-21,-8178,67
1,150,-20,-8178,60
1,151,-23,-8173,76
1,152,-25,-8159,77
1,153,-28,-8165,85
1,154,-21,-8164,78
1,155,-24,-8154,80
1,156,-20,-8165,77
1,157,-18,-8182,77
1,158,-13,-8182,67
1,159,-21,-8173,77
1,160,-12,-8178,88
1,161,-12,-8182,86
1,162,-12,-8177,81
1,163,-6,-8183,72
1,164,-21,-8186,83
1,165,-23,-8183,103
1,166,-16,-8181,112
1,167,-10,-8178,101
1,168,-24,-8176,92
1,169,-25,-8173,86
1,170,-8,-8171,99
1,171,-3,-8187,99
1,172,-17,-8176,103
1,173,-7,-8172,95
1,174,-19,-8182,98
1,175,-21,-8177,88
1,176,-18,-8169,95
1,177,-31,-8161,109
1,178,-30,-8157,102
1,179,-16,-8167,97
1,180,-23,-8177,94
1,181,-12,-8176,96
1,182,-12,-8176,101
1,183,-7,-8172,99
1,184,-8,-8181,97
1,185,-17,-8176,128
1,186,-17,-8178,117
1,187,-17,-8180,109
1,188,-20,-8171,105
1,189,-26,-8173,98
1,190,-20,-8167,101
1,191,-9,-8166,96
1,192,8,-8171,115
1,193,12,-8168,110
1,194,4,-8175,111
1,195,7,-8174,98
1,196,12,-8170,94
1,197,6,-8173,98
1,198,1,-8181,98
1,199,-11,-8183,92
1,200,-27,-8181,84
1,201,-24,-8186,86
1,202,-24,-8169,91
1,203,-15,-8180,99
1,204,-12,-8184,113
1,205,-12,-8180,111
1,206,-15,-8183,107
1,207,-8,-8192,106
1,208,-9,-8192,79
1,209,-5,-8186,89
1,210,-10,-8175,101
1,211,-13,-8153,100
1,212,-20,-8160,109
1,213,-25,-8175,109
1,214,-19,-8182,118
1,215,-11,-8173,100
1,216,-21,-8175,83
1,217,-25,-8169,81
1,218,-19,-8160,74
1,219,-23,-8170,68
1,220,-17,-8167,86
1,221,-14,-8158,106
1,222,-14,-8172,106
1,223,-5,-8172,93
1,224,-3,-8165,103
1,225,-15,-8159,109
1,226,-19,-8157,100
1,227,-19,-8177,105
1,228,-12,-8173,104
1,229,-23,-8169,106
1,230,-28,-8169,111
1,231,-15,-8177,97
1,232,-24,-8185,100
1,233,-37,-8183,91
1,234,-29,-8190,107
1,235,-23,-8196,120
1,236,-18,-8185,106
1,237,-12,-8188,109
1,238,-12,-8201,105
1,239,-1,-8189,102
1,240,7,-8188,87
1,241,-11,-8187,79
1,242,-7,-8182,95
1,243,-15,-8178,107
1,244,-22,-8179,95
1,245,-19,-8165,82
1,246,-13,-8160,92
1,247,-4,-8157,95
1,248,-1,-8177,87
1,249,-2,-8178,76
1,250,-11,-8178,76
1,251,-9,-8182,96
1,252,-4,-8183,88
1,253,-1,-8192,109
1,254,2,-8201,100
1,255,-12,-8181,94
1,256,-4,-8170,96
1,257,-4,-8164,101
1,258,0,-8171,103
1,259,-3,-8187,103
1,260,-2,-8180,109
1,261,-10,-8181,101
1,262,-12,-8181,80
1,263,-18,-8172,76
1,264,-17,-8172,91
1,265,-10,-8177,107
1,266,-14,-8176,109
1,267,-3,-8174,92
1,268,4,-8177,89
1,269,-9,-8182,77
1,270,-17,-8174,78
1,271,-9,-8168,96
1,272,-2,-8171,90
1,273,9,-8184,96
1,274,-2,-8195,102
1,275,-11,-8192,101
1,276,-7,-8190,104
1,277,-20,-8191,103
1,278,-32,-8189,121
1,279,-18,-8190,115
1,280,-24,-8182,115
1,281,-23,-8170,104
1,282,-6,-8170,103
1,283,-14,-8163,108
1,284,-21,-8174,101
1,285,-36,-8188,103
1,286,-37,-8190,105
1,287,-30,-8189,97
1,288,-29,-8178,114
1,289,-26,-8173,105
1,290,-24,-8171,106
1,291,-12,-8166,118
1,292,1,-8176,124
1,293,-6,-8182,99
1,294,-11,-8170,90
1,295,-25,-8167,98
1,296,-11,-8163,111
1,297,-26,-8178,123
1,298,-23,-8187,134
1,299,-10,-8184,124
1,300,-2,-8189,111
1,301,-7,-8169,106
1,302,-17,-8172,96
1,303,-19,-8175,84
1,304,-17,-8181,89
1,305,-16,-8184,87
1,306,-5,-8191,81
1,307,-12,-8176,79
1,308,-18,-8180,85
1,309,-12,-8192,86
1,310,-22,-8189,60
1,311,-3,-8194,63
1,312,-2,-8181,72
1,313,-11,-8178,101
1,314,-25,-8173,114
1,315,-27,-8169,117
1,316,-22,-8170,114
1,317,-19,-8175,107
1,318,-11,-8182,108
1,319,-5,-8179,100
1,320,0,-8169,107
1,321,-5,-8185,107
1,322,2,-8199,93
1,323,-19,-8202,93
1,324,-4,-8204,87
1,325,-5,-8200,93
1,326,-2,-8189,90
1,327,-6,-8181,76
1,328,-5,-8177,66
1,329,-5,-8178,75
1,330,-7,-8165,95
1,331,-14,-8166,92
1,332,-16,-8174,86
1,333,-15,-8182,98
1,334,-25,-8180,104
1,335,11,-8162,106
1,336,-24,-8212,117
1,337,-19,-8175,82
1,338,72,-8131,95
1,339,-11,-8208,107
1,340,-72,-8201,82
1,341,20,-8175,80
1,342,19,-8179,93
1,343,-11,-8177,87
1,344,-19,-8204,72
1,345,-13,-8138,96
1,346,-8,-8159,100
1,347,-7,-8206,78
1,348,25,-8172,81
1,349,-5,-8178,100
1,350,-33,-8197,92
1,351,11,-8160,111
1,352,20,-8180,135
1,353,-27,-8201,139
1,354,-15,-8183,100
1,355,14,-8159,85
1,356,-33,-8203,88
1,357,-37,-8179,88
1,358,-9,-8158,94
1,359,-57,-8191,93
1,360,-31,-8195,96
1,361,6,-8176,116
1,362,-14,-8174,121
1,363,-10,-8181,70
1,364,12,-8177,75
1,365,-9,-8178,82
1,366,-37,-8186,83
1,367,-14,-8171,111
1,368,-27,-8160,132
1,369,-51,-8170,108
1,370,-22,-8172,98
1,371,-13,-8159,76
1,372,-40,-8194,95
1,373,-30,-8197,85
1,374,-5,-8189,82
1,375,-8,-8186,96
1,376,2,-8185,102
1,377,20,-8172,114
1,378,-3,-8176,123
1,379,-19,-8182,110
1,380,-10,-8173,104
1,381,-19,-8174,95
1,382,-28,-8172,79
1,383,-17,-8165,69
1,384,-2,-8176,78
1,385,4,-8199,67
1,386,-8,-8199,85
1,387,-17,-8172,71
1,388,-21,-8180,54
1,389,-16,-8190,49
1,390,-15,-8173,69
1,391,-16,-8177,76
1,392,-16,-8176,78
1,393,-14,-8175,100
1,394,-25,-8178,119
1,395,-26,-8180,111
1,396,-24,-8163,114
1,397,-35,-8177,114
1,398,-26,-8178,126
1,399,-33,-8172,109
1,400,-24,-8165,88
1,401,-11,-8170,91
1,402,-11,-8184,100
1,403,-12,-8178,114
1,404,-16,-8197,111
1,405,-17,-8196,114
1,406,-19,-8185,108
1,407,-14,-8186,115
1,408,-16,-8179,111
1,409,-20,-8161,99
1,410,1,-8170,94
1,411,3,-8178,75
1,412,-5,-8163,77
1,413,-8,-8163,102
1,414,-25,-8182,97
1,415,-9,-8184,100
1,416,-15,-8176,101
1,417,-20,-8184,90
1,418,-24,-8182,76
1,419,-27,-8177,78
1,420,-16,-8172,91
1,421,-29,-8161,105
1,422,-18,-8159,104
1,423,-18,-8175,100
1,424,-15,-8180,104
1,425,-2,-8177,94
1,426,2,-8176,81
1,427,-3,-8181,77
1,428,2,-8179,104
1,429,-6,-8181,105
1,430,-19,-8188,103
1,431,-29,-8181,109
1,432,-22,-8181,105
1,433,-18,-8180,112
1,434,-15,-8178,114
1,435,-12,-8170,115
1,436,-19,-8175,124
1,437,-16,-8180,117
1,438,-14,-8182,98
1,439,-20,-8184,97
1,440,-26,-8176,94
1,441,-16,-8186,88
1,442,-13,-8197,98
1,443,-36,-8193,90
1,444,-32,-8177,61
1,445,-21,-8181,69
1,446,-18,-8199,68
1,447,-26,-8196,62
1,448,-26,-8187,75
1,449,-22,-8187,86
1,450,-17,-8187,81
1,451,-27,-8167,84
1,452,-34,-8175,93
1,453,-41,-8182,91
1,454,-24,-8174,96
1,455,-23,-8184,108
1,456,-32,-8186,106
1,457,-20,-8185,99
1,458,-20,-8198,93
1,459,-18,-8186,83
1,460,-11,-8176,87
1,461,-3,-8168,97
1,462,-9,-8167,99
1,463,-30,-8170,94
1,464,-26,-8186,97
1,465,-25,-8190,92
1,466,-26,-8173,83
1,467,-19,-8181,79
1,468,-12,-8179,75
1,469,-18,-8183,88
1,470,-15,-8168,93
1,471,-9,-8176,94
1,472,-13,-8167,99
1,473,-12,-8168,102
1,474,-20,-8173,106
1,475,-14,-8187,100
1,476,-8,-8180,95
1,477,3,-8173,88
1,478,6,-8161,90
1,479,0,-8173,69
1,480,-18,-8184,72
1,481,-20,-8181,71
1,482,-9,-8177,59
1,483,-8,-8187,68
1,484,-18,-8178,73
1,485,-27,-8180,78
1,486,-8,-8179,81
1,487,-1,-8190,105
1,488,-12,-8179,126
1,489,-19,-8184,117
1,490,-17,-8180,111
1,491,-16,-8175,111
1,492,-14,-8173,113
1,493,-4,-8169,123
1,494,-2,-8178,129
1,495,-5,-8179,121
1,496,-14,-8184,124
1,497,-14,-8192,123
1,498,-13,-8188,118
1,499,-16,-8186,109
1,500,-14,-8185,97
1,501,-23,-8185,92
1,502,-20,-8184,86
1,503,-7,-8186,81
1,504,-8,-8186,77
1,505,-6,-8178,77
1,506,-9,-8171,84
1,507,-13,-8172,92
1,508,-18,-8172,100
1,509,-18,-8158,96
1,510,-17,-8160,101
1,511,-22,-8170,92
1,512,-33,-8168,92
1,513,-18,-8169,98
1,514,-2,-8167,111
1,515,4,-8165,103
1,516,2,-8172,88
1,517,0,-8180,94
1,518,6,-8187,106
1,519,1,-8197,103
1,520,-2,-8199,82
1,521,-1,-8182,84
1,522,0,-8168,85
1,523,-12,-8168,90
1,524,-12,-8175,86
1,525,-12,-8181,87
1,526,-6,-8175,91
1,527,1,-8165,111
1,528,0,-8170,84
1,529,-3,-8183,81
1,530,-11,-8190,85
1,531,-3,-8182,89
1,532,2,-8172,78
1,533,-7,-8169,85
1,534,-18,-8180,89
1,535,-28,-8185,89
1,536,-28,-8184,111
1,537,-20,-8193,127
1,538,-15,-8192,116
1,539,0,-8191,83
1,540,7,-8191,92
1,541,5,-8181,80
1,542,3,-8174,78
1,543,3,-8162,97
1,544,-11,-8164,96
1,545,-25,-8179,98
1,546,-17,-8178,75
1,547,-6,-8196,71
1,548,-7,-8198,69
1,549,-4,-8196,94
1,550,16,-8194,87
1,551,4,-8188,75
1,552,-3,-8176,78
1,553,-6,-8161,93
1,554,-25,-8169,99
1,555,-23,-8176,115
1,556,-25,-8178,122
1,557,-27,-8178,109
1,558,-18,-8174,131
1,559,-11,-8188,134
1,560,-8,-8185,124
1,561,-4,-8188,107
1,562,-9,-8184,119
1,563,-8,-8195,132
1,564,-2,-8194,123
1,565,0,-8197,120
1,566,-5,-8197,104
1,567,-17,-8190,101
1,568,0,-8180,82
1,569,-8,-8178,91
1,570,-15,-8170,101
1,571,-26,-8173,107
1,572,-31,-8184,87
1,573,-29,-8174,75
1,574,-31,-8170,81
1,575,-16,-8180,83
1,576,-16,-8186,85
1,577,-13,-8181,93
1,578,-9,-8181,78
1,579,1,-8185,75
1,580,8,-8189,97
1,581,6,-8190,97
1,582,-1,-8193,97
1,583,-3,-8189,90
1,584,-4,-8182,81
1,585,-13,-8183,104
1,586,-13,-8175,106
1,587,-13,-8172,95
1,588,-17,-8184,86
1,589,-4,-8201,75
1,590,6,-8198,75
1,591,-4,-8198,89
1,592,-17,-8195,91
1,593,-16,-8191,110
1,594,-17,-8178,105
1,595,-21,-8176,99
1,596,-12,-8171,89
1,597,-17,-8174,96
1,598,-18,-8185,80
1,599,-4,-8184,85
1,600,-15,-8184,92
1,601,-15,-8184,88
1,602,-22,-8186,98
1,603,-17,-8181,83
1,604,-9,-8165,87
1,605,-18,-8161,102
1,606,-36,-8159,107
1,607,-27,-8170,100
1,608,-15,-8173,86
1,609,-9,-8174,102
1,610,-14,-8177,104
1,611,-22,-8172,100
1,612,-27,-8183,102
1,613,-16,-8174,98
1,614,-15,-8184,80
1,615,-10,-8174,77
1,616,-11,-8171,80
1,617,-7,-8177,86
1,618,-4,-8179,96
1,619,-5,-8175,102
1,620,-9,-8188,87
1,621,-16,-8194,101
1,622,-26,-8187,102
1,623,-24,-8179,96
1,624,-23,-8188,92
1,625,-23,-8189,85
1,626,-28,-8183,86
1,627,-20,-8182,102
1,628,-29,-8180,102
1,629,-32,-8187,84
1,630,-19,-8189,91
1,631,-22,-8175,92
1,632,-20,-8178,89
1,633,-22,-8171,93
1,634,-28,-8172,96
1,635,-28,-8179,90
1,636,-18,-8176,87
1,637,-14,-8175,97
1,638,-22,-8179,111
1,639,-23,-8180,114
1,640,-19,-8187,124
1,641,-28,-8180,119
1,642,-23,-8177,98
1,643,-24,-8172,100
1,644,-22,-8179,96
1,645,-27,-8185,79
1,646,-22,-8188,53
1,647,-22,-8186,71
1,648,-30,-8191,92
1,649,-31,-8188,91
1,650,-41,-8173,80
1,651,-34,-8172,82
1,652,-24,-8175,79
1,653,-15,-8176,85
1,654,-14,-8186,85
1,655,-9,-8186,81
1,656,-6,-8182,87
1,657,-22,-8183,113
1,658,-23,-8188,114
1,659,-17,-8182,102
1,660,-17,-8163,103
1,661,-9,-8157,110
1,662,-6,-8171,98
1,663,-6,-8171,93
1,664,-13,-8168,88
1,665,-23,-8168,95
1,666,-16,-8173,93
1,667,-24,-8177,83
1,668,-32,-8176,76
1,669,-13,-8178,76
1,670,-9,-8180,98
1,671,-6,-8194,95
1,672,-13,-8195,88
1,673,-11,-8183,91
1,674,-3,-8188,83
1,675,-1,-8187,92
1,676,-2,-8184,86
1,677,1,-8185,106
1,678,-7,-8181,96
1,679,-14,-8184,93
1,680,-16,-8181,108
1,681,-24,-8169,105
1,682,-29,-8173,122
1,683,-32,-8172,127
1,684,-33,-8175,128
1,685,-30,-8167,141
1,686,-22,-8176,138
1,687,-10,-8178,131
1,688,-16,-8185,124
1,689,-27,-8164,111
1,690,-19,-8165,110
1,691,-25,-8161,88
1,692,-34,-8181,88
1,693,-27,-8185,82
1,694,-19,-8185,95
1,695,-15,-8175,89
1,696,-13,-8173,80
1,697,-1,-8172,82
1,698,-10,-8190,77
1,699,-6,-8188,87
1,700,-3,-8178,93
1,701,-4,-8173,92
1,702,-7,-8172,99
1,703,-20,-8166,113
1,704,-24,-8184,120
1,705,-24,-8186,107
1,706,-18,-8181,107
1,707,-35,-8176,77
1,708,-40,-8165,64
1,709,-47,-8172,81
1,710,-27,-8171,84
1,711,-25,-8168,73
1,712,-23,-8163,91
1,713,-29,-8168,76
1,714,-21,-8170,68
1,715,-20,-8170,68
1,716,-12,-8167,79
1,717,-5,-8159,93
1,718,-21,-8164,85
1,719,-10,-8176,102
1,720,7,-8179,101
1,721,6,-8180,105
1,722,-2,-8181,102
1,723,-18,-8174,104
1,724,-24,-8185,99
1,725,-17,-8167,89
1,726,-10,-8172,84
1,727,-20,-8179,92
1,728,-26,-8180,105
1,729,-21,-8192,133
1,730,-10,-8182,120
1,731,-19,-8184,102
1,732,-24,-8185,91
1,733,-6,-8192,110
1,734,-8,-8194,90
1,735,-8,-8188,88
1,736,-15,-8188,79
1,737,-16,-8174,75
1,738,-16,-8177,87
1,739,-10,-8181,95
1,740,-3,-8181,68
1,741,-12,-8181,79
1,742,-25,-8169,100
1,743,-16,-8176,101
1,744,-18,-8181,82
1,745,-26,-8183,80
1,746,-18,-8195,88
1,747,-15,-8180,94
1,748,-6,-8184,112
1,749,-22,-8185,106
1,750,-18,-8178,106
1,751,-23,-8183,109
1,752,-7,-8186,113
1,753,1,-8178,105
1,754,5,-8182,86
1,755,6,-8184,91
1,756,-7,-8176,100
1,757,-7,-8178,116
1,758,-4,-8171,111
1,759,-9,-8179,91
1,760,-1,-8162,85
1,761,9,-8166,101
1,762,-23,-8163,108
1,763,-22,-8156,93
1,764,-7,-8167,98
1,765,-7,-8172,93
1,766,-4,-8159,89
1,767,-7,-8166,83
1,768,-10,-8160,84
1,769,-13,-8164,111
1,770,-11,-8168,113
1,771,-9,-8160,111
1,772,-15,-8173,112
1,773,-27,-8172,96
1,774,-20,-8171,103
1,775,-15,-8172,101
1,776,-7,-8178,88
1,777,2,-8173,101
1,778,4,-8173,95
1,779,-5,-8182,93
1,780,-7,-8185,99
1,781,-17,-8179,115
1,782,-12,-8183,100
1,783,-19,-8176,88
1,784,-28,-8186,93
1,785,-14,-8179,93
1,786,-8,-8179,91
1,787,-9,-8175,84
1,788,-13,-8179,94
1,789,-6,-8177,103
1,790,-1,-8173,89
1,791,-11,-8181,85
1,792,-13,-8178,95
1,793,-13,-8184,96
1,794,-14,-8205,108
1,795,-12,-8212,107
1,796,-13,-8198,104
1,797,-10,-8190,102
1,798,-28,-8187,97
1,799,-33,-8187,85
1,800,-10,-8185,111
1,801,-6,-8188,93
1,802,-12,-8177,92
1,803,-15,-8176,97
1,804,-7,-8168,113
1,805,-8,-8177,109
1,806,-9,-8169,109
1,807,-10,-8172,106
1,808,-3,-8181,105
1,809,-5,-8187,96
1,810,-1,-8174,95
1,811,7,-8167,99
1,812,-7,-8157,89
1,813,-19,-8152,86
1,814,-21,-8163,75
1,815,-27,-8168,83
1,816,-16,-8173,75
1,817,-3,-8169,74
1,818,-5,-8183,92
1,819,-14,-8176,99
1,820,-12,-8167,80
1,821,-7,-8174,84
1,822,-9,-8182,89
1,823,-3,-8183,90
1,824,-3,-8175,99
1,825,-6,-8176,102
1,826,-7,-8184,103
1,827,-2,-8182,94
1,828,-14,-8190,99
1,829,-9,-8191,82
1,830,-9,-8187,87
1,831,-2,-8186,103
1,832,3,-8183,94
1,833,1,-8195,96
1,834,-4,-8196,94
1,835,-18,-8198,99
1,836,-14,-8185,102
1,837,3,-8178,98
1,838,-5,-8167,108
1,839,-6,-8176,100
1,840,-7,-8191,100
1,841,2,-8194,96
1,842,12,-8195,87
1,843,5,-8182,94
1,844,-6,-8188,106
1,845,-11,-8201,106
1,846,-25,-8198,93
1,847,-24,-8198,93
1,848,-13,-8188,92
1,849,-8,-8187,94
1,850,-6,-8182,102
1,851,-13,-8174,82
1,852,-5,-8186,84
1,853,-2,-8189,76
1,854,-5,-8189,81
1,855,0,-8185,101
1,856,4,-8182,91
1,857,3,-8178,88
1,858,-2,-8188,124
1,859,-5,-8178,116
1,860,-5,-8178,104
1,861,-8,-8193,77
1,862,-3,-8180,81
1,863,-14,-8181,85
1,864,-18,-8184,93
1,865,-12,-8180,90
1,866,-12,-8172,93
1,867,-20,-8173,86
1,868,-12,-8176,82
1,869,-2,-8189,92
1,870,-21,-8183,82
1,871,-22,-8175,82
1,872,-15,-8161,79
1,873,-12,-8167,102
1,874,-8,-8176,91
1,875,-20,-8164,96
1,876,-19,-8172,96
1,877,-24,-8172,112
1,878,-32,-8189,125
1,879,-37,-8187,101
1,880,-37,-8180,110
1,881,-28,-8173,113
1,882,-30,-8176,130
1,883,-25,-8178,126
1,884,-27,-8174,107
1,885,-15,-8162,91
1,886,-9,-8160,89
1,887,-9,-8176,89
1,888,-16,-8183,83
1,889,-18,-8186,102
1,890,-14,-8187,110
1,891,-6,-8186,105
1,892,-15,-8189,96
1,893,-23,-8187,94
1,894,-35,-8192,88
1,895,-38,-8189,78
1,896,-31,-8196,84
1,897,-17,-8196,108
1,898,-20,-8199,103
1,899,-14,-8192,89
1,900,-17,-8187,93
1,901,-10,-8181,91
1,902,5,-8178,89
1,903,-13,-8173,85
1,904,-20,-8170,90
1,905,-12,-8162,77
1,906,-17,-8157,95
1,907,-24,-8162,84
1,908,-30,-8171,88
1,909,-36,-8162,85
1,910,-26,-8165,101
1,911,-24,-8169,120
1,912,-19,-8175,124
1,913,-9,-8165,104
1,914,-15,-8176,87
1,915,-9,-8189,79
1,916,-5,-8177,80
1,917,6,-8168,94
1,918,0,-8157,110
1,919,-2,-8159,101
1,920,-12,-8160,116
1,921,-13,-8168,116
1,922,-10,-8172,109
1,923,-13,-8172,104
1,924,-15,-8172,89
1,925,-19,-8162,93
1,926,-22,-8168,92
1,927,-18,-8162,87
1,928,-16,-8172,110
1,929,-21,-8172,98
1,930,-22,-8176,112
1,931,-24,-8172,120
1,932,-9,-8173,118
1,933,-22,-8168,111
1,934,-40,-8170,102
1,935,-23,-8174,96
1,936,-21,-8165,100
1,937,-27,-8165,113
1,938,-22,-8165,96
1,939,-17,-8175,86
1,940,-15,-8189,89
1,941,-6,-8183,91
1,942,-15,-8174,86
1,943,-14,-8180,92
1,944,-17,-8176,95
1,945,-3,-8179,86
1,946,-15,-8175,94
1,947,-18,-8165,97
1,948,-10,-8179,91
1,949,-11,-8171,80
1,950,-5,-8171,95
1,951,3,-8171,96
1,952,3,-8172,104
1,953,1,-8157,101
1,954,5,-8169,85
1,955,-1,-8176,88
1,956,-5,-8171,99
1,957,-13,-8165,99
1,958,-17,-8165,88
1,959,-18,-8170,85
1,960,-19,-8177,72
1,961,-15,-8165,66
1,962,-12,-8169,63
1,963,-10,-8179,71
1,964,-2,-8186,77
1,965,-1,-8186,88
1,966,0,-8189,91
1,967,3,-8174,97
1,968,3,-8170,89
1,969,5,-8166,107
1,970,-8,-8174,101
1,971,-13,-8189,106
1,972,-16,-8176,102
1,973,-12,-8175,105
1,974,-12,-8175,100
1,975,-8,-8162,96
1,976,-4,-8173,112
1,977,-12,-8188,101
1,978,-21,-8187,91
1,979,-28,-8181,88
1,980,-25,-8182,92
1,981,-18,-8181,97
1,982,-12,-8182,97
1,983,-19,-8182,95
1,984,-20,-8176,100
1,985,-23,-8177,82
1,986,-20,-8170,91
1,987,-18,-8170,92
1,988,-7,-8188,79
1,989,-7,-8189,73
1,990,-14,-8179,68
1,991,-31,-8172,91
1,992,-19,-8168,104
1,993,-15,-8175,113
1,994,-27,-8175,123
1,995,-20,-8177,116
1,996,-11,-8162,109
1,997,-9,-8166,100
1,998,-8,-8174,81
1,999,8,-8184,79
1,1000,-3,-8190,75
1,1001,-17,-8178,83
1,1002,-14,-8175,86
1,1003,-19,-8180,71
1,1004,-10,-8176,75
1,1005,-22,-8181,81
1,1006,-20,-8170,83
1,1007,-22,-8160,92
1,1008,-10,-8164,93
1,1009,-11,-8176,80
1,1010,-13,-8171,106
1,1011,-16,-8167,99
1,1012,-15,-8169,98
1,1013,-30,-8172,94
1,1014,-27,-8189,95
1,1015,-19,-8180,97
1,1016,-19,-8178,96
1,1017,-12,-8180,98
1,1018,-1,-8171,88
1,1019,-7,-8180,91
1,1020,-11,-8188,108
1,1021,-2,-8183,99
1,1022,-2,-8190,100
1,1023,-5,-8180,92
1,1024,-11,-8173,95
1,1025,-12,-8182,104
1,1026,-7,-8180,100
1,1027,-10,-8183,99
1,1028,-9,-8187,96
1,1029,-17,-8177,89
1,1030,-9,-8167,95
1,1031,-10,-8172,70
1,1032,-14,-8182,77
1,1033,-17,-8175,77
1,1034,-14,-8176,91
1,1035,-19,-8170,103
1,1036,-21,-8168,101
1,1037,-23,-8180,110
1,1038,-24,-8190,116
1,1039,-18,-8174,104
1,1040,-26,-8174,107
1,1041,-35,-8175,103
1,1042,-29,-8175,113
1,1043,-23,-8177,99
1,1044,-22,-8169,98
1,1045,-19,-8171,88
1,1046,-13,-8177,86
1,1047,-16,-8183,99
1,1048,-17,-8183,98
1,1049,-17,-8178,97
1,1050,-23,-8173,98
1,1051,-31,-8168,115
1,1052,-33,-8163,126
1,1053,-22,-8172,118
1,1054,-17,-8181,125
1,1055,-13,-8188,112
1,1056,-18,-8200,105
1,1057,-22,-8187,86
1,1058,-22,-8184,82
1,1059,-23,-8188,81
1,1060,-22,-8181,98
1,1061,-14,-8176,97
1,1062,-1,-8171,105
1,1063,-4,-8161,94
1,1064,-7,-8169,115
1,1065,-8,-8162,102
1,1066,3,-8169,98
1,1067,-3,-8168,93
1,1068,-2,-8187,82
1,1069,-14,-8178,78
1,1070,-8,-8182,90
1,1071,-13,-8179,85
1,1072,-11,-8176,82
1,1073,-10,-8169,111
1,1074,-19,-8176,94
1,1075,-9,-8178,75
1,1076,-16,-8166,66
1,1077,-6,-8171,71
1,1078,-3,-8170,90
1,1079,-3,-8181,89
1,1080,-2,-8176,83
1,1081,-14,-8181,89
1,1082,-11,-8164,88
1,1083,-16,-8177,80
1,1084,-13,-8180,91
1,1085,-4,-8163,93
1,1086,-1,-8168,84
1,1087,-5,-8173,94
1,1088,-6,-8173,81
1,1089,-8,-8169,82
1,1090,-4,-8181,81
1,1091,-6,-8172,81
1,1092,-4,-8184,87
1,1093,-8,-8185,96
1,1094,-22,-8185,110
1,1095,-22,-8171,110
1,1096,-19,-8158,100
1,1097,-19,-8160,89
1,1098,-19,-8167,94
1,1099,-26,-8156,94
1,1100,-24,-8162,92
1,1101,-29,-8179,92
1,1102,-32,-8190,98
1,1103,-27,-8174,96
1,1104,-27,-8165,101
1,1105,-19,-8175,88
1,1106,-22,-8181,97
1,1107,-33,-8182,114
1,1108,-28,-8189,101
1,1109,-23,-8181,110
1,1110,-22,-8180,130
1,1111,-9,-8181,118
1,1112,-7,-8178,101
1,1113,-6,-8178,103
1,1114,2,-8185,97
1,1115,-8,-8189,87
1,1116,-13,-8186,96
1,1117,-20,-8180,98
1,1118,-13,-8182,103
1,1119,-13,-8186,115
1,1120,-26,-8183,116
1,1121,-8,-8195,112
1,1122,-4,-8188,110
1,1123,-4,-8175,100
1,1124,-15,-8181,81
1,1125,-9,-8175,87
1,1126,-13,-8186,118
1,1127,-25,-8184,111
1,1128,-29,-8187,116
1,1129,-30,-8188,105
1,1130,-29,-8184,101
1,1131,-25,-8179,96
1,1132,-10,-8186,82
1,1133,-11,-8186,114
1,1134,-10,-8177,116
1,1135,-5,-8171,110
1,1136,-8,-8171,104
1,1137,-11,-8171,83
1,1138,-29,-8167,83
1,1139,-32,-8179,95
1,1140,-37,-8181,103
1,1141,-34,-8190,97
1,1142,-27,-8188,99
1,1143,-22,-8186,95
1,1144,-10,-8189,98
1,1145,-10,-8173,114
1,1146,-13,-8161,111
1,1147,-17,-8166,102
1,1148,-17,-8170,103
1,1149,-17,-8185,84
1,1150,-23,-8192,63
1,1151,-18,-8177,68
1,1152,-25,-8175,86
1,1153,-12,-8176,85
1,1154,-22,-8182,90
1,1155,-24,-8170,90
1,1156,-29,-8169,105
1,1157,-25,-8165,93
1,1158,-7,-8169,100
1,1159,-22,-8175,107
1,1160,-24,-8186,104
1,1161,-26,-8189,107
1,1162,-14,-8199,96
1,1163,-10,-8183,104
1,1164,-2,-8182,113
1,1165,-1,-8181,100
1,1166,-10,-8171,85
1,1167,-15,-8177,91
1,1168,-14,-8181,112
1,1169,-10,-8185,114
1,1170,-8,-8172,100
1,1171,-7,-8170,102
1,1172,-4,-8170,105
1,1173,-13,-8168,103
1,1174,-12,-8168,98
1,1175,-9,-8176,103
1,1176,-17,-8181,115
1,1177,-10,-8172,102
1,1178,-21,-8173,80
1,1179,-21,-8170,77
1,1180,-15,-8175,76
1,1181,-13,-8181,68
1,1182,-8,-8183,69
1,1183,-12,-8179,68
1,1184,-15,-8175,92
1,1185,-14,-8179,88
1,1186,-7,-8182,99
1,1187,-9,-8164,100
1,1188,-16,-8179,107
1,1189,-14,-8181,93
1,1190,-10,-8166,72
1,1191,-22,-8163,55
1,1192,-23,-8171,65
1,1193,-25,-8168,94
1,1194,-13,-8181,105
1,1195,-24,-8182,105
1,1196,-34,-8185,104
1,1197,-22,-8175,106
1,1198,-9,-8157,126
1,1199,-9,-8170,117
1,1200,-6,-8184,97
1,1201,-10,-8180,90
1,1202,-14,-8169,90
1,1203,-14,-8177,78
1,1204,-8,-8179,87
1,1205,-11,-8183,84
1,1206,-18,-8191,83
1,1207,-11,-8189,69
1,1208,-6,-8181,85
1,1209,-12,-8179,91
1,1210,-17,-8176,88
1,1211,-7,-8162,84
1,1212,-3,-8162,94
1,1213,5,-8160,83
1,1214,-3,-8157,98
1,1215,-1,-8163,112
1,1216,-7,-8181,122
1,1217,-7,-8181,107
1,1218,-3,-8181,91
1,1219,-8,-8172,81
1,1220,-16,-8178,83
1,1221,-32,-8179,82
1,1222,-17,-8187,88
1,1223,-23,-8185,99
1,1224,-26,-8179,97
1,1225,-19,-8172,97
1,1226,-14,-8177,108
1,1227,-6,-8169,108
1,1228,-10,-8162,94
1,1229,-16,-8166,105
1,1230,-17,-8164,104
1,1231,-19,-8181,99
1,1232,-9,-8167,97
1,1233,-8,-8177,83
1,1234,-19,-8182,84
1,1235,-15,-8180,86
1,1236,-25,-8171,85
1,1237,-19,-8166,76
1,1238,-19,-8162,84
1,1239,-19,-8158,77
1,1240,-26,-8151,84
1,1241,-24,-8157,89
1,1242,-11,-8167,79
1,1243,-12,-8164,96
1,1244,-10,-8174,93
1,1245,-14,-8170,98
1,1246,-11,-8167,103
1,1247,-4,-8177,107
1,1248,-11,-8172,103
1,1249,-18,-8170,113
1,1250,-19,-8180,128
1,1251,-29,-8185,134
1,1252,-27,-8185,138
1,1253,-12,-8177,132
1,1254,-7,-8169,104
1,1255,-11,-8167,108
1,1256,-3,-8180,98
1,1257,-6,-8175,92
1,1258,-5,-8175,85
1,1259,-6,-8185,91
1,1260,-14,-8189,97
1,1261,-13,-8182,99
1,1262,-8,-8180,91
1,1263,-14,-8191,89
1,1264,-18,-8195,116
1,1265,-21,-8199,122
1,1266,-10,-8191,121
1,1267,-5,-8181,117
1,1268,-8,-8171,96
1,1269,-16,-8175,125
1,1270,-12,-8179,119
1,1271,-10,-8177,104
1,1272,-4,-8168,81
1,1273,-6,-8174,80
1,1274,8,-8184,83
1,1275,-5,-8185,97
1,1276,-14,-8173,93
1,1277,-9,-8166,115
1,1278,-17,-8172,106
1,1279,-26,-8182,98
1,1280,-30,-8185,87
1,1281,-18,-8170,103
1,1282,-28,-8162,101
1,1283,-23,-8171,100
1,1284,-28,-8174,108
1,1285,-25,-8172,101
1,1286,-21,-8176,107
1,1287,-17,-8187,113
1,1288,-11,-8179,99
1,1289,-7,-8164,92
1,1290,-12,-8162,95
1,1291,-19,-8167,94
1,1292,-13,-8180,103
1,1293,-10,-8188,112
1,1294,-9,-8200,84
1,1295,-23,-8177,102
1,1296,-27,-8175,101
1,1297,-21,-8179,111
1,1298,-2,-8177,100
1,1299,-8,-8173,100
1,1300,-14,-8193,95
1,1301,-5,-8195,87
1,1302,-8,-8194,93
1,1303,-10,-8196,112
1,1304,-10,-8188,113
1,1305,-7,-8180,109
1,1306,-10,-8187,93
1,1307,-21,-8174,72
1,1308,-16,-8187,84
1,1309,-20,-8178,86
1,1310,-12,-8172,90
1,1311,-15,-8176,97
1,1312,-18,-8179,124
1,1313,-20,-8182,102
1,1314,-13,-8173,98
1,1315,-20,-8170,88
1,1316,-17,-8160,76
1,1317,-8,-8159,73
1,1318,-6,-8169,68
1,1319,-12,-8164,71
1,1320,-2,-8175,77
1,1321,2,-8178,71
1,1322,6,-8179,74
1,1323,-3,-8180,84
1,1324,-1,-8184,88
1,1325,-15,-8192,81
1,1326,-20,-8187,84
1,1327,-19,-8191,84
1,1328,-19,-8180,105
1,1329,-17,-8181,114
1,1330,-20,-8178,107
1,1331,-14,-8188,110
1,1332,-13,-8205,114
1,1333,-14,-8200,92
1,1334,-19,-8187,72
1,1335,-25,-8182,90
1,1336,-25,-8176,98
1,1337,-21,-8182,97
1,1338,-21,-8189,91
1,1339,-28,-8186,91
1,1340,-18,-8194,87
1,1341,-17,-8192,85
1,1342,-23,-8194,87
1,1343,-30,-8181,74
1,1344,-23,-8188,76
1,1345,-13,-8187,85
1,1346,-25,-8186,67
1,1347,-23,-8181,59
1,1348,-16,-8180,63
1,1349,-6,-8176,68
1,1350,-11,-8175,94
1,1351,-22,-8167,100
1,1352,-10,-8169,105
1,1353,-5,-8170,95
1,1354,-13,-8173,86
1,1355,-18,-8182,65
1,1356,-28,-8181,79
1,1357,-22,-8168,94
1,1358,-19,-8175,104
1,1359,-15,-8179,94
1,1360,-12,-8178,93
1,1361,-20,-8181,92
1,1362,-13,-8189,96
1,1363,-24,-8196,100
1,1364,-21,-8190,105
1,1365,-18,-8181,106
1,1366,-21,-8183,113
1,1367,-8,-8192,113
1,1368,-9,-8193,102
1,1369,-19,-8196,104
1,1370,-30,-8180,94
1,1371,-21,-8173,96
1,1372,-10,-8185,89
1,1373,-14,-8194,80
1,1374,-20,-8184,87
1,1375,-26,-8176,80
1,1376,-35,-8170,98
1,1377,-27,-8172,105
1,1378,-29,-8177,95
1,1379,-27,-8187,114
1,1380,-26,-8174,97
1,1381,-15,-8163,97
1,1382,-15,-8169,119
1,1383,-14,-8173,111
1,1384,-11,-8182,126
1,1385,-1,-8175,117
1,1386,0,-8177,93
1,1387,-24,-8186,87
1,1388,-30,-8191,91
1,1389,-28,-8194,89
1,1390,-36,-8179,93
1,1391,-31,-8164,96
1,1392,-24,-8158,106
1,1393,-18,-8159,122
1,1394,-16,-8177,113
1,1395,-17,-8180,100
1,1396,-14,-8183,110
1,1397,-10,-8182,115
1,1398,-18,-8172,101
1,1399,-19,-8183,98
1,1400,-25,-8196,106
1,1401,-20,-8189,105
1,1402,-29,-8184,98
1,1403,-28,-8185,92
1,1404,-27,-8178,102
1,1405,-18,-8174,94
1,1406,-18,-8180,79
1,1407,-19,-8180,94
1,1408,-17,-8188,87
1,1409,-18,-8190,85
1,1410,-21,-8197,81
1,1411,-12,-8174,84
1,1412,-15,-8165,94
1,1413,-11,-8177,92
1,1414,-20,-8176,96
1,1415,-23,-8179,86
1,1416,-22,-8181,79
1,1417,-23,-8177,81
1,1418,-26,-8170,100
1,1419,0,-8178,88
1,1420,-5,-8190,96
1,1421,-6,-8176,101
1,1422,1,-8178,69
1,1423,-7,-8178,90
1,1424,-5,-8175,78
1,1425,-9,-8171,95
1,1426,-16,-8157,102
1,1427,-22,-8159,82
1,1428,-22,-8175,95
1,1429,-4,-8195,93
1,1430,-11,-8202,102
1,1431,-19,-8194,91
1,1432,-28,-8189,81
1,1433,-24,-8185,76
1,1434,-27,-8195,84
1,1435,-15,-8196,79
1,1436,-6,-8186,76
1,1437,-7,-8183,87
1,1438,-19,-8187,103
1,1439,-10,-8182,103
1,1440,-17,-8192,121
1,1441,-17,-8182,119
1,1442,-12,-8181,102
1,1443,-3,-8182,104
1,1444,-15,-8178,94
1,1445,-7,-8175,91
1,1446,3,-8167,97
1,1447,-6,-8178,80
1,1448,-9,-8175,102
1,1449,-11,-8176,92
1,1450,-10,-8170,102
1,1451,-20,-8170,92
1,1452,-17,-8171,110
1,1453,-17,-8173,115
1,1454,-28,-8169,115
1,1455,-23,-8178,113
1,1456,-22,-8183,112
1,1457,-24,-8198,105
1,1458,-23,-8197,102
1,1459,-23,-8199,101
1,1460,-14,-8196,97
1,1461,1,-8186,86
1,1462,9,-8178,95
1,1463,11,-8187,98
1,1464,-1,-8165,106
1,1465,12,-8171,109
1,1466,2,-8182,98
1,1467,-12,-8181,102
1,1468,-16,-8190,104
1,1469,-16,-8185,103
1,1470,-21,-8182,112
1,1471,-10,-8175,106
1,1472,-11,-8186,110
1,1473,-15,-8181,104
1,1474,-20,-8190,87
1,1475,-17,-8181,93
1,1476,-5,-8181,107
1,1477,-13,-8181,90
1,1478,-18,-8182,71
1,1479,-9,-8186,66
1,1480,1,-8194,80
1,1481,4,-8191,85
1,1482,-10,-8196,120
1,1483,-24,-8193,130
1,1484,-19,-8192,118
1,1485,-14,-8194,103
1,1486,-17,-8185,85
1,1487,-20,-8178,80
1,1488,-6,-8172,93
1,1489,-2,-8186,98
1,1490,2,-8183,102
1,1491,5,-8184,115
1,1492,-8,-8182,117
1,1493,-3,-8183,119
1,1494,3,-8179,99
1,1495,-8,-8183,92
1,1496,-11,-8185,94
1,1497,-6,-8177,91
1,1498,-11,-8172,88
1,1499,-9,-8171,76
1,1500,-6,-8167,83
1,1501,-10,-8178,101
1,1502,-20,-8171,106
1,1503,-14,-8153,102
1,1504,-22,-8163,121
1,1505,-14,-8174,118
1,1506,-10,-8163,117
1,1507,-9,-8157,113
1,1508,-12,-8156,113
1,1509,-7,-8157,105
1,1510,3,-8172,98
1,1511,-16,-8174,95
1,1512,-27,-8173,84
1,1513,-14,-8176,81
1,1514,-8,-8165,79
1,1515,-14,-8187,63
1,1516,-19,-8189,58
1,1517,-4,-8186,70
1,1518,-3,-8177,78
1,1519,-9,-8178,87
1,1520,-24,-8177,89
1,1521,-25,-8184,89
1,1522,-17,-8175,93
1,1523,-13,-8180,85
1,1524,-24,-8189,91
1,1525,-23,-8182,98
1,1526,-30,-8178,94
1,1527,-20,-8181,82
1,1528,-5,-8177,66
1,1529,-8,-8179,74
1,1530,-9,-8177,96
1,1531,-13,-8174,109
1,1532,-9,-8180,79
1,1533,-7,-8188,79
1,1534,-14,-8181,73
1,1535,-14,-8170,80
1,1536,-10,-8168,78
1,1537,-10,-8174,95
1,1538,-11,-8169,109
1,1539,-4,-8175,97
1,1540,-11,-8173,101
1,1541,1,-8174,90
1,1542,-13,-8185,100
1,1543,-11,-8189,88
1,1544,-4,-8175,87
1,1545,-5,-8175,103
1,1546,-10,-8179,96
1,1547,-6,-8175,100
1,1548,-7,-8182,121
1,1549,-20,-8184,124
1,1550,-19,-8184,115
1,1551,-16,-8183,107
1,1552,-8,-8175,116
1,1553,-1,-8164,126
1,1554,11,-8176,111
1,1555,13,-8177,97
1,1556,-7,-8180,99
1,1557,-11,-8183,115
1,1558,-15,-8183,99
1,1559,-13,-8184,98
1,1560,-15,-8176,92
1,1561,-5,-8175,106
1,1562,-7,-8174,109
1,1563,-19,-8175,123
1,1564,-22,-8167,104
1,1565,-20,-8153,98
1,1566,-17,-8160,106
1,1567,-12,-8158,108
1,1568,-26,-8161,93
1,1569,-29,-8166,99
1,1570,-28,-8173,100
1,1571,-23,-8186,88
1,1572,-18,-8186,80
1,1573,-11,-8189,78
1,1574,-14,-8187,84
1,1575,-17,-8174,84
1,1576,-6,-8186,105
1,1577,-15,-8192,106
1,1578,-16,-8194,130
1,1579,-11,-8194,135
1,1580,-11,-8184,129
1,1581,-18,-8180,114
1,1582,-15,-8166,89
1,1583,-13,-8171,100
1,1584,-2,-8183,97
1,1585,2,-8182,85
1,1586,-2,-8178,94
1,1587,-5,-8165,95
1,1588,-5,-8166,96
1,1589,-20,-8169,89
1,1590,-25,-8172,92
1,1591,-20,-8158,106
1,1592,-10,-8175,107
1,1593,-25,-8177,116
1,1594,-12,-8174,105
1,1595,-22,-8170,72
1,1596,-27,-8171,77
1,1597,-17,-8172,82
1,1598,-15,-8169,66
1,1599,-22,-8179,85
1,1600,-15,-8179,79
1,1601,-13,-8177,89
1,1602,-8,-8174,92
1,1603,-9,-8166,97
1,1604,-16,-8168,92
1,1605,-7,-8193,96
1,1606,-7,-8190,90
1,1607,-25,-8188,106
1,1608,-23,-8194,108
1,1609,-15,-8197,117
1,1610,1,-8190,113
1,1611,1,-8185,95
1,1612,-11,-8190,96
1,1613,-13,-8188,98
1,1614,-26,-8191,106
1,1615,-17,-8189,89
1,1616,-8,-8181,84
1,1617,-2,-8184,102
1,1618,-7,-8185,89
1,1619,-8,-8172,94
1,1620,-16,-8172,91
1,1621,-32,-8174,83
1,1622,-19,-8178,83
1,1623,-23,-8179,100
1,1624,-19,-8164,98
1,1625,-16,-8164,116
1,1626,-19,-8173,121
1,1627,-17,-8185,106
1,1628,-22,-8194,113
1,1629,-4,-8180,126
1,1630,-14,-8165,117
1,1631,-18,-8159,116
1,1632,-11,-8170,112
1,1633,2,-8186,107
1,1634,5,-8191,86
1,1635,-4,-8190,95
1,1636,7,-8174,103
1,1637,-7,-8164,94
1,1638,0,-8170,91
1,1639,-10,-8180,108
1,1640,-16,-8183,107
1,1641,-7,-8178,86
1,1642,-18,-8175,91
1,1643,-21,-8167,101
1,1644,-21,-8177,82
1,1645,-14,-8181,98
1,1646,-10,-8176,110
1,1647,-20,-8183,102
1,1648,-22,-8184,113
1,1649,-32,-8187,75
1,1650,-19,-8193,77
1,1651,-25,-8191,86
1,1652,-6,-8189,100
1,1653,-1,-8189,77
1,1654,-5,-8180,83
1,1655,-6,-8178,88
1,1656,-21,-8179,95
1,1657,-35,-8183,84
1,1658,-22,-8181,88
1,1659,-32,-8189,97
1,1660,-39,-8185,114
1,1661,-24,-8171,107
1,1662,-15,-8166,97
1,1663,-14,-8173,95
1,1664,-25,-8181,100
1,1665,-29,-8196,93
1,1666,-35,-8193,93
1,1667,-27,-8196,81
1,1668,-25,-8179,86
1,1669,-29,-8178,92
1,1670,-32,-8171,98
1,1671,-20,-8168,104
1,1672,-12,-8163,101
1,1673,-18,-8168,106
1,1674,-28,-8175,98
1,1675,-28,-8176,91
1,1676,-20,-8170,88
1,1677,-10,-8175,82
1,1678,-14,-8186,94
1,1679,-9,-8194,99
1,1680,-18,-8184,116
1,1681,-35,-8186,106
1,1682,-34,-8177,112
1,1683,-28,-8186,110
1,1684,-22,-8182,98
1,1685,-34,-8175,89
1,1686,-23,-8177,85
1,1687,-12,-8169,78
1,1688,-8,-8164,77
1,1689,-9,-8161,96
1,1690,-16,-8155,96
1,1691,-16,-8176,111
1,1692,-2,-8178,118
1,1693,-6,-8175,100
1,1694,-12,-8180,117
1,1695,-20,-8183,129
1,1696,-21,-8192,123
1,1697,-19,-8198,103
1,1698,-34,-8193,91
1,1699,-30,-8179,80
1,1700,-30,-8172,77
1,1701,-26,-8181,89
1,1702,-14,-8180,103
1,1703,-9,-8176,104
1,1704,-12,-8169,96
1,1705,-38,-8173,107
1,1706,-19,-8188,112
1,1707,-18,-8183,95
1,1708,-18,-8163,88
1,1709,-19,-8167,110
1,1710,-24,-8178,109
1,1711,-18,-8172,109
1,1712,-18,-8182,104
1,1713,-15,-8179,107
1,1714,-17,-8171,108
1,1715,-17,-8170,91
1,1716,-13,-8166,96
1,1717,-20,-8171,96
1,1718,-8,-8176,97
1,1719,-12,-8177,96
1,1720,-24,-8169,103
1,1721,-22,-8169,87
1,1722,-9,-8169,110
1,1723,-12,-8189,114
1,1724,-16,-8192,86
1,1725,-15,-8182,85
1,1726,-25,-8174,93
1,1727,-25,-8176,92
1,1728,-27,-8185,107
1,1729,-32,-8189,120
1,1730,-36,-8175,103
1,1731,-34,-8181,86
1,1732,-21,-8179,58
1,1733,-25,-8165,70
1,1734,-13,-8175,106
1,1735,-1,-8166,107
1,1736,-3,-8159,114
1,1737,-7,-8171,96
1,1738,-13,-8176,89
1,1739,-14,-8171,101
1,1740,-4,-8161,101
1,1741,-3,-8173,105
1,1742,-3,-8165,113
1,1743,-10,-8161,101
1,1744,-17,-8169,114
1,1745,-14,-8163,110
1,1746,2,-8168,103
1,1747,5,-8169,99
1,1748,1,-8156,111
1,1749,-8,-8157,114
1,1750,0,-8166,110
1,1751,-12,-8181,88
1,1752,-18,-8180,96
1,1753,-12,-8178,108
1,1754,1,-8186,97
1,1755,0,-8194,98
1,1756,-7,-8202,114
1,1757,1,-8186,117
1,1758,1,-8179,114
1,1759,0,-8172,127
1,1760,-6,-8170,135
1,1761,-17,-8166,116
1,1762,-29,-8158,91
1,1763,-16,-8159,80
1,1764,-25,-8171,91
1,1765,-18,-8167,97
1,1766,-14,-8160,93
1,1767,-19,-8157,103
1,1768,-5,-8169,80
1,1769,-4,-8185,78
1,1770,-11,-8180,98
1,1771,-10,-8173,114
1,1772,-6,-8170,109
1,1773,-7,-8170,108
1,1774,-3,-8174,97
1,1775,-12,-8181,112
1,1776,-34,-8181,101
1,1777,-23,-8176,107
1,1778,-21,-8176,108
1,1779,-31,-8168,104
1,1780,-19,-8163,110
1,1781,-11,-8173,101
1,1782,-6,-8192,101
1,1783,-8,-8180,108
1,1784,-13,-8166,102
1,1785,0,-8174,102
1,1786,-7,-8170,102
1,1787,-9,-8182,110
1,1788,-1,-8180,102
1,1789,-5,-8178,84
1,1790,-21,-8178,86
1,1791,-27,-8168,101
1,1792,-23,-8173,92
1,1793,-20,-8175,82
1,1794,-2,-8180,81
1,1795,-1,-8186,80
1,1796,-15,-8184,86
1,1797,-4,-8170,93
1,1798,0,-8175,99
1,1799,-5,-8186,109
1,1800,2,-8178,90
1,1801,-14,-8191,81
1,1802,-3,-8187,81
1,1803,0,-8178,104
1,1804,0,-8167,103
1,1805,-7,-8178,100
1,1806,-2,-8165,119
1,1807,-12,-8170,98
1,1808,-17,-8181,108
1,1809,-17,-8179,95
1,1810,-28,-8168,83
1,1811,-17,-8181,96
1,1812,-21,-8183,108
1,1813,-25,-8168,109
1,1814,-16,-8171,108
1,1815,-8,-8168,104
1,1816,-8,-8182,104
1,1817,-4,-8185,103
1,1818,3,-8182,121
1,1819,-2,-8181,112
1,1820,0,-8179,84
1,1821,-6,-8179,76
1,1822,-9,-8172,74
1,1823,-10,-8173,77
1,1824,-7,-8176,68
1,1825,-6,-8175,86
1,1826,-14,-8183,91
1,1827,-24,-8181,97
1,1828,-24,-8184,110
1,1829,-32,-8168,106
1,1830,-35,-8164,111
1,1831,-29,-8159,132
1,1832,-27,-8167,110
1,1833,-28,-8163,101
1,1834,-20,-8171,106
1,1835,-8,-8164,91
1,1836,-1,-8162,103
1,1837,-9,-8164,113
1,1838,-19,-8165,107
1,1839,-15,-8167,111
1,1840,-4,-8168,104
1,1841,-6,-8156,104
1,1842,-11,-8171,115
1,1843,-15,-8180,108
1,1844,-25,-8183,111
1,1845,-34,-8189,109
1,1846,-23,-8181,105
1,1847,-14,-8175,97
1,1848,-10,-8184,77
1,1849,-18,-8180,73
1,1850,-8,-8171,81
1,1851,-13,-8169,86
1,1852,-18,-8168,81
1,1853,-19,-8164,92
1,1854,-19,-8177,89
1,1855,-31,-8167,83
1,1856,-17,-8183,88
1,1857,-12,-8189,108
1,1858,-12,-8184,106
1,1859,-13,-8171,107
1,1860,-21,-8161,93
1,1861,-16,-8170,101
1,1862,-12,-8191,90
1,1863,1,-8193,102
1,1864,-10,-8191,95
1,1865,-10,-8196,78
1,1866,-8,-8194,77
1,1867,-21,-8197,85
1,1868,-21,-8201,119
1,1869,-13,-8196,137
1,1870,-15,-8196,118
1,1871,-15,-8193,99
1,1872,-17,-8187,78
1,1873,-19,-8185,74
1,1874,-22,-8187,74
1,1875,-18,-8172,80
1,1876,-8,-8176,84
1,1877,-17,-8173,101
1,1878,-8,-8157,96
1,1879,3,-8166,100
1,1880,11,-8163,96
1,1881,-6,-8181,73
1,1882,-13,-8182,92
1,1883,-4,-8181,89
1,1884,0,-8171,68
1,1885,-15,-8163,77
1,1886,-10,-8164,82
1,1887,-6,-8168,64
1,1888,-19,-8174,59
1,1889,-21,-8167,69
1,1890,-17,-8165,84
1,1891,-7,-8172,109
1,1892,-5,-8167,108
1,1893,-2,-8179,97
1,1894,-3,-8187,111
1,1895,-22,-8194,90
1,1896,-18,-8184,84
1,1897,-12,-8177,101
1,1898,-17,-8173,93
1,1899,-22,-8181,98
1,1900,-12,-8182,91
1,1901,-13,-8185,79
1,1902,-20,-8179,86
1,1903,-15,-8187,94
1,1904,-32,-8192,98
1,1905,-28,-8187,111
1,1906,-23,-8181,109
1,1907,-25,-8176,123
1,1908,-21,-8183,105
1,1909,-19,-8182,113
1,1910,-16,-8185,121
1,1911,-23,-8183,112
1,1912,-26,-8192,111
1,1913,-35,-8194,113
1,1914,-23,-8191,99
1,1915,-24,-8189,89
1,1916,-20,-8175,71
1,1917,-19,-8176,98
1,1918,-29,-8173,89
1,1919,-30,-8168,82
1,1920,-30,-8167,96
1,1921,-34,-8172,82
1,1922,-37,-8171,81
1,1923,-30,-8176,80
1,1924,-21,-8178,75
1,1925,-21,-8170,67
1,1926,-23,-8179,53
1,1927,-23,-8176,62
1,1928,-15,-8173,86
1,1929,-10,-8183,107
1,1930,-12,-8177,108
1,1931,-13,-8186,126
1,1932,-11,-8177,133
1,1933,-7,-8163,116
1,1934,-10,-8155,109
1,1935,-14,-8149,105
1,1936,-3,-8151,87
1,1937,-6,-8151,90
1,1938,-7,-8168,84
1,1939,-4,-8163,93
1,1940,0,-8156,97
1,1941,-7,-8166,87
1,1942,-23,-8169,92
1,1943,-22,-8177,93
1,1944,-13,-8176,96
1,1945,-26,-8168,105
1,1946,-10,-8171,87
1,1947,-23,-8159,100
1,1948,-31,-8165,96
1,1949,-30,-8170,92
1,1950,-12,-8170,88
1,1951,-10,-8174,77
1,1952,-18,-8177,76
1,1953,-19,-8178,84
1,1954,-11,-8172,80
1,1955,-22,-8166,76
1,1956,-29,-8161,78
1,1957,-19,-8176,83
1,1958,-15,-8176,90
1,1959,-11,-8175,104
1,1960,-10,-8176,102
1,1961,-12,-8178,89
1,1962,-13,-8178,68
1,1963,-13,-8174,74
1,1964,3,-8176,60
1,1965,-2,-8179,73
1,1966,6,-8186,86
1,1967,-6,-8177,78
1,1968,-8,-8173,86
1,1969,-12,-8170,74
1,1970,-11,-8161,83
1,1971,-5,-8172,88
1,1972,-11,-8172,95
1,1973,-7,-8157,89
1,1974,-8,-8175,82
1,1975,-14,-8165,81
1,1976,-24,-8182,87
1,1977,-22,-8177,87
1,1978,-14,-8192,75
1,1979,-16,-8192,65
1,1980,-25,-8186,91
1,1981,-22,-8173,100
1,1982,-30,-8177,112
1,1983,-19,-8168,98
1,1984,-8,-8169,88
1,1985,-5,-8173,99
1,1986,-6,-8184,100
1,1987,-6,-8185,99
1,1988,-11,-8192,112
1,1989,-16,-8196,113
1,1990,-7,-8194,119
1,1991,-14,-8177,90
1,1992,-6,-8164,78
1,1993,-15,-8159,79
1,1994,-4,-8167,73
1,1995,-8,-8175,70
1,1996,-12,-8181,65
1,1997,-15,-8172,72
1,1998,-17,-8164,84
1,1999,-11,-8164,79
1,2000,-8,-8188,95
1,2001,2,-8192,103
1,2002,-2,-8187,106
1,2003,-1,-8177,102
1,2004,-4,-8176,95
1,2005,2,-8177,93
1,2006,-6,-8172,93
1,2007,-5,-8168,108
1,2008,-20,-8165,103
1,2009,-13,-8172,86
1,2010,-6,-8179,103
1,2011,-13,-8167,98
1,2012,-17,-8163,107
1,2013,-17,-8177,95
1,2014,-32,-8177,105
1,2015,-28,-8168,98
1,2016,-26,-8168,77
1,2017,-40,-8160,82
1,2018,-43,-8173,67
1,2019,-37,-8168,70
1,2020,-30,-8174,87
1,2021,-22,-8166,74
1,2022,-23,-8169,98
1,2023,-15,-8170,91
1,2024,-21,-8181,100
1,2025,-13,-8174,103
1,2026,-18,-8164,97
1,2027,-15,-8165,91
1,2028,-18,-8169,105
1,2029,-30,-8173,115
1,2030,-27,-8166,124
1,2031,-16,-8167,128
1,2032,-16,-8169,128
1,2033,-17,-8172,102
1,2034,-5,-8184,85
1,2035,-1,-8183,81
1,2036,-16,-8178,87
1,2037,-17,-8171,103
1,2038,-15,-8169,107
1,2039,-11,-8167,102
1,2040,-19,-8179,97
1,2041,-14,-8179,89
1,2042,-13,-8178,89
1,2043,-17,-8183,101
1,2044,-6,-8184,97
1,2045,7,-8176,91
1,2046,-3,-8167,83
1,2047,-7,-8169,86
1,2048,-1,-8171,92
1,2049,-12,-8184,93
1,2050,-19,-8183,87
1,2051,-24,-8173,74
1,2052,-26,-8183,72
1,2053,-18,-8192,72
1,2054,-7,-8175,82
1,2055,-8,-8167,86
1,2056,-16,-8165,80
1,2057,-14,-8182,85
1,2058,-14,-8183,82
1,2059,-16,-8171,82
1,2060,-13,-8159,83
1,2061,-5,-8162,90
1,2062,-24,-8173,100
1,2063,-11,-8182,115
1,2064,-20,-8170,94
1,2065,-15,-8178,100
1,2066,-10,-8178,94
1,2067,-13,-8163,101
1,2068,-27,-8170,81
1,2069,-21,-8178,91
1,2070,-14,-8188,95
1,2071,-16,-8166,83
1,2072,-19,-8168,86
1,2073,-26,-8173,96
1,2074,-23,-8182,99
1,2075,-12,-8175,108
1,2076,-13,-8180,113
1,2077,-13,-8181,100
1,2078,-18,-8189,94
1,2079,-15,-8184,102
1,2080,-13,-8191,99
1,2081,-36,-8192,97
1,2082,-43,-8177,96
1,2083,-25,-8177,114
1,2084,-14,-8175,108
1,2085,-20,-8169,83
1,2086,-24,-8169,94
1,2087,-11,-8166,101
1,2088,-15,-8178,95
1,2089,-21,-8171,106
1,2090,-23,-8167,105
1,2091,-24,-8180,110
1,2092,-22,-8182,119
1,2093,-14,-8182,107
1,2094,-18,-8178,83
1,2095,-10,-8177,99
1,2096,-14,-8168,114
1,2097,-5,-8167,123
1,2098,-9,-8176,115
1,2099,-12,-8187,81
1,2100,-6,-8199,107
1,2101,-2,-8200,91
1,2102,-10,-8194,93
1,2103,-17,-8184,96
1,2104,-13,-8175,101
1,2105,-14,-8181,88
1,2106,-14,-8195,97
1,2107,-17,-8200,103
1,2108,-15,-8193,107
1,2109,-22,-8175,98
1,2110,-20,-8172,96
1,2111,-13,-8170,99
1,2112,-20,-8174,103
1,2113,-12,-8167,103
1,2114,-4,-8165,100
1,2115,-18,-8177,92
1,2116,-18,-8167,95
1,2117,-20,-8171,87
1,2118,-30,-8184,99
1,2119,-35,-8192,83
1,2120,-35,-8194,66
1,2121,-34,-8186,73
1,2122,-36,-8179,94
1,2123,-32,-8185,91
1,2124,-34,-8181,73
1,2125,-27,-8186,85
1,2126,-29,-8194,97
1,2127,-13,-8182,88
1,2128,-7,-8175,108
1,2129,-2,-8189,109
1,2130,-6,-8187,99
1,2131,-18,-8173,97
1,2132,-9,-8171,107
1,2133,-12,-8181,94
1,2134,-3,-8172,96
1,2135,-18,-8174,99
1,2136,-18,-8181,101
1,2137,-12,-8176,100
1,2138,-13,-8172,99
1,2139,-10,-8189,106
1,2140,-2,-8190,101
1,2141,-10,-8192,99
1,2142,-13,-8190,83
1,2143,-16,-8193,85
1,2144,-6,-8178,98
1,2145,-1,-8182,94
1,2146,-18,-8190,87
1,2147,-9,-8186,103
1,2148,0,-8199,107
1,2149,5,-8193,108
1,2150,3,-8182,96
1,2151,1,-8168,90
1,2152,-12,-8158,91
1,2153,-26,-8149,87
1,2154,-24,-8161,81
1,2155,-25,-8171,87
1,2156,-24,-8162,80
1,2157,-28,-8165,89
1,2158,-32,-8167,98
1,2159,-35,-8164,108
1,2160,-29,-8155,98
1,2161,-18,-8160,101
1,2162,-17,-8178,108
1,2163,-23,-8184,116
1,2164,-24,-8181,108
1,2165,-20,-8180,100
1,2166,-25,-8191,93
1,2167,-17,-8193,91
1,2168,-7,-8178,80
1,2169,-15,-8172,70
1,2170,-24,-8175,89
1,2171,-29,-8185,74
1,2172,-18,-8178,84
1,2173,-10,-8170,67
1,2174,-2,-8164,75
1,2175,-1,-8169,73
1,2176,-12,-8180,81
1,2177,-29,-8182,89
1,2178,-33,-8178,101
1,2179,-18,-8178,89
1,2180,-25,-8187,75
1,2181,-21,-8190,76
1,2182,-16,-8189,70
1,2183,-16,-8194,83
1,2184,-7,-8177,73
1,2185,-7,-8179,85
1,2186,-5,-8166,72
1,2187,-19,-8171,70
1,2188,-6,-8178,74
1,2189,-11,-8194,86
1,2190,-12,-8193,61
1,2191,-10,-8189,79
1,2192,1,-8180,81
1,2193,-3,-8183,77
1,2194,-13,-8183,87
1,2195,-18,-8179,89
1,2196,-14,-8181,89
1,2197,-9,-8182,82
1,2198,1,-8185,86
1,2199,-9,-8180,94
1,2200,-23,-8188,88
1,2201,-27,-8187,91
1,2202,-21,-8181,88
1,2203,-18,-8184,95
1,2204,-17,-8179,88
1,2205,-22,-8176,95
1,2206,-22,-8172,101
1,2207,-21,-8182,112
1,2208,-9,-8173,96
1,2209,-16,-8168,97
1,2210,-14,-8170,102
1,2211,-18,-8185,116
1,2212,-18,-8181,108
1,2213,-3,-8174,107
1,2214,-15,-8167,79
1,2215,-15,-8161,59
1,2216,-6,-8166,64
1,2217,-15,-8167,70
1,2218,-28,-8164,65
1,2219,-23,-8153,70
1,2220,-21,-8156,92
1,2221,-30,-8161,83
1,2222,-16,-8174,92
1,2223,-20,-8176,94
1,2224,-21,-8174,100
1,2225,-19,-8175,109
1,2226,-21,-8184,102
1,2227,-26,-8178,94
1,2228,-19,-8182,105
1,2229,-25,-8194,113
1,2230,-19,-8191,104
1,2231,-24,-8185,102
1,2232,-17,-8182,101
1,2233,-19,-8180,108
1,2234,-16,-8171,99
1,2235,-20,-8161,108
1,2236,-11,-8162,118
1,2237,-1,-8165,107
1,2238,-11,-8168,109
1,2239,-15,-8166,97
1,2240,-5,-8168,100
1,2241,-2,-8177,103
1,2242,-5,-8176,111
1,2243,-11,-8174,96
1,2244,-9,-8175,95
1,2245,-18,-8182,106
1,2246,-30,-8188,92
1,2247,-30,-8174,86
1,2248,-18,-8177,87
1,2249,-14,-8165,95
1,2250,-11,-8158,97
1,2251,-10,-8169,108
1,2252,-16,-8168,96
1,2253,-19,-8161,96
1,2254,-22,-8165,87
1,2255,-14,-8167,90
1,2256,-21,-8170,83
1,2257,-33,-8165,82
1,2258,-37,-8161,87
1,2259,-32,-8153,89
1,2260,-17,-8161,95
1,2261,-19,-8164,90
1,2262,-19,-8165,95
1,2263,-16,-8167,95
1,2264,-13,-8181,114
1,2265,-21,-8169,119
1,2266,-22,-8161,99
1,2267,-8,-8167,93
1,2268,-6,-8179,92
1,2269,-8,-8183,107
1,2270,-22,-8176,98
1,2271,-22,-8177,134
1,2272,-27,-8172,113
1,2273,-15,-8172,105
1,2274,-14,-8179,101
1,2275,-15,-8184,117
1,2276,-7,-8181,109
1,2277,-18,-8177,105
1,2278,-27,-8177,119
1,2279,-12,-8167,110
1,2280,-6,-8163,124
1,2281,-3,-8169,110
1,2282,-12,-8166,102
1,2283,0,-8180,86
1,2284,-5,-8188,100
1,2285,-24,-8187,103
1,2286,-10,-8186,94
1,2287,-11,-8191,93
1,2288,-12,-8175,107
1,2289,-37,-8167,103
1,2290,-29,-8176,99
1,2291,-14,-8173,91
1,2292,-9,-8177,106
1,2293,-21,-8173,105
1,2294,-22,-8176,110
1,2295,-5,-8180,102
1,2296,-9,-8169,95
1,2297,-9,-8173,115
1,2298,-6,-8164,121
1,2299,-18,-8173,112
1,2300,-21,-8162,102
1,2301,-26,-8169,89
1,2302,-24,-8181,78
1,2303,-21,-8176,75
1,2304,-23,-8179,89
1,2305,-20,-8176,84
1,2306,-22,-8166,112
1,2307,-17,-8166,110
1,2308,-18,-8156,106
1,2309,-12,-8159,97
1,2310,-17,-8172,97
1,2311,-25,-8167,107
1,2312,-31,-8157,104
1,2313,-31,-8162,106
1,2314,-23,-8172,96
1,2315,-18,-8178,78
1,2316,-15,-8180,83
1,2317,-14,-8182,88
1,2318,-14,-8167,81
1,2319,-14,-8171,90
1,2320,-13,-8178,101
1,2321,-13,-8174,102
1,2322,-17,-8165,75
1,2323,-9,-8168,89
1,2324,-7,-8174,91
1,2325,-10,-8179,98
1,2326,-16,-8174,114
1,2327,-20,-8173,98
1,2328,-20,-8173,106
1,2329,-12,-8166,129
1,2330,-17,-8156,128
1,2331,-21,-8156,119
1,2332,-19,-8174,104
1,2333,-22,-8180,95
1,2334,-30,-8180,91
1,2335,-21,-8183,86
1,2336,-20,-8177,75
1,2337,-8,-8173,74
1,2338,-8,-8188,86
1,2339,-19,-8193,84
1,2340,-21,-8187,86
1,2341,-8,-8188,96
1,2342,2,-8183,87
1,2343,-8,-8195,90
1,2344,-15,-8201,84
1,2345,-18,-8189,94
1,2346,-15,-8183,96
1,2347,1,-8192,90
1,2348,-7,-8190,95
1,2349,-14,-8177,109
1,2350,-14,-8174,104
1,2351,-8,-8175,115
1,2352,0,-8174,98
1,2353,-8,-8183,104
1,2354,-8,-8173,96
1,2355,-11,-8177,76
1,2356,-14,-8169,72
1,2357,-3,-8164,92
1,2358,-16,-8163,108
1,2359,-22,-8150,101
1,2360,-24,-8164,104
1,2361,-22,-8167,102
1,2362,-14,-8178,103
1,2363,-20,-8186,99
1,2364,-27,-8189,103
1,2365,-25,-8184,110
1,2366,-24,-8163,116
1,2367,-28,-8169,117
1,2368,-28,-8177,107
1,2369,-34,-8172,95
1,2370,-7,-8170,84
1,2371,0,-8163,96
1,2372,-4,-8176,101
1,2373,-7,-8173,91
1,2374,-16,-8181,91
1,2375,-12,-8183,116
1,2376,-5,-8178,113
1,2377,9,-8176,99
1,2378,-11,-8176,99
1,2379,-30,-8177,91
1,2380,-33,-8183,100
1,2381,-18,-8185,83
1,2382,-15,-8184,98
1,2383,2,-8175,94
1,2384,6,-8182,82
1,2385,-5,-8177,79
1,2386,-14,-8167,65
1,2387,-6,-8159,76
1,2388,-17,-8173,87
1,2389,-20,-8187,110
1,2390,-22,-8180,115
1,2391,-9,-8164,100
1,2392,-18,-8161,97
1,2393,-19,-8169,72
1,2394,-21,-8176,84
1,2395,-18,-8179,72
1,2396,2,-8176,93
1,2397,5,-8176,95
1,2398,-11,-8186,100
1,2399,-6,-8189,106
1,2400,-18,-8184,94
1,2401,-28,-8181,91
1,2402,-27,-8172,90
1,2403,-36,-8173,99
1,2404,-30,-8173,104
1,2405,-32,-8183,106
1,2406,-25,-8180,100
1,2407,-6,-8174,101
1,2408,-6,-8159,91
1,2409,-10,-8167,98
1,2410,-9,-8176,83
1,2411,-9,-8178,63
1,2412,6,-8177,63
1,2413,8,-8174,59
1,2414,-6,-8163,75
1,2415,-18,-8173,81
1,2416,-15,-8175,99
1,2417,-21,-8170,109
1,2418,-20,-8168,100
1,2419,-12,-8181,84
1,2420,-25,-8186,78
1,2421,-25,-8180,99
1,2422,-26,-8177,99
1,2423,-28,-8166,72
1,2424,-23,-8163,63
1,2425,-26,-8158,71
1,2426,-32,-8148,92
1,2427,-33,-8168,100
1,2428,-29,-8174,109
1,2429,-32,-8182,112
1,2430,-13,-8188,95
1,2431,-9,-8188,98
1,2432,-12,-8177,75
1,2433,-25,-8168,79
1,2434,-19,-8161,79
1,2435,-19,-8171,68
1,2436,-13,-8176,72
1,2437,-12,-8174,88
1,2438,-14,-8165,89
1,2439,-6,-8174,81
1,2440,-9,-8179,75
1,2441,-3,-8185,83
1,2442,-11,-8168,101
1,2443,-22,-8177,105
1,2444,-19,-8174,109
1,2445,-12,-8168,102
1,2446,-7,-8165,92
1,2447,-6,-8171,95
1,2448,-17,-8176,82
1,2449,-23,-8172,85
1,2450,-23,-8164,89
1,2451,-25,-8149,98
1,2452,-17,-8153,98
1,2453,-16,-8156,91
1,2454,-21,-8160,91
1,2455,-35,-8179,96
1,2456,-42,-8176,93
1,2457,-39,-8186,92
1,2458,-31,-8189,80
1,2459,-15,-8206,80
1,2460,-19,-8191,81
1,2461,-21,-8192,89
1,2462,-17,-8177,85
1,2463,-16,-8163,103
1,2464,-23,-8165,112
1,2465,-10,-8166,87
1,2466,-7,-8166,90
1,2467,-7,-8173,107
1,2468,-10,-8174,102
1,2469,-13,-8174,88
1,2470,-7,-8166,102
1,2471,0,-8163,110
1,2472,-15,-8168,102
1,2473,-19,-8188,104
1,2474,-26,-8193,100
1,2475,-32,-8176,94
1,2476,-31,-8164,103
1,2477,-25,-8164,93
1,2478,-18,-8172,86
1,2479,-21,-8172,88
1,2480,-31,-8167,91
1,2481,-33,-8169,90
1,2482,-24,-8169,85
1,2483,-11,-8176,70
1,2484,-3,-8168,74
1,2485,-8,-8170,85
1,2486,-5,-8177,85
1,2487,-7,-8171,84
1,2488,10,-8163,103
1,2489,19,-8172,102
1,2490,3,-8180,105
1,2491,-18,-8184,108
1,2492,-22,-8172,112
1,2493,-23,-8179,98
1,2494,-24,-8181,87
1,2495,-15,-8176,106
1,2496,-22,-8171,119
1,2497,-23,-8173,105
2,0,-29,-8182,86
2,1,-26,-8172,90
2,2,-28,-8181,89
2,3,-18,-8186,101
2,4,-9,-8184,123
2,5,-10,-8175,114
2,6,-20,-8176,88
2,7,-20,-8164,98
2,8,-37,-8156,112
2,9,-27,-8162,117
2,10,-19,-8176,99
2,11,-17,-8188,82
2,12,-20,-8196,101
2,13,-23,-8183,94
2,14,-25,-8177,77
2,15,-29,-8176,76
2,16,-15,-8180,92
2,17,-4,-8176,82
2,18,-8,-8172,86
2,19,-14,-8187,99
2,20,-3,-8183,109
2,21,17,-8182,98
2,22,5,-8184,100
2,23,0,-8186,94
2,24,2,-8184,83
2,25,0,-8175,76
2,26,1,-8178,76
2,27,-10,-8176,79
2,28,-18,-8161,101
2,29,-11,-8169,85
2,30,2,-8191,77
2,31,4,-8194,82
2,32,1,-8191,89
2,33,-3,-8193,91
2,34,-3,-8196,102
2,35,-4,-8188,94
2,36,-10,-8189,96
2,37,-5,-8181,88
2,38,4,-8170,72
2,39,-10,-8173,99
2,40,-16,-8179,86
2,41,-22,-8174,84
2,42,-28,-8190,70
2,43,-19,-8192,95
2,44,-25,-8195,111
2,45,-20,-8184,88
2,46,-20,-8179,89
2,47,-21,-8172,92
2,48,-18,-8184,88
2,49,-16,-8179,94
2,50,-16,-8183,119
2,51,-21,-8181,102
2,52,-20,-8184,91
2,53,-24,-8180,109
2,54,-9,-8177,88
2,55,-15,-8175,87
2,56,-31,-8185,74
2,57,-23,-8197,96
2,58,-24,-8193,93
2,59,-32,-8181,88
2,60,-37,-8170,85
2,61,-28,-8170,80
2,62,-29,-8177,76
2,63,-19,-8183,79
2,64,-15,-8184,81
2,65,-15,-8191,84
2,66,-20,-8181,95
2,67,-25,-8165,88
2,68,-26,-8160,84
2,69,-17,-8157,68
2,70,-20,-8172,71
2,71,-35,-8179,76
2,72,-26,-8178,64
2,73,-27,-8174,83
2,74,-25,-8177,89
2,75,-20,-8169,104
2,76,-17,-8186,105
2,77,-7,-8186,96
2,78,-14,-8168,86
2,79,-27,-8177,85
2,80,-30,-8181,87
2,81,-18,-8194,105
2,82,-18,-8191,113
2,83,-5,-8182,114
2,84,-12,-8174,111
2,85,-14,-8186,106
2,86,-4,-8196,90
2,87,-3,-8184,95
2,88,-13,-8181,103
2,89,-31,-8172,109
2,90,-30,-8190,103
2,91,-17,-8177,116
2,92,-9,-8175,112
2,93,-13,-8186,113
2,94,-19,-8188,108
2,95,-12,-8186,94
2,96,-7,-8179,75
2,97,-1,-8185,76
2,98,2,-8190,90
2,99,-3,-8189,94
2,100,-11,-8196,74
2,101,-8,-8187,64
2,102,-10,-8188,70
2,103,-15,-8186,80
2,104,-13,-8184,86
2,105,-15,-8190,98
2,106,-19,-8185,103
2,107,-16,-8182,95
2,108,2,-8172,87
2,109,-1,-8175,87
2,110,-15,-8179,88
2,111,-12,-8187,89
2,112,-13,-8184,98
2,113,5,-8183,99
2,114,-13,-8185,105
2,115,-20,-8187,100
2,116,-22,-8191,77
2,117,-24,-8189,69
2,118,-31,-8182,87
2,119,-28,-8171,90
2,120,-20,-8164,75
2,121,-23,-8166,92
2,122,-14,-8172,108
2,123,-18,-8159,118
2,124,-28,-8169,126
2,125,-12,-8182,126
2,126,-16,-8189,104
2,127,-11,-8197,91
2,128,-5,-8207,87
2,129,-16,-8194,79
2,130,-24,-8186,76
2,131,-13,-8181,94
2,132,-3,-8170,99
2,133,-1,-8166,97
2,134,-3,-8175,88
2,135,7,-8183,103
2,136,-4,-8183,95
2,137,-11,-8188,92
2,138,-15,-8176,100
2,139,-8,-8174,97
2,140,-9,-8176,115
2,141,-13,-8170,117
2,142,-9,-8163,105
2,143,-14,-8173,91
2,144,-4,-8179,106
2,145,-7,-8184,110
2,146,-16,-8175,101
2,147,-21,-8174,110
2,148,-31,-8182,95
2,149,-22,-8183,92
2,150,-12,-8187,86
2,151,-8,-8194,93
2,152,-10,-8193,87
2,153,-16,-8184,96
2,154,-23,-8174,90
2,155,-18,-8165,89
2,156,-28,-8161,75
2,157,-14,-8176,72
2,158,-11,-8169,75
2,159,-14,-8182,101
2,160,-15,-8198,94
2,161,-26,-8193,75
2,162,-11,-8190,80
2,163,-13,-8205,89
2,164,-11,-8204,92
2,165,-16,-8208,102
2,166,-15,-8203,97
2,167,-8,-8195,93
2,168,-9,-8199,74
2,169,-17,-8183,69
2,170,-30,-8185,77
2,171,-20,-8181,100
2,172,-22,-8172,99
2,173,-23,-8175,96
2,174,-26,-8177,92
2,175,-35,-8167,98
2,176,-27,-8173,92
2,177,-25,-8168,105
2,178,-20,-8167,113
2,179,-16,-8165,100
2,180,-10,-8173,104
2,181,-9,-8168,79
2,182,-5,-8169,97
2,183,0,-8167,120
2,184,-3,-8162,112
2,185,-8,-8165,109
2,186,-2,-8172,92
2,187,-1,-8169,88
2,188,5,-8173,77
2,189,5,-8183,65
2,190,-5,-8189,65
2,191,-7,-8185,91
2,192,-5,-8180,90
2,193,-9,-8174,90
2,194,-10,-8177,85
2,195,-2,-8180,75
2,196,-3,-8189,78
2,197,-5,-8186,94
2,198,5,-8182,103
2,199,6,-8178,104
2,200,-10,-8185,82
2,201,-12,-8180,88
2,202,-4,-8183,85
2,203,-7,-8171,76
2,204,-7,-8185,71
2,205,-8,-8175,82
2,206,-17,-8164,83
2,207,-17,-8166,67
2,208,-13,-8171,78
2,209,-20,-8185,86
2,210,-17,-8190,104
2,211,-10,-8190,100
2,212,-12,-8180,92
2,213,-15,-8181,82
2,214,-17,-8178,86
2,215,-18,-8184,79
2,216,-14,-8191,76
2,217,6,-8175,80
2,218,7,-8182,98
2,219,17,-8186,86
2,220,3,-8192,87
2,221,7,-8193,96
2,222,3,-8179,116
2,223,-3,-8174,103
2,224,-1,-8183,108
2,225,-9,-8186,111
2,226,-11,-8181,112
2,227,-16,-8177,93
2,228,-20,-8173,110
2,229,-20,-8175,110
2,230,-19,-8181,104
2,231,-11,-8182,109
2,232,-3,-8178,119
2,233,-5,-8169,104
2,234,-2,-8172,99
2,235,-9,-8162,85
2,236,-14,-8164,90
2,237,-21,-8157,83
2,238,-29,-8167,90
2,239,-24,-8166,88
2,240,-17,-8178,107
2,241,-11,-8176,97
2,242,-18,-8183,93
2,243,-11,-8194,111
2,244,-10,-8196,111
2,245,-16,-8191,100
2,246,-22,-8186,83
2,247,-20,-8176,81
2,248,-14,-8185,79
2,249,-6,-8184,101
2,250,-14,-8179,100
2,251,-23,-8186,105
2,252,-22,-8196,89
2,253,-10,-8192,88
2,254,-8,-8187,98
2,255,-13,-8192,105
2,256,-15,-8186,101
2,257,1,-8181,108
2,258,4,-8196,98
2,259,-4,-8195,96
2,260,-4,-8188,100
2,261,-11,-8181,94
2,262,-9,-8181,96
2,263,-15,-8180,85
2,264,-3,-8178,95
2,265,1,-8179,99
2,266,-4,-8170,83
2,267,-11,-8167,84
2,268,-15,-8179,87
2,269,-18,-8191,91
2,270,-32,-8187,96
2,271,-26,-8185,90
2,272,-16,-8188,82
2,273,-5,-8188,78
2,274,-8,-8194,80
2,275,-7,-8199,85
2,276,-1,-8195,84
2,277,-5,-8202,86
2,278,-15,-8198,83
2,279,-10,-8190,80
2,280,-7,-8194,94
2,281,-10,-8172,96
2,282,-9,-8167,90
2,283,-15,-8176,83
2,284,-25,-8168,83
2,285,-24,-8187,82
2,286,-16,-8193,81
2,287,-9,-8181,88
2,288,-7,-8186,88
2,289,-15,-8176,93
2,290,-16,-8186,99
2,291,-6,-8183,113
2,292,-8,-8172,105
2,293,-4,-8174,96
2,294,2,-8165,90
2,295,-9,-8163,94
2,296,-12,-8163,90
2,297,-15,-8165,91
2,298,-17,-8169,100
2,299,-24,-8164,95
2,300,-20,-8160,82
2,301,-20,-8173,85
2,302,-21,-8171,87
2,303,-16,-8165,102
2,304,-7,-8167,94
2,305,-11,-8173,90
2,306,-10,-8165,103
2,307,3,-8164,108
2,308,-12,-8168,97
2,309,-12,-8173,103
2,310,-17,-8185,90
2,311,-9,-8179,83
2,312,-16,-8174,89
2,313,-7,-8169,98
2,314,-12,-8158,100
2,315,-22,-8158,99
2,316,-23,-8159,97
2,317,-22,-8178,90
2,318,-10,-8180,88
2,319,-4,-8180,93
2,320,-7,-8186,92
2,321,-16,-8180,76
2,322,-18,-8183,78
2,323,-13,-8186,101
2,324,-15,-8176,92
2,325,-20,-8189,94
2,326,-29,-8190,95
2,327,-20,-8200,77
2,328,-19,-8197,80
2,329,-24,-8192,88
2,330,-19,-8189,88
2,331,-14,-8184,105
2,332,3,-8192,115
2,333,5,-8188,101
2,334,-7,-8178,100
2,335,-12,-8166,93
2,336,-11,-8185,107
2,337,-15,-8181,122
2,338,-15,-8183,102
2,339,-7,-8188,106
2,340,-6,-8173,100
2,341,-5,-8174,98
2,342,-1,-8181,78
2,343,-3,-8180,73
2,344,0,-8183,89
2,345,-7,-8186,90
2,346,-16,-8184,106
2,347,-9,-8179,99
2,348,-6,-8173,91
2,349,-2,-8175,83
2,350,-6,-8177,90
2,351,2,-8172,92
2,352,-7,-8179,94
2,353,0,-8175,93
2,354,2,-8167,85
2,355,-2,-8157,68
2,356,-14,-8147,78
2,357,-19,-8156,97
2,358,-25,-8164,114
2,359,-11,-8162,111
2,360,-9,-8172,92
2,361,-1,-8166,82
2,362,6,-8164,95
2,363,6,-8168,83
2,364,1,-8169,85
2,365,1,-8186,104
2,366,3,-8195,99
2,367,-10,-8187,86
2,368,-19,-8176,100
2,369,-19,-8177,93
2,370,-21,-8175,95
2,371,-23,-8181,86
2,372,-20,-8182,78
2,373,-24,-8174,88
2,374,-28,-8181,83
2,375,-24,-8174,87
2,376,-22,-8181,99
2,377,-29,-8184,106
2,378,-23,-8176,112
2,379,-18,-8186,111
2,380,-21,-8180,95
2,381,-23,-8177,99
2,382,-9,-8181,114
2,383,-19,-8184,115
2,384,-28,-8175,110
2,385,-24,-8179,104
2,386,-16,-8174,88
2,387,-10,-8176,93
2,388,-12,-8179,106
2,389,-13,-8183,111
2,390,-21,-8182,94
2,391,-13,-8181,100
2,392,-12,-8175,98
2,393,-17,-8180,100
2,394,-10,-8193,88
2,395,-12,-8192,74
2,396,-5,-8191,92
2,397,4,-8183,108
2,398,-7,-8179,85
2,399,-9,-8170,71
2,400,-4,-8182,63
2,401,-19,-8168,87
2,402,-18,-8177,86
2,403,-12,-8182,78
2,404,-20,-8178,84
2,405,-28,-8184,78
2,406,-14,-8191,103
2,407,-17,-8190,103
2,408,-20,-8184,124
2,409,-12,-8172,107
2,410,-5,-8168,88
2,411,-8,-8175,80
2,412,-5,-8172,93
2,413,5,-8174,65
2,414,0,-8180,77
2,415,-14,-8191,95
2,416,-19,-8191,95
2,417,-8,-8191,76
2,418,-4,-8185,80
2,419,-10,-8186,104
2,420,1,-8181,94
2,421,-11,-8186,96
2,422,-4,-8183,99
2,423,-9,-8182,104
2,424,-15,-8189,91
2,425,-9,-8176,97
2,426,-7,-8156,69
2,427,-4,-8165,68
2,428,-8,-8176,78
2,429,-13,-8176,98
2,430,-24,-8187,93
2,431,-24,-8178,94
2,432,-13,-8186,88
2,433,-13,-8192,103
2,434,-22,-8190,101
2,435,-16,-8176,102
2,436,-5,-8168,93
2,437,-5,-8166,92
2,438,-4,-8161,100
2,439,-17,-8163,105
2,440,-19,-8158,112
2,441,-19,-8153,93
2,442,-16,-8172,98
2,443,-5,-8180,83
2,444,-8,-8185,69
2,445,-16,-8187,69
2,446,-19,-8195,72
2,447,-6,-8197,74
2,448,2,-8192,72
2,449,-7,-8188,95
2,450,-14,-8190,107
2,451,-8,-8188,107
2,452,-4,-8179,107
2,453,-9,-8182,104
2,454,-13,-8174,87
2,455,-5,-8178,92
2,456,-8,-8182,103
2,457,-23,-8184,103
2,458,-22,-8186,116
2,459,-21,-8178,110
2,460,-13,-8184,126
2,461,-22,-8179,121
2,462,-9,-8172,99
2,463,1,-8168,105
2,464,-3,-8163,98
2,465,-5,-8175,75
2,466,-22,-8189,75
2,467,-23,-8185,91
2,468,-23,-8182,105
2,469,-22,-8179,101
2,470,-20,-8177,88
2,471,-18,-8175,85
2,472,-19,-8184,98
2,473,-16,-8187,112
2,474,-7,-8180,98
2,475,-6,-8176,81
2,476,-15,-8176,104
2,477,-20,-8178,97
2,478,-16,-8188,97
2,479,-18,-8189,88
2,480,-11,-8188,94
2,481,6,-8179,88
2,482,-5,-8188,99
2,483,-4,-8197,99
2,484,-7,-8183,105
2,485,-2,-8180,87
2,486,3,-8181,80
2,487,-6,-8174,90
2,488,-21,-8172,107
2,489,-16,-8174,100
2,490,-15,-8173,93
2,491,-7,-8176,92
2,492,-12,-8180,92
2,493,-19,-8191,97
2,494,-23,-8183,102
2,495,-47,-8177,105
2,496,-38,-8175,103
2,497,-39,-8167,92
2,498,-21,-8169,112
2,499,-8,-8166,106
2,500,-5,-8173,93
2,501,-8,-8168,80
2,502,-12,-8174,72
2,503,-2,-8187,64
2,504,4,-8185,64
2,505,-7,-8170,60
2,506,-25,-8172,70
2,507,-25,-8164,79
2,508,-29,-8168,98
2,509,-36,-8178,105
2,510,-42,-8169,111
2,511,-35,-8184,98
2,512,-24,-8182,99
2,513,-24,-8177,101
2,514,-10,-8171,87
2,515,-12,-8167,80
2,516,-9,-8159,85
2,517,-14,-8161,90
2,518,-29,-8174,118
2,519,-29,-8171,121
2,520,-23,-8176,110
2,521,-17,-8174,100
2,522,-10,-8173,103
2,523,-14,-8167,115
2,524,-14,-8172,97
2,525,-14,-8178,86
2,526,-14,-8182,101
2,527,-14,-8177,98
2,528,-16,-8183,83
2,529,1,-8171,86
2,530,2,-8169,94
2,531,-4,-8170,93
2,532,-5,-8169,90
2,533,-7,-8169,89
2,534,-22,-8177,91
2,535,-30,-8181,86
2,536,-21,-8168,104
2,537,-21,-8166,92
2,538,-13,-8163,84
2,539,-21,-8168,91
2,540,-22,-8175,87
2,541,-21,-8183,84
2,542,-5,-8196,92
2,543,-2,-8188,93
2,544,-5,-8185,89
2,545,-9,-8176,90
2,546,-9,-8163,106
2,547,-7,-8170,98
2,548,-16,-8179,112
2,549,-22,-8179,109
2,550,-34,-8175,109
2,551,-27,-8182,104
2,552,-21,-8173,96
2,553,-14,-8181,92
2,554,-15,-8170,107
2,555,-18,-8171,106
2,556,-28,-8170,104
2,557,-25,-8178,95
2,558,-13,-8179,98
2,559,-14,-8182,106
2,560,-10,-8182,102
2,561,-10,-8173,98
2,562,-10,-8185,120
2,563,-23,-8182,122
2,564,-24,-8173,115
2,565,-9,-8156,120
2,566,7,-8163,113
2,567,1,-8170,101
2,568,3,-8157,94
2,569,-7,-8161,89
2,570,-5,-8176,104
2,571,-13,-8189,104
2,572,-15,-8183,95
2,573,-20,-8179,86
2,574,-11,-8182,95
2,575,-3,-8189,92
2,576,-6,-8194,98
2,577,-12,-8195,94
2,578,0,-8185,102
2,579,-1,-8175,89
2,580,7,-8179,70
2,581,-2,-8187,82
2,582,-6,-8176,71
2,583,-12,-8170,73
2,584,-18,-8184,80
2,585,-17,-8184,98
2,586,-16,-8174,98
2,587,-6,-8170,99
2,588,-23,-8179,94
2,589,-19,-8167,86
2,590,-13,-8162,94
2,591,-17,-8159,89
2,592,-16,-8165,87
2,593,-15,-8158,89
2,594,-15,-8177,107
2,595,-20,-8197,102
2,596,-27,-8194,83
2,597,-22,-8180,81
2,598,-22,-8183,68
2,599,-19,-8178,69
2,600,-21,-8176,81
2,601,-9,-8167,88
2,602,-15,-8180,90
2,603,-14,-8172,78
2,604,-20,-8173,95
2,605,-25,-8168,94
2,606,-20,-8167,92
2,607,-28,-8174,99
2,608,-14,-8175,107
2,609,-24,-8167,110
2,610,-7,-8169,106
2,611,-10,-8168,94
2,612,-21,-8183,103
2,613,-17,-8177,105
2,614,-17,-8183,84
2,615,-11,-8176,99
2,616,-13,-8163,80
2,617,-8,-8163,69
2,618,-6,-8171,73
2,619,-17,-8176,98
2,620,-18,-8185,88
2,621,-20,-8181,97
2,622,-23,-8182,104
2,623,-22,-8181,114
2,624,-10,-8170,104
2,625,-6,-8168,102
2,626,-22,-8167,117
2,627,-31,-8169,103
2,628,-33,-8171,94
2,629,-20,-8174,74
2,630,-9,-8179,69
2,631,-8,-8193,84
2,632,-6,-8191,88
2,633,-15,-8179,92
2,634,-24,-8172,95
2,635,-22,-8175,103
2,636,-18,-8170,105
2,637,-19,-8184,96
2,638,-34,-8179,106
2,639,-22,-8175,92
2,640,-19,-8183,119
2,641,-20,-8181,104
2,642,-25,-8185,97
2,643,-18,-8181,103
2,644,-13,-8176,101
2,645,-20,-8169,91
2,646,-14,-8180,82
2,647,-16,-8189,89
2,648,-15,-8187,90
2,649,-10,-8186,105
2,650,-19,-8184,114
2,651,-28,-8187,115
2,652,-10,-8168,101
2,653,-6,-8164,91
2,654,-18,-8184,96
2,655,-20,-8180,89
2,656,-23,-8176,79
2,657,-22,-8175,86
2,658,-14,-8175,88
2,659,-19,-8180,90
2,660,-16,-8183,95
2,661,-13,-8190,87
2,662,-5,-8191,78
2,663,-16,-8181,88
2,664,-11,-8177,105
2,665,-27,-8165,106
2,666,-32,-8173,104
2,667,-18,-8175,100
2,668,-11,-8165,91
2,669,-11,-8172,76
2,670,-16,-8175,87
2,671,-27,-8171,89
2,672,-21,-8171,89
2,673,-27,-8169,97
2,674,-27,-8176,100
2,675,-19,-8170,99
2,676,-12,-8177,121
2,677,1,-8181,117
2,678,3,-8183,90
2,679,10,-8182,84
2,680,1,-8177,97
2,681,-15,-8181,74
2,682,-25,-8173,94
2,683,-19,-8153,90
2,684,-15,-8150,93
2,685,-12,-8163,95
2,686,-7,-8175,93
2,687,-19,-8180,86
2,688,-9,-8189,89
2,689,-10,-8189,85
2,690,-16,-8188,93
2,691,-16,-8182,96
2,692,-22,-8192,103
2,693,-27,-8194,106
2,694,-18,-8198,108
2,695,-18,-8186,126
2,696,-9,-8183,116
2,697,-12,-8178,84
2,698,-4,-8183,88
2,699,9,-8180,89
2,700,-1,-8175,85
2,701,1,-8174,87
2,702,2,-8186,85
2,703,-4,-8177,85
2,704,-13,-8189,102
2,705,-10,-8191,113
2,706,-15,-8176,116
2,707,-12,-8169,110
2,708,-14,-8173,86
2,709,-8,-8186,87
2,710,-2,-8201,73
2,711,-1,-8199,85
2,712,-4,-8179,85
2,713,-7,-8174,88
2,714,-14,-8180,93
2,715,-17,-8194,84
2,716,-14,-8194,108
2,717,-15,-8186,105
2,718,-16,-8190,106
2,719,-26,-8188,116
2,720,-12,-8191,112
2,721,-15,-8190,94
2,722,-12,-8197,96
2,723,-1,-8200,95
2,724,-11,-8198,116
2,725,-10,-8193,99
2,726,-13,-8186,85
2,727,-14,-8174,78
2,728,-4,-8176,93
2,729,-2,-8186,103
2,730,1,-8179,102
2,731,-9,-8184,86
2,732,-21,-8188,83
2,733,-24,-8189,76
2,734,-13,-8186,92
2,735,-16,-8177,98
2,736,-19,-8185,98
2,737,-13,-8192,89
2,738,-17,-8197,86
2,739,-11,-8185,100
2,740,-22,-8176,94
2,741,-15,-8176,103
2,742,-3,-8179,110
2,743,-5,-8185,120
2,744,-7,-8193,106
2,745,-11,-8185,94
2,746,-15,-8185,86
2,747,-24,-8193,94
2,748,-23,-8185,105
2,749,-10,-8177,112
2,750,-7,-8180,106
2,751,-13,-8181,97
2,752,-12,-8196,84
2,753,-15,-8183,78
2,754,-19,-8178,82
2,755,-7,-8187,101
2,756,-15,-8183,113
2,757,-32,-8171,104
2,758,-20,-8183,89
2,759,-14,-8178,96
2,760,-15,-8178,92
2,761,-12,-8176,96
2,762,-3,-8183,91
2,763,4,-8188,105
2,764,1,-8173,109
2,765,2,-8176,89
2,766,-7,-8170,107
2,767,-15,-8167,95
2,768,-18,-8171,99
2,769,-25,-8180,100
2,770,-21,-8181,105
2,771,-13,-8180,114
2,772,-19,-8184,96
2,773,-26,-8173,81
2,774,-19,-8163,78
2,775,-23,-8163,83
2,776,-19,-8185,75
2,777,-13,-8181,74
2,778,-17,-8163,93
2,779,-27,-8161,94
2,780,-19,-8179,106
2,781,-17,-8192,81
2,782,-4,-8203,62
2,783,-6,-8186,78
2,784,-10,-8175,75
2,785,-14,-8178,83
2,786,-10,-8173,93
2,787,-6,-8181,93
2,788,-3,-8180,97
2,789,-3,-8179,106
2,790,3,-8190,94
2,791,5,-8191,104
2,792,-4,-8186,88
2,793,-14,-8192,86
2,794,-15,-8183,97
2,795,-17,-8175,101
2,796,-10,-8174,91
2,797,9,-8178,86
2,798,3,-8186,103
2,799,-3,-8181,80
2,800,-13,-8188,93
2,801,-18,-8185,102
2,802,-12,-8179,98
2,803,-22,-8183,87
2,804,-26,-8174,61
2,805,-25,-8164,49
2,806,-35,-8178,57
2,807,-30,-8176,66
2,808,-24,-8162,71
2,809,-23,-8166,78
2,810,-22,-8164,90
2,811,-24,-8178,85
2,812,-25,-8163,95
2,813,-31,-8174,110
2,814,-22,-8173,93
2,815,-14,-8163,88
2,816,-2,-8169,83
2,817,4,-8159,71
2,818,-9,-8165,78
2,819,-11,-8170,85
2,820,-19,-8177,82
2,821,-18,-8171,91
2,822,-25,-8168,75
2,823,-28,-8181,76
2,824,-25,-8180,76
2,825,-16,-8168,72
2,826,-2,-8167,79
2,827,-3,-8180,88
2,828,-5,-8178,93
2,829,-12,-8183,99
2,830,-19,-8188,119
2,831,-22,-8179,133
2,832,-23,-8182,119
2,833,-10,-8173,107
2,834,-8,-8177,108
2,835,-19,-8177,101
2,836,-24,-8175,87
2,837,-34,-8171,82
2,838,-29,-8186,75
2,839,-28,-8182,88
2,840,-19,-8183,93
2,841,-23,-8169,93
2,842,-28,-8162,112
2,843,-23,-8161,106
2,844,-15,-8171,114
2,845,-10,-8189,138
2,846,-4,-8194,119
2,847,-5,-8183,97
2,848,-4,-8184,97
2,849,-1,-8177,93
2,850,0,-8175,84
2,851,3,-8174,71
2,852,-7,-8167,73
2,853,-12,-8181,79
2,854,-12,-8174,82
2,855,-5,-8171,90
2,856,-7,-8181,89
2,857,-8,-8189,91
2,858,-6,-8184,99
2,859,-13,-8184,111
2,860,-17,-8175,102
2,861,-18,-8182,89
2,862,-20,-8183,86
2,863,-12,-8175,87
2,864,-30,-8173,92
2,865,-15,-8183,80
2,866,-15,-8180,82
2,867,-16,-8178,73
2,868,-4,-8181,70
2,869,-3,-8180,87
2,870,-13,-8179,90
2,871,-20,-8175,97
2,872,-12,-8168,87
2,873,-16,-8171,99
2,874,-19,-8175,90
2,875,-24,-8175,99
2,876,-17,-8165,102
2,877,-12,-8168,90
2,878,-17,-8164,81
2,879,-14,-8155,79
2,880,-13,-8155,74
2,881,-22,-8163,80
2,882,-19,-8173,85
2,883,-10,-8172,88
2,884,-1,-8163,77
2,885,-12,-8173,86
2,886,-16,-8176,92
2,887,-16,-8162,98
2,888,-22,-8175,84
2,889,-12,-8182,87
2,890,-27,-8188,109
2,891,-16,-8190,101
2,892,-24,-8182,105
2,893,-15,-8172,100
2,894,-9,-8173,92
2,895,-13,-8162,88
2,896,-11,-8175,84
2,897,2,-8186,84
2,898,-2,-8189,83
2,899,-2,-8187,81
2,900,-11,-8184,78
2,901,-17,-8184,87
2,902,-17,-8178,82
2,903,-4,-8164,86
2,904,-6,-8164,89
2,905,-8,-8170,88
2,906,-15,-8171,85
2,907,-18,-8181,93
2,908,-22,-8179,94
2,909,-20,-8184,91
2,910,-11,-8172,117
2,911,-8,-8185,107
2,912,2,-8190,105
2,913,0,-8185,97
2,914,6,-8185,100
2,915,-2,-8173,100
2,916,-7,-8173,79
2,917,-16,-8176,91
2,918,-8,-8170,94
2,919,-10,-8179,77
2,920,-10,-8184,97
2,921,-14,-8178,113
2,922,-6,-8188,104
2,923,-9,-8184,95
2,924,-5,-8194,80
2,925,-11,-8182,70
2,926,-7,-8177,74
2,927,0,-8179,54
2,928,-12,-8170,64
2,929,-27,-8157,74
2,930,-35,-8150,79
2,931,-30,-8155,93
2,932,-25,-8170,104
2,933,-25,-8162,115
2,934,-32,-8172,116
2,935,-34,-8166,98
2,936,-19,-8174,85
2,937,-5,-8180,89
2,938,-4,-8179,83
2,939,-8,-8180,104
2,940,-4,-8165,91
2,941,-7,-8163,78
2,942,-9,-8176,75
2,943,-9,-8166,85
2,944,-21,-8178,76
2,945,-20,-8171,77
2,946,-19,-8165,83
2,947,-28,-8161,95
2,948,-17,-8169,98
2,949,-7,-8168,102
2,950,-15,-8173,93
2,951,-19,-8187,109
2,952,-7,-8193,103
2,953,-5,-8182,111
2,954,-14,-8166,95
2,955,-14,-8151,96
2,956,-14,-8150,103
2,957,-13,-8167,99
2,958,-29,-8175,111
2,959,-42,-8176,106
2,960,-36,-8172,110
2,961,-36,-8166,97
2,962,-29,-8159,80
2,963,-21,-8163,81
2,964,-20,-8168,80
2,965,-18,-8185,73
2,966,-17,-8184,76
2,967,-14,-8169,77
2,968,-17,-8177,67
2,969,-10,-8179,80
2,970,-10,-8185,113
2,971,-16,-8182,113
2,972,-20,-8179,124
2,973,-21,-8180,114
2,974,-17,-8174,104
2,975,-13,-8174,105
2,976,-10,-8186,99
2,977,-14,-8187,95
2,978,-11,-8181,98
2,979,-6,-8174,110
2,980,-2,-8182,103
2,981,0,-8183,96
2,982,-4,-8184,78
2,983,-8,-8178,86
2,984,-5,-8182,108
2,985,-11,-8174,85
2,986,-29,-8177,72
2,987,-29,-8170,84
2,988,-24,-8161,90
2,989,-32,-8163,94
2,990,-17,-8179,109
2,991,-15,-8193,109
2,992,-19,-8187,123
2,993,-18,-8173,121
2,994,-7,-8182,126
2,995,-20,-8183,125
2,996,-27,-8184,97
2,997,-20,-8181,93
2,998,-10,-8176,77
2,999,10,-8170,96
2,1000,2,-8166,98
2,1001,-17,-8177,86
2,1002,-30,-8182,89
2,1003,-22,-8170,85
2,1004,-18,-8168,97
2,1005,-25,-8171,96
2,1006,-31,-8183,94
2,1007,-40,-8178,91
2,1008,-34,-8176,93
2,1009,-22,-8172,92
2,1010,-27,-8168,82
2,1011,-30,-8165,78
2,1012,-25,-8163,86
2,1013,-29,-8177,110
2,1014,-29,-8178,105
2,1015,-32,-8186,85
2,1016,-26,-8185,80
2,1017,-13,-8182,89
2,1018,-15,-8175,78
2,1019,-25,-8164,62
2,1020,-28,-8159,75
2,1021,-5,-8166,79
2,1022,-4,-8157,84
2,1023,-3,-8173,88
2,1024,-6,-8179,95
2,1025,-15,-8172,97
2,1026,-21,-8179,91
2,1027,-18,-8178,84
2,1028,-14,-8173,83
2,1029,-10,-8173,85
2,1030,-8,-8179,79
2,1031,-22,-8186,74
2,1032,-23,-8194,65
2,1033,-15,-8189,76
2,1034,-21,-8189,85
2,1035,-20,-8185,66
2,1036,-11,-8185,52
2,1037,-16,-8180,44
2,1038,-9,-8174,59
2,1039,-8,-8179,73
2,1040,-10,-8173,79
2,1041,-19,-8180,93
2,1042,-22,-8183,97
2,1043,-22,-8170,78
2,1044,-20,-8177,88
2,1045,-1,-8184,84
2,1046,-10,-8184,90
2,1047,-16,-8187,95
2,1048,-4,-8181,99
2,1049,-11,-8170,86
2,1050,-12,-8167,87
2,1051,-10,-8171,98
2,1052,-7,-8190,103
2,1053,-2,-8197,96
2,1054,3,-8195,90
2,1055,-1,-8176,66
2,1056,-7,-8180,86
2,1057,-8,-8173,88
2,1058,-11,-8180,84
2,1059,-3,-8174,94
2,1060,-11,-8168,95
2,1061,-24,-8176,73
2,1062,-34,-8167,80
2,1063,-21,-8170,89
2,1064,-16,-8173,108
2,1065,-17,-8166,109
2,1066,-24,-8163,120
2,1067,-24,-8174,121
2,1068,-15,-8174,113
2,1069,0,-8180,100
2,1070,-7,-8170,77
2,1071,-18,-8167,74
2,1072,-19,-8175,73
2,1073,-32,-8183,83
2,1074,-20,-8187,108
2,1075,-3,-8180,87
2,1076,-9,-8166,86
2,1077,-22,-8175,83
2,1078,-18,-8177,65
2,1079,-16,-8175,72
2,1080,-13,-8170,68
2,1081,-13,-8173,66
2,1082,-20,-8174,84
2,1083,-20,-8176,92
2,1084,-27,-8184,84
2,1085,-23,-8177,97
2,1086,-40,-8177,89
2,1087,-33,-8173,88
2,1088,-22,-8187,81
2,1089,-14,-8189,93
2,1090,-5,-8186,128
2,1091,-8,-8182,130
2,1092,-7,-8178,120
2,1093,-17,-8181,119
2,1094,-23,-8181,99
2,1095,-25,-8186,107
2,1096,-16,-8184,92
2,1097,-13,-8188,87
2,1098,-14,-8183,69
2,1099,-19,-8179,76
2,1100,-11,-8169,80
2,1101,-14,-8159,90
2,1102,-21,-8165,105
2,1103,-17,-8171,100
2,1104,-22,-8178,79
2,1105,-13,-8180,61
2,1106,-10,-8188,46
2,1107,-10,-8187,75
2,1108,-11,-8176,95
2,1109,0,-8180,110
2,1110,-5,-8177,110
2,1111,-12,-8170,89
2,1112,-16,-8158,84
2,1113,-7,-8165,85
2,1114,-9,-8174,96
2,1115,-12,-8180,88
2,1116,-5,-8188,87
2,1117,-11,-8181,79
2,1118,-18,-8184,87
2,1119,-14,-8181,103
2,1120,-17,-8178,100
2,1121,-19,-8181,107
2,1122,-12,-8184,99
2,1123,-14,-8194,89
2,1124,-9,-8182,102
2,1125,-4,-8170,124
2,1126,-8,-8184,123
2,1127,-1,-8184,106
2,1128,-7,-8176,96
2,1129,-16,-8176,87
2,1130,-18,-8173,96
2,1131,-13,-8169,96
2,1132,-16,-8179,90
2,1133,-24,-8177,90
2,1134,-22,-8161,95
2,1135,-13,-8163,121
2,1136,2,-8170,123
2,1137,8,-8171,96
2,1138,10,-8179,101
2,1139,-7,-8192,96
2,1140,-16,-8198,80
2,1141,-20,-8193,91
2,1142,-15,-8198,102
2,1143,-11,-8192,113
2,1144,-11,-8170,104
2,1145,-9,-8169,75
2,1146,-15,-8168,107
2,1147,-22,-8176,105
2,1148,-28,-8170,101
2,1149,-24,-8174,111
2,1150,-17,-8185,114
2,1151,-14,-8183,96
2,1152,-12,-8186,86
2,1153,-8,-8187,91
2,1154,-6,-8182,96
2,1155,-8,-8183,81
2,1156,0,-8183,82
2,1157,2,-8171,75
2,1158,0,-8177,90
2,1159,-5,-8179,97
2,1160,-7,-8179,75
2,1161,-6,-8180,79
2,1162,-20,-8189,99
2,1163,-22,-8177,101
2,1164,-17,-8166,95
2,1165,-15,-8168,83
2,1166,-11,-8166,83
2,1167,-21,-8174,81
2,1168,-24,-8177,101
2,1169,-11,-8161,121
2,1170,-14,-8172,108
2,1171,-18,-8168,104
2,1172,-11,-8163,102
2,1173,-20,-8175,107
2,1174,-31,-8174,104
2,1175,-28,-8171,95
2,1176,-26,-8171,79
2,1177,-17,-8182,72
2,1178,-14,-8177,82
2,1179,-18,-8199,91
2,1180,-16,-8198,93
2,1181,-13,-8195,86
2,1182,-14,-8186,97
2,1183,-18,-8187,107
2,1184,-17,-8183,95
2,1185,-5,-8172,112
2,1186,-5,-8176,117
2,1187,-5,-8167,93
2,1188,2,-8149,89
2,1189,-9,-8160,93
2,1190,-9,-8165,104
2,1191,-11,-8161,103
2,1192,-10,-8161,101
2,1193,-19,-8163,92
2,1194,-26,-8166,88
2,1195,-33,-8166,82
2,1196,-27,-8169,76
2,1197,-16,-8170,85
2,1198,-21,-8180,109
2,1199,-11,-8182,103
2,1200,-9,-8183,108
2,1201,-9,-8172,110
2,1202,-12,-8175,104
2,1203,-2,-8175,95
2,1204,-14,-8180,80
2,1205,-2,-8176,84
2,1206,8,-8174,93
2,1207,-2,-8172,89
2,1208,-10,-8175,83
2,1209,-20,-8181,99
2,1210,-25,-8182,101
2,1211,-18,-8176,99
2,1212,-8,-8180,104
2,1213,-10,-8171,83
2,1214,-2,-8168,87
2,1215,-18,-8170,91
2,1216,-23,-8179,88
2,1217,-20,-8173,65
2,1218,-25,-8169,73
2,1219,-16,-8179,75
2,1220,-27,-8173,93
2,1221,-29,-8174,90
2,1222,-29,-8179,90
2,1223,-24,-8179,103
2,1224,-18,-8184,95
2,1225,-19,-8173,101
2,1226,-14,-8181,79
2,1227,-8,-8183,83
2,1228,-11,-8181,71
2,1229,-12,-8178,82
2,1230,-16,-8172,82
2,1231,-20,-8170,104
2,1232,-14,-8169,105
2,1233,-17,-8164,125
2,1234,-24,-8163,111
2,1235,-19,-8164,103
2,1236,-23,-8175,123
2,1237,-12,-8172,126
2,1238,-10,-8171,107
2,1239,-17,-8177,104
2,1240,-9,-8181,82
2,1241,-4,-8173,93
2,1242,-10,-8161,103
2,1243,-4,-8166,78
2,1244,1,-8169,81
2,1245,-3,-8168,98
2,1246,-12,-8164,102
2,1247,-13,-8174,98
2,1248,-18,-8193,93
2,1249,-30,-8174,100
2,1250,-33,-8174,104
2,1251,-38,-8174,78
2,1252,-18,-8172,61
2,1253,-13,-8178,83
2,1254,-15,-8169,84
2,1255,-27,-8168,82
2,1256,-23,-8161,94
2,1257,-5,-8157,83
2,1258,-14,-8153,83
2,1259,-20,-8153,103
2,1260,-19,-8149,103
2,1261,-7,-8147,105
2,1262,-10,-8156,106
2,1263,-11,-8172,104
2,1264,3,-8176,111
2,1265,-18,-8179,96
2,1266,-30,-8166,95
2,1267,-27,-8166,109
2,1268,-17,-8165,103
2,1269,-12,-8173,107
2,1270,-3,-8185,103
2,1271,-11,-8179,112
2,1272,-29,-8185,122
2,1273,-20,-8176,118
2,1274,-24,-8180,107
2,1275,-29,-8170,113
2,1276,-25,-8161,102
2,1277,-5,-8169,115
2,1278,-11,-8181,112
2,1279,-9,-8180,89
2,1280,-19,-8170,92
2,1281,-22,-8171,94
2,1282,-13,-8180,94
2,1283,-2,-8169,94
2,1284,1,-8178,102
2,1285,3,-8173,84
2,1286,4,-8171,102
2,1287,-8,-8176,102
2,1288,-17,-8178,105
2,1289,-15,-8186,106
2,1290,-18,-8170,87
2,1291,-15,-8180,97
2,1292,-15,-8165,126
2,1293,-16,-8176,110
2,1294,-12,-8188,102
2,1295,-5,-8191,114
2,1296,-16,-8179,107
2,1297,-13,-8181,106
2,1298,-7,-8171,96
2,1299,-14,-8171,111
2,1300,-9,-8174,119
2,1301,-17,-8169,106
2,1302,-16,-8172,105
2,1303,-17,-8185,109
2,1304,-21,-8177,103
2,1305,-21,-8178,103
2,1306,-21,-8173,105
2,1307,-13,-8176,107
2,1308,-9,-8169,113
2,1309,-6,-8168,100
2,1310,-21,-8170,98
2,1311,-31,-8176,89
2,1312,-16,-8192,92
2,1313,-14,-8186,84
2,1314,-14,-8182,86
2,1315,-5,-8187,74
2,1316,-7,-8197,78
2,1317,-7,-8188,121
2,1318,-5,-8174,119
2,1319,-7,-8178,118
2,1320,-12,-8188,119
2,1321,-5,-8175,103
2,1322,-25,-8177,112
2,1323,-29,-8169,97
2,1324,-27,-8165,92
2,1325,-25,-8170,85
2,1326,-22,-8176,78
2,1327,-26,-8173,93
2,1328,-41,-8176,93
2,1329,-31,-8171,107
2,1330,-15,-8169,89
2,1331,-25,-8185,82
2,1332,-28,-8187,74
2,1333,-31,-8189,90
2,1334,-24,-8186,102
2,1335,-27,-8196,107
2,1336,-36,-8179,114
2,1337,-21,-8183,111
2,1338,-18,-8169,108
2,1339,-28,-8179,104
2,1340,-28,-8172,118
2,1341,-9,-8172,119
2,1342,-1,-8190,99
2,1343,-18,-8190,95
2,1344,-26,-8190,83
2,1345,-26,-8184,81
2,1346,-18,-8174,76
2,1347,-19,-8174,96
2,1348,-28,-8175,115
2,1349,-30,-8177,96
2,1350,-25,-8175,95
2,1351,-7,-8179,110
2,1352,-21,-8185,109
2,1353,-18,-8177,107
2,1354,-28,-8173,102
2,1355,-27,-8179,108
2,1356,-11,-8188,120
2,1357,-12,-8184,104
2,1358,-15,-8192,100
2,1359,-12,-8191,86
2,1360,-1,-8186,92
2,1361,-12,-8173,107
2,1362,-5,-8161,122
2,1363,6,-8169,94
2,1364,-11,-8174,81
2,1365,-20,-8170,93
2,1366,-18,-8164,97
2,1367,-18,-8181,106
2,1368,-24,-8180,102
2,1369,-23,-8182,90
2,1370,-28,-8173,94
2,1371,-21,-8174,115
2,1372,-19,-8171,107
2,1373,-19,-8171,115
2,1374,-16,-8176,111
2,1375,-13,-8177,111
2,1376,-10,-8180,98
2,1377,-21,-8169,92
2,1378,-19,-8164,112
2,1379,-14,-8169,108
2,1380,-20,-8167,98
2,1381,-21,-8168,105
2,1382,-23,-8177,108
2,1383,-15,-8176,103
2,1384,-10,-8174,98
2,1385,-9,-8164,85
2,1386,-12,-8171,84
2,1387,-11,-8169,91
2,1388,-23,-8161,92
2,1389,-23,-8164,85
2,1390,-3,-8161,81
2,1391,0,-8158,81
2,1392,-12,-8167,74
2,1393,-20,-8172,95
2,1394,-16,-8182,102
2,1395,-2,-8174,100
2,1396,-7,-8174,97
2,1397,-15,-8172,92
2,1398,-15,-8168,105
2,1399,-27,-8175,98
2,1400,-39,-8171,94
2,1401,-18,-8166,94
2,1402,-7,-8173,84
2,1403,-20,-8174,90
2,1404,-17,-8169,95
2,1405,-15,-8158,73
2,1406,-22,-8166,63
2,1407,-3,-8163,68
2,1408,-7,-8161,66
2,1409,-1,-8162,72
2,1410,-10,-8176,70
2,1411,-24,-8185,74
2,1412,-23,-8191,94
2,1413,-11,-8171,126
2,1414,-17,-8170,114
2,1415,-22,-8168,110
2,1416,-26,-8166,94
2,1417,-14,-8176,93
2,1418,-7,-8170,90
2,1419,-8,-8167,103
2,1420,-18,-8179,92
2,1421,-29,-8179,89
2,1422,-25,-8163,86
2,1423,-13,-8166,94
2,1424,2,-8175,82
2,1425,-7,-8164,84
2,1426,0,-8171,86
2,1427,-5,-8181,80
2,1428,-5,-8183,93
2,1429,-11,-8172,97
2,1430,-5,-8177,96
2,1431,-5,-8190,85
2,1432,-6,-8187,98
2,1433,-13,-8175,125
2,1434,-14,-8176,132
2,1435,-5,-8170,109
2,1436,-5,-8179,106
2,1437,-5,-8182,107
2,1438,-13,-8172,101
2,1439,-10,-8182,93
2,1440,-20,-8183,90
2,1441,-22,-8175,72
2,1442,-20,-8169,82
2,1443,-12,-8153,102
2,1444,-25,-8152,103
2,1445,-19,-8166,104
2,1446,-6,-8164,98
2,1447,-7,-8170,114
2,1448,-16,-8173,93
2,1449,-9,-8175,88
2,1450,-11,-8180,88
2,1451,-2,-8171,105
2,1452,6,-8168,110
2,1453,-13,-8169,106
2,1454,-7,-8173,100
2,1455,-5,-8175,94
2,1456,-23,-8193,85
2,1457,-23,-8184,76
2,1458,-18,-8179,81
2,1459,-14,-8179,79
2,1460,-20,-8173,78
2,1461,-36,-8176,98
2,1462,-27,-8172,92
2,1463,-21,-8178,90
2,1464,-28,-8171,74
2,1465,-15,-8174,76
2,1466,-1,-8181,89
2,1467,-13,-8185,100
2,1468,-19,-8192,101
2,1469,-16,-8184,95
2,1470,-20,-8179,77
2,1471,-17,-8179,68
2,1472,-16,-8180,96
2,1473,-21,-8181,98
2,1474,-21,-8186,93
2,1475,-22,-8185,76
2,1476,-31,-8178,81
2,1477,-21,-8183,82
2,1478,-23,-8184,87
2,1479,-19,-8181,81
2,1480,-14,-8175,105
2,1481,-15,-8176,112
2,1482,-23,-8177,114
2,1483,-16,-8181,98
2,1484,-17,-8190,99
2,1485,-23,-8198,98
2,1486,-22,-8188,90
2,1487,-11,-8185,90
2,1488,-12,-8174,83
2,1489,-15,-8172,97
2,1490,-9,-8173,101
2,1491,-17,-8175,73
2,1492,-18,-8173,72
2,1493,-32,-8183,76
2,1494,-38,-8191,65
2,1495,-34,-8183,80
2,1496,-28,-8193,88
2,1497,-29,-8190,88
2,1498,-30,-8178,94
2,1499,-32,-8179,94
2,1500,-25,-8182,106
2,1501,-31,-8187,108
2,1502,-29,-8178,92
2,1503,-16,-8193,93
2,1504,-15,-8204,82
2,1505,-23,-8205,91
2,1506,-23,-8213,95
2,1507,-30,-8203,88
2,1508,-21,-8198,94
2,1509,-18,-8185,94
2,1510,2,-8173,101
2,1511,0,-8186,99
2,1512,-2,-8179,94
2,1513,-15,-8185,71
2,1514,-6,-8183,76
2,1515,-14,-8182,92
2,1516,-7,-8181,88
2,1517,-15,-8183,88
2,1518,-19,-8174,78
2,1519,-26,-8181,95
2,1520,-22,-8171,76
2,1521,-16,-8172,81
2,1522,-14,-8170,67
2,1523,-23,-8193,57
2,1524,-20,-8185,65
2,1525,-24,-8163,68
2,1526,-20,-8164,83
2,1527,-18,-8170,81
2,1528,-22,-8177,82
2,1529,-20,-8196,88
2,1530,-6,-8184,100
2,1531,4,-8188,106
2,1532,0,-8187,114
2,1533,-13,-8184,110
2,1534,-25,-8188,104
2,1535,-27,-8185,100
2,1536,-18,-8178,106
2,1537,-15,-8161,94
2,1538,-6,-8164,86
2,1539,-18,-8172,72
2,1540,-27,-8176,79
2,1541,-19,-8180,109
2,1542,-15,-8187,111
2,1543,-23,-8175,86
2,1544,-27,-8168,75
2,1545,-21,-8171,85
2,1546,-25,-8175,83
2,1547,-23,-8176,77
2,1548,-19,-8181,98
2,1549,-13,-8182,73
2,1550,-18,-8178,80
2,1551,-24,-8184,89
2,1552,-9,-8189,89
2,1553,-8,-8183,84
2,1554,-5,-8176,70
2,1555,-7,-8173,81
2,1556,-5,-8165,84
2,1557,-14,-8173,92
2,1558,-27,-8178,106
2,1559,-24,-8175,102
2,1560,-21,-8178,89
2,1561,-21,-8167,80
2,1562,-12,-8178,70
2,1563,-14,-8200,64
2,1564,-14,-8200,71
2,1565,-21,-8189,57
2,1566,-22,-8183,76
2,1567,-10,-8178,86
2,1568,-14,-8176,89
2,1569,-13,-8173,90
2,1570,-12,-8174,85
2,1571,-6,-8181,62
2,1572,-16,-8173,68
2,1573,-9,-8158,77
2,1574,-12,-8160,81
2,1575,-19,-8167,75
2,1576,-32,-8174,86
2,1577,-30,-8181,80
2,1578,-30,-8183,82
2,1579,-35,-8184,75
2,1580,-38,-8174,63
2,1581,-24,-8172,65
2,1582,-21,-8170,90
2,1583,-12,-8168,85
2,1584,-15,-8169,87
2,1585,-14,-8169,98
2,1586,-24,-8173,97
2,1587,-23,-8175,127
2,1588,-28,-8180,95
2,1589,-26,-8173,90
2,1590,-20,-8175,80
2,1591,-23,-8166,83
2,1592,-20,-8175,112
2,1593,-11,-8175,94
2,1594,-15,-8170,91
2,1595,-17,-8171,106
2,1596,-16,-8170,107
2,1597,-20,-8162,74
2,1598,-12,-8163,60
2,1599,-11,-8167,75
2,1600,-25,-8164,82
2,1601,-35,-8180,91
2,1602,-34,-8187,100
2,1603,-24,-8194,94
2,1604,-22,-8183,99
2,1605,-22,-8176,82
2,1606,-17,-8178,89
2,1607,-16,-8182,95
2,1608,-20,-8174,85
2,1609,-3,-8186,92
2,1610,1,-8192,90
2,1611,-13,-8186,85
2,1612,-20,-8179,66
2,1613,-24,-8173,76
2,1614,-19,-8167,106
2,1615,-25,-8177,109
2,1616,-23,-8171,96
2,1617,-29,-8165,103
2,1618,-21,-8171,114
2,1619,-21,-8186,98
2,1620,-14,-8175,103
2,1621,-15,-8174,97
2,1622,-16,-8183,104
2,1623,-14,-8188,112
2,1624,-28,-8186,100
2,1625,-37,-8173,78
2,1626,-36,-8168,57
2,1627,-31,-8169,74
2,1628,-29,-8179,85
2,1629,-27,-8179,95
2,1630,-22,-8180,102
2,1631,-15,-8176,100
2,1632,-15,-8184,95
2,1633,-10,-8171,97
2,1634,-10,-8172,79
2,1635,-10,-8189,75
2,1636,-17,-8194,88
2,1637,-10,-8196,100
2,1638,-21,-8196,103
2,1639,-17,-8181,95
2,1640,-3,-8180,90
2,1641,-9,-8182,89
2,1642,-25,-8177,84
2,1643,-29,-8172,74
2,1644,-28,-8174,76
2,1645,-12,-8163,98
2,1646,-1,-8166,103
2,1647,-3,-8185,101
2,1648,-8,-8187,99
2,1649,-22,-8195,111
2,1650,-29,-8191,113
2,1651,-28,-8180,94
2,1652,-14,-8182,99
2,1653,-15,-8174,107
2,1654,-18,-8180,93
2,1655,-8,-8183,95
2,1656,-3,-8186,85
2,1657,-3,-8203,95
2,1658,0,-8198,86
2,1659,-10,-8183,102
2,1660,-16,-8174,97
2,1661,-20,-8177,110
2,1662,-14,-8168,98
2,1663,-6,-8170,96
2,1664,-22,-8185,91
2,1665,-22,-8183,102
2,1666,-22,-8187,92
2,1667,-3,-8195,94
2,1668,0,-8185,93
2,1669,8,-8180,91
2,1670,-6,-8185,69
2,1671,-15,-8183,90
2,1672,-20,-8180,92
2,1673,-23,-8182,90
2,1674,-27,-8169,96
2,1675,-23,-8162,90
2,1676,-31,-8168,84
2,1677,-22,-8168,72
2,1678,-26,-8170,76
2,1679,-22,-8175,80
2,1680,-19,-8178,84
2,1681,-15,-8185,84
2,1682,-21,-8189,78
2,1683,-30,-8185,69
2,1684,-17,-8190,66
2,1685,-24,-8193,68
2,1686,-25,-8182,95
2,1687,-23,-8181,110
2,1688,-14,-8170,100
2,1689,-13,-8176,96
2,1690,-10,-8180,96
2,1691,-11,-8183,82
2,1692,-12,-8182,87
2,1693,-8,-8160,91
2,1694,-14,-8169,82
2,1695,-15,-8173,74
2,1696,-24,-8171,88
2,1697,-26,-8170,101
2,1698,-24,-8176,103
2,1699,-23,-8174,96
2,1700,-10,-8172,97
2,1701,-17,-8169,103
2,1702,-20,-8188,103
2,1703,-13,-8186,103
2,1704,-23,-8188,89
2,1705,-20,-8185,89
2,1706,-27,-8178,106
2,1707,-28,-8177,101
2,1708,-19,-8166,103
2,1709,-23,-8168,113
2,1710,-22,-8175,105
2,1711,-15,-8176,116
2,1712,-29,-8166,80
2,1713,-29,-8182,81
2,1714,-26,-8185,93
2,1715,-24,-8190,96
2,1716,-19,-8173,82
2,1717,-10,-8173,92
2,1718,-13,-8186,106
2,1719,-14,-8172,106
2,1720,-12,-8162,117
2,1721,-19,-8165,101
2,1722,-19,-8171,105
2,1723,-5,-8166,120
2,1724,-5,-8178,122
2,1725,-21,-8173,101
2,1726,-25,-8173,91
2,1727,-24,-8165,85
2,1728,-9,-8169,87
2,1729,-16,-8162,98
2,1730,-15,-8177,92
2,1731,-12,-8177,92
2,1732,-19,-8177,77
2,1733,-15,-8181,74
2,1734,-15,-8183,81
2,1735,-15,-8185,86
2,1736,-38,-8184,72
2,1737,-44,-8187,91
2,1738,-41,-8191,91
2,1739,-28,-8187,115
2,1740,-21,-8181,122
2,1741,-16,-8179,118
2,1742,-21,-8177,114
2,1743,-17,-8184,98
2,1744,-12,-8184,95
2,1745,-14,-8180,78
2,1746,-7,-8182,78
2,1747,-4,-8178,91
2,1748,-11,-8186,88
2,1749,-15,-8188,80
2,1750,-19,-8180,80
2,1751,-15,-8176,92
2,1752,-7,-8176,92
2,1753,-15,-8160,91
2,1754,-18,-8163,89
2,1755,-19,-8176,74
2,1756,-13,-8176,70
2,1757,-2,-8164,73
2,1758,-14,-8168,90
2,1759,-14,-8173,79
2,1760,-24,-8164,74
2,1761,-29,-8171,85
2,1762,-26,-8171,82
2,1763,-28,-8180,93
2,1764,-20,-8183,105
2,1765,-23,-8180,107
2,1766,-28,-8190,101
2,1767,-34,-8183,85
2,1768,-21,-8187,98
2,1769,-13,-8180,93
2,1770,1,-8174,97
2,1771,-10,-8179,77
2,1772,1,-8177,75
2,1773,0,-8176,80
2,1774,-18,-8184,84
2,1775,-31,-8178,100
2,1776,-15,-8181,89
2,1777,-20,-8170,81
2,1778,-13,-8173,70
2,1779,-11,-8183,62
2,1780,-11,-8168,84
2,1781,-6,-8162,87
2,1782,-16,-8161,89
2,1783,-12,-8157,76
2,1784,-4,-8162,73
2,1785,-7,-8166,72
2,1786,-10,-8178,109
2,1787,-16,-8174,104
2,1788,-15,-8183,109
2,1789,-13,-8177,95
2,1790,-26,-8164,91
2,1791,-25,-8165,79
2,1792,-36,-8158,98
2,1793,-41,-8151,90
2,1794,-34,-8151,89
2,1795,-32,-8157,106
2,1796,-21,-8163,100
2,1797,-8,-8163,84
2,1798,-13,-8172,84
2,1799,-13,-8176,84
2,1800,-14,-8165,89
2,1801,-16,-8175,104
2,1802,-15,-8173,98
2,1803,-20,-8166,99
2,1804,-7,-8171,104
2,1805,-2,-8182,99
2,1806,-7,-8177,88
2,1807,-12,-8174,94
2,1808,-5,-8173,98
2,1809,-11,-8166,109
2,1810,-15,-8167,101
2,1811,-6,-8173,90
2,1812,-13,-8172,96
2,1813,-25,-8181,91
2,1814,-26,-8184,88
2,1815,-7,-8194,90
2,1816,0,-8186,85
2,1817,0,-8182,82
2,1818,2,-8184,91
2,1819,-9,-8181,84
2,1820,-10,-8169,93
2,1821,-13,-8180,90
2,1822,-6,-8185,80
2,1823,-5,-8177,93
2,1824,-21,-8177,92
2,1825,-28,-8185,93
2,1826,-23,-8191,95
2,1827,-20,-8186,102
2,1828,-6,-8179,98
2,1829,-7,-8176,105
2,1830,-10,-8182,107
2,1831,0,-8185,84
2,1832,-12,-8177,78
2,1833,-13,-8179,84
2,1834,-11,-8167,91
2,1835,-12,-8155,90
2,1836,-8,-8173,91
2,1837,-13,-8165,95
2,1838,-14,-8161,79
2,1839,-17,-8181,80
2,1840,-14,-8186,83
2,1841,-9,-8190,99
2,1842,-6,-8173,94
2,1843,-15,-8163,101
2,1844,-9,-8158,92
2,1845,-13,-8150,96
2,1846,-14,-8155,111
2,1847,-10,-8165,97
2,1848,-7,-8173,97
2,1849,2,-8165,94
2,1850,-2,-8166,78
2,1851,-7,-8172,70
2,1852,-7,-8185,88
2,1853,-16,-8186,78
2,1854,-28,-8185,82
2,1855,-18,-8193,78
2,1856,-22,-8190,86
2,1857,-31,-8188,84
2,1858,-31,-8190,83
2,1859,-35,-8181,97
2,1860,-29,-8174,102
2,1861,-19,-8174,108
2,1862,-13,-8184,105
2,1863,-16,-8184,102
2,1864,-22,-8166,115
2,1865,-19,-8173,98
2,1866,-10,-8178,110
2,1867,-15,-8175,120
2,1868,-21,-8182,99
2,1869,-25,-8186,95
2,1870,-17,-8182,102
2,1871,-23,-8180,96
2,1872,-21,-8172,98
2,1873,-40,-8178,103
2,1874,-42,-8181,109
2,1875,-36,-8179,109
2,1876,-25,-8175,95
2,1877,-15,-8172,100
2,1878,-13,-8174,91
2,1879,-17,-8177,87
2,1880,-18,-8182,84
2,1881,-13,-8172,74
2,1882,-30,-8171,82
2,1883,-16,-8174,111
2,1884,-22,-8173,92
2,1885,-26,-8177,100
2,1886,-13,-8176,113
2,1887,-5,-8166,110
2,1888,-13,-8176,97
2,1889,-16,-8182,85
2,1890,-22,-8186,88
2,1891,-21,-8180,108
2,1892,-7,-8190,100
2,1893,-22,-8182,110
2,1894,-22,-8181,99
2,1895,-22,-8185,101
2,1896,-18,-8179,98
2,1897,-12,-8182,99
2,1898,-13,-8179,106
2,1899,0,-8181,127
2,1900,-8,-8176,114
2,1901,-12,-8184,92
2,1902,-13,-8190,87
2,1903,-18,-8180,75
2,1904,-20,-8174,85
2,1905,-17,-8169,73
2,1906,-20,-8167,77
2,1907,-30,-8154,69
2,1908,-20,-8156,64
2,1909,-17,-8168,77
2,1910,-20,-8177,100
2,1911,-22,-8181,95
2,1912,-25,-8176,106
2,1913,-24,-8178,86
2,1914,-30,-8185,92
2,1915,-20,-8176,104
2,1916,-25,-8187,97
2,1917,-24,-8187,82
2,1918,-21,-8192,75
2,1919,-25,-8177,72
2,1920,-21,-8167,81
2,1921,-26,-8169,92
2,1922,-18,-8175,90
2,1923,-7,-8159,94
2,1924,-11,-8151,77
2,1925,-15,-8163,78
2,1926,-13,-8172,87
2,1927,-6,-8174,97
2,1928,-15,-8170,78
2,1929,-10,-8171,90
2,1930,-7,-8173,86
2,1931,-7,-8171,79
2,1932,-22,-8180,89
2,1933,-25,-8186,96
2,1934,-10,-8193,86
2,1935,3,-8191,84
2,1936,-6,-8190,100
2,1937,-16,-8185,88
2,1938,-13,-8190,99
2,1939,-17,-8185,101
2,1940,-23,-8182,96
2,1941,-19,-8189,110
2,1942,-26,-8189,120
2,1943,-20,-8180,106
2,1944,-23,-8178,100
2,1945,-24,-8177,116
2,1946,-16,-8177,116
2,1947,-7,-8172,102
2,1948,-7,-8172,91
2,1949,-4,-8178,107
2,1950,-13,-8170,115
2,1951,-11,-8173,84
2,1952,-3,-8168,92
2,1953,-11,-8175,90
2,1954,-3,-8172,85
2,1955,-9,-8174,99
2,1956,-5,-8181,101
2,1957,-7,-8175,87
2,1958,-17,-8173,81
2,1959,-2,-8169,83
2,1960,-2,-8171,91
2,1961,-11,-8175,101
2,1962,-7,-8169,95
2,1963,-18,-8183,99
2,1964,-23,-8194,104
2,1965,-16,-8198,104
2,1966,-20,-8205,100
2,1967,-16,-8188,103
2,1968,-25,-8179,93
2,1969,-16,-8175,90
2,1970,-25,-8188,108
2,1971,-21,-8190,105
2,1972,-22,-8189,112
2,1973,-21,-8173,104
2,1974,-12,-8181,110
2,1975,-8,-8186,99
2,1976,-8,-8184,105
2,1977,-17,-8179,103
2,1978,-18,-8174,94
2,1979,-18,-8171,107
2,1980,-30,-8178,107
2,1981,-26,-8182,74
2,1982,-31,-8173,72
2,1983,-24,-8168,79
2,1984,-14,-8175,98
2,1985,0,-8184,93
2,1986,-5,-8188,108
2,1987,-16,-8170,116
2,1988,-16,-8181,104
2,1989,-27,-8182,95
2,1990,-21,-8179,76
2,1991,-26,-8163,78
2,1992,-17,-8164,76
2,1993,-13,-8166,90
2,1994,-22,-8177,109
2,1995,-33,-8187,117
2,1996,-24,-8193,111
2,1997,-21,-8197,100
2,1998,-24,-8204,90
2,1999,-23,-8199,93
2,2000,-21,-8208,78
2,2001,-19,-8208,69
2,2002,-22,-8197,77
2,2003,-18,-8182,82
2,2004,-23,-8185,79
2,2005,-28,-8179,68
2,2006,-24,-8174,90
2,2007,-15,-8184,115
2,2008,-15,-8190,114
2,2009,-18,-8181,92
2,2010,-9,-8195,95
2,2011,-9,-8188,96
2,2012,-6,-8171,114
2,2013,-23,-8171,103
2,2014,-9,-8174,90
2,2015,3,-8177,84
2,2016,1,-8174,89
2,2017,-12,-8175,95
2,2018,-18,-8180,99
2,2019,-12,-8183,89
2,2020,-22,-8186,97
2,2021,-28,-8184,113
2,2022,-20,-8185,109
2,2023,-11,-8189,116
2,2024,-16,-8190,96
2,2025,2,-8198,81
2,2026,-2,-8180,90
2,2027,-8,-8181,92
2,2028,-20,-8176,95
2,2029,-20,-8183,97
2,2030,-13,-8191,99
2,2031,-10,-8187,91
2,2032,-12,-8199,100
2,2033,-8,-8193,96
2,2034,-9,-8180,95
2,2035,-11,-8185,91
2,2036,0,-8180,99
2,2037,-5,-8180,100
2,2038,-13,-8184,95
2,2039,-9,-8185,80
2,2040,-11,-8191,79
2,2041,-8,-8181,77
2,2042,-19,-8172,89
2,2043,-18,-8176,100
2,2044,-15,-8169,115
2,2045,-13,-8169,108
2,2046,-10,-8170,124
2,2047,-15,-8173,97
2,2048,-19,-8174,94
2,2049,-22,-8171,101
2,2050,-10,-8177,115
2,2051,-16,-8185,100
2,2052,-28,-8171,85
2,2053,-28,-8176,108
2,2054,-19,-8170,114
2,2055,-8,-8158,108
2,2056,-17,-8164,98
2,2057,-18,-8176,83
2,2058,-17,-8176,87
2,2059,-17,-8176,82
2,2060,-17,-8169,77
2,2061,-7,-8163,88
2,2062,-14,-8169,108
2,2063,-19,-8176,103
2,2064,-11,-8167,108
2,2065,-21,-8169,105
2,2066,-31,-8174,105
2,2067,-17,-8188,101
2,2068,-14,-8188,104
2,2069,-8,-8178,104
2,2070,-6,-8167,96
2,2071,-2,-8162,95
2,2072,-7,-8161,96
2,2073,-1,-8174,96
2,2074,-3,-8173,118
2,2075,-1,-8181,108
2,2076,-2,-8180,104
2,2077,1,-8168,87
2,2078,-1,-8181,98
2,2079,-11,-8185,104
2,2080,-21,-8174,108
2,2081,-14,-8169,84
2,2082,-13,-8185,77
2,2083,-17,-8177,95
2,2084,-6,-8177,89
2,2085,5,-8179,80
2,2086,8,-8179,86
2,2087,-5,-8180,85
2,2088,-5,-8188,82
2,2089,-18,-8195,87
2,2090,-30,-8198,104
2,2091,-41,-8180,112
2,2092,-33,-8190,113
2,2093,-30,-8185,104
2,2094,-29,-8187,102
2,2095,-17,-8194,81
2,2096,-19,-8181,111
2,2097,-12,-8174,109
2,2098,-4,-8171,98
2,2099,-13,-8176,89
2,2100,-24,-8181,70
2,2101,-17,-8180,65
2,2102,-10,-8168,59
2,2103,-8,-8155,96
2,2104,-24,-8157,108
2,2105,-18,-8186,90
2,2106,-13,-8183,84
2,2107,-26,-8170,77
2,2108,-27,-8170,103
2,2109,-22,-8154,87
2,2110,-27,-8166,94
2,2111,-14,-8170,104
2,2112,-15,-8171,77
2,2113,-6,-8174,63
2,2114,-13,-8172,87
2,2115,-25,-8171,94
2,2116,-14,-8159,91
2,2117,-20,-8164,94
2,2118,-28,-8158,90
2,2119,-24,-8155,105
2,2120,-18,-8177,108
2,2121,-15,-8166,98
2,2122,-19,-8160,93
2,2123,-8,-8157,98
2,2124,-8,-8154,96
2,2125,-2,-8158,96
2,2126,-2,-8173,102
2,2127,-13,-8184,92
2,2128,-16,-8187,91
2,2129,-9,-8188,90
2,2130,-25,-8168,92
2,2131,-21,-8182,98
2,2132,-14,-8173,84
2,2133,-23,-8176,82
2,2134,-22,-8175,86
2,2135,-23,-8167,82
2,2136,-25,-8171,92
2,2137,-30,-8168,83
2,2138,-26,-8178,80
2,2139,3,-8181,94
2,2140,-5,-8184,105
2,2141,-10,-8178,107
2,2142,-4,-8177,107
2,2143,-19,-8186,109
2,2144,-23,-8183,93
2,2145,-31,-8187,110
2,2146,-32,-8177,104
2,2147,-21,-8167,114
2,2148,-17,-8164,98
2,2149,-11,-8158,90
2,2150,-22,-8171,93
2,2151,-19,-8179,87
2,2152,-10,-8172,103
2,2153,-5,-8155,112
2,2154,-3,-8159,92
2,2155,-7,-8163,96
2,2156,-5,-8179,84
2,2157,-4,-8181,92
2,2158,-3,-8186,88
2,2159,12,-8186,100
2,2160,11,-8173,96
2,2161,-10,-8178,82
2,2162,-5,-8182,86
2,2163,-4,-8180,89
2,2164,2,-8174,86
2,2165,9,-8184,78
2,2166,-4,-8193,80
2,2167,-2,-8189,94
2,2168,-4,-8188,95
2,2169,-8,-8170,107
2,2170,-21,-8170,122
2,2171,-25,-8166,107
2,2172,-30,-8171,110
2,2173,-22,-8184,86
2,2174,-19,-8185,94
2,2175,-8,-8194,82
2,2176,-1,-8183,68
2,2177,-11,-8177,71
2,2178,-13,-8175,79
2,2179,-16,-8176,93
2,2180,-26,-8182,90
2,2181,-21,-8181,96
2,2182,-29,-8188,102
2,2183,-26,-8195,97
2,2184,-27,-8180,79
2,2185,-14,-8191,76
2,2186,-6,-8182,82
2,2187,-19,-8178,87
2,2188,-19,-8184,94
2,2189,-17,-8192,88
2,2190,-9,-8205,96
2,2191,0,-8195,88
2,2192,6,-8199,90
2,2193,7,-8179,89
2,2194,-9,-8175,78
2,2195,-14,-8187,71
2,2196,-9,-8178,75
2,2197,-18,-8177,80
2,2198,-24,-8179,72
2,2199,-24,-8172,84
2,2200,-29,-8170,91
2,2201,-31,-8174,105
2,2202,-18,-8179,111
2,2203,-6,-8187,92
2,2204,2,-8196,92
2,2205,-2,-8183,112
2,2206,0,-8181,105
2,2207,-7,-8187,100
2,2208,-8,-8187,110
2,2209,-13,-8198,92
2,2210,-17,-8183,92
2,2211,-17,-8173,86
2,2212,-4,-8186,99
2,2213,-5,-8202,109
2,2214,-11,-8187,98
2,2215,-9,-8185,101
2,2216,-9,-8183,98
2,2217,-5,-8184,95
2,2218,-24,-8175,104
2,2219,-28,-8172,93
2,2220,-22,-8172,104
2,2221,-11,-8177,106
2,2222,9,-8170,110
2,2223,-4,-8179,114
2,2224,-11,-8170,98
2,2225,-8,-8183,90
2,2226,-19,-8182,94
2,2227,-21,-8172,89
2,2228,-22,-8179,92
2,2229,-19,-8175,89
2,2230,-15,-8177,92
2,2231,-17,-8189,99
2,2232,-33,-8190,100
2,2233,-40,-8192,101
2,2234,-29,-8168,101
2,2235,-31,-8177,92
2,2236,-15,-8179,101
2,2237,-8,-8196,103
2,2238,-7,-8191,102
2,2239,-7,-8195,116
2,2240,-8,-8183,113
2,2241,0,-8174,106
2,2242,-6,-8199,109
2,2243,-14,-8199,105
2,2244,-14,-8172,87
2,2245,-18,-8179,79
2,2246,-18,-8181,87
2,2247,-17,-8183,99
2,2248,10,-8186,97
2,2249,-2,-8176,89
2,2250,-10,-8179,94
2,2251,-15,-8191,104
2,2252,-21,-8185,116
2,2253,-17,-8188,115
2,2254,-14,-8177,86
2,2255,-2,-8167,62
2,2256,-3,-8174,68
2,2257,-12,-8166,76
2,2258,-6,-8171,102
2,2259,-12,-8171,99
2,2260,-19,-8173,90
2,2261,-16,-8166,86
2,2262,-35,-8175,86
2,2263,-38,-8186,80
2,2264,-35,-8181,85
2,2265,-26,-8182,86
2,2266,-21,-8188,90
2,2267,-15,-8195,109
2,2268,-20,-8187,117
2,2269,-16,-8175,109
2,2270,-26,-8177,91
2,2271,-26,-8181,105
2,2272,-16,-8179,114
2,2273,-12,-8179,88
2,2274,-18,-8190,98
2,2275,-19,-8182,87
2,2276,-18,-8184,111
2,2277,-14,-8190,116
2,2278,-12,-8181,105
2,2279,-13,-8170,91
2,2280,-22,-8160,85
2,2281,-16,-8169,78
2,2282,-10,-8163,77
2,2283,-17,-8168,92
2,2284,-18,-8179,111
2,2285,-19,-8184,97
2,2286,-10,-8174,88
2,2287,-5,-8181,105
2,2288,-15,-8182,91
2,2289,-7,-8190,89
2,2290,-13,-8197,91
2,2291,-18,-8200,89
2,2292,-19,-8203,94
2,2293,-21,-8186,97
2,2294,-11,-8177,94
2,2295,-9,-8171,97
2,2296,-10,-8179,91
2,2297,-15,-8175,98
2,2298,-16,-8174,105
2,2299,-9,-8167,105
2,2300,-18,-8184,109
2,2301,-12,-8179,105
2,2302,-11,-8179,100
2,2303,-23,-8194,91
2,2304,-26,-8195,76
2,2305,-35,-8181,105
2,2306,-37,-8181,92
2,2307,-34,-8173,77
2,2308,-25,-8172,77
2,2309,-4,-8170,89
2,2310,-8,-8179,113
2,2311,-11,-8179,95
2,2312,-9,-8172,80
2,2313,-8,-8182,87
2,2314,-10,-8186,101
2,2315,-17,-8179,102
2,2316,-19,-8187,90
2,2317,-17,-8190,85
2,2318,-19,-8186,96
2,2319,-10,-8184,104
2,2320,-17,-8186,103
2,2321,-32,-8186,118
2,2322,-36,-8176,105
2,2323,-27,-8185,102
2,2324,-26,-8191,85
2,2325,-14,-8177,84
2,2326,-6,-8172,107
2,2327,-17,-8174,112
2,2328,-6,-8187,111
2,2329,0,-8180,100
2,2330,7,-8173,95
2,2331,3,-8177,87
2,2332,0,-8174,98
2,2333,-3,-8174,108
2,2334,-8,-8180,101
2,2335,-17,-8186,92
2,2336,-20,-8200,76
2,2337,-16,-8191,65
2,2338,-23,-8181,88
2,2339,-15,-8166,83
2,2340,-4,-8176,88
2,2341,-1,-8175,95
2,2342,-21,-8172,82
2,2343,-14,-8185,91
2,2344,-10,-8186,102
2,2345,-13,-8185,104
2,2346,-25,-8186,93
2,2347,-35,-8179,92
2,2348,-39,-8194,91
2,2349,-33,-8198,101
2,2350,-20,-8204,110
2,2351,-8,-8196,111
2,2352,-17,-8183,98
2,2353,-25,-8180,104
2,2354,-17,-8186,120
2,2355,-24,-8180,107
2,2356,-25,-8178,110
2,2357,-21,-8179,104
2,2358,-9,-8177,98
2,2359,-1,-8174,83
2,2360,2,-8187,67
2,2361,-19,-8187,79
2,2362,-19,-8182,95
2,2363,-14,-8178,98
2,2364,-12,-8177,98
2,2365,-4,-8181,116
2,2366,-14,-8182,109
2,2367,-11,-8166,73
2,2368,-7,-8159,76
2,2369,-15,-8160,80
2,2370,-20,-8170,87
2,2371,-19,-8176,92
2,2372,-36,-8186,88
2,2373,-26,-8180,92
2,2374,-24,-8178,93
2,2375,-10,-8189,97
2,2376,-4,-8183,94
2,2377,-11,-8181,84
2,2378,-9,-8179,96
2,2379,-21,-8178,113
2,2380,-27,-8181,104
2,2381,-24,-8183,98
2,2382,-25,-8189,83
2,2383,-14,-8182,73
2,2384,-3,-8175,70
2,2385,-13,-8174,72
2,2386,-7,-8172,87
2,2387,-14,-8173,93
2,2388,-16,-8185,92
2,2389,-18,-8198,79
2,2390,-16,-8173,82
2,2391,-5,-8175,97
2,2392,-11,-8187,84
2,2393,-11,-8186,99
2,2394,-7,-8173,102
2,2395,-10,-8190,98
2,2396,-19,-8186,80
2,2397,-15,-8183,58
2,2398,-11,-8165,74
2,2399,-23,-8164,81
2,2400,-19,-8167,77
2,2401,-27,-8166,84
2,2402,-28,-8165,85
2,2403,-24,-8154,79
2,2404,-17,-8159,81
2,2405,-14,-8155,86
2,2406,-8,-8153,73
2,2407,-8,-8167,88
2,2408,-13,-8182,96
2,2409,-5,-8180,95
2,2410,-16,-8165,83
2,2411,-10,-8174,89
2,2412,-5,-8175,84
2,2413,-6,-8182,80
2,2414,-8,-8182,72
2,2415,-2,-8174,91
2,2416,-14,-8173,87
2,2417,-17,-8181,94
2,2418,-9,-8174,78
2,2419,-8,-8173,81
2,2420,-29,-8176,97
2,2421,-28,-8174,102
2,2422,-21,-8180,105
2,2423,-28,-8191,96
2,2424,-33,-8195,89
2,2425,-35,-8184,91
2,2426,-31,-8197,81
2,2427,-15,-8185,92
2,2428,-11,-8186,75
2,2429,0,-8182,79
2,2430,-2,-8178,91
2,2431,-3,-8171,91
2,2432,-5,-8178,102
2,2433,-12,-8179,88
2,2434,-18,-8189,89
2,2435,-8,-8184,88
2,2436,-8,-8170,99
2,2437,-10,-8162,91
2,2438,-16,-8169,90
2,2439,-26,-8178,98
2,2440,-26,-8180,110
2,2441,-17,-8187,104
2,2442,-4,-8200,113
2,2443,-3,-8196,110
2,2444,-17,-8202,94
2,2445,-15,-8195,95
2,2446,-8,-8183,105
2,2447,-11,-8189,100
2,2448,-18,-8195,106
2,2449,-16,-8179,89
2,2450,-18,-8180,85
2,2451,-21,-8181,90
2,2452,-18,-8192,78
2,2453,-22,-8192,81
2,2454,-20,-8189,107
2,2455,-3,-8185,99
2,2456,-10,-8178,97
2,2457,-16,-8178,83
2,2458,-5,-8178,75
2,2459,-10,-8164,81
2,2460,4,-8171,85
2,2461,0,-8164,96
2,2462,-1,-8171,105
2,2463,-6,-8165,106
2,2464,-4,-8166,116
2,2465,-10,-8172,104
2,2466,-14,-8170,93
2,2467,-1,-8179,89
2,2468,-4,-8176,88
2,2469,-22,-8192,91
2,2470,-20,-8181,91
2,2471,-19,-8154,75
2,2472,-27,-8157,76
2,2473,-26,-8170,86
2,2474,-13,-8167,102
2,2475,-26,-8178,100
2,2476,-31,-8187,107
2,2477,-20,-8189,100
2,2478,-18,-8183,88
2,2479,-9,-8190,92
2,2480,-11,-8188,79
2,2481,-17,-8184,90
2,2482,-18,-8180,92
2,2483,-15,-8179,95
2,2484,-10,-8186,89
2,2485,-17,-8185,85
2,2486,-28,-8185,92
2,2487,-33,-8182,98
2,2488,-34,-8165,111
2,2489,-29,-8161,97
2,2490,-34,-8173,93
2,2491,-18,-8200,105
2,2492,-20,-8196,99
2,2493,-14,-8183,86
2,2494,-5,-8177,105
2,2495,1,-8173,92
2,2496,1,-8178,79
2,2497,-10,-8178,74
3,0,-13,-8166,99
3,1,-7,-8168,108
3,2,-17,-8172,118
3,3,-20,-8179,106
3,4,-4,-8174,106
3,5,-15,-8177,118
3,6,-13,-8183,113
3,7,-18,-8179,96
3,8,-22,-8176,92
3,9,-15,-8174,110
3,10,-10,-8171,106
3,11,-9,-8175,94
3,12,-29,-8180,109
3,13,-28,-8172,101
3,14,-22,-8175,115
3,15,-21,-8166,120
3,16,-12,-8175,112
3,17,-8,-8166,119
3,18,-9,-8170,108
3,19,1,-8182,123
3,20,-5,-8176,122
3,21,-5,-8185,107
3,22,-1,-8193,97
3,23,-6,-8191,89
3,24,-23,-8195,90
3,25,-25,-8189,107
3,26,-19,-8186,110
3,27,-17,-8193,99
3,28,-11,-8179,102
3,29,-5,-8175,80
3,30,-14,-8185,87
3,31,-19,-8178,90
3,32,-38,-8179,83
3,33,-38,-8202,88
3,34,-20,-8199,89
3,35,-10,-8184,93
3,36,-17,-8184,93
3,37,-11,-8192,84
3,38,-3,-8183,87
3,39,-4,-8184,103
3,40,-13,-8186,109
3,41,-17,-8174,103
3,42,-19,-8172,90
3,43,-14,-8174,100
3,44,-10,-8170,111
3,45,-4,-8174,116
3,46,-8,-8165,121
3,47,0,-8184,107
3,48,-7,-8175,87
3,49,2,-8169,91
3,50,-13,-8182,94
3,51,-11,-8190,88
3,52,-15,-8188,80
3,53,-16,-8193,88
3,54,-11,-8176,96
3,55,-8,-8185,91
3,56,-14,-8179,79
3,57,-9,-8170,86
3,58,-11,-8178,86
3,59,-13,-8171,85
3,60,-11,-8166,94
3,61,-8,-8163,100
3,62,-14,-8181,106
3,63,-15,-8180,93
3,64,-8,-8181,100
3,65,-5,-8180,87
3,66,-19,-8174,93
3,67,-34,-8170,121
3,68,-38,-8185,100
3,69,-36,-8194,104
3,70,-19,-8190,80
3,71,-16,-8181,92
3,72,-14,-8184,103
3,73,-19,-8197,88
3,74,-9,-8201,66
3,75,-21,-8198,75
3,76,-30,-8192,81
3,77,-19,-8180,76
3,78,-16,-8183,84
3,79,-25,-8177,79
3,80,-11,-8170,88
3,81,-10,-8196,101
3,82,-19,-8212,104
3,83,-14,-8210,95
3,84,-9,-8194,95
3,85,-11,-8194,80
3,86,-5,-8191,107
3,87,-17,-8187,89
3,88,-18,-8183,91
3,89,-3,-8174,91
3,90,-7,-8183,119
3,91,-7,-8193,125
3,92,-6,-8187,125
3,93,-5,-8186,120
3,94,-7,-8182,118
3,95,-6,-8192,113
3,96,-17,-8194,127
3,97,-22,-8186,127
3,98,-25,-8184,120
3,99,-21,-8183,97
3,100,-35,-8168,102
3,101,-31,-8164,98
3,102,-16,-8174,100
3,103,-10,-8181,105
3,104,-4,-8183,112
3,105,-16,-8178,104
3,106,-12,-8178,88
3,107,-10,-8182,81
3,108,-6,-8181,93
3,109,-16,-8185,107
3,110,-11,-8182,112
3,111,-14,-8182,93
3,112,-2,-8181,87
3,113,-11,-8187,102
3,114,-15,-8192,101
3,115,-24,-8193,99
3,116,-26,-8181,76
3,117,-21,-8179,63
3,118,-21,-8181,69
3,119,-22,-8170,88
3,120,-29,-8168,93
3,121,-29,-8163,81
3,122,-23,-8166,93
3,123,-22,-8170,105
3,124,-16,-8175,108
3,125,-27,-8177,93
3,126,-11,-8171,82
3,127,-12,-8166,79
3,128,-9,-8169,97
3,129,-27,-8181,100
3,130,-34,-8175,104
3,131,-14,-8175,111
3,132,-9,-8181,107
3,133,-12,-8170,109
3,134,-10,-8180,88
3,135,-8,-8184,88
3,136,-21,-8182,119
3,137,-7,-8184,108
3,138,-6,-8176,99
3,139,0,-8176,97
3,140,-5,-8176,100
3,141,-7,-8179,101
3,142,-2,-8170,85
3,143,-11,-8167,106
3,144,-25,-8171,115
3,145,-32,-8171,102
3,146,-33,-8169,90
3,147,-29,-8181,87
3,148,-23,-8192,90
3,149,-12,-8185,93
3,150,-26,-8176,102
3,151,-27,-8200,110
3,152,-17,-8177,102
3,153,-28,-8169,104
3,154,-27,-8174,107
3,155,-20,-8191,92
3,156,-16,-8181,94
3,157,-13,-8180,84
3,158,-28,-8173,89
3,159,-29,-8175,73
3,160,-27,-8178,75
3,161,-17,-8171,79
3,162,-5,-8174,96
3,163,-1,-8175,93
3,164,-7,-8174,94
3,165,-18,-8176,99
3,166,-24,-8177,79
3,167,-18,-8192,78
3,168,-13,-8179,88
3,169,-8,-8170,93
3,170,-11,-8162,103
3,171,-6,-8164,97
3,172,-10,-8163,109
3,173,-19,-8164,103
3,174,-19,-8174,117
3,175,-12,-8174,126
3,176,-9,-8173,117
3,177,-13,-8188,112
3,178,-16,-8190,109
3,179,-10,-8174,109
3,180,-9,-8175,104
3,181,-16,-8184,105
3,182,-5,-8176,88
3,183,6,-8178,92
3,184,8,-8169,108
3,185,-3,-8173,114
3,186,-10,-8183,115
3,187,-26,-8172,107
3,188,-21,-8175,97
3,189,-4,-8177,84
3,190,-12,-8184,81
3,191,-12,-8183,87
3,192,-12,-8174,110
3,193,1,-8169,94
3,194,5,-8172,92
3,195,-9,-8182,107
3,196,-23,-8203,117
3,197,-22,-8189,115
3,198,-7,-8180,114
3,199,-12,-8182,98
3,200,-17,-8188,107
3,201,-23,-8193,108
3,202,-17,-8186,114
3,203,-23,-8179,115
3,204,-18,-8177,109
3,205,-8,-8178,103
3,206,-4,-8178,93
3,207,-2,-8175,109
3,208,-2,-8184,108
3,209,-7,-8191,105
3,210,-7,-8200,91
3,211,-13,-8181,103
3,212,-11,-8180,112
3,213,-15,-8168,105
3,214,-10,-8173,118
3,215,-16,-8168,115
3,216,-15,-8163,115
3,217,-14,-8170,105
3,218,-17,-8186,123
3,219,-32,-8181,97
3,220,-23,-8183,122
3,221,-15,-8185,115
3,222,-28,-8190,102
3,223,-24,-8180,107
3,224,-24,-8181,103
3,225,-31,-8190,111
3,226,-24,-8190,95
3,227,-22,-8188,92
3,228,-23,-8179,85
3,229,-17,-8185,82
3,230,-15,-8181,97
3,231,-5,-8179,116
3,232,-2,-8179,114
3,233,-10,-8170,98
3,234,-16,-8165,99
3,235,-28,-8175,109
3,236,-32,-8179,123
3,237,-34,-8181,109
3,238,-23,-8186,108
3,239,-27,-8183,91
3,240,-26,-8187,63
3,241,-35,-8199,66
3,242,-32,-8193,76
3,243,-23,-8179,82
3,244,-22,-8189,96
3,245,-25,-8185,80
3,246,-11,-8187,80
3,247,-12,-8194,94
3,248,-3,-8189,81
3,249,-1,-8174,80
3,250,4,-8184,75
3,251,7,-8188,93
3,252,2,-8171,98
3,253,-8,-8188,80
3,254,-12,-8187,96
3,255,-2,-8182,82
3,256,-13,-8180,76
3,257,-12,-8179,76
3,258,-17,-8175,87
3,259,-3,-8174,98
3,260,-11,-8170,104
3,261,-8,-8182,106
3,262,-16,-8185,113
3,263,-15,-8181,92
3,264,-24,-8171,90
3,265,-44,-8181,89
3,266,-46,-8187,90
3,267,-35,-8169,97
3,268,-20,-8169,101
3,269,-10,-8170,91
3,270,-6,-8177,95
3,271,11,-8171,107
3,272,-1,-8172,97
3,273,2,-8178,80
3,274,-4,-8165,87
3,275,-3,-8184,84
3,276,-8,-8177,83
3,277,-1,-8179,80
3,278,4,-8181,95
3,279,-5,-8191,95
3,280,-10,-8173,93
3,281,-11,-8173,96
3,282,-10,-8179,90
3,283,-8,-8178,79
3,284,-11,-8171,89
3,285,-10,-8172,69
3,286,-26,-8184,72
3,287,-32,-8192,76
3,288,-26,-8195,101
3,289,-27,-8193,86
3,290,-25,-8187,92
3,291,-16,-8183,94
3,292,-29,-8184,103
3,293,-18,-8182,94
3,294,-14,-8189,85
3,295,-9,-8175,84
3,296,-19,-8174,90
3,297,-22,-8179,96
3,298,-12,-8186,98
3,299,-15,-8190,100
3,300,-32,-8182,95
3,301,-29,-8187,86
3,302,-31,-8176,86
3,303,-28,-8175,93
3,304,-19,-8185,92
3,305,-19,-8177,88
3,306,-19,-8172,81
3,307,-19,-8170,81
3,308,-17,-8182,94
3,309,-5,-8194,108
3,310,-7,-8184,109
3,311,-17,-8183,103
3,312,-13,-8196,106
3,313,-8,-8196,108
3,314,-12,-8190,94
3,315,-13,-8180,93
3,316,-25,-8184,97
3,317,-17,-8185,95
3,318,-18,-8191,97
3,319,-21,-8187,104
3,320,-24,-8180,109
3,321,-34,-8176,109
3,322,-25,-8174,103
3,323,-15,-8166,96
3,324,-8,-8161,91
3,325,-8,-8171,88
3,326,-10,-8181,87
3,327,-19,-8174,97
3,328,-22,-8172,104
3,329,-6,-8173,106
3,330,-23,-8175,88
3,331,-33,-8174,91
3,332,-13,-8187,104
3,333,-12,-8193,82
3,334,-3,-8189,90
3,335,4,-8190,89
3,336,4,-8186,90
3,337,1,-8185,86
3,338,-2,-8183,76
3,339,-8,-8179,64
3,340,-7,-8176,92
3,341,-16,-8190,91
3,342,-9,-8190,105
3,343,-22,-8188,102
3,344,-19,-8190,103
3,345,-27,-8193,109
3,346,-17,-8185,100
3,347,-11,-8193,116
3,348,-11,-8179,112
3,349,-13,-8179,92
3,350,-19,-8182,95
3,351,-23,-8187,80
3,352,-25,-8191,84
3,353,-21,-8184,72
3,354,-22,-8179,84
3,355,-14,-8174,112
3,356,-17,-8169,123
3,357,-7,-8174,107
3,358,-12,-8182,116
3,359,-12,-8176,101
3,360,-19,-8178,95
3,361,-23,-8181,101
3,362,-24,-8184,100
3,363,-16,-8180,109
3,364,-13,-8179,112
3,365,-23,-8168,100
3,366,-26,-8167,91
3,367,-26,-8174,84
3,368,-15,-8180,96
3,369,-12,-8173,94
3,370,-12,-8179,105
3,371,-19,-8182,91
3,372,-27,-8174,91
3,373,-40,-8180,112
3,374,-27,-8175,116
3,375,-18,-8184,104
3,376,-14,-8196,122
3,377,-25,-8188,123
3,378,-40,-8183,101
3,379,-23,-8191,93
3,380,-19,-8198,81
3,381,-12,-8187,103
3,382,-16,-8180,111
3,383,-3,-8168,113
3,384,-14,-8166,99
3,385,-11,-8175,87
3,386,-6,-8182,97
3,387,-1,-8178,101
3,388,-12,-8183,98
3,389,-25,-8197,108
3,390,-23,-8205,101
3,391,-19,-8190,99
3,392,-22,-8175,90
3,393,-18,-8178,98
3,394,-22,-8177,100
3,395,-22,-8170,98
3,396,-24,-8178,99
3,397,-22,-8181,85
3,398,-21,-8183,80
3,399,-12,-8178,69
3,400,-10,-8179,76
3,401,-29,-8165,87
3,402,-28,-8162,118
3,403,-22,-8173,125
3,404,-25,-8171,135
3,405,-20,-8173,127
3,406,-9,-8174,120
3,407,-7,-8178,89
3,408,-17,-8190,88
3,409,-18,-8185,99
3,410,-27,-8182,100
3,411,-31,-8176,98
3,412,-36,-8178,102
3,413,-31,-8179,89
3,414,-31,-8182,105
3,415,-13,-8167,102
3,416,-21,-8170,104
3,417,-18,-8177,103
3,418,-5,-8181,96
3,419,-21,-8177,97
3,420,-20,-8173,89
3,421,-11,-8170,95
3,422,-6,-8174,79
3,423,-24,-8168,92
3,424,-29,-8174,93
3,425,-28,-8173,100
3,426,-13,-8176,96
3,427,-22,-8192,82
3,428,-22,-8189,96
3,429,-12,-8186,104
3,430,-12,-8188,101
3,431,2,-8183,102
3,432,-5,-8170,101
3,433,-22,-8173,99
3,434,-15,-8191,80
3,435,-24,-8179,90
3,436,-17,-8176,89
3,437,-13,-8182,87
3,438,-18,-8177,91
3,439,-21,-8187,93
3,440,-15,-8184,99
3,441,-9,-8179,101
3,442,-8,-8173,71
3,443,-4,-8177,81
3,444,-8,-8190,80
3,445,-4,-8170,75
3,446,-1,-8171,61
3,447,-8,-8179,75
3,448,-13,-8184,85
3,449,-22,-8189,96
3,450,-27,-8191,99
3,451,-5,-8192,93
3,452,-12,-8181,93
3,453,-32,-8186,97
3,454,-27,-8182,104
3,455,-14,-8170,107
3,456,-18,-8175,116
3,457,-16,-8175,86
3,458,-17,-8169,88
3,459,-12,-8184,84
3,460,5,-8182,105
3,461,5,-8179,90
3,462,0,-8187,99
3,463,0,-8188,95
3,464,-6,-8179,76
3,465,-12,-8166,83
3,466,-18,-8175,95
3,467,-19,-8176,88
3,468,-20,-8174,91
3,469,-16,-8173,97
3,470,-20,-8175,97
3,471,-29,-8175,98
3,472,-13,-8172,102
3,473,-7,-8190,102
3,474,-12,-8188,96
3,475,-9,-8193,95
3,476,-20,-8190,95
3,477,-13,-8180,96
3,478,-22,-8192,105
3,479,-16,-8199,99
3,480,-10,-8192,75
3,481,-17,-8187,67
3,482,-15,-8185,98
3,483,-13,-8175,92
3,484,-19,-8175,116
3,485,-18,-8179,114
3,486,-13,-8181,112
3,487,-8,-8183,101
3,488,-5,-8183,103
3,489,-16,-8193,112
3,490,-12,-8183,114
3,491,-5,-8186,111
3,492,-7,-8196,109
3,493,-21,-8190,82
3,494,-20,-8192,84
3,495,-16,-8177,92
3,496,-15,-8178,86
3,497,-24,-8185,76
3,498,-26,-8183,76
3,499,-31,-8189,91
3,500,-20,-8181,99
3,501,-4,-8195,119
3,502,-4,-8171,118
3,503,-1,-8173,112
3,504,-4,-8175,115
3,505,-10,-8160,88
3,506,-10,-8150,105
3,507,-17,-8152,95
3,508,-8,-8174,92
3,509,4,-8185,92
3,510,-5,-8179,98
3,511,-1,-8179,94
3,512,-2,-8182,95
3,513,-7,-8191,102
3,514,0,-8177,107
3,515,4,-8180,94
3,516,1,-8176,86
3,517,-13,-8176,117
3,518,-11,-8169,100
3,519,-4,-8177,99
3,520,-14,-8171,99
3,521,-25,-8179,113
3,522,-29,-8176,118
3,523,-14,-8176,103
3,524,-10,-8166,96
3,525,-11,-8167,114
3,526,-11,-8171,103
3,527,-15,-8186,98
3,528,-17,-8169,91
3,529,-15,-8170,109
3,530,-17,-8172,110
3,531,-13,-8186,104
3,532,-23,-8177,109
3,533,-17,-8165,109
3,534,-11,-8167,99
3,535,-16,-8165,87
3,536,-14,-8172,91
3,537,-18,-8179,89
3,538,-25,-8177,96
3,539,-15,-8191,112
3,540,-10,-8183,115
3,541,-6,-8188,105
3,542,-16,-8180,110
3,543,-13,-8176,103
3,544,-16,-8178,93
3,545,-17,-8167,100
3,546,-17,-8168,117
3,547,-17,-8176,103
3,548,-13,-8180,98
3,549,-15,-8180,109
3,550,-21,-8174,104
3,551,-16,-8172,108
3,552,-14,-8166,88
3,553,-19,-8165,103
3,554,-13,-8161,106
3,555,-10,-8179,110
3,556,-7,-8183,105
3,557,-12,-8188,88
3,558,-11,-8191,81
3,559,-17,-8172,106
3,560,-16,-8173,116
3,561,-2,-8173,109
3,562,3,-8179,99
3,563,-5,-8184,98
3,564,-9,-8172,92
3,565,-15,-8176,109
3,566,-22,-8176,104
3,567,-17,-8164,96
3,568,-23,-8166,92
3,569,-30,-8174,103
3,570,-26,-8180,92
3,571,-16,-8180,97
3,572,-7,-8178,120
3,573,1,-8173,129
3,574,-7,-8182,117
3,575,9,-8176,92
3,576,3,-8190,97
3,577,-12,-8175,87
3,578,-14,-8164,83
3,579,-6,-8177,84
3,580,1,-8187,98
3,581,-10,-8169,106
3,582,-21,-8169,108
3,583,-13,-8172,87
3,584,-5,-8159,75
3,585,-9,-8166,88
3,586,-13,-8169,88
3,587,-17,-8174,107
3,588,-8,-8183,116
3,589,-14,-8193,123
3,590,-9,-8195,119
3,591,-8,-8183,115
3,592,0,-8169,108
3,593,-9,-8164,101
3,594,-17,-8176,110
3,595,-21,-8196,100
3,596,-24,-8208,90
3,597,-24,-8205,82
3,598,-16,-8188,90
3,599,-14,-8196,107
3,600,-2,-8201,109
3,601,-11,-8189,108
3,602,-14,-8169,109
3,603,-21,-8161,114
3,604,-31,-8169,83
3,605,-31,-8168,78
3,606,-23,-8175,71
3,607,-20,-8179,79
3,608,-20,-8200,95
3,609,-26,-8187,97
3,610,-27,-8184,100
3,611,-20,-8182,113
3,612,-19,-8179,103
3,613,-13,-8177,95
3,614,-20,-8177,81
3,615,-13,-8173,78
3,616,-13,-8182,82
3,617,-14,-8197,82
3,618,-21,-8196,79
3,619,-27,-8182,91
3,620,-25,-8183,110
3,621,-15,-8190,107
3,622,-14,-8195,98
3,623,-8,-8184,97
3,624,-5,-8190,107
3,625,-5,-8180,112
3,626,-5,-8178,107
3,627,-10,-8192,104
3,628,-11,-8195,98
3,629,-13,-8188,103
3,630,-15,-8187,97
3,631,-13,-8195,95
3,632,-3,-8183,102
3,633,-10,-8187,97
3,634,-21,-8181,102
3,635,-3,-8178,115
3,636,-18,-8177,112
3,637,-17,-8163,100
3,638,-18,-8172,102
3,639,-10,-8175,106
3,640,-22,-8180,100
3,641,-29,-8175,104
3,642,-29,-8181,112
3,643,-22,-8185,104
3,644,-4,-8192,93
3,645,5,-8184,112
3,646,8,-8183,95
3,647,-5,-8175,74
3,648,-3,-8170,70
3,649,-23,-8166,77
3,650,-25,-8167,97
3,651,-27,-8179,95
3,652,-28,-8167,86
3,653,-29,-8157,82
3,654,-30,-8148,80
3,655,-15,-8168,79
3,656,-10,-8179,95
3,657,-8,-8168,82
3,658,-22,-8175,83
3,659,-16,-8172,92
3,660,-23,-8159,85
3,661,-16,-8166,86
3,662,-10,-8164,90
3,663,-20,-8172,92
3,664,-23,-8170,82
3,665,-23,-8151,104
3,666,-28,-8166,115
3,667,-16,-8180,98
3,668,-22,-8180,86
3,669,-12,-8184,91
3,670,-4,-8185,86
3,671,0,-8184,84
3,672,-8,-8187,77
3,673,-16,-8185,89
3,674,-20,-8186,88
3,675,-15,-8185,82
3,676,-17,-8179,90
3,677,-16,-8179,99
3,678,-16,-8161,108
3,679,-29,-8162,107
3,680,-19,-8159,113
3,681,-13,-8160,101
3,682,-18,-8160,88
3,683,-23,-8163,80
3,684,-18,-8165,88
3,685,-9,-8168,100
3,686,-10,-8182,108
3,687,-10,-8173,108
3,688,-14,-8178,118
3,689,-5,-8172,127
3,690,-14,-8175,116
3,691,-17,-8172,115
3,692,-19,-8162,98
3,693,-5,-8164,99
3,694,-11,-8175,98
3,695,-17,-8177,104
3,696,-16,-8186,109
3,697,-18,-8195,128
3,698,-27,-8197,130
3,699,-16,-8191,109
3,700,-17,-8180,94
3,701,-12,-8174,101
3,702,-10,-8182,96
3,703,-14,-8181,101
3,704,-13,-8172,111
3,705,-12,-8163,110
3,706,-26,-8166,118
3,707,-24,-8174,107
3,708,-33,-8170,98
3,709,-38,-8158,87
3,710,-28,-8174,91
3,711,-18,-8180,89
3,712,-18,-8167,82
3,713,-18,-8186,95
3,714,-8,-8170,91
3,715,-4,-8179,92
3,716,-8,-8172,97
3,717,-8,-8178,112
3,718,-6,-8175,108
3,719,-20,-8171,114
3,720,-19,-8177,119
3,721,-15,-8180,90
3,722,-26,-8192,91
3,723,-24,-8199,106
3,724,-12,-8182,90
3,725,-16,-8175,76
3,726,-18,-8173,72
3,727,-19,-8170,86
3,728,-19,-8169,102
3,729,-4,-8178,97
3,730,-5,-8180,96
3,731,-4,-8161,101
3,732,-1,-8163,100
3,733,-5,-8180,98
3,734,-1,-8170,88
3,735,-7,-8155,90
3,736,-3,-8168,84
3,737,-12,-8180,86
3,738,-3,-8171,88
3,739,-17,-8165,84
3,740,-16,-8173,70
3,741,-18,-8170,62
3,742,-27,-8177,66
3,743,-22,-8170,60
3,744,-30,-8171,96
3,745,-23,-8167,110
3,746,-18,-8175,102
3,747,-14,-8171,105
3,748,-9,-8171,106
3,749,-8,-8171,117
3,750,-3,-8186,119
3,751,-9,-8201,117
3,752,-5,-8193,96
3,753,-9,-8190,96
3,754,-28,-8184,86
3,755,-24,-8173,101
3,756,-13,-8173,111
3,757,-12,-8180,117
3,758,-21,-8172,99
3,759,-21,-8175,100
3,760,-19,-8177,97
3,761,-10,-8182,98
3,762,-10,-8177,89
3,763,-28,-8183,85
3,764,-24,-8168,93
3,765,-10,-8172,114
3,766,-6,-8178,100
3,767,7,-8191,104
3,768,-9,-8196,93
3,769,-10,-8187,97
3,770,-13,-8180,97
3,771,-24,-8180,94
3,772,-24,-8186,105
3,773,-23,-8187,90
3,774,-18,-8179,75
3,775,-19,-8185,84
3,776,-25,-8169,107
3,777,-16,-8175,111
3,778,-9,-8178,119
3,779,-17,-8186,114
3,780,-6,-8195,108
3,781,-4,-8197,92
3,782,-13,-8184,99
3,783,-23,-8190,101
3,784,-23,-8200,111
3,785,-23,-8185,109
3,786,-5,-8188,110
3,787,1,-8187,94
3,788,-1,-8193,99
3,789,-11,-8189,91
3,790,-9,-8189,99
3,791,-15,-8188,105
3,792,-18,-8188,103
3,793,-12,-8189,100
3,794,-14,-8174,103
3,795,-26,-8184,106
3,796,-19,-8182,99
3,797,-19,-8186,107
3,798,-13,-8182,89
3,799,-9,-8181,87
3,800,-9,-8175,80
3,801,-19,-8177,88
3,802,-25,-8188,96
3,803,-13,-8166,98
3,804,-16,-8179,109
3,805,-26,-8172,105
3,806,-28,-8185,106
3,807,-23,-8192,91
3,808,-15,-8186,91
3,809,-11,-8178,74
3,810,-9,-8173,53
3,811,-16,-8166,74
3,812,-14,-8167,88
3,813,-15,-8176,101
3,814,-17,-8176,110
3,815,-24,-8182,108
3,816,-21,-8182,105
3,817,-33,-8178,106
3,818,-36,-8190,108
3,819,-34,-8192,107
3,820,-19,-8194,88
3,821,-29,-8182,87
3,822,-25,-8199,96
3,823,-19,-8194,85
3,824,5,-8192,107
3,825,0,-8172,106
3,826,-8,-8174,102
3,827,5,-8173,82
3,828,4,-8176,90
3,829,-4,-8177,100
3,830,-7,-8189,100
3,831,-11,-8191,89
3,832,-15,-8190,90
3,833,-18,-8180,103
3,834,-24,-8188,100
3,835,-19,-8191,97
3,836,-22,-8181,94
3,837,-6,-8191,94
3,838,-7,-8191,103
3,839,-2,-8179,100
3,840,-3,-8171,103
3,841,1,-8180,104
3,842,-7,-8187,91
3,843,-16,-8184,84
3,844,-15,-8189,99
3,845,-18,-8195,118
3,846,-9,-8199,125
3,847,-14,-8195,120
3,848,-23,-8190,107
3,849,-14,-8182,92
3,850,-20,-8180,89
3,851,-30,-8173,99
3,852,-29,-8168,85
3,853,-14,-8168,104
3,854,-7,-8166,118
3,855,-15,-8180,119
3,856,-27,-8180,98
3,857,-28,-8177,94
3,858,-23,-8174,105
3,859,-28,-8176,96
3,860,-26,-8185,93
3,861,-9,-8183,93
3,862,-13,-8187,94
3,863,-2,-8176,106
3,864,-4,-8170,101
3,865,-8,-8176,74
3,866,-17,-8177,92
3,867,-18,-8172,115
3,868,-11,-8171,113
3,869,-11,-8171,106
3,870,3,-8164,97
3,871,-3,-8167,95
3,872,-17,-8187,100
3,873,-13,-8178,90
3,874,-11,-8184,90
3,875,-11,-8190,83
3,876,-10,-8183,91
3,877,-16,-8182,93
3,878,-20,-8190,87
3,879,-21,-8200,94
3,880,-13,-8196,109
3,881,-15,-8187,116
3,882,-20,-8168,97
3,883,-16,-8168,98
3,884,-2,-8169,80
3,885,-9,-8172,76
3,886,-8,-8172,82
3,887,-15,-8190,71
3,888,-25,-8196,65
3,889,-13,-8197,89
3,890,-18,-8176,106
3,891,-12,-8175,90
3,892,-13,-8178,84
3,893,-21,-8180,99
3,894,-10,-8189,99
3,895,-11,-8185,98
3,896,-18,-8176,93
3,897,-7,-8170,108
3,898,-25,-8168,102
3,899,-31,-8180,90
3,900,-17,-8176,97
3,901,-10,-8186,96
3,902,-5,-8182,85
3,903,-7,-8181,91
3,904,-15,-8180,94
3,905,-15,-8180,86
3,906,-21,-8176,89
3,907,-13,-8169,82
3,908,-8,-8181,94
3,909,5,-8189,89
3,910,4,-8197,69
3,911,-17,-8187,90
3,912,-12,-8183,97
3,913,-21,-8190,93
3,914,-35,-8187,77
3,915,-29,-8183,69
3,916,-16,-8170,99
3,917,-9,-8175,100
3,918,-17,-8179,112
3,919,-18,-8181,120
3,920,-5,-8181,112
3,921,-13,-8187,96
3,922,-14,-8187,90
3,923,-7,-8189,73
3,924,-6,-8190,83
3,925,-5,-8190,93
3,926,-14,-8192,92
3,927,-12,-8194,82
3,928,-3,-8197,74
3,929,-14,-8179,68
3,930,-25,-8176,63
3,931,-10,-8177,97
3,932,-6,-8169,92
3,933,-14,-8167,93
3,934,-17,-8183,85
3,935,-9,-8195,81
3,936,-18,-8193,91
3,937,-21,-8191,98
3,938,-26,-8189,93
3,939,-20,-8180,98
3,940,-24,-8184,92
3,941,-12,-8174,79
3,942,-16,-8172,82
3,943,-9,-8177,81
3,944,-10,-8170,87
3,945,-28,-8170,91
3,946,-21,-8187,96
3,947,-21,-8182,89
3,948,-23,-8170,97
3,949,-25,-8169,98
3,950,-17,-8175,102
3,951,-25,-8176,92
3,952,-24,-8176,100
3,953,-28,-8188,96
3,954,-22,-8184,97
3,955,-21,-8184,85
3,956,-17,-8179,84
3,957,-29,-8184,96
3,958,-20,-8176,88
3,959,-14,-8178,95
3,960,-11,-8173,92
3,961,-15,-8185,89
3,962,-17,-8180,102
3,963,-7,-8186,109
3,964,-2,-8194,117
3,965,1,-8192,113
3,966,0,-8186,102
3,967,-13,-8177,91
3,968,-31,-8177,102
3,969,-33,-8173,91
3,970,-18,-8173,94
3,971,-23,-8179,96
3,972,-7,-8189,101
3,973,-5,-8186,91
3,974,-10,-8187,89
3,975,-10,-8188,92
3,976,-8,-8192,101
3,977,2,-8186,111
3,978,14,-8185,116
3,979,17,-8181,96
3,980,4,-8166,82
3,981,6,-8175,104
3,982,-2,-8187,106
3,983,-11,-8182,115
3,984,-19,-8187,114
3,985,-17,-8173,114
3,986,-13,-8184,111
3,987,-21,-8185,96
3,988,-21,-8175,90
3,989,-15,-8181,83
3,990,-6,-8185,79
3,991,-1,-8187,74
3,992,-11,-8183,79
3,993,-19,-8169,96
3,994,-24,-8179,116
3,995,-23,-8179,100
3,996,-17,-8185,105
3,997,0,-8192,104
3,998,0,-8180,101
3,999,-11,-8180,83
3,1000,-21,-8177,88
3,1001,-30,-8173,89
3,1002,-29,-8178,77
3,1003,-24,-8182,77
3,1004,-18,-8179,75
3,1005,-9,-8179,93
3,1006,-1,-8172,102
3,1007,-3,-8178,88
3,1008,-12,-8181,90
3,1009,-22,-8182,102
3,1010,-14,-8181,106
3,1011,-11,-8193,103
3,1012,-33,-8193,102
3,1013,-29,-8177,98
3,1014,-20,-8175,91
3,1015,-9,-8175,107
3,1016,-4,-8177,110
3,1017,-17,-8169,113
3,1018,-6,-8174,110
3,1019,-8,-8176,118
3,1020,-15,-8172,122
3,1021,-17,-8175,114
3,1022,-28,-8164,104
3,1023,-22,-8169,98
3,1024,-19,-8176,107
3,1025,-35,-8179,105
3,1026,-30,-8171,111
3,1027,-22,-8183,107
3,1028,-8,-8185,95
3,1029,-14,-8190,74
3,1030,-16,-8191,83
3,1031,-14,-8187,89
3,1032,-11,-8188,90
3,1033,2,-8183,86
3,1034,-11,-8182,94
3,1035,-9,-8182,96
3,1036,-18,-8181,89
3,1037,-23,-8183,101
3,1038,-30,-8183,98
3,1039,-33,-8178,90
3,1040,-25,-8165,91
3,1041,-17,-8167,85
3,1042,-13,-8178,93
3,1043,-6,-8187,105
3,1044,-7,-8180,106
3,1045,-15,-8180,111
3,1046,-16,-8168,111
3,1047,-15,-8173,101
3,1048,-12,-8179,105
3,1049,-9,-8171,99
3,1050,-9,-8170,92
3,1051,-15,-8186,91
3,1052,-5,-8190,73
3,1053,-1,-8182,68
3,1054,-2,-8172,95
3,1055,5,-8171,96
3,1056,-4,-8188,109
3,1057,5,-8184,96
3,1058,3,-8175,106
3,1059,-3,-8184,109
3,1060,1,-8182,81
3,1061,0,-8180,91
3,1062,3,-8187,93
3,1063,-9,-8188,89
3,1064,-4,-8186,98
3,1065,-18,-8189,77
3,1066,-25,-8196,77
3,1067,-26,-8195,88
3,1068,-41,-8213,85
3,1069,-39,-8203,87
3,1070,-16,-8186,75
3,1071,-20,-8189,60
3,1072,-11,-8190,70
3,1073,-17,-8193,73
3,1074,-23,-8185,111
3,1075,-27,-8182,119
3,1076,-23,-8194,114
3,1077,-16,-8198,103
3,1078,-26,-8186,81
3,1079,-22,-8202,79
3,1080,-23,-8195,85
3,1081,-16,-8200,82
3,1082,-8,-8208,96
3,1083,-5,-8199,96
3,1084,-13,-8185,103
3,1085,-23,-8192,102
3,1086,-20,-8179,87
3,1087,-10,-8183,81
3,1088,-3,-8198,96
3,1089,-16,-8191,101
3,1090,-15,-8188,112
3,1091,-14,-8188,119
3,1092,-17,-8176,106
3,1093,-6,-8183,95
3,1094,4,-8192,88
3,1095,9,-8188,85
3,1096,7,-8184,97
3,1097,-6,-8191,85
3,1098,-2,-8201,83
3,1099,-5,-8201,86
3,1100,-9,-8196,86
3,1101,-8,-8194,101
3,1102,-3,-8201,104
3,1103,-4,-8190,94
3,1104,-13,-8179,106
3,1105,-9,-8182,111
3,1106,3,-8187,106
3,1107,-5,-8180,105
3,1108,-12,-8180,101
3,1109,-15,-8186,93
3,1110,-21,-8180,86
3,1111,-34,-8177,84
3,1112,-26,-8168,77
3,1113,-30,-8170,89
3,1114,-6,-8165,93
3,1115,-3,-8165,107
3,1116,-14,-8170,90
3,1117,-2,-8168,79
3,1118,-12,-8173,87
3,1119,-19,-8177,97
3,1120,-25,-8184,109
3,1121,-12,-8175,108
3,1122,-9,-8182,114
3,1123,-12,-8173,98
3,1124,-14,-8170,90
3,1125,-14,-8179,89
3,1126,-16,-8193,90
3,1127,-9,-8193,81
3,1128,-19,-8183,101
3,1129,-20,-8178,94
3,1130,-15,-8178,85
3,1131,-10,-8177,78
3,1132,-9,-8174,77
3,1133,1,-8170,81
3,1134,-20,-8170,87
3,1135,-30,-8171,87
3,1136,-34,-8180,102
3,1137,-23,-8182,83
3,1138,-19,-8182,96
3,1139,-11,-8190,96
3,1140,-17,-8180,88
3,1141,-11,-8179,93
3,1142,-20,-8188,102
3,1143,-10,-8190,107
3,1144,10,-8193,102
3,1145,12,-8190,113
3,1146,-11,-8185,114
3,1147,-26,-8171,111
3,1148,-44,-8177,114
3,1149,-37,-8178,119
3,1150,-26,-8184,124
3,1151,-13,-8178,112
3,1152,-21,-8184,97
3,1153,-18,-8188,99
3,1154,-12,-8192,110
3,1155,-4,-8198,84
3,1156,-12,-8195,78
3,1157,-20,-8191,112
3,1158,-21,-8183,115
3,1159,-13,-8194,122
3,1160,3,-8192,120
3,1161,-7,-8183,126
3,1162,-29,-8180,112
3,1163,-21,-8174,102
3,1164,-24,-8182,92
3,1165,-18,-8178,110
3,1166,-8,-8169,106
3,1167,-26,-8179,101
3,1168,-20,-8172,100
3,1169,-7,-8189,82
3,1170,-11,-8171,83
3,1171,-19,-8174,83
3,1172,-18,-8182,95
3,1173,-18,-8190,91
3,1174,-17,-8178,84
3,1175,-21,-8165,80
3,1176,-12,-8169,73
3,1177,-12,-8165,81
3,1178,-19,-8173,69
3,1179,-11,-8171,79
3,1180,-9,-8181,81
3,1181,-6,-8192,78
3,1182,-14,-8176,88
3,1183,-20,-8174,85
3,1184,-17,-8182,85
3,1185,-17,-8178,102
3,1186,-15,-8179,104
3,1187,-13,-8170,104
3,1188,-13,-8179,104
3,1189,-12,-8179,102
3,1190,-11,-8183,118
3,1191,7,-8194,117
3,1192,10,-8190,106
3,1193,12,-8169,89
3,1194,-10,-8165,98
3,1195,-16,-8160,104
3,1196,-17,-8169,96
3,1197,-9,-8169,82
3,1198,-8,-8163,88
3,1199,-11,-8165,94
3,1200,-14,-8174,92
3,1201,-21,-8189,98
3,1202,-34,-8198,123
3,1203,-21,-8190,122
3,1204,-7,-8189,112
3,1205,-13,-8183,91
3,1206,-18,-8183,98
3,1207,-32,-8203,108
3,1208,-36,-8195,88
3,1209,-32,-8193,98
3,1210,-9,-8175,89
3,1211,-2,-8164,83
3,1212,-18,-8166,96
3,1213,-21,-8168,96
3,1214,-13,-8170,113
3,1215,-11,-8173,101
3,1216,-16,-8165,92
3,1217,-2,-8172,89
3,1218,-7,-8181,99
3,1219,-16,-8186,88
3,1220,-13,-8189,81
3,1221,-12,-8187,73
3,1222,-10,-8180,64
3,1223,-18,-8170,67
3,1224,-19,-8174,81
3,1225,-19,-8173,88
3,1226,-19,-8179,77
3,1227,-21,-8180,81
3,1228,-22,-8176,74
3,1229,0,-8179,83
3,1230,-5,-8187,92
3,1231,-5,-8187,108
3,1232,-4,-8175,100
3,1233,-9,-8158,88
3,1234,-14,-8159,99
3,1235,-16,-8169,89
3,1236,-21,-8175,81
3,1237,-35,-8169,84
3,1238,-34,-8174,66
3,1239,-24,-8168,72
3,1240,-17,-8163,90
3,1241,-17,-8167,104
3,1242,-20,-8173,95
3,1243,-21,-8165,105
3,1244,-17,-8167,82
3,1245,-9,-8162,85
3,1246,-3,-8164,89
3,1247,-2,-8162,94
3,1248,-16,-8164,103
3,1249,-6,-8167,124
3,1250,-3,-8172,103
3,1251,-9,-8172,104
3,1252,-10,-8171,98
3,1253,-11,-8172,94
3,1254,-25,-8178,81
3,1255,-29,-8179,92
3,1256,-27,-8174,79
3,1257,-15,-8192,70
3,1258,-9,-8191,76
3,1259,-10,-8191,90
3,1260,-2,-8192,95
3,1261,-8,-8179,104
3,1262,-2,-8182,103
3,1263,-9,-8188,87
3,1264,-12,-8183,73
3,1265,-18,-8198,69
3,1266,-4,-8188,97
3,1267,0,-8187,110
3,1268,-1,-8177,101
3,1269,4,-8182,91
3,1270,4,-8180,108
3,1271,7,-8181,102
3,1272,-4,-8185,88
3,1273,-7,-8179,78
3,1274,-8,-8180,81
3,1275,-10,-8182,84
3,1276,-14,-8170,73
3,1277,-22,-8169,105
3,1278,-28,-8165,95
3,1279,-23,-8182,102
3,1280,-13,-8187,106
3,1281,-11,-8193,100
3,1282,3,-8180,100
3,1283,-1,-8172,98
3,1284,-14,-8177,88
3,1285,-10,-8192,83
3,1286,-6,-8200,88
3,1287,-14,-8193,101
3,1288,-14,-8192,103
3,1289,-10,-8185,92
3,1290,-21,-8178,85
3,1291,-15,-8177,99
3,1292,-23,-8181,111
3,1293,-22,-8193,110
3,1294,0,-8198,95
3,1295,-3,-8199,104
3,1296,-12,-8197,109
3,1297,-9,-8203,97
3,1298,-31,-8202,105
3,1299,-13,-8182,108
3,1300,2,-8185,92
3,1301,5,-8175,82
3,1302,2,-8180,86
3,1303,-4,-8179,79
3,1304,-15,-8183,73
3,1305,-2,-8196,91
3,1306,-1,-8195,106
3,1307,-14,-8188,96
3,1308,-17,-8184,113
3,1309,-31,-8177,130
3,1310,-22,-8169,134
3,1311,-10,-8183,122
3,1312,-10,-8170,112
3,1313,-8,-8168,119
3,1314,-12,-8163,110
3,1315,-20,-8155,107
3,1316,-34,-8152,104
3,1317,-33,-8159,87
3,1318,-26,-8175,99
3,1319,-16,-8181,105
3,1320,-27,-8174,96
3,1321,-12,-8189,82
3,1322,2,-8196,79
3,1323,-9,-8180,91
3,1324,-11,-8159,118
3,1325,-13,-8169,99
3,1326,-27,-8178,101
3,1327,-24,-8172,96
3,1328,-16,-8178,95
3,1329,-15,-8189,101
3,1330,-19,-8192,105
3,1331,-14,-8184,98
3,1332,-13,-8176,101
3,1333,-17,-8182,79
3,1334,-21,-8192,79
3,1335,-24,-8186,94
3,1336,-20,-8176,105
3,1337,-3,-8181,102
3,1338,-14,-8184,94
3,1339,-10,-8179,103
3,1340,-5,-8185,93
3,1341,4,-8175,91
3,1342,14,-8175,108
3,1343,-3,-8181,97
3,1344,-16,-8180,108
3,1345,-20,-8183,130
3,1346,-20,-8179,112
3,1347,-7,-8174,111
3,1348,-18,-8177,108
3,1349,-21,-8192,98
3,1350,-21,-8204,90
3,1351,-23,-8196,114
3,1352,-21,-8188,106
3,1353,-27,-8180,95
3,1354,-20,-8183,89
3,1355,-19,-8174,98
3,1356,-16,-8164,99
3,1357,-27,-8169,102
3,1358,-24,-8173,110
3,1359,-19,-8186,113
3,1360,-15,-8195,115
3,1361,-17,-8189,105
3,1362,-22,-8187,101
3,1363,-19,-8189,94
3,1364,-26,-8187,102
3,1365,-24,-8184,97
3,1366,-24,-8180,94
3,1367,-30,-8186,102
3,1368,-19,-8170,99
3,1369,-22,-8189,101
3,1370,-25,-8184,106
3,1371,-22,-8177,102
3,1372,-23,-8187,101
3,1373,-27,-8177,97
3,1374,-13,-8164,99
3,1375,-14,-8168,105
3,1376,-17,-8183,110
3,1377,-10,-8184,104
3,1378,-13,-8188,102
3,1379,-23,-8179,86
3,1380,-16,-8182,94
3,1381,-19,-8181,88
3,1382,-12,-8174,97
3,1383,-13,-8174,114
3,1384,-15,-8168,112
3,1385,-28,-8168,102
3,1386,-23,-8170,100
3,1387,-4,-8169,95
3,1388,-10,-8174,99
3,1389,-7,-8173,106
3,1390,-8,-8179,89
3,1391,-13,-8184,97
3,1392,-8,-8183,106
3,1393,-7,-8187,101
3,1394,-9,-8195,93
3,1395,-11,-8192,97
3,1396,-8,-8184,97
3,1397,-6,-8173,107
3,1398,-5,-8170,94
3,1399,-1,-8166,83
3,1400,-3,-8172,80
3,1401,-17,-8174,76
3,1402,-21,-8187,70
3,1403,-14,-8193,79
3,1404,-18,-8170,71
3,1405,-9,-8178,74
3,1406,-7,-8185,82
3,1407,-12,-8189,103
3,1408,-5,-8186,96
3,1409,5,-8190,87
3,1410,3,-8187,91
3,1411,-9,-8179,92
3,1412,-8,-8171,91
3,1413,-12,-8165,105
3,1414,-15,-8174,104
3,1415,-17,-8178,97
3,1416,-11,-8180,97
3,1417,-11,-8179,106
3,1418,-7,-8185,117
3,1419,-1,-8188,105
3,1420,-22,-8183,102
3,1421,-31,-8185,93
3,1422,-15,-8171,95
3,1423,-17,-8174,98
3,1424,-18,-8162,101
3,1425,-17,-8169,112
3,1426,-20,-8165,104
3,1427,-14,-8179,102
3,1428,-18,-8190,107
3,1429,-23,-8193,90
3,1430,-16,-8197,85
3,1431,-11,-8184,94
3,1432,-15,-8181,87
3,1433,-27,-8175,90
3,1434,-27,-8176,99
3,1435,-30,-8173,93
3,1436,-32,-8175,103
3,1437,-27,-8184,107
3,1438,-42,-8192,97
3,1439,-45,-8186,103
3,1440,-29,-8184,99
3,1441,-16,-8189,99
3,1442,-10,-8178,109
3,1443,-2,-8163,98
3,1444,-10,-8183,89
3,1445,-3,-8179,88
3,1446,-6,-8181,65
3,1447,-2,-8184,68
3,1448,-15,-8178,78
3,1449,-23,-8184,113
3,1450,-22,-8176,87
3,1451,-15,-8171,93
3,1452,-6,-8166,91
3,1453,-17,-8184,102
3,1454,-12,-8188,84
3,1455,-12,-8185,89
3,1456,-16,-8181,97
3,1457,-13,-8172,107
3,1458,3,-8170,112
3,1459,2,-8177,96
3,1460,-3,-8186,113
3,1461,-6,-8183,96
3,1462,-6,-8193,85
3,1463,-7,-8185,83
3,1464,-20,-8186,90
3,1465,-31,-8189,100
3,1466,-23,-8181,104
3,1467,-23,-8184,97
3,1468,-31,-8183,104
3,1469,-13,-8188,111
3,1470,-3,-8187,115
3,1471,-7,-8191,99
3,1472,-11,-8183,111
3,1473,-13,-8178,120
3,1474,-6,-8175,92
3,1475,-11,-8181,86
3,1476,-28,-8186,95
3,1477,-17,-8182,97
3,1478,-19,-8187,99
3,1479,-6,-8179,104
3,1480,3,-8174,97
3,1481,-16,-8173,98
3,1482,-5,-8172,101
3,1483,-6,-8162,88
3,1484,-16,-8161,86
3,1485,-21,-8163,87
3,1486,-22,-8163,85
3,1487,-11,-8154,101
3,1488,-13,-8175,100
3,1489,-19,-8171,98
3,1490,-19,-8164,108
3,1491,-12,-8175,78
3,1492,-18,-8170,78
3,1493,-21,-8178,82
3,1494,-18,-8180,93
3,1495,-15,-8165,87
3,1496,-16,-8187,89
3,1497,-17,-8194,88
3,1498,-24,-8186,90
3,1499,-10,-8181,85
3,1500,-18,-8188,99
3,1501,-29,-8188,104
3,1502,-28,-8185,103
3,1503,-22,-8185,104
3,1504,-17,-8190,101
3,1505,-14,-8185,101
3,1506,-8,-8197,100
3,1507,-8,-8194,100
3,1508,-12,-8190,108
3,1509,-13,-8176,98
3,1510,-6,-8194,92
3,1511,-7,-8180,96
3,1512,0,-8169,95
3,1513,3,-8184,99
3,1514,7,-8180,93
3,1515,1,-8181,98
3,1516,-9,-8182,106
3,1517,-8,-8173,110
3,1518,-6,-8181,112
3,1519,-10,-8182,108
3,1520,11,-8176,80
3,1521,12,-8167,81
3,1522,21,-8182,98
3,1523,2,-8184,104
3,1524,-5,-8175,85
3,1525,0,-8184,101
3,1526,-2,-8183,100
3,1527,-8,-8170,100
3,1528,-6,-8174,87
3,1529,-4,-8183,108
3,1530,-6,-8194,104
3,1531,-14,-8187,94
3,1532,-13,-8177,84
3,1533,-20,-8177,72
3,1534,-33,-8182,65
3,1535,-21,-8180,78
3,1536,-32,-8182,92
3,1537,-19,-8178,110
3,1538,-22,-8173,91
3,1539,-9,-8165,93
3,1540,-17,-8169,111
3,1541,-22,-8187,105
3,1542,-20,-8184,101
3,1543,-28,-8185,98
3,1544,-17,-8187,100
3,1545,-13,-8164,118
3,1546,-23,-8164,104
3,1547,-15,-8169,94
3,1548,-14,-8166,85
3,1549,-21,-8186,97
3,1550,-24,-8195,108
3,1551,-17,-8203,98
3,1552,-17,-8190,91
3,1553,-27,-8200,92
3,1554,-20,-8191,96
3,1555,-15,-8190,111
3,1556,-13,-8191,115
3,1557,-33,-8183,98
3,1558,-14,-8174,92
3,1559,-13,-8173,86
3,1560,-12,-8187,80
3,1561,-18,-8190,79
3,1562,-19,-8190,67
3,1563,-15,-8195,72
3,1564,-3,-8177,78
3,1565,-14,-8166,87
3,1566,-8,-8165,80
3,1567,-5,-8173,83
3,1568,-20,-8172,93
3,1569,-28,-8174,106
3,1570,-26,-8174,98
3,1571,-31,-8175,95
3,1572,-26,-8171,76
3,1573,-24,-8169,76
3,1574,-21,-8169,72
3,1575,-21,-8167,75
3,1576,-12,-8167,95
3,1577,-15,-8154,99
3,1578,-15,-8157,96
3,1579,-19,-8170,88
3,1580,-10,-8183,96
3,1581,-17,-8182,100
3,1582,-20,-8175,99
3,1583,-6,-8167,106
3,1584,-6,-8167,89
3,1585,0,-8176,97
3,1586,-11,-8163,116
3,1587,-22,-8159,120
3,1588,-21,-8168,110
3,1589,-23,-8172,101
3,1590,-17,-8179,93
3,1591,-4,-8179,85
3,1592,-10,-8181,90
3,1593,-7,-8186,87
3,1594,-11,-8185,78
3,1595,-18,-8183,97
3,1596,-21,-8180,103
3,1597,-25,-8186,99
3,1598,-21,-8174,83
3,1599,-13,-8172,82
3,1600,-4,-8175,70
3,1601,-9,-8178,88
3,1602,-8,-8164,81
3,1603,-17,-8162,85
3,1604,-28,-8175,112
3,1605,-25,-8178,79
3,1606,-20,-8189,78
3,1607,-10,-8178,77
3,1608,-9,-8179,85
3,1609,-8,-8177,80
3,1610,2,-8187,96
3,1611,-8,-8183,99
3,1612,-12,-8185,83
3,1613,-4,-8198,90
3,1614,-2,-8186,91
3,1615,1,-8182,81
3,1616,2,-8180,80
3,1617,-6,-8197,77
3,1618,-14,-8193,73
3,1619,-12,-8192,87
3,1620,-11,-8181,107
3,1621,-10,-8180,105
3,1622,-12,-8172,87
3,1623,-11,-8176,84
3,1624,-10,-8180,83
3,1625,-8,-8176,95
3,1626,-24,-8182,94
3,1627,-20,-8193,111
3,1628,-23,-8184,112
3,1629,-13,-8188,111
3,1630,-27,-8190,119
3,1631,-34,-8189,113
3,1632,-24,-8197,98
3,1633,-12,-8203,75
3,1634,-20,-8200,79
3,1635,-34,-8201,71
3,1636,-27,-8184,73
3,1637,-15,-8193,81
3,1638,-12,-8177,74
3,1639,0,-8180,87
3,1640,-19,-8187,84
3,1641,-9,-8197,96
3,1642,-1,-8186,91
3,1643,-8,-8162,94
3,1644,-13,-8170,99
3,1645,-15,-8179,78
3,1646,-14,-8168,84
3,1647,-18,-8167,79
3,1648,-17,-8176,83
3,1649,-8,-8180,84
3,1650,-6,-8181,90
3,1651,-4,-8182,100
3,1652,1,-8192,102
3,1653,-7,-8192,103
3,1654,-2,-8178,112
3,1655,-3,-8180,110
3,1656,0,-8191,118
3,1657,7,-8197,113
3,1658,1,-8185,108
3,1659,-8,-8178,109
3,1660,-22,-8177,94
3,1661,-27,-8167,90
3,1662,-29,-8165,83
3,1663,-24,-8161,94
3,1664,-9,-8157,98
3,1665,-15,-8174,91
3,1666,-17,-8176,87
3,1667,-13,-8180,98
3,1668,1,-8185,96
3,1669,-4,-8178,100
3,1670,-8,-8174,102
3,1671,-20,-8182,106
3,1672,-32,-8190,101
3,1673,-33,-8187,103
3,1674,-22,-8184,91
3,1675,-16,-8188,86
3,1676,-25,-8179,87
3,1677,-20,-8175,90
3,1678,-17,-8172,100
3,1679,-11,-8174,85
3,1680,-2,-8182,85
3,1681,2,-8180,112
3,1682,0,-8181,93
3,1683,-1,-8182,73
3,1684,-5,-8172,88
3,1685,-10,-8167,98
3,1686,-4,-8183,106
3,1687,7,-8189,104
3,1688,2,-8196,92
3,1689,-3,-8190,90
3,1690,-15,-8184,88
3,1691,-9,-8176,95
3,1692,-18,-8174,102
3,1693,-17,-8199,107
3,1694,-12,-8191,119
3,1695,-3,-8190,116
3,1696,-7,-8186,118
3,1697,-11,-8188,98
3,1698,-9,-8182,108
3,1699,-21,-8183,103
3,1700,-7,-8179,94
3,1701,-10,-8192,99
3,1702,-12,-8189,90
3,1703,-21,-8181,83
3,1704,-18,-8183,86
3,1705,-23,-8184,84
3,1706,-31,-8191,97
3,1707,-30,-8186,93
3,1708,-26,-8179,87
3,1709,-28,-8172,82
3,1710,-25,-8182,74
3,1711,-17,-8175,85
3,1712,-28,-8174,87
3,1713,-23,-8172,87
3,1714,-31,-8182,120
3,1715,-19,-8195,113
3,1716,-11,-8199,96
3,1717,-3,-8202,98
3,1718,-9,-8190,92
3,1719,-8,-8185,106
3,1720,-14,-8178,115
3,1721,-16,-8179,126
3,1722,-20,-8192,127
3,1723,-12,-8187,110
3,1724,-14,-8187,122
3,1725,-22,-8189,105
3,1726,-17,-8177,102
3,1727,-11,-8189,110
3,1728,-2,-8187,124
3,1729,-12,-8180,104
3,1730,-15,-8178,89
3,1731,-21,-8174,95
3,1732,-12,-8167,119
3,1733,-13,-8168,113
3,1734,-16,-8182,107
3,1735,-13,-8186,103
3,1736,-14,-8191,110
3,1737,2,-8186,117
3,1738,4,-8184,107
3,1739,-9,-8185,102
3,1740,-15,-8179,88
3,1741,-23,-8173,91
3,1742,-26,-8185,110
3,1743,-31,-8191,76
3,1744,-24,-8196,86
3,1745,-21,-8182,73
3,1746,-32,-8182,63
3,1747,-28,-8176,70
3,1748,-24,-8171,76
3,1749,-23,-8170,70
3,1750,-29,-8170,85
3,1751,-37,-8166,93
3,1752,-25,-8166,71
3,1753,-17,-8167,91
3,1754,-18,-8172,94
3,1755,-16,-8189,95
3,1756,-12,-8189,76
3,1757,-4,-8197,92
3,1758,13,-8190,109
3,1759,5,-8191,112
3,1760,-6,-8177,112
3,1761,-13,-8192,102
3,1762,-16,-8202,86
3,1763,-28,-8184,93
3,1764,-22,-8174,114
3,1765,-10,-8173,91
3,1766,-11,-8183,72
3,1767,-9,-8187,75
3,1768,-3,-8188,95
3,1769,-12,-8182,90
3,1770,-17,-8166,92
3,1771,-13,-8163,98
3,1772,-28,-8176,103
3,1773,-33,-8188,97
3,1774,-24,-8182,103
3,1775,-12,-8178,96
3,1776,-23,-8182,118
3,1777,-19,-8178,113
3,1778,-7,-8176,95
3,1779,6,-8170,84
3,1780,7,-8183,100
3,1781,-7,-8183,87
3,1782,-10,-8182,91
3,1783,-12,-8184,72
3,1784,-10,-8174,92
3,1785,-8,-8176,86
3,1786,2,-8184,74
3,1787,-4,-8188,85
3,1788,-5,-8181,99
3,1789,11,-8180,87
3,1790,14,-8176,87
3,1791,14,-8182,99
3,1792,0,-8182,102
3,1793,-13,-8175,104
3,1794,-9,-8174,115
3,1795,-11,-8174,119
3,1796,-17,-8176,127
3,1797,-9,-8180,112
3,1798,-3,-8181,114
3,1799,-11,-8177,119
3,1800,-7,-8177,96
3,1801,-8,-8177,98
3,1802,-8,-8177,105
3,1803,5,-8187,104
3,1804,-6,-8181,80
3,1805,-18,-8182,75
3,1806,-15,-8178,91
3,1807,-18,-8178,103
3,1808,-20,-8176,98
3,1809,-7,-8184,94
3,1810,-4,-8177,111
3,1811,-8,-8173,103
3,1812,-20,-8174,110
3,1813,-18,-8186,81
3,1814,-27,-8184,63
3,1815,-24,-8171,75
3,1816,-24,-8180,106
3,1817,-27,-8188,104
3,1818,-21,-8183,105
3,1819,-32,-8170,96
3,1820,-27,-8161,100
3,1821,-34,-8161,97
3,1822,-28,-8162,90
3,1823,-26,-8167,90
3,1824,-4,-8167,95
3,1825,8,-8176,88
3,1826,7,-8188,101
3,1827,5,-8187,90
3,1828,-1,-8191,87
3,1829,-11,-8195,94
3,1830,-9,-8187,95
3,1831,-11,-8191,103
3,1832,-15,-8188,104
3,1833,-16,-8194,98
3,1834,-13,-8186,106
3,1835,-9,-8165,96
3,1836,3,-8167,84
3,1837,-6,-8172,73
3,1838,-21,-8175,90
3,1839,-9,-8172,95
3,1840,-17,-8171,105
3,1841,-15,-8183,97
3,1842,4,-8184,112
3,1843,-8,-8186,111
3,1844,-21,-8182,91
3,1845,-7,-8193,74
3,1846,-5,-8186,69
3,1847,-9,-8179,84
3,1848,-13,-8185,105
3,1849,-20,-8188,105
3,1850,-19,-8195,113
3,1851,-20,-8194,99
3,1852,-12,-8184,88
3,1853,-3,-8182,88
3,1854,-5,-8179,94
3,1855,-12,-8175,76
3,1856,-4,-8179,71
3,1857,-12,-8180,93
3,1858,-16,-8188,88
3,1859,-17,-8182,95
3,1860,-10,-8184,113
3,1861,-11,-8179,125
3,1862,-20,-8181,130
3,1863,-3,-8176,131
3,1864,-7,-8184,111
3,1865,-8,-8184,85
3,1866,-4,-8175,85
3,1867,-9,-8184,80
3,1868,-6,-8191,80
3,1869,-14,-8183,88
3,1870,-13,-8173,86
3,1871,-14,-8191,94
3,1872,-17,-8181,100
3,1873,-5,-8179,95
3,1874,-11,-8166,93
3,1875,6,-8167,88
3,1876,4,-8172,117
3,1877,-8,-8184,116
3,1878,-21,-8171,96
3,1879,-17,-8175,116
3,1880,-16,-8175,106
3,1881,-21,-8185,93
3,1882,-13,-8179,97
3,1883,-4,-8194,103
3,1884,-16,-8188,108
3,1885,-20,-8183,105
3,1886,-15,-8200,121
3,1887,-10,-8192,104
3,1888,-19,-8186,84
3,1889,-25,-8186,72
3,1890,-19,-8178,75
3,1891,-5,-8195,90
3,1892,-10,-8204,97
3,1893,-2,-8186,97
3,1894,7,-8189,93
3,1895,-6,-8185,91
3,1896,-8,-8191,85
3,1897,-6,-8186,107
3,1898,-11,-8181,109
3,1899,-20,-8170,107
3,1900,-21,-8178,103
3,1901,-17,-8179,111
3,1902,-19,-8200,92
3,1903,-19,-8190,94
3,1904,-15,-8191,104
3,1905,-2,-8172,119
3,1906,0,-8177,108
3,1907,-7,-8184,78
3,1908,-24,-8178,74
3,1909,-24,-8171,97
3,1910,-18,-8185,97
3,1911,-12,-8187,92
3,1912,-18,-8177,95
3,1913,-16,-8178,81
3,1914,-13,-8179,92
3,1915,-17,-8175,98
3,1916,-6,-8186,91
3,1917,-7,-8180,92
3,1918,-5,-8171,79
3,1919,-4,-8178,63
3,1920,-5,-8178,76
3,1921,-12,-8184,80
3,1922,-3,-8178,70
3,1923,1,-8185,73
3,1924,-6,-8175,86
3,1925,4,-8181,66
3,1926,10,-8197,65
3,1927,-9,-8192,82
3,1928,-7,-8182,90
3,1929,5,-8186,91
3,1930,3,-8186,84
3,1931,4,-8178,88
3,1932,-2,-8171,78
3,1933,-10,-8179,84
3,1934,-16,-8188,90
3,1935,-11,-8184,97
3,1936,-13,-8184,108
3,1937,-23,-8189,117
3,1938,-22,-8191,115
3,1939,-20,-8194,114
3,1940,-14,-8196,113
3,1941,-18,-8179,99
3,1942,-18,-8172,102
3,1943,-22,-8172,103
3,1944,-20,-8173,113
3,1945,-16,-8189,110
3,1946,-22,-8186,102
3,1947,-7,-8183,94
3,1948,-7,-8185,96
3,1949,-13,-8182,121
3,1950,-16,-8182,122
3,1951,-24,-8192,94
3,1952,-15,-8191,86
3,1953,-11,-8191,81
3,1954,-22,-8197,99
3,1955,-29,-8196,82
3,1956,-21,-8189,93
3,1957,-15,-8186,114
3,1958,-16,-8186,93
3,1959,-13,-8174,88
3,1960,5,-8178,90
3,1961,-8,-8170,100
3,1962,-17,-8171,101
3,1963,-24,-8180,102
3,1964,-22,-8192,110
3,1965,-18,-8182,98
3,1966,-2,-8182,87
3,1967,0,-8183,86
3,1968,1,-8172,95
3,1969,-9,-8167,99
3,1970,-18,-8174,95
3,1971,-13,-8177,97
3,1972,-19,-8169,89
3,1973,-14,-8166,104
3,1974,-20,-8173,101
3,1975,-25,-8182,88
3,1976,-24,-8178,89
3,1977,-18,-8181,98
3,1978,-3,-8186,94
3,1979,-10,-8186,100
3,1980,-18,-8185,105
3,1981,-28,-8186,107
3,1982,-22,-8192,96
3,1983,-26,-8175,83
3,1984,-35,-8170,80
3,1985,-25,-8169,79
3,1986,-10,-8184,82
3,1987,-15,-8183,94
3,1988,-23,-8195,102
3,1989,-24,-8192,118
3,1990,-21,-8186,113
3,1991,-15,-8176,92
3,1992,-10,-8177,89
3,1993,-9,-8175,85
3,1994,-10,-8175,89
3,1995,-10,-8184,76
3,1996,-7,-8176,84
3,1997,-13,-8187,82
3,1998,-18,-8187,96
3,1999,-17,-8190,109
3,2000,-23,-8179,126
3,2001,-21,-8179,114
3,2002,-26,-8174,107
3,2003,-24,-8171,112
3,2004,-29,-8180,106
3,2005,-14,-8175,105
3,2006,-13,-8178,97
3,2007,-7,-8186,96
3,2008,-8,-8196,95
3,2009,-1,-8202,104
3,2010,-6,-8197,107
3,2011,-2,-8196,103
3,2012,-15,-8177,97
3,2013,-10,-8183,105
3,2014,-16,-8185,101
3,2015,3,-8192,84
3,2016,-12,-8200,80
3,2017,1,-8183,84
3,2018,13,-8193,80
3,2019,3,-8185,87
3,2020,-10,-8179,96
3,2021,-9,-8181,96
3,2022,-15,-8180,100
3,2023,-15,-8182,114
3,2024,-22,-8191,104
3,2025,-29,-8184,86
3,2026,-23,-8184,87
3,2027,-14,-8178,98
3,2028,-18,-8185,108
3,2029,-36,-8189,100
3,2030,-25,-8186,101
3,2031,-18,-8174,99
3,2032,-15,-8172,97
3,2033,-14,-8175,101
3,2034,-18,-8174,97
3,2035,-14,-8194,100
3,2036,-5,-8186,97
3,2037,-3,-8195,104
3,2038,-4,-8199,99
3,2039,-5,-8186,106
3,2040,-12,-8196,110
3,2041,-24,-8182,106
3,2042,-29,-8180,107
3,2043,-37,-8178,111
3,2044,-26,-8180,107
3,2045,-29,-8184,101
3,2046,-30,-8177,94
3,2047,-30,-8175,82
3,2048,-21,-8177,84
3,2049,-18,-8186,75
3,2050,-8,-8186,81
3,2051,-14,-8187,83
3,2052,-16,-8180,98
3,2053,-21,-8172,94
3,2054,-29,-8181,109
3,2055,-27,-8175,100
3,2056,-22,-8181,84
3,2057,-20,-8184,100
3,2058,-24,-8193,108
3,2059,-14,-8189,89
3,2060,2,-8184,112
3,2061,-9,-8167,101
3,2062,-10,-8177,93
3,2063,-3,-8184,89
3,2064,10,-8184,93
3,2065,14,-8185,84
3,2066,-3,-8191,88
3,2067,-11,-8182,92
3,2068,-5,-8174,88
3,2069,-19,-8169,84
3,2070,-11,-8148,88
3,2071,-21,-8163,106
3,2072,-5,-8182,112
3,2073,-3,-8177,118
3,2074,-19,-8169,110
3,2075,-27,-8168,102
3,2076,-34,-8161,95
3,2077,-25,-8162,100
3,2078,-25,-8171,105
3,2079,-22,-8171,107
3,2080,-22,-8176,114
3,2081,-19,-8180,106
3,2082,-12,-8175,103
3,2083,-14,-8184,85
3,2084,-9,-8197,86
3,2085,-15,-8193,93
3,2086,-25,-8177,89
3,2087,-15,-8190,87
3,2088,-20,-8175,85
3,2089,-14,-8173,107
3,2090,-7,-8178,115
3,2091,-5,-8170,97
3,2092,3,-8176,93
3,2093,-4,-8172,102
3,2094,-5,-8164,112
3,2095,-15,-8169,106
3,2096,-8,-8172,101
3,2097,-16,-8175,110
3,2098,-19,-8187,110
3,2099,-22,-8177,97
3,2100,-27,-8180,105
3,2101,-28,-8182,101
3,2102,-15,-8194,111
3,2103,-20,-8192,111
3,2104,-14,-8185,87
3,2105,-2,-8183,86
3,2106,0,-8176,65
3,2107,-16,-8188,78
3,2108,-16,-8186,87
3,2109,-17,-8196,87
3,2110,-13,-8188,106
3,2111,-16,-8188,99
3,2112,-18,-8186,79
3,2113,-21,-8192,77
3,2114,-23,-8191,88
3,2115,-19,-8189,84
3,2116,-11,-8179,70
3,2117,-6,-8183,85
3,2118,-1,-8186,107
3,2119,-10,-8172,113
3,2120,-6,-8181,99
3,2121,-12,-8196,86
3,2122,-18,-8195,72
3,2123,-16,-8180,76
3,2124,-11,-8192,88
3,2125,-6,-8188,106
3,2126,-14,-8185,106
3,2127,-16,-8184,103
3,2128,-22,-8193,80
3,2129,-18,-8196,73
3,2130,-14,-8189,66
3,2131,-21,-8193,73
3,2132,-23,-8187,79
3,2133,-24,-8185,68
3,2134,-29,-8169,66
3,2135,-32,-8171,85
3,2136,-33,-8182,101
3,2137,-31,-8191,113
3,2138,-27,-8194,101
3,2139,-16,-8188,72
3,2140,0,-8194,93
3,2141,-10,-8197,82
3,2142,-12,-8180,76
3,2143,0,-8171,78
3,2144,-12,-8172,90
3,2145,-11,-8179,96
3,2146,-21,-8179,93
3,2147,-26,-8188,70
3,2148,-26,-8183,59
3,2149,-19,-8189,96
3,2150,-13,-8179,100
3,2151,-1,-8184,104
3,2152,4,-8173,102
3,2153,-11,-8173,101
3,2154,-26,-8187,99
3,2155,-22,-8180,109
3,2156,-21,-8181,104
3,2157,-23,-8181,101
3,2158,-35,-8189,95
3,2159,-30,-8204,94
3,2160,-24,-8196,85
3,2161,-13,-8191,97
3,2162,-20,-8189,87
3,2163,-24,-8191,96
3,2164,-27,-8190,106
3,2165,-19,-8186,115
3,2166,1,-8195,111
3,2167,1,-8187,97
3,2168,2,-8180,74
3,2169,6,-8173,90
3,2170,4,-8181,82
3,2171,7,-8171,70
3,2172,8,-8169,91
3,2173,-13,-8168,80
3,2174,-12,-8171,98
3,2175,-28,-8167,103
3,2176,-20,-8170,88
3,2177,-21,-8166,63
3,2178,-20,-8186,65
3,2179,-12,-8191,71
3,2180,-13,-8184,80
3,2181,-25,-8183,71
3,2182,-26,-8187,74
3,2183,-19,-8191,97
3,2184,-8,-8185,118
3,2185,-14,-8180,116
3,2186,-12,-8180,114
3,2187,-16,-8180,115
3,2188,-7,-8190,105
3,2189,-10,-8187,110
3,2190,-9,-8186,100
3,2191,-7,-8185,98
3,2192,-12,-8183,97
3,2193,-13,-8182,93
3,2194,-16,-8176,82
3,2195,-13,-8189,110
3,2196,-8,-8179,101
3,2197,-3,-8172,78
3,2198,-14,-8172,80
3,2199,-9,-8163,64
3,2200,-25,-8172,70
3,2201,-29,-8184,70
3,2202,-16,-8175,91
3,2203,-5,-8168,95
3,2204,-9,-8164,80
3,2205,1,-8146,83
3,2206,-16,-8153,99
3,2207,-27,-8157,96
3,2208,-24,-8157,91
3,2209,-16,-8171,84
3,2210,-22,-8183,91
3,2211,-6,-8191,110
3,2212,-17,-8188,92
3,2213,-27,-8183,99
3,2214,-37,-8185,114
3,2215,-29,-8170,110
3,2216,-27,-8171,112
3,2217,-21,-8174,114
3,2218,-8,-8164,99
3,2219,-20,-8170,104
3,2220,-9,-8173,86
3,2221,-7,-8174,97
3,2222,-13,-8172,84
3,2223,-19,-8176,84
3,2224,-25,-8183,69
3,2225,-24,-8181,67
3,2226,-22,-8177,72
3,2227,-24,-8184,77
3,2228,-24,-8183,75
3,2229,-16,-8172,72
3,2230,-17,-8170,90
3,2231,-15,-8179,111
3,2232,-24,-8173,109
3,2233,-25,-8178,88
3,2234,-15,-8184,93
3,2235,-11,-8185,79
3,2236,-9,-8176,85
3,2237,-16,-8177,98
3,2238,-8,-8178,105
3,2239,-8,-8174,111
3,2240,-14,-8184,94
3,2241,-15,-8187,104
3,2242,-17,-8189,122
3,2243,-8,-8186,123
3,2244,-7,-8182,119
3,2245,-16,-8181,113
3,2246,-23,-8175,92
3,2247,-15,-8184,76
3,2248,-11,-8177,78
3,2249,-16,-8184,98
3,2250,-11,-8190,93
3,2251,-12,-8172,85
3,2252,-8,-8180,92
3,2253,-20,-8176,94
3,2254,-24,-8181,77
3,2255,-12,-8174,98
3,2256,-1,-8178,105
3,2257,-4,-8183,95
3,2258,2,-8189,106
3,2259,5,-8178,113
3,2260,21,-8176,96
3,2261,10,-8184,106
3,2262,-3,-8182,103
3,2263,-6,-8185,111
3,2264,-5,-8194,100
3,2265,-16,-8196,77
3,2266,-12,-8204,75
3,2267,-20,-8205,76
3,2268,-14,-8191,83
3,2269,-18,-8183,86
3,2270,-7,-8180,78
3,2271,8,-8198,91
3,2272,2,-8191,98
3,2273,-1,-8200,95
3,2274,-6,-8209,101
3,2275,-15,-8201,92
3,2276,-11,-8193,104
3,2277,-3,-8183,117
3,2278,-11,-8178,109
3,2279,-22,-8171,88
3,2280,-29,-8176,86
3,2281,-35,-8180,80
3,2282,-37,-8183,89
3,2283,-17,-8179,97
3,2284,-13,-8179,103
3,2285,-13,-8183,87
3,2286,-14,-8175,94
3,2287,-16,-8187,78
3,2288,-13,-8184,87
3,2289,-14,-8185,103
3,2290,-17,-8187,102
3,2291,-24,-8167,98
3,2292,-14,-8170,104
3,2293,-11,-8180,90
3,2294,-6,-8174,82
3,2295,-4,-8184,82
3,2296,2,-8182,91
3,2297,2,-8195,80
3,2298,-10,-8208,74
3,2299,-15,-8192,57
3,2300,-26,-8176,81
3,2301,-25,-8182,99
3,2302,-12,-8167,87
3,2303,-10,-8183,88
3,2304,-9,-8187,107
3,2305,-5,-8190,102
3,2306,4,-8182,106
3,2307,-6,-8177,108
3,2308,-11,-8183,97
3,2309,-19,-8186,90
3,2310,-28,-8178,100
3,2311,-43,-8190,97
3,2312,-52,-8191,98
3,2313,-31,-8188,97
3,2314,-22,-8184,99
3,2315,-10,-8177,101
3,2316,0,-8181,95
3,2317,-7,-8187,101
3,2318,-9,-8192,113
3,2319,-12,-8182,103
3,2320,-2,-8181,98
3,2321,-5,-8177,93
3,2322,-4,-8178,93
3,2323,-6,-8188,88
3,2324,-3,-8189,109
3,2325,-10,-8184,109
3,2326,-7,-8184,99
3,2327,-19,-8180,98
3,2328,-23,-8179,89
3,2329,-25,-8173,76
3,2330,-13,-8167,78
3,2331,-13,-8179,88
3,2332,-19,-8184,99
3,2333,-4,-8162,110
3,2334,-16,-8163,96
3,2335,-14,-8172,94
3,2336,-23,-8173,96
3,2337,-31,-8161,84
3,2338,-27,-8166,80
3,2339,-19,-8176,89
3,2340,-15,-8171,80
3,2341,-14,-8172,69
3,2342,-18,-8181,77
3,2343,-7,-8190,79
3,2344,-11,-8203,96
3,2345,-15,-8192,97
3,2346,-6,-8193,86
3,2347,-15,-8187,85
3,2348,-10,-8184,85
3,2349,-5,-8190,79
3,2350,-3,-8189,84
3,2351,5,-8190,78
3,2352,1,-8184,71
3,2353,-3,-8190,72
3,2354,-11,-8206,93
3,2355,-7,-8201,98
3,2356,3,-8194,92
3,2357,-13,-8189,104
3,2358,-9,-8192,99
3,2359,-13,-8185,103
3,2360,-14,-8174,93
3,2361,-11,-8173,89
3,2362,-9,-8167,96
3,2363,-12,-8168,107
3,2364,-16,-8179,96
3,2365,-19,-8178,109
3,2366,-23,-8184,99
3,2367,-22,-8187,110
3,2368,-13,-8203,102
3,2369,-20,-8187,92
3,2370,-14,-8183,69
3,2371,-15,-8185,86
3,2372,-8,-8185,99
3,2373,-19,-8193,108
3,2374,-25,-8193,115
3,2375,-19,-8182,103
3,2376,-31,-8195,97
3,2377,-37,-8198,89
3,2378,-25,-8198,89
3,2379,-19,-8192,75
3,2380,-5,-8190,82
3,2381,-16,-8196,77
3,2382,-28,-8177,76
3,2383,-19,-8178,72
3,2384,-8,-8186,105
3,2385,-14,-8180,114
3,2386,-17,-8182,99
3,2387,-9,-8194,83
3,2388,-26,-8204,101
3,2389,-37,-8195,102
3,2390,-23,-8178,95
3,2391,-14,-8182,93
3,2392,-4,-8176,97
3,2393,5,-8173,88
3,2394,-10,-8169,59
3,2395,-13,-8169,82
3,2396,-3,-8176,101
3,2397,-13,-8173,105
3,2398,-13,-8190,87
3,2399,-19,-8185,98
3,2400,-23,-8181,92
3,2401,-31,-8185,83
3,2402,-29,-8182,96
3,2403,-14,-8185,98
3,2404,-6,-8180,100
3,2405,-10,-8182,91
3,2406,-12,-8180,91
3,2407,-15,-8179,89
3,2408,-10,-8193,98
3,2409,-26,-8187,105
3,2410,-11,-8188,106
3,2411,-6,-8196,104
3,2412,-12,-8183,119
3,2413,-8,-8189,119
3,2414,-10,-8189,107
3,2415,-7,-8179,105
3,2416,0,-8176,101
3,2417,-5,-8188,93
3,2418,-11,-8186,97
3,2419,-11,-8183,98
3,2420,-4,-8176,99
3,2421,-8,-8162,89
3,2422,-5,-8158,81
3,2423,-4,-8174,88
3,2424,-18,-8189,87
3,2425,-26,-8184,92
3,2426,-29,-8186,108
3,2427,-38,-8181,96
3,2428,-38,-8186,94
3,2429,-36,-8186,86
3,2430,-28,-8183,96
3,2431,-22,-8177,83
3,2432,-23,-8184,83
3,2433,-27,-8177,80
3,2434,-20,-8178,90
3,2435,-15,-8186,87
3,2436,-1,-8184,83
3,2437,-5,-8189,67
3,2438,-9,-8184,79
3,2439,-14,-8175,78
3,2440,-12,-8179,74
3,2441,-22,-8176,91
3,2442,-31,-8181,80
3,2443,-30,-8183,83
3,2444,-26,-8175,93
3,2445,-26,-8183,89
3,2446,-26,-8178,95
3,2447,-24,-8176,101
3,2448,-20,-8180,101
3,2449,-26,-8185,108
3,2450,-25,-8189,106
3,2451,-25,-8180,104
3,2452,-23,-8167,105
3,2453,-32,-8159,97
3,2454,-28,-8151,100
3,2455,-23,-8158,94
3,2456,-23,-8176,99
3,2457,-26,-8196,100
3,2458,-25,-8202,93
3,2459,-20,-8205,93
3,2460,-16,-8208,93
3,2461,-15,-8204,102
3,2462,-26,-8184,89
3,2463,-24,-8170,96
3,2464,-30,-8170,97
3,2465,-18,-8179,83
3,2466,-24,-8178,91
3,2467,-13,-8180,104
3,2468,-7,-8179,96
3,2469,-3,-8173,86
3,2470,-4,-8187,94
3,2471,-6,-8191,86
3,2472,-10,-8188,94
3,2473,-16,-8188,89
3,2474,-17,-8175,73
3,2475,-14,-8176,62
3,2476,-17,-8189,83
3,2477,-23,-8179,93
3,2478,-18,-8182,82
3,2479,-10,-8179,82
3,2480,-7,-8186,76
3,2481,-25,-8196,82
3,2482,-23,-8200,94
3,2483,-28,-8191,88
3,2484,-20,-8193,89
3,2485,-20,-8182,84
3,2486,-29,-8158,90
3,2487,-32,-8160,89
3,2488,-16,-8158,108
3,2489,-28,-8158,104
3,2490,-15,-8178,88
3,2491,-6,-8195,80
3,2492,-26,-8195,102
3,2493,-26,-8182,97
3,2494,-25,-8184,96
3,2495,-17,-8180,87
3,2496,-6,-8183,72
3,2497,-1,-8172,81
