block,index,ax_raw,ay_raw,az_raw
149,1261,105,8176,-203
149,1262,106,8191,-198
149,1261,105,8176,-203
149,1262,106,8191,-198
149,1261,105,8176,-203
149,1262,106,8191,-198
149,1261,105,8176,-203
149,1262,106,8191,-198
149,1261,105,8176,-203
149,1262,106,8191,-198
149,1261,105,8176,-203
149,1262,106,8191,-198
149,1261,105,8176,-203
149,1262,106,8191,-198
149,1261,105,8176,-203
149,1262,106,8191,-198
149,1261,105,8176,-203
149,1262,106,8191,-198
149,1261,105,8176,-203
149,1262,106,8191,-198
149,1261,105,8176,-203
149,1262,106,8191,-198
149,1261,105,8176,-203
149,1262,106,8191,-198
149,1261,105,8176,-203
149,1262,106,8191,-198
149,1261,105,8176,-203
149,1262,106,8191,-198
149,1261,105,8176,-203
149,1262,106,8191,-198
149,1261,105,8176,-203
149,1262,106,8191,-198
149,1261,105,8176,-203
149,1262,106,8191,-198
149,1261,105,8176,-203
149,1262,106,8191,-198
149,1261,105,8176,-203
149,1262,106,8191,-198
149,1261,105,8176,-203
149,1262,106,8191,-198
149,1261,105,8176,-203
149,1262,106,8191,-198
149,1261,105,8176,-203
149,1262,106,8191,-198
149,1261,105,8176,-203
149,1262,106,8191,-198
149,1261,105,8176,-203
149,1262,106,8191,-198
149,1261,105,8176,-203
149,1262,106,8191,-198
149,1261,105,8176,-203
149,1262,106,8191,-198
149,1261,105,8176,-203
149,1262,106,8191,-198
149,1261,105,8176,-203
149,1262,106,8191,-198
149,1261,105,8176,-203
149,1262,106,8191,-198
149,1261,105,8176,-203
149,1262,106,8191,-198
149,1261,105,8176,-203
149,1262,106,8191,-198
149,1261,105,8176,-203
149,1262,106,8191,-198
149,1261,105,8176,-203
149,1262,106,8191,-198
149,1261,105,8176,-203
149,1262,106,8191,-198
149,1261,105,8176,-203
149,1262,106,8191,-198
149,1261,105,8176,-203
149,1262,106,8191,-198
149,1261,105,8176,-203
149,1262,106,8191,-198
149,1261,105,8176,-203
149,1262,106,8191,-198
149,1261,105,8176,-203
149,1262,106,8191,-198
149,1261,105,8176,-203
149,1262,106,8191,-198
149,1261,105,8176,-203
149,1262,106,8191,-198
149,1261,105,8176,-203
149,1262,106,8191,-198
149,1261,105,8176,-203
149,1262,106,8191,-198
149,1261,105,8176,-203
149,1262,106,8191,-198
149,1261,105,8176,-203
149,1262,106,8191,-198
149,1261,105,8176,-203
149,1262,106,8191,-198
149,1261,105,8176,-203
149,1262,106,8191,-198
149,1261,105,8176,-203
149,1262,106,8191,-198
149,1261,105,8176,-203
149,1262,106,8191,-198
149,1261,105,8176,-203
149,1262,106,8191,-198
149,1261,105,8176,-203
149,1262,106,8191,-198
149,1261,105,8176,-203
149,1262,106,8191,-198
149,1261,105,8176,-203
149,1262,106,8191,-198
149,1261,105,8176,-203
149,1262,106,8191,-198
149,1261,105,8176,-203
149,1262,106,8191,-198
149,1261,105,8176,-203
149,1262,106,8191,-198
149,1261,105,8176,-203
149,1262,106,8191,-198
149,1261,105,8176,-203
149,1262,106,8191,-198
149,1261,105,8176,-203
149,1262,106,8191,-198
149,1261,105,8176,-203
149,1262,106,8191,-198
149,1261,105,8176,-203
149,1262,106,8191,-198
149,1261,105,8176,-203
149,1262,106,8191,-198
149,1261,105,8176,-203
149,1262,106,8191,-198
149,1261,105,8176,-203
149,1262,106,8191,-198
149,1261,105,8176,-203
149,1262,106,8191,-198
149,1261,105,8176,-203
149,1262,106,8191,-198
149,1261,105,8176,-203
149,1262,106,8191,-198
149,1261,105,8176,-203
149,1262,106,8191,-198
149,1261,105,8176,-203
149,1262,106,8191,-198
149,1261,105,8176,-203
149,1262,106,8191,-198
149,1261,105,8176,-203
149,1262,106,8191,-198
149,1261,105,8176,-203
149,1262,106,8191,-198
149,1261,105,8176,-203
149,1262,106,8191,-198
149,1261,105,8176,-203
149,1262,106,8191,-198
149,1261,105,8176,-203
149,1262,106,8191,-198
149,1261,105,8176,-203
149,1262,106,8191,-198
149,1261,105,8176,-203
149,1262,106,8191,-198
149,1261,105,8176,-203
149,1262,106,8191,-198
149,1261,105,8176,-203
149,1262,106,8191,-198
149,1261,105,8176,-203
149,1262,106,8191,-198
149,1261,105,8176,-203
149,1262,106,8191,-198
149,1261,105,8176,-203
149,1262,106,8191,-198
149,1261,105,8176,-203
149,1262,106,8191,-198
149,1261,105,8176,-203
149,1262,106,8191,-198
149,1261,105,8176,-203
149,1262,106,8191,-198
149,1261,105,8176,-203
149,1262,106,8191,-198
149,1261,105,8176,-203
149,1262,106,8191,-198
149,1261,105,8176,-203
149,1262,106,8191,-198
149,1261,105,8176,-203
149,1262,106,8191,-198
149,1261,105,8176,-203
149,1262,106,8191,-198
149,1261,105,8176,-203
149,1262,106,8191,-198
149,1261,105,8176,-203
149,1262,106,8191,-198
149,1261,105,8176,-203
149,1262,106,8191,-198
149,1261,105,8176,-203
149,1262,106,8191,-198
149,1261,105,8176,-203
149,1262,106,8191,-198
149,1261,105,8176,-203
149,1262,106,8191,-198
149,1261,105,8176,-203
149,1262,106,8191,-198
149,1261,105,8176,-203
149,1262,106,8191,-198
149,1261,105,8176,-203
149,1262,106,8191,-198
149,1261,105,8176,-203
149,1262,106,8191,-198
149,1261,105,8176,-203
149,1262,106,8191,-198
149,1261,105,8176,-203
149,1262,106,8191,-198
149,1264,116,8205,-200
149,1265,108,8206,-206
149,1266,108,8188,-208
149,1267,113,8185,-187
149,1268,120,8200,-186
149,1269,115,8201,-185
149,1270,107,8190,-198
149,1271,104,8197,-204
149,1272,109,8207,-196
149,1273,125,8214,-197
149,1274,133,8203,-185
149,1275,125,8186,-202
149,1276,121,8180,-190
149,1277,114,8188,-182
149,1278,93,8199,-187
149,1279,91,8191,-188
149,1280,104,8181,-185
149,1281,103,8178,-199
149,1282,116,8177,-194
149,1283,105,8171,-190
149,1284,106,8180,-207
149,1285,115,8190,-214
149,1286,112,8186,-194
149,1287,100,8189,-184
149,1288,95,8196,-185
149,1289,109,8196,-181
149,1290,112,8212,-201
149,1291,124,8211,-205
149,1292,131,8199,-202
149,1293,119,8202,-186
149,1294,123,8212,-188
149,1295,111,8221,-195
149,1296,107,8211,-205
149,1297,106,8198,-209
149,1298,97,8199,-213
149,1299,99,8201,-221
149,1300,108,8216,-202
149,1301,108,8221,-191
149,1302,118,8205,-213
149,1303,104,8210,-234
149,1304,107,8210,-214
149,1305,97,8192,-204
149,1306,100,8197,-215
149,1307,100,8192,-211
149,1308,94,8200,-199
149,1309,102,8200,-197
149,1310,103,8192,-199
149,1311,91,8199,-190
149,1312,90,8206,-199
149,1313,102,8205,-199
149,1314,94,8202,-206
149,1315,96,8199,-212
149,1316,108,8206,-205
149,1317,115,8215,-214
149,1318,134,8219,-216
149,1319,131,8209,-219
149,1320,126,8208,-210
149,1321,126,8208,-204
149,1322,118,8212,-209
149,1323,110,8209,-186
149,1324,113,8213,-184
149,1325,120,8196,-185
149,1326,116,8201,-191
149,1327,114,8206,-211
149,1328,119,8212,-216
149,1329,122,8197,-215
149,1330,116,8197,-227
149,1331,112,8189,-213
149,1332,128,8193,-213
149,1333,141,8203,-213
149,1334,139,8198,-219
149,1335,132,8197,-210
149,1336,121,8205,-203
149,1337,113,8206,-220
149,1338,117,8203,-209
149,1339,113,8210,-177
149,1340,114,8209,-174
149,1341,105,8216,-178
149,1342,101,8229,-180
149,1343,108,8211,-196
149,1344,110,8215,-202
149,1345,112,8201,-192
149,1346,111,8208,-186
149,1347,112,8204,-188
149,1348,115,8207,-177
149,1349,121,8196,-178
149,1350,121,8190,-193
149,1351,111,8200,-207
149,1352,105,8195,-218
149,1353,96,8194,-203
149,1354,105,8196,-211
149,1355,103,8199,-209
149,1356,99,8195,-211
149,1357,121,8202,-212
149,1358,118,8197,-205
149,1359,116,8190,-210
149,1360,110,8203,-207
149,1361,96,8201,-213
149,1362,99,8192,-227
149,1363,105,8199,-212
149,1364,114,8209,-204
149,1365,105,8211,-212
149,1366,106,8213,-200
149,1367,122,8210,-194
149,1368,120,8206,-209
149,1369,110,8196,-209
149,1370,106,8188,-213
149,1371,105,8207,-225
149,1372,108,8202,-231
149,1373,100,8199,-230
149,1374,111,8192,-213
149,1375,124,8182,-200
149,1376,108,8185,-189
149,1377,100,8193,-192
149,1378,101,8197,-203
149,1379,104,8196,-184
149,1380,110,8196,-184
149,1381,108,8187,-181
149,1382,94,8187,-184
149,1383,80,8197,-183
149,1384,70,8199,-169
149,1385,87,8197,-184
149,1386,96,8197,-200
149,1387,106,8201,-214
149,1388,117,8202,-207
149,1389,117,8204,-205
149,1390,119,8201,-195
149,1391,107,8206,-192
149,1392,113,8208,-184
149,1393,102,8207,-191
149,1394,102,8212,-202
149,1395,100,8215,-216
149,1396,103,8209,-239
149,1397,104,8196,-233
149,1398,114,8200,-223
149,1399,112,8200,-205
149,1400,119,8197,-223
149,1401,116,8199,-211
149,1402,101,8212,-206
149,1403,94,8213,-228
149,1404,83,8219,-222
149,1405,94,8214,-205
149,1406,105,8212,-203
149,1407,122,8200,-210
149,1408,130,8205,-222
149,1409,121,8191,-224
149,1410,121,8195,-209
149,1411,110,8188,-215
149,1412,116,8193,-223
149,1413,113,8190,-214
149,1414,109,8193,-218
149,1415,110,8193,-209
149,1416,119,8203,-229
149,1417,123,8189,-216
149,1418,121,8191,-201
149,1419,110,8194,-197
149,1420,107,8195,-187
149,1421,117,8200,-187
149,1422,121,8198,-189
149,1423,109,8198,-182
149,1424,105,8199,-177
149,1425,107,8189,-167
149,1426,107,8188,-177
149,1427,109,8195,-180
149,1428,103,8202,-163
149,1429,102,8204,-166
149,1430,112,8219,-184
149,1431,105,8208,-180
149,1432,106,8194,-188
149,1433,110,8182,-203
149,1434,115,8188,-214
149,1435,117,8189,-229
149,1436,119,8196,-224
149,1437,114,8195,-217
149,1438,109,8200,-211
149,1439,104,8199,-209
149,1440,99,8208,-199
149,1441,103,8203,-205
149,1442,112,8195,-200
149,1443,106,8193,-203
149,1444,103,8190,-197
149,1445,103,8193,-213
149,1446,104,8199,-207
149,1447,103,8194,-187
149,1448,110,8207,-189
149,1449,107,8217,-189
149,1450,101,8213,-187
149,1451,98,8222,-179
149,1452,104,8205,-186
149,1453,108,8198,-186
149,1454,120,8198,-194
149,1455,119,8193,-198
149,1456,114,8186,-197
149,1457,113,8186,-206
149,1458,107,8188,-215
149,1459,106,8192,-220
149,1460,118,8199,-213
149,1461,119,8196,-200
149,1462,116,8195,-200
149,1463,109,8198,-198
149,1464,110,8201,-193
149,1465,93,8193,-215
149,1466,105,8193,-209
149,1467,110,8204,-177
149,1468,117,8188,-192
149,1469,119,8191,-171
149,1470,115,8204,-164
149,1471,105,8200,-155
149,1472,109,8198,-163
149,1473,101,8198,-174
149,1474,105,8201,-181
149,1475,113,8212,-201
149,1476,118,8204,-207
149,1477,108,8203,-214
149,1478,110,8211,-217
149,1479,111,8204,-219
149,1480,111,8216,-216
149,1481,114,8213,-203
149,1482,117,8213,-196
149,1483,121,8213,-214
149,1484,120,8207,-206
149,1485,120,8206,-203
149,1486,114,8197,-208
149,1487,106,8198,-209
149,1488,98,8210,-194
149,1489,83,8220,-161
149,1490,96,8206,-167
149,1491,111,8204,-164
149,1492,119,8203,-178
149,1493,117,8201,-185
149,1494,116,8201,-198
149,1495,113,8196,-202
149,1496,122,8195,-186
149,1497,112,8201,-196
149,1498,106,8191,-192
149,1499,115,8191,-210
149,1500,118,8193,-220
149,1501,120,8198,-217
149,1502,109,8198,-209
149,1503,98,8196,-207
149,1504,108,8192,-211
149,1505,106,8204,-214
149,1506,97,8198,-207
149,1507,99,8202,-209
149,1508,100,8200,-182
149,1509,100,8192,-181
149,1510,116,8189,-171
149,1511,130,8182,-186
149,1512,131,8194,-197
149,1513,127,8198,-210
149,1514,122,8208,-192
149,1515,122,8198,-193
149,1516,111,8194,-190
149,1517,105,8199,-183
149,1518,96,8191,-208
149,1519,101,8202,-204
149,1520,105,8203,-214
149,1521,100,8205,-188
149,1522,111,8200,-187
149,1523,110,8211,-194
149,1524,115,8216,-185
149,1525,109,8207,-195
149,1526,117,8208,-215
149,1527,117,8217,-217
149,1528,117,8207,-224
149,1529,115,8208,-222
149,1530,122,8215,-218
149,1531,122,8219,-200
149,1532,115,8230,-194
149,1533,118,8228,-176
149,1534,109,8215,-189
149,1535,120,8203,-202
149,1536,117,8200,-209
149,1537,108,8192,-192
149,1538,114,8184,-194
149,1539,102,8187,-188
149,1540,116,8192,-199
149,1541,119,8184,-202
149,1542,126,8188,-215
149,1543,132,8193,-206
149,1544,121,8191,-207
149,1545,113,8186,-207
149,1546,110,8187,-221
149,1547,117,8183,-217
149,1548,112,8191,-212
149,1549,116,8192,-212
149,1550,122,8196,-214
149,1551,132,8183,-203
149,1552,131,8185,-177
149,1553,119,8196,-177
149,1554,115,8200,-183
149,1555,109,8207,-196
149,1556,91,8189,-189
149,1557,91,8182,-185
149,1558,95,8190,-196
149,1559,95,8203,-189
149,1560,122,8212,-193
149,1561,128,8211,-192
149,1562,125,8189,-187
149,1563,125,8185,-189
149,1564,124,8186,-180
149,1565,118,8194,-181
149,1566,114,8200,-161
149,1567,115,8190,-163
149,1568,108,8194,-177
149,1569,105,8185,-189
149,1570,103,8187,-197
149,1571,101,8194,-200
149,1572,111,8204,-209
149,1573,107,8210,-183
149,1574,111,8200,-183
149,1575,107,8208,-187
149,1576,107,8196,-201
149,1577,117,8202,-207
149,1578,103,8197,-214
149,1579,106,8188,-200
149,1580,102,8187,-185
149,1581,98,8205,-185
149,1582,98,8205,-183
149,1583,96,8197,-212
149,1584,99,8213,-194
149,1585,103,8210,-188
149,1586,95,8209,-183
149,1587,112,8211,-186
149,1588,131,8219,-180
149,1589,123,8209,-163
149,1590,119,8197,-168
149,1591,109,8211,-170
149,1592,106,8205,-180
149,1593,104,8195,-184
149,1594,103,8190,-202
149,1595,93,8180,-205
149,1596,97,8183,-197
149,1597,94,8192,-178
149,1598,100,8193,-164
149,1599,104,8197,-178
149,1600,117,8203,-182
149,1601,118,8196,-171
149,1602,122,8209,-172
149,1603,111,8200,-190
149,1604,122,8198,-193
149,1605,116,8195,-191
149,1606,123,8189,-179
149,1607,128,8192,-167
149,1608,115,8198,-179
149,1609,112,8191,-203
149,1610,107,8194,-218
149,1611,100,8183,-224
149,1612,107,8183,-227
149,1613,116,8199,-230
149,1614,113,8196,-235
149,1615,111,8196,-205
149,1616,117,8204,-183
149,1617,123,8209,-191
149,1618,109,8201,-198
149,1619,100,8191,-220
149,1620,95,8205,-216
149,1621,100,8205,-217
149,1622,95,8202,-194
149,1623,97,8211,-180
149,1624,110,8215,-191
149,1625,106,8193,-173
149,1626,108,8176,-166
149,1627,109,8176,-199
149,1628,100,8191,-191
149,1629,100,8189,-200
149,1630,104,8183,-209
149,1631,113,8202,-210
149,1632,103,8206,-195
149,1633,117,8205,-214
149,1634,118,8204,-207
149,1635,122,8201,-194
149,1636,128,8194,-202
149,1637,126,8188,-188
149,1638,133,8197,-192
149,1639,121,8200,-190
149,1640,118,8218,-211
149,1641,106,8215,-213
149,1642,102,8209,-187
149,1643,102,8213,-168
149,1644,112,8238,-149
149,1645,109,8232,-146
149,1646,115,8212,-152
149,1647,109,8198,-182
149,1648,105,8204,-211
149,1649,97,8190,-225
149,1650,97,8187,-215
149,1651,103,8194,-203
149,1652,112,8212,-210
149,1653,108,8211,-208
149,1654,93,8196,-195
149,1655,95,8193,-206
149,1656,97,8194,-222
149,1657,94,8192,-234
149,1658,104,8194,-244
149,1659,109,8193,-243
149,1660,107,8187,-225
149,1661,107,8191,-208
149,1662,102,8191,-191
149,1663,99,8195,-187
149,1664,102,8201,-192
149,1665,116,8198,-188
149,1666,110,8198,-202
149,1667,107,8208,-207
149,1668,113,8208,-208
149,1669,104,8217,-197
149,1670,118,8208,-198
149,1671,110,8202,-177
149,1672,120,8208,-180
149,1673,116,8204,-201
149,1674,118,8190,-202
149,1675,122,8191,-215
149,1676,117,8194,-204
149,1677,113,8184,-200
149,1678,111,8188,-185
149,1679,120,8190,-169
149,1680,113,8203,-186
149,1681,108,8194,-174
149,1682,107,8184,-163
149,1683,96,8187,-168
149,1684,100,8187,-189
149,1685,112,8185,-204
149,1686,97,8191,-204
149,1687,92,8202,-196
149,1688,106,8208,-186
149,1689,104,8212,-173
149,1690,104,8221,-185
149,1691,108,8218,-198
149,1692,102,8201,-199
149,1693,118,8192,-201
149,1694,122,8187,-196
149,1695,125,8188,-191
149,1696,114,8194,-207
149,1697,109,8207,-215
149,1698,107,8217,-214
149,1699,121,8220,-203
149,1700,118,8207,-216
149,1701,108,8206,-221
149,1702,117,8208,-210
149,1703,115,8214,-200
149,1704,113,8197,-196
149,1705,110,8191,-199
149,1706,119,8189,-197
149,1707,110,8189,-196
149,1708,113,8196,-197
149,1709,117,8208,-191
149,1710,120,8199,-207
149,1711,119,8199,-223
149,1712,115,8191,-212
149,1713,106,8190,-209
149,1714,91,8187,-211
149,1715,84,8189,-208
149,1716,98,8190,-217
149,1717,108,8186,-211
149,1718,125,8195,-220
149,1719,113,8186,-226
149,1720,113,8173,-198
149,1721,124,8174,-196
149,1722,115,8190,-204
149,1723,111,8187,-197
149,1724,114,8190,-206
149,1725,115,8189,-209
149,1726,111,8192,-209
149,1727,104,8189,-203
149,1728,115,8195,-216
149,1729,120,8192,-225
149,1730,127,8210,-216
149,1731,131,8208,-216
149,1732,122,8198,-209
149,1733,118,8197,-198
149,1734,113,8191,-202
149,1735,99,8192,-194
149,1736,96,8188,-205
149,1737,108,8185,-217
149,1738,113,8189,-212
149,1739,108,8195,-202
149,1740,120,8192,-210
149,1741,120,8200,-218
149,1742,116,8196,-217
149,1743,105,8201,-200
149,1744,100,8197,-201
149,1745,111,8200,-195
149,1746,113,8208,-191
149,1747,106,8202,-180
149,1748,106,8195,-189
149,1749,109,8201,-188
149,1750,114,8210,-174
149,1751,108,8197,-186
149,1752,108,8201,-207
149,1753,124,8198,-194
149,1754,115,8195,-183
149,1755,114,8203,-178
149,1756,113,8216,-202
149,1757,112,8199,-197
149,1758,106,8204,-203
149,1759,110,8195,-215
149,1760,115,8203,-231
149,1761,116,8184,-225
149,1762,110,8181,-208
149,1763,114,8192,-191
149,1764,109,8189,-214
149,1765,103,8182,-202
149,1766,113,8192,-183
149,1767,121,8184,-192
149,1768,117,8186,-201
149,1769,108,8188,-204
149,1770,91,8197,-186
149,1771,101,8199,-177
149,1772,109,8206,-182
149,1773,98,8207,-187
149,1774,97,8203,-197
149,1775,112,8193,-205
149,1776,114,8185,-198
149,1777,114,8193,-202
149,1778,126,8197,-194
149,1779,123,8190,-212
149,1780,109,8194,-236
149,1781,113,8190,-235
149,1782,105,8183,-216
149,1783,111,8179,-198
149,1784,105,8190,-221
149,1785,95,8178,-225
149,1786,96,8192,-206
149,1787,107,8200,-193
149,1788,108,8203,-184
149,1789,109,8210,-186
149,1790,106,8192,-196
149,1791,106,8189,-189
149,1792,107,8197,-185
149,1793,107,8199,-182
149,1794,109,8199,-185
149,1795,106,8211,-197
149,1796,106,8216,-204
149,1797,121,8206,-192
149,1798,117,8205,-186
149,1799,120,8209,-186
149,1800,121,8203,-202
149,1801,124,8201,-196
149,1802,133,8195,-209
149,1803,121,8200,-202
149,1804,127,8215,-212
149,1805,122,8214,-199
149,1806,106,8215,-201
149,1807,107,8205,-197
149,1808,106,8199,-197
149,1809,105,8200,-203
149,1810,105,8194,-199
149,1811,104,8201,-186
149,1812,100,8207,-173
149,1813,106,8202,-170
149,1814,107,8210,-171
149,1815,113,8207,-173
149,1816,120,8192,-182
149,1817,118,8202,-194
149,1818,121,8199,-201
149,1819,132,8189,-177
149,1820,141,8180,-165
149,1821,135,8184,-150
149,1822,123,8195,-168
149,1823,116,8212,-193
149,1824,113,8200,-212
149,1825,105,8196,-217
149,1826,116,8194,-221
149,1827,115,8194,-228
149,1828,116,8189,-208
149,1829,113,8185,-196
149,1830,112,8196,-190
149,1831,118,8208,-195
149,1832,122,8209,-195
149,1833,124,8204,-188
149,1834,121,8196,-187
149,1835,109,8203,-195
149,1836,110,8208,-190
149,1837,116,8219,-208
149,1838,114,8206,-199
149,1839,105,8203,-186
149,1840,121,8208,-194
149,1841,120,8197,-195
149,1842,118,8190,-194
149,1843,125,8204,-199
149,1844,129,8203,-194
149,1845,129,8207,-186
149,1846,128,8206,-200
149,1847,130,8199,-207
149,1848,131,8197,-224
149,1849,124,8187,-206
149,1850,117,8194,-209
149,1851,128,8197,-225
149,1852,121,8195,-239
149,1853,122,8195,-217
149,1854,110,8192,-218
149,1855,97,8191,-195
149,1856,116,8193,-178
149,1857,116,8195,-190
149,1858,113,8192,-180
149,1859,109,8199,-192
149,1860,107,8198,-177
149,1861,102,8200,-167
149,1862,104,8204,-177
149,1863,103,8192,-183
149,1864,103,8187,-188
149,1865,107,8185,-174
149,1866,102,8180,-172
149,1867,102,8188,-198
149,1868,115,8186,-206
149,1869,121,8201,-210
149,1870,111,8199,-220
149,1871,103,8187,-219
149,1872,103,8195,-220
149,1873,103,8200,-219
149,1874,109,8188,-220
149,1875,113,8195,-197
149,1876,117,8186,-184
149,1877,126,8190,-186
149,1878,133,8194,-189
149,1879,132,8192,-193
149,1880,121,8191,-182
149,1881,117,8198,-161
149,1882,113,8205,-176
149,1883,123,8194,-180
149,1884,124,8197,-192
149,1885,118,8196,-192
149,1886,108,8192,-194
149,1887,97,8186,-183
149,1888,109,8194,-198
149,1889,114,8193,-211
149,1890,115,8197,-218
149,1891,118,8206,-218
149,1892,118,8194,-198
149,1893,116,8200,-186
149,1894,109,8201,-195
149,1895,115,8198,-197
149,1896,113,8189,-209
149,1897,123,8191,-207
149,1898,129,8198,-210
149,1899,120,8200,-211
149,1900,109,8198,-220
149,1901,110,8186,-224
149,1902,107,8177,-226
149,1903,110,8186,-225
149,1904,105,8201,-212
149,1905,104,8201,-203
149,1906,94,8210,-211
149,1907,96,8204,-215
149,1908,108,8196,-229
149,1909,104,8187,-219
149,1910,120,8197,-219
149,1911,127,8196,-206
149,1912,127,8196,-214
149,1913,125,8202,-205
149,1914,113,8194,-215
149,1915,116,8187,-211
149,1916,113,8194,-217
149,1917,121,8197,-222
149,1918,121,8194,-210
149,1919,109,8189,-198
149,1920,93,8193,-196
149,1921,99,8213,-197
149,1922,105,8219,-176
149,1923,104,8208,-174
149,1924,98,8210,-181
149,1925,96,8211,-189
149,1926,95,8205,-201
149,1927,101,8203,-202
149,1928,100,8208,-197
149,1929,103,8205,-199
149,1930,109,8205,-200
149,1931,103,8197,-206
149,1932,110,8195,-201
149,1933,121,8193,-189
149,1934,110,8189,-189
149,1935,112,8180,-200
149,1936,109,8188,-212
149,1937,112,8191,-207
149,1938,115,8195,-211
149,1939,121,8190,-212
149,1940,124,8193,-220
149,1941,119,8191,-192
149,1942,119,8193,-192
149,1943,106,8210,-205
149,1944,101,8197,-204
149,1945,96,8196,-208
149,1946,100,8196,-204
149,1947,118,8196,-204
149,1948,112,8203,-208
149,1949,99,8191,-193
149,1950,107,8192,-192
149,1951,109,8192,-193
149,1952,102,8203,-200
149,1953,88,8203,-212
149,1954,100,8215,-195
149,1955,97,8218,-208
149,1956,99,8210,-211
149,1957,107,8194,-216
149,1958,109,8201,-210
149,1959,111,8200,-208
149,1960,107,8203,-207
149,1961,110,8199,-194
149,1962,113,8197,-196
149,1963,115,8182,-199
149,1964,123,8181,-193
149,1965,117,8201,-192
149,1966,115,8206,-186
149,1967,105,8199,-176
149,1968,116,8202,-187
149,1969,113,8202,-177
149,1970,107,8194,-193
149,1971,105,8198,-184
149,1972,118,8205,-191
149,1973,111,8193,-211
149,1974,113,8186,-210
149,1975,116,8191,-208
149,1976,113,8195,-202
149,1977,106,8191,-217
149,1978,102,8203,-210
149,1979,118,8206,-208
149,1980,131,8213,-214
149,1981,126,8212,-213
149,1982,130,8221,-216
149,1983,123,8214,-211
149,1984,117,8207,-204
149,1985,124,8214,-186
149,1986,115,8214,-200
149,1987,107,8210,-215
149,1988,92,8205,-192
149,1989,96,8210,-193
149,1990,100,8204,-188
149,1991,108,8206,-185
149,1992,102,8213,-175
149,1993,109,8220,-193
149,1994,108,8211,-193
149,1995,110,8209,-187
149,1996,117,8213,-191
149,1997,111,8222,-171
149,1998,109,8213,-176
149,1999,115,8211,-186
149,2000,119,8194,-193
149,2001,108,8197,-211
149,2002,103,8197,-222
149,2003,106,8191,-213
149,2004,122,8191,-215
149,2005,112,8200,-200
149,2006,112,8211,-186
149,2007,101,8211,-178
149,2008,105,8211,-173
149,2009,110,8198,-169
149,2010,119,8182,-167
149,2011,114,8178,-185
149,2012,114,8185,-202
149,2013,116,8192,-199
149,2014,122,8186,-189
149,2015,114,8198,-202
149,2016,117,8199,-204
149,2017,115,8191,-196
149,2018,119,8183,-194
149,2019,119,8178,-195
149,2020,126,8191,-200
149,2021,117,8202,-196
149,2022,114,8212,-195
149,2023,107,8205,-207
149,2024,122,8204,-217
149,2025,135,8205,-205
149,2026,128,8209,-207
149,2027,113,8213,-215
149,2028,113,8205,-221
149,2029,111,8211,-211
149,2030,124,8200,-203
149,2031,114,8189,-210
149,2032,122,8197,-197
149,2033,124,8189,-189
149,2034,114,8191,-185
149,2035,104,8191,-188
149,2036,102,8185,-183
149,2037,113,8196,-188
149,2038,113,8198,-189
149,2039,102,8197,-175
149,2040,121,8212,-166
149,2041,125,8211,-190
149,2042,123,8208,-175
149,2043,115,8212,-170
149,2044,119,8212,-169
149,2045,123,8207,-185
149,2046,122,8220,-196
149,2047,114,8219,-220
149,2048,114,8204,-212
149,2049,116,8205,-209
149,2050,111,8204,-206
149,2051,109,8209,-195
149,2052,112,8207,-202
149,2053,109,8204,-182
149,2054,104,8207,-184
149,2055,107,8205,-185
149,2056,116,8194,-196
149,2057,122,8196,-195
149,2058,117,8196,-186
149,2059,114,8194,-189
149,2060,110,8189,-183
149,2061,106,8210,-190
149,2062,103,8211,-211
149,2063,116,8204,-195
149,2064,124,8205,-190
149,2065,127,8203,-189
149,2066,121,8202,-187
149,2067,116,8185,-204
149,2068,112,8198,-199
149,2069,121,8197,-196
149,2070,112,8189,-196
149,2071,99,8188,-196
149,2072,90,8202,-189
149,2073,96,8202,-193
149,2074,106,8212,-193
149,2075,118,8216,-172
149,2076,119,8198,-173
149,2077,104,8197,-185
149,2078,110,8215,-173
149,2079,123,8202,-197
149,2080,119,8209,-189
149,2081,111,8211,-196
149,2082,103,8201,-190
149,2083,99,8203,-200
149,2084,108,8206,-207
149,2085,108,8203,-213
149,2086,120,8199,-201
149,2087,119,8195,-200
149,2088,113,8191,-204
149,2089,105,8197,-199
149,2090,106,8194,-198
149,2091,111,8207,-208
149,2092,116,8212,-204
149,2093,104,8208,-188
149,2094,111,8200,-186
149,2095,104,8195,-193
149,2096,112,8205,-178
149,2097,112,8192,-177
149,2098,104,8187,-188
149,2099,112,8196,-194
149,2100,123,8189,-197
149,2101,115,8196,-215
149,2102,119,8201,-219
149,2103,115,8202,-226
149,2104,114,8205,-217
149,2105,114,8201,-210
149,2106,115,8203,-201
149,2107,110,8202,-205
149,2108,110,8199,-215
149,2109,131,8190,-221
149,2110,116,8188,-213
149,2111,117,8194,-200
149,2112,117,8197,-195
149,2113,108,8194,-204
149,2114,105,8184,-210
149,2115,102,8193,-194
149,2116,108,8193,-190
149,2117,115,8198,-202
149,2118,110,8204,-197
149,2119,110,8199,-196
149,2120,112,8204,-195
149,2121,108,8211,-201
149,2122,107,8211,-197
149,2123,104,8217,-190
149,2124,97,8214,-191
149,2125,112,8198,-203
149,2126,111,8197,-206
149,2127,118,8199,-200
149,2128,124,8199,-196
149,2129,119,8189,-192
149,2130,105,8185,-203
149,2131,117,8201,-202
149,2132,119,8188,-201
149,2133,126,8190,-214
149,2134,127,8193,-203
149,2135,122,8189,-206
149,2136,119,8188,-207
149,2137,121,8188,-207
149,2138,108,8201,-200
149,2139,125,8197,-175
149,2140,131,8202,-171
149,2141,125,8201,-167
149,2142,114,8200,-179
149,2143,113,8202,-172
149,2144,113,8196,-193
149,2145,116,8201,-202
149,2146,118,8197,-205
149,2147,117,8198,-208
149,2148,117,8195,-209
149,2149,115,8200,-218
149,2150,126,8191,-210
149,2151,123,8199,-195
149,2152,112,8209,-196
149,2153,111,8208,-201
149,2154,112,8206,-185
149,2155,103,8213,-170
149,2156,83,8195,-184
149,2157,94,8199,-168
149,2158,117,8187,-175
149,2159,104,8192,-169
149,2160,112,8199,-163
149,2161,112,8206,-184
149,2162,108,8198,-207
149,2163,114,8201,-208
149,2164,124,8208,-203
149,2165,127,8197,-191
149,2166,123,8190,-188
149,2167,126,8189,-206
149,2168,119,8197,-205
149,2169,113,8198,-191
149,2170,114,8203,-193
149,2171,116,8190,-189
149,2172,114,8201,-193
149,2173,105,8204,-208
149,2174,111,8216,-216
149,2175,110,8206,-220
149,2176,115,8195,-218
149,2177,114,8206,-220
149,2178,103,8204,-202
149,2179,104,8214,-201
149,2180,103,8209,-192
149,2181,101,8204,-205
149,2182,100,8205,-194
149,2183,109,8199,-180
149,2184,111,8198,-186
149,2185,106,8201,-200
149,2186,117,8197,-204
149,2187,115,8195,-219
149,2188,121,8186,-226
149,2189,120,8180,-211
149,2190,118,8175,-204
149,2191,125,8186,-191
149,2192,132,8183,-186
149,2193,116,8183,-201
149,2194,110,8189,-204
149,2195,110,8197,-194
149,2196,109,8187,-196
149,2197,99,8182,-195
149,2198,108,8195,-190
149,2199,106,8193,-190
149,2200,108,8211,-209
149,2201,102,8214,-193
149,2202,117,8209,-191
149,2203,110,8207,-201
149,2204,115,8206,-202
149,2205,107,8207,-198
149,2206,103,8199,-196
149,2207,106,8196,-198
149,2208,107,8200,-191
149,2209,108,8187,-194
149,2210,102,8196,-201
149,2211,116,8192,-187
149,2212,116,8192,-179
149,2213,118,8193,-157
149,2214,112,8190,-164
149,2215,113,8199,-181
149,2216,114,8195,-194
149,2217,122,8189,-201
149,2218,123,8188,-191
149,2219,115,8186,-176
149,2220,115,8194,-185
149,2221,112,8205,-174
149,2222,112,8200,-175
149,2223,113,8203,-187
149,2224,101,8191,-192
149,2225,106,8187,-195
149,2226,106,8197,-197
149,2227,95,8201,-201
149,2228,98,8198,-194
149,2229,106,8192,-208
149,2230,119,8188,-229
149,2231,116,8184,-219
149,2232,114,8185,-209
149,2233,112,8181,-200
149,2234,110,8179,-196
149,2235,109,8181,-183
149,2236,99,8183,-196
149,2237,105,8197,-201
149,2238,114,8193,-202
149,2239,113,8187,-206
149,2240,111,8183,-204
149,2241,98,8193,-190
149,2242,102,8202,-193
149,2243,98,8191,-193
149,2244,114,8199,-189
149,2245,119,8192,-197
149,2246,124,8185,-212
149,2247,113,8193,-218
149,2248,112,8199,-213
149,2249,121,8192,-203
149,2250,116,8200,-189
149,2251,114,8198,-194
149,2252,113,8194,-191
149,2253,115,8185,-166
149,2254,113,8196,-192
149,2255,101,8193,-190
149,2256,104,8175,-183
149,2257,102,8186,-184
149,2258,108,8190,-199
149,2259,104,8173,-182
149,2260,110,8183,-162
149,2261,110,8191,-170
149,2262,113,8203,-175
149,2263,117,8198,-173
149,2264,114,8192,-175
149,2265,115,8182,-189
149,2266,119,8183,-194
149,2267,119,8182,-203
149,2268,121,8199,-185
149,2269,110,8212,-170
149,2270,106,8219,-171
149,2271,121,8221,-180
149,2272,117,8200,-189
149,2273,120,8191,-216
149,2274,117,8188,-219
149,2275,121,8186,-218
149,2276,117,8176,-215
149,2277,129,8181,-205
149,2278,119,8178,-200
149,2279,121,8187,-194
149,2280,126,8182,-195
149,2281,119,8192,-184
149,2282,117,8195,-189
149,2283,119,8197,-192
149,2284,121,8195,-193
149,2285,116,8190,-185
149,2286,108,8199,-160
149,2287,110,8192,-162
149,2288,103,8190,-169
149,2289,105,8185,-186
149,2290,102,8189,-201
149,2291,103,8200,-195
149,2292,110,8208,-197
149,2293,110,8201,-209
149,2294,111,8202,-205
149,2295,110,8210,-201
149,2296,122,8205,-206
149,2297,113,8208,-209
149,2298,101,8200,-209
149,2299,90,8200,-212
149,2300,96,8206,-226
149,2301,115,8206,-214
149,2302,110,8216,-222
149,2303,112,8212,-218
149,2304,114,8205,-199
149,2305,110,8205,-189
149,2306,111,8187,-197
149,2307,122,8198,-198
149,2308,120,8186,-206
149,2309,117,8192,-193
149,2310,129,8206,-196
149,2311,127,8223,-183
149,2312,112,8229,-191
149,2313,107,8210,-184
149,2314,116,8209,-204
149,2315,117,8194,-201
149,2316,113,8199,-217
149,2317,110,8209,-215
149,2318,107,8216,-210
149,2319,92,8204,-225
149,2320,96,8197,-220
149,2321,94,8194,-204
149,2322,115,8187,-196
149,2323,112,8194,-195
149,2324,105,8197,-198
149,2325,105,8201,-183
149,2326,113,8192,-179
149,2327,115,8184,-185
149,2328,110,8198,-182
149,2329,119,8200,-205
149,2330,110,8192,-202
149,2331,103,8191,-193
149,2332,109,8194,-182
149,2333,95,8209,-201
149,2334,95,8212,-205
149,2335,109,8212,-210
149,2336,108,8220,-202
149,2337,103,8219,-201
149,2338,104,8198,-201
149,2339,102,8195,-203
149,2340,122,8201,-200
149,2341,110,8204,-207
149,2342,104,8197,-199
149,2343,102,8195,-216
149,2344,102,8190,-215
149,2345,100,8190,-209
149,2346,106,8191,-182
149,2347,106,8183,-187
149,2348,99,8178,-186
149,2349,100,8190,-178
149,2350,96,8204,-179
149,2351,94,8197,-173
149,2352,102,8193,-187
149,2353,102,8190,-187
149,2354,115,8195,-194
149,2355,121,8188,-185
149,2356,118,8187,-170
149,2357,112,8188,-196
149,2358,120,8199,-194
149,2359,119,8201,-194
149,2360,129,8207,-182
149,2361,123,8210,-183
149,2362,121,8196,-179
149,2363,115,8198,-185
149,2364,128,8182,-188
149,2365,133,8182,-176
149,2366,122,8193,-172
149,2367,113,8185,-177
149,2368,114,8193,-192
149,2369,113,8187,-208
149,2370,110,8178,-202
149,2371,100,8181,-197
149,2372,105,8186,-205
149,2373,107,8191,-207
149,2374,108,8185,-193
149,2375,111,8191,-182
149,2376,112,8185,-181
149,2377,114,8184,-176
149,2378,114,8186,-196
149,2379,113,8195,-197
149,2380,114,8193,-193
149,2381,109,8199,-193
149,2382,112,8201,-202
149,2383,117,8188,-209
149,2384,120,8183,-211
149,2385,119,8200,-205
149,2386,110,8193,-191
149,2387,102,8192,-194
149,2388,97,8187,-187
149,2389,110,8185,-182
149,2390,114,8196,-191
149,2391,114,8202,-186
149,2392,109,8200,-183
149,2393,117,8205,-187
149,2394,119,8198,-199
149,2395,113,8198,-210
149,2396,104,8202,-191
149,2397,108,8191,-177
149,2398,98,8201,-192
149,2399,112,8194,-208
149,2400,117,8206,-203
149,2401,106,8210,-190
149,2402,103,8210,-185
149,2403,89,8193,-194
149,2404,94,8197,-186
149,2405,105,8188,-188
149,2406,112,8188,-193
149,2407,103,8199,-185
149,2408,111,8200,-188
149,2409,120,8197,-194
149,2410,125,8196,-195
149,2411,114,8192,-188
149,2412,104,8179,-194
149,2413,109,8179,-196
149,2414,102,8197,-191
149,2415,110,8199,-194
149,2416,101,8198,-214
149,2417,108,8182,-209
149,2418,125,8193,-193
149,2419,119,8202,-200
149,2420,119,8190,-199
149,2421,113,8183,-197
149,2422,125,8189,-196
149,2423,116,8184,-205
149,2424,128,8183,-201
149,2425,127,8191,-191
149,2426,119,8197,-172
149,2427,123,8200,-176
149,2428,135,8198,-184
149,2429,128,8189,-182
149,2430,119,8190,-177
149,2431,121,8178,-187
149,2432,119,8192,-207
149,2433,124,8199,-210
149,2434,126,8198,-212
149,2435,135,8193,-201
149,2436,132,8195,-194
149,2437,130,8190,-181
149,2438,124,8191,-188
149,2439,115,8191,-197
149,2440,99,8197,-206
149,2441,100,8199,-194
149,2442,92,8199,-189
149,2443,101,8195,-179
149,2444,111,8193,-172
149,2445,127,8200,-188
149,2446,106,8210,-177
149,2447,104,8206,-187
149,2448,104,8214,-186
149,2449,95,8203,-200
149,2450,101,8198,-201
149,2451,96,8209,-184
149,2452,116,8196,-175
149,2453,104,8183,-188
149,2454,96,8176,-190
149,2455,102,8180,-202
149,2456,111,8187,-201
149,2457,107,8202,-205
149,2458,106,8200,-203
149,2459,108,8196,-202
149,2460,121,8201,-191
149,2461,128,8199,-201
149,2462,118,8195,-205
149,2463,115,8196,-223
149,2464,113,8209,-233
149,2465,104,8210,-205
149,2466,108,8210,-208
149,2467,114,8204,-209
149,2468,116,8193,-206
149,2469,124,8187,-196
149,2470,117,8204,-211
149,2471,97,8207,-200
149,2472,112,8196,-192
149,2473,105,8201,-208
149,2474,113,8215,-214
149,2475,106,8217,-198
149,2476,113,8196,-190
149,2477,106,8192,-184
149,2478,111,8198,-188
149,2479,115,8201,-200
149,2480,108,8185,-190
149,2481,103,8181,-205
149,2482,105,8192,-210
149,2483,105,8187,-196
149,2484,94,8193,-200
149,2485,114,8205,-226
149,2486,119,8208,-238
149,2487,117,8211,-210
149,2488,115,8199,-196
149,2489,108,8188,-212
149,2490,115,8181,-206
149,2491,109,8181,-203
149,2492,103,8178,-180
149,2493,110,8185,-186
149,2494,122,8197,-185
149,2495,125,8189,-170
149,2496,139,8202,-172
149,2497,132,8201,-180
150,0,112,8212,-203
150,1,119,8199,-181
150,2,106,8195,-185
150,3,110,8205,-191
150,4,114,8191,-184
150,5,107,8188,-191
150,6,115,8202,-183
150,7,115,8195,-200
150,8,119,8200,-207
150,9,119,8198,-213
150,10,120,8197,-213
150,11,118,8196,-188
150,12,122,8193,-191
150,13,112,8189,-183
150,14,112,8192,-175
150,15,102,8196,-193
150,16,103,8205,-201
150,17,112,8203,-203
150,18,105,8201,-200
150,19,121,8200,-207
150,20,116,8206,-202
150,21,118,8220,-185
150,22,118,8208,-195
150,23,114,8209,-210
150,24,109,8201,-217
150,25,113,8194,-229
150,26,124,8173,-236
150,27,124,8185,-228
150,28,116,8196,-230
150,29,121,8204,-214
150,30,109,8196,-189
150,31,114,8199,-197
150,32,114,8206,-182
150,33,110,8197,-187
150,34,115,8196,-194
150,35,120,8190,-187
150,36,122,8188,-197
150,37,115,8183,-202
150,38,107,8199,-207
150,39,116,8199,-211
150,40,127,8206,-212
150,41,122,8216,-212
150,42,113,8217,-210
150,43,117,8213,-194
150,44,120,8209,-187
150,45,108,8194,-177
150,46,113,8201,-196
150,47,108,8190,-197
150,48,100,8171,-199
150,49,100,8196,-220
150,50,110,8209,-224
150,51,111,8208,-222
150,52,128,8200,-222
150,53,122,8206,-218
150,54,113,8205,-209
150,55,117,8201,-211
150,56,113,8190,-210
150,57,103,8204,-221
150,58,103,8212,-191
150,59,101,8198,-205
150,60,108,8198,-207
150,61,118,8197,-210
150,62,116,8193,-206
150,63,105,8188,-201
150,64,108,8190,-197
150,65,111,8197,-211
150,66,107,8190,-206
150,67,110,8182,-198
150,68,107,8185,-202
150,69,115,8190,-204
150,70,92,8193,-226
150,71,98,8183,-228
150,72,110,8182,-208
150,73,111,8190,-213
150,74,120,8194,-205
150,75,117,8184,-201
150,76,108,8178,-201
150,77,102,8193,-221
150,78,110,8197,-221
150,79,123,8202,-228
150,80,116,8205,-227
150,81,118,8202,-219
150,82,111,8182,-199
150,83,113,8181,-180
150,84,119,8195,-192
150,85,127,8194,-204
150,86,118,8196,-210
150,87,111,8200,-204
150,88,103,8195,-205
150,89,111,8197,-201
150,90,109,8209,-223
150,91,98,8212,-216
150,92,92,8202,-211
150,93,91,8195,-214
150,94,90,8182,-220
150,95,83,8181,-228
150,96,107,8188,-240
150,97,119,8188,-240
150,98,112,8197,-215
150,99,116,8201,-213
150,100,115,8206,-208
150,101,101,8205,-214
150,102,95,8195,-203
150,103,90,8203,-205
150,104,107,8201,-196
150,105,112,8202,-204
150,106,118,8206,-197
150,107,116,8206,-193
150,108,114,8197,-205
150,109,117,8187,-200
150,110,120,8205,-214
150,111,108,8205,-224
150,112,119,8202,-214
150,113,116,8202,-206
150,114,119,8198,-206
150,115,121,8204,-192
150,116,122,8198,-194
150,117,115,8192,-201
150,118,106,8177,-203
150,119,114,8191,-206
150,120,111,8182,-200
150,121,107,8194,-212
150,122,109,8206,-221
150,123,115,8206,-217
150,124,131,8199,-192
150,125,132,8202,-186
150,126,120,8203,-203
150,127,112,8198,-215
150,128,117,8198,-216
150,129,110,8215,-233
150,130,110,8218,-233
150,131,111,8215,-231
150,132,104,8201,-219
150,133,106,8185,-206
150,134,113,8194,-209
150,135,112,8201,-207
150,136,113,8206,-199
150,137,99,8204,-205
150,138,100,8204,-205
150,139,109,8194,-189
150,140,115,8193,-202
150,141,124,8196,-216
150,142,120,8204,-207
150,143,113,8196,-193
150,144,101,8188,-190
150,145,113,8185,-198
150,146,108,8188,-205
150,147,103,8195,-206
150,148,100,8196,-220
150,149,105,8196,-209
150,150,121,8204,-216
150,151,117,8208,-208
150,152,112,8205,-196
150,153,109,8202,-195
150,154,115,8211,-197
150,155,123,8201,-224
150,156,127,8202,-218
150,157,120,8207,-222
150,158,119,8208,-210
150,159,115,8193,-184
150,160,110,8190,-184
150,161,117,8194,-180
150,162,125,8191,-173
150,163,129,8190,-173
150,164,125,8200,-184
150,165,116,8211,-179
150,166,117,8203,-195
150,167,110,8205,-197
150,168,115,8203,-192
150,169,114,8205,-187
150,170,123,8198,-173
150,171,123,8198,-170
150,172,118,8202,-188
150,173,105,8201,-200
150,174,106,8203,-191
150,175,108,8202,-175
150,176,127,8209,-185
150,177,115,8188,-208
150,178,111,8178,-203
150,179,117,8189,-206
150,180,119,8184,-199
150,181,131,8186,-188
150,182,126,8185,-193
150,183,119,8198,-212
150,184,116,8199,-205
150,185,103,8205,-189
150,186,106,8192,-188
150,187,114,8191,-198
150,188,105,8185,-197
150,189,104,8184,-195
150,190,101,8170,-205
150,191,119,8181,-192
150,192,118,8176,-189
150,193,120,8184,-199
150,194,114,8194,-200
150,195,116,8191,-193
150,196,104,8194,-209
150,197,113,8193,-201
150,198,122,8194,-182
150,199,125,8212,-198
150,200,112,8211,-193
150,201,102,8207,-171
150,202,114,8202,-176
150,203,114,8200,-176
150,204,112,8201,-197
150,205,118,8215,-200
150,206,114,8218,-205
150,207,114,8206,-210
150,208,118,8203,-214
150,209,115,8205,-209
150,210,109,8217,-203
150,211,105,8203,-214
150,212,105,8217,-207
150,213,104,8221,-208
150,214,100,8214,-203
150,215,94,8216,-214
150,216,108,8227,-200
150,217,118,8220,-196
150,218,119,8223,-196
150,219,121,8212,-191
150,220,112,8216,-185
150,221,103,8197,-183
150,222,100,8179,-190
150,223,101,8190,-208
150,224,105,8189,-206
150,225,110,8188,-211
150,226,112,8195,-218
150,227,103,8201,-224
150,228,110,8212,-225
150,229,103,8206,-206
150,230,102,8212,-206
150,231,92,8209,-216
150,232,85,8219,-211
150,233,88,8210,-205
150,234,94,8211,-212
150,235,99,8217,-216
150,236,103,8215,-221
150,237,98,8228,-216
150,238,112,8229,-202
150,239,123,8218,-192
150,240,122,8206,-195
150,241,104,8207,-177
150,242,111,8208,-196
150,243,110,8205,-202
150,244,113,8189,-196
150,245,120,8181,-191
150,246,111,8178,-192
150,247,114,8183,-205
150,248,114,8188,-203
150,249,110,8179,-188
150,250,114,8179,-181
150,251,113,8191,-180
150,252,107,8192,-190
150,253,109,8183,-214
150,254,112,8186,-208
150,255,115,8184,-213
150,256,111,8190,-219
150,257,109,8217,-206
150,258,109,8227,-199
150,259,106,8212,-193
150,260,102,8211,-192
150,261,112,8210,-200
150,262,104,8205,-192
150,263,102,8210,-200
150,264,101,8204,-204
150,265,106,8200,-201
150,266,98,8196,-199
150,267,107,8200,-203
150,268,115,8209,-211
150,269,110,8192,-192
150,270,111,8193,-217
150,271,103,8199,-210
150,272,108,8191,-189
150,273,113,8191,-177
150,274,131,8188,-193
150,275,119,8181,-203
150,276,113,8181,-193
150,277,116,8200,-197
150,278,115,8203,-199
150,279,109,8201,-194
150,280,100,8196,-201
150,281,97,8194,-203
150,282,101,8191,-214
150,283,106,8189,-221
150,284,113,8207,-209
150,285,113,8208,-186
150,286,118,8198,-191
150,287,113,8203,-208
150,288,101,8193,-223
150,289,97,8201,-217
150,290,92,8202,-221
150,291,100,8208,-219
150,292,101,8194,-212
150,293,108,8188,-210
150,294,121,8183,-204
150,295,109,8186,-206
150,296,106,8190,-217
150,297,98,8198,-231
150,298,98,8203,-224
150,299,107,8198,-217
150,300,110,8203,-190
150,301,107,8200,-200
150,302,96,8219,-195
150,303,99,8208,-212
150,304,107,8198,-195
150,305,109,8203,-197
150,306,109,8203,-201
150,307,104,8218,-199
150,308,111,8219,-189
150,309,114,8212,-190
150,310,120,8209,-198
150,311,123,8211,-201
150,312,122,8214,-219
150,313,117,8211,-215
150,314,107,8206,-211
150,315,88,8191,-204
150,316,96,8180,-220
150,317,105,8173,-226
150,318,106,8178,-213
150,319,121,8185,-210
150,320,117,8195,-201
150,321,114,8203,-206
150,322,105,8197,-202
150,323,112,8202,-197
150,324,112,8209,-208
150,325,111,8196,-209
150,326,116,8200,-204
150,327,116,8189,-195
150,328,110,8196,-189
150,329,110,8202,-189
150,330,104,8201,-190
150,331,123,8203,-178
150,332,126,8202,-175
150,333,124,8202,-185
150,334,123,8212,-203
150,335,122,8203,-196
150,336,105,8197,-207
150,337,101,8197,-236
150,338,103,8203,-223
150,339,104,8209,-221
150,340,107,8222,-218
150,341,108,8211,-225
150,342,106,8202,-194
150,343,101,8210,-204
150,344,102,8224,-187
150,345,89,8215,-181
150,346,86,8204,-187
150,347,109,8213,-184
150,348,122,8217,-190
150,349,112,8204,-201
150,350,120,8198,-199
150,351,115,8199,-196
150,352,121,8209,-197
150,353,124,8196,-180
150,354,141,8196,-187
150,355,125,8209,-188
150,356,120,8201,-191
150,357,107,8187,-194
150,358,111,8190,-200
150,359,131,8197,-203
150,360,116,8192,-191
150,361,105,8201,-205
150,362,110,8202,-220
150,363,107,8214,-209
150,364,106,8207,-205
150,365,107,8202,-199
150,366,104,8200,-197
150,367,102,8201,-212
150,368,106,8202,-209
150,369,100,8207,-192
150,370,98,8200,-190
150,371,98,8213,-184
150,372,102,8210,-192
150,373,110,8210,-197
150,374,110,8202,-209
150,375,110,8204,-219
150,376,111,8201,-213
150,377,115,8197,-215
150,378,112,8192,-195
150,379,112,8208,-204
150,380,109,8206,-214
150,381,117,8207,-223
150,382,115,8194,-207
150,383,120,8187,-198
150,384,113,8188,-194
150,385,115,8192,-191
150,386,113,8182,-208
150,387,115,8182,-220
150,388,121,8182,-216
150,389,110,8187,-207
150,390,92,8196,-208
150,391,98,8186,-205
150,392,108,8189,-226
150,393,114,8186,-224
150,394,114,8173,-221
150,395,120,8176,-227
150,396,118,8181,-222
150,397,111,8178,-210
150,398,113,8189,-208
150,399,124,8191,-195
150,400,118,8192,-200
150,401,124,8194,-194
150,402,119,8185,-191
150,403,116,8180,-198
150,404,117,8192,-175
150,405,111,8203,-198
150,406,104,8201,-218
150,407,106,8204,-220
150,408,97,8188,-210
150,409,103,8183,-207
150,410,106,8190,-203
150,411,112,8195,-210
150,412,103,8193,-204
150,413,107,8202,-215
150,414,105,8205,-220
150,415,108,8203,-224
150,416,121,8208,-217
150,417,106,8204,-222
150,418,118,8185,-222
150,419,119,8196,-208
150,420,110,8183,-200
150,421,113,8192,-207
150,422,111,8196,-201
150,423,113,8187,-216
150,424,110,8201,-212
150,425,104,8211,-210
150,426,99,8204,-221
150,427,96,8205,-203
150,428,98,8190,-183
150,429,113,8187,-193
150,430,106,8192,-200
150,431,94,8207,-178
150,432,100,8212,-172
150,433,104,8200,-181
150,434,111,8198,-212
150,435,116,8199,-214
150,436,109,8189,-216
150,437,113,8196,-217
150,438,117,8204,-214
150,439,110,8214,-222
150,440,120,8207,-217
150,441,122,8210,-223
150,442,112,8199,-230
150,443,100,8200,-207
150,444,102,8201,-208
150,445,117,8212,-213
150,446,108,8212,-214
150,447,103,8202,-227
150,448,109,8202,-227
150,449,112,8207,-210
150,450,106,8212,-221
150,451,106,8208,-212
150,452,107,8196,-200
150,453,108,8177,-200
150,454,108,8183,-192
150,455,120,8199,-177
150,456,112,8203,-177
150,457,108,8201,-185
150,458,106,8192,-204
150,459,92,8200,-209
150,460,102,8212,-210
150,461,90,8212,-208
150,462,105,8200,-210
150,463,105,8197,-218
150,464,112,8200,-218
150,465,116,8194,-234
150,466,115,8197,-232
150,467,115,8202,-217
150,468,118,8206,-208
150,469,112,8214,-190
150,470,120,8210,-193
150,471,113,8210,-210
150,472,126,8206,-217
150,473,116,8210,-202
150,474,109,8188,-210
150,475,114,8187,-211
150,476,117,8191,-216
150,477,119,8191,-210
150,478,111,8197,-216
150,479,101,8200,-234
150,480,100,8210,-233
150,481,106,8217,-218
150,482,108,8215,-224
150,483,113,8217,-199
150,484,115,8213,-200
150,485,107,8208,-212
150,486,111,8205,-212
150,487,110,8207,-190
150,488,119,8213,-190
150,489,127,8206,-185
150,490,129,8195,-184
150,491,126,8203,-188
150,492,123,8207,-189
150,493,127,8194,-178
150,494,125,8186,-180
150,495,124,8187,-198
150,496,113,8184,-195
150,497,112,8182,-195
150,498,112,8184,-213
150,499,116,8190,-214
150,500,118,8186,-191
150,501,118,8187,-176
150,502,114,8189,-171
150,503,123,8181,-174
150,504,126,8193,-187
150,505,129,8197,-189
150,506,126,8205,-205
150,507,119,8205,-188
150,508,110,8203,-169
150,509,101,8195,-165
150,510,102,8188,-176
150,511,104,8190,-190
150,512,91,8199,-191
150,513,98,8212,-208
150,514,101,8210,-210
150,515,99,8190,-229
150,516,96,8187,-233
150,517,104,8193,-219
150,518,105,8200,-216
150,519,112,8198,-206
150,520,123,8199,-223
150,521,119,8207,-245
150,522,116,8207,-244
150,523,113,8214,-222
150,524,117,8202,-214
150,525,112,8201,-226
150,526,116,8209,-216
150,527,101,8194,-213
150,528,86,8194,-216
150,529,91,8186,-235
150,530,92,8205,-215
150,531,98,8204,-207
150,532,101,8206,-216
150,533,114,8220,-235
150,534,117,8215,-230
150,535,113,8214,-233
150,536,111,8203,-206
150,537,121,8190,-200
150,538,121,8187,-203
150,539,112,8186,-188
150,540,115,8185,-182
150,541,125,8185,-189
150,542,122,8191,-214
150,543,99,8193,-203
150,544,115,8197,-223
150,545,132,8199,-221
150,546,134,8194,-229
150,547,131,8199,-223
150,548,116,8200,-218
150,549,113,8192,-220
150,550,111,8206,-220
150,551,98,8197,-249
150,552,97,8207,-233
150,553,108,8207,-207
150,554,102,8202,-213
150,555,111,8205,-216
150,556,116,8200,-205
150,557,106,8201,-205
150,558,108,8196,-209
150,559,99,8197,-203
150,560,97,8196,-207
150,561,94,8193,-206
150,562,106,8194,-211
150,563,104,8197,-206
150,564,111,8204,-195
150,565,110,8204,-193
150,566,118,8194,-198
150,567,118,8192,-217
150,568,118,8199,-226
150,569,122,8197,-210
150,570,125,8201,-196
150,571,113,8202,-198
150,572,108,8196,-200
150,573,109,8199,-198
150,574,100,8206,-195
150,575,97,8204,-185
150,576,113,8194,-178
150,577,116,8205,-186
150,578,116,8209,-189
150,579,112,8206,-201
150,580,99,8199,-203
150,581,99,8195,-207
150,582,107,8186,-211
150,583,115,8200,-208
150,584,112,8191,-210
150,585,130,8194,-198
150,586,132,8197,-179
150,587,111,8189,-189
150,588,113,8187,-189
150,589,113,8197,-199
150,590,104,8205,-193
150,591,96,8195,-179
150,592,85,8191,-181
150,593,87,8189,-187
150,594,97,8202,-193
150,595,103,8210,-205
150,596,115,8209,-202
150,597,114,8192,-197
150,598,105,8201,-216
150,599,94,8200,-218
150,600,99,8202,-195
150,601,94,8199,-207
150,602,92,8191,-202
150,603,109,8194,-197
150,604,124,8202,-184
150,605,123,8193,-191
150,606,113,8196,-200
150,607,101,8198,-204
150,608,99,8196,-211
150,609,99,8202,-217
150,610,111,8201,-203
150,611,108,8197,-196
150,612,101,8194,-204
150,613,101,8200,-216
150,614,100,8187,-229
150,615,113,8171,-231
150,616,105,8173,-216
150,617,107,8183,-209
150,618,102,8181,-196
150,619,97,8185,-201
150,620,109,8183,-205
150,621,101,8181,-203
150,622,97,8175,-194
150,623,113,8183,-190
150,624,120,8183,-204
150,625,119,8194,-213
150,626,118,8199,-210
150,627,129,8202,-213
150,628,121,8201,-203
150,629,106,8194,-205
150,630,101,8190,-203
150,631,97,8191,-193
150,632,108,8197,-206
150,633,117,8201,-210
150,634,108,8183,-203
150,635,107,8183,-202
150,636,117,8183,-204
150,637,120,8191,-203
150,638,119,8201,-201
150,639,107,8206,-206
150,640,106,8208,-202
150,641,120,8216,-198
150,642,126,8213,-213
150,643,124,8204,-233
150,644,129,8200,-228
150,645,134,8196,-224
150,646,130,8195,-222
150,647,113,8197,-208
150,648,103,8185,-195
150,649,98,8177,-194
150,650,102,8182,-191
150,651,110,8183,-204
150,652,107,8187,-215
150,653,107,8201,-195
150,654,107,8192,-202
150,655,109,8206,-233
150,656,101,8193,-226
150,657,104,8193,-201
150,658,102,8195,-213
150,659,96,8191,-204
150,660,89,8196,-210
150,661,94,8188,-214
150,662,104,8185,-208
150,663,113,8185,-213
150,664,111,8182,-214
150,665,110,8176,-211
150,666,102,8181,-211
150,667,100,8195,-217
150,668,94,8212,-221
150,669,101,8204,-224
150,670,103,8207,-215
150,671,107,8203,-200
150,672,108,8203,-210
150,673,115,8201,-208
150,674,123,8197,-209
150,675,121,8198,-209
150,676,114,8198,-209
150,677,112,8197,-213
150,678,108,8201,-183
150,679,110,8203,-186
150,680,104,8204,-188
150,681,110,8204,-190
150,682,123,8196,-192
150,683,114,8197,-191
150,684,111,8196,-198
150,685,121,8194,-195
150,686,106,8188,-215
150,687,105,8190,-211
150,688,111,8180,-202
150,689,118,8181,-222
150,690,121,8187,-231
150,691,113,8189,-219
150,692,106,8192,-220
150,693,109,8184,-208
150,694,107,8186,-185
150,695,117,8178,-173
150,696,107,8178,-171
150,697,101,8190,-189
150,698,109,8195,-210
150,699,126,8199,-216
150,700,119,8195,-226
150,701,110,8192,-223
150,702,119,8199,-214
150,703,99,8196,-209
150,704,103,8196,-216
150,705,109,8199,-224
150,706,108,8208,-207
150,707,116,8215,-219
150,708,106,8201,-218
150,709,112,8195,-207
150,710,102,8190,-207
150,711,90,8186,-211
150,712,95,8195,-208
150,713,105,8196,-217
150,714,106,8191,-211
150,715,98,8186,-216
150,716,109,8188,-204
150,717,108,8200,-201
150,718,114,8202,-194
150,719,106,8193,-201
150,720,106,8199,-205
150,721,107,8201,-217
150,722,118,8196,-221
150,723,106,8184,-201
150,724,87,8197,-185
150,725,101,8203,-207
150,726,103,8209,-203
150,727,105,8204,-213
150,728,104,8197,-223
150,729,109,8180,-220
150,730,102,8182,-189
150,731,106,8200,-199
150,732,106,8204,-215
150,733,113,8195,-213
150,734,109,8187,-221
150,735,115,8195,-220
150,736,114,8193,-221
150,737,119,8197,-213
150,738,113,8206,-206
150,739,107,8199,-198
150,740,109,8208,-194
150,741,104,8202,-174
150,742,104,8200,-174
150,743,109,8193,-176
150,744,115,8198,-190
150,745,106,8208,-210
150,746,107,8209,-215
150,747,107,8201,-214
150,748,123,8209,-192
150,749,117,8217,-199
150,750,118,8214,-216
150,751,118,8212,-210
150,752,115,8207,-200
150,753,122,8206,-214
150,754,123,8221,-207
150,755,128,8224,-218
150,756,124,8204,-202
150,757,106,8206,-191
150,758,105,8212,-190
150,759,106,8203,-188
150,760,101,8185,-186
150,761,97,8185,-185
150,762,99,8202,-191
150,763,104,8199,-190
150,764,110,8206,-199
150,765,115,8190,-197
150,766,117,8193,-179
150,767,114,8202,-180
150,768,114,8187,-188
150,769,109,8182,-197
150,770,110,8194,-200
150,771,113,8202,-195
150,772,109,8190,-184
150,773,117,8184,-176
150,774,118,8181,-187
150,775,111,8194,-198
150,776,110,8202,-203
150,777,113,8194,-213
150,778,103,8188,-191
150,779,105,8189,-175
150,780,109,8197,-176
150,781,112,8196,-186
150,782,105,8201,-184
150,783,101,8200,-180
150,784,109,8194,-181
150,785,103,8194,-184
150,786,112,8186,-196
150,787,107,8199,-203
150,788,119,8200,-217
150,789,122,8193,-220
150,790,129,8185,-216
150,791,129,8191,-213
150,792,121,8201,-220
150,793,111,8193,-210
150,794,104,8199,-218
150,795,95,8197,-226
150,796,107,8210,-212
150,797,108,8203,-198
150,798,117,8208,-206
150,799,116,8200,-205
150,800,105,8202,-197
150,801,110,8187,-204
150,802,103,8192,-208
150,803,110,8189,-208
150,804,124,8187,-200
150,805,121,8195,-209
150,806,120,8200,-191
150,807,113,8205,-193
150,808,110,8211,-194
150,809,106,8211,-190
150,810,100,8199,-217
150,811,109,8181,-208
150,812,101,8176,-222
150,813,101,8194,-214
150,814,117,8195,-217
150,815,104,8185,-224
150,816,91,8175,-230
150,817,101,8173,-218
150,818,116,8178,-212
150,819,126,8184,-212
150,820,125,8182,-205
150,821,115,8187,-198
150,822,120,8191,-199
150,823,115,8187,-211
150,824,117,8191,-203
150,825,110,8193,-204
150,826,107,8192,-198
150,827,110,8204,-210
150,828,118,8208,-222
150,829,119,8203,-236
150,830,109,8194,-221
150,831,109,8197,-220
150,832,105,8200,-245
150,833,111,8192,-240
150,834,104,8196,-240
150,835,93,8204,-238
150,836,107,8199,-232
150,837,106,8191,-225
150,838,100,8197,-220
150,839,107,8191,-214
150,840,112,8192,-206
150,841,113,8189,-212
150,842,111,8196,-213
150,843,132,8208,-197
150,844,123,8203,-190
150,845,121,8186,-195
150,846,109,8181,-213
150,847,106,8183,-202
150,848,104,8182,-211
150,849,99,8185,-202
150,850,112,8183,-203
150,851,123,8171,-192
150,852,119,8180,-176
150,853,115,8187,-170
150,854,121,8190,-184
150,855,117,8189,-209
150,856,110,8194,-204
150,857,115,8196,-198
150,858,102,8200,-195
150,859,101,8192,-207
150,860,105,8190,-201
150,861,96,8200,-199
150,862,97,8209,-191
150,863,106,8211,-202
150,864,108,8205,-217
150,865,125,8190,-218
150,866,129,8199,-214
150,867,126,8203,-221
150,868,121,8212,-212
150,869,113,8205,-213
150,870,116,8194,-207
150,871,127,8192,-212
150,872,125,8198,-210
150,873,116,8180,-214
150,874,122,8168,-220
150,875,122,8174,-227
150,876,111,8183,-226
150,877,115,8188,-233
150,878,115,8200,-209
150,879,116,8190,-216
150,880,118,8187,-208
150,881,117,8198,-194
150,882,111,8200,-192
150,883,106,8187,-187
150,884,120,8197,-191
150,885,119,8197,-212
150,886,117,8185,-199
150,887,112,8193,-178
150,888,102,8197,-193
150,889,103,8199,-206
150,890,114,8201,-200
150,891,108,8194,-196
150,892,109,8193,-204
150,893,106,8191,-190
150,894,100,8208,-178
150,895,103,8212,-192
150,896,116,8220,-193
150,897,119,8220,-196
150,898,108,8207,-199
150,899,107,8204,-195
150,900,106,8207,-190
150,901,108,8211,-204
150,902,95,8200,-221
150,903,95,8198,-209
150,904,93,8189,-214
150,905,97,8188,-209
150,906,103,8187,-203
150,907,101,8192,-204
150,908,108,8201,-191
150,909,101,8197,-208
150,910,109,8199,-208
150,911,109,8199,-220
150,912,109,8199,-198
150,913,113,8208,-201
150,914,125,8193,-201
150,915,108,8190,-195
150,916,113,8197,-202
150,917,110,8199,-211
150,918,113,8187,-208
150,919,103,8188,-209
150,920,103,8194,-220
150,921,96,8193,-207
150,922,116,8194,-194
150,923,115,8185,-182
150,924,108,8179,-189
150,925,116,8197,-191
150,926,109,8202,-189
150,927,109,8210,-178
150,928,105,8202,-189
150,929,93,8211,-203
150,930,107,8211,-222
150,931,112,8215,-224
150,932,110,8211,-207
150,933,116,8208,-204
150,934,115,8207,-216
150,935,114,8200,-221
150,936,108,8214,-205
150,937,97,8215,-218
150,938,95,8200,-217
150,939,90,8199,-211
150,940,95,8198,-196
150,941,102,8194,-196
150,942,94,8186,-205
150,943,92,8184,-202
150,944,105,8186,-208
150,945,107,8197,-212
150,946,106,8206,-193
150,947,104,8201,-180
150,948,111,8195,-182
150,949,107,8200,-199
150,950,109,8192,-213
150,951,125,8191,-198
150,952,126,8206,-190
150,953,112,8210,-183
150,954,100,8207,-209
150,955,111,8200,-218
150,956,113,8191,-208
150,957,114,8200,-201
150,958,117,8209,-202
150,959,105,8199,-212
150,960,104,8190,-212
150,961,102,8196,-217
150,962,99,8203,-226
150,963,117,8188,-206
150,964,102,8190,-195
150,965,106,8186,-189
150,966,107,8182,-205
150,967,97,8196,-195
150,968,103,8207,-198
150,969,107,8201,-216
150,970,96,8189,-210
150,971,97,8190,-211
150,972,102,8186,-203
150,973,96,8191,-195
150,974,98,8188,-192
150,975,104,8194,-194
150,976,108,8203,-199
150,977,112,8199,-217
150,978,106,8212,-221
150,979,117,8206,-231
150,980,111,8211,-218
150,981,109,8211,-215
150,982,109,8221,-209
150,983,98,8211,-188
150,984,100,8197,-183
150,985,99,8192,-197
150,986,95,8186,-189
150,987,89,8189,-184
150,988,96,8178,-185
150,989,106,8187,-200
150,990,113,8198,-192
150,991,110,8197,-200
150,992,111,8196,-194
150,993,112,8199,-207
150,994,112,8205,-201
150,995,102,8221,-183
150,996,118,8213,-194
150,997,102,8205,-200
150,998,90,8202,-205
150,999,96,8208,-192
150,1000,107,8201,-188
150,1001,120,8198,-208
150,1002,127,8198,-204
150,1003,116,8191,-175
150,1004,122,8193,-172
150,1005,125,8195,-195
150,1006,116,8197,-192
150,1007,110,8198,-205
150,1008,107,8197,-212
150,1009,104,8205,-204
150,1010,98,8201,-203
150,1011,102,8205,-220
150,1012,110,8212,-207
150,1013,119,8200,-216
150,1014,109,8207,-222
150,1015,120,8215,-226
150,1016,118,8219,-224
150,1017,113,8196,-234
150,1018,102,8211,-211
150,1019,107,8211,-203
150,1020,109,8212,-209
150,1021,117,8210,-231
150,1022,114,8212,-219
150,1023,113,8205,-194
150,1024,118,8204,-186
150,1025,113,8200,-194
150,1026,104,8183,-181
150,1027,103,8186,-189
150,1028,101,8190,-185
150,1029,115,8180,-199
150,1030,121,8188,-197
150,1031,123,8203,-205
150,1032,122,8203,-214
150,1033,120,8212,-218
150,1034,118,8205,-224
150,1035,129,8207,-202
150,1036,126,8208,-199
150,1037,113,8203,-199
150,1038,110,8200,-208
150,1039,113,8200,-206
150,1040,114,8188,-203
150,1041,113,8184,-197
150,1042,120,8192,-201
150,1043,117,8192,-210
150,1044,110,8192,-203
150,1045,111,8196,-191
150,1046,119,8203,-192
150,1047,122,8196,-188
150,1048,122,8190,-180
150,1049,107,8186,-195
150,1050,109,8199,-181
150,1051,112,8198,-186
150,1052,108,8189,-205
150,1053,99,8189,-214
150,1054,103,8185,-208
150,1055,98,8195,-215
150,1056,81,8211,-232
150,1057,87,8211,-219
150,1058,100,8202,-218
150,1059,120,8198,-218
150,1060,115,8193,-224
150,1061,105,8186,-231
150,1062,86,8187,-240
150,1063,89,8194,-234
150,1064,108,8196,-223
150,1065,111,8195,-211
150,1066,120,8186,-206
150,1067,110,8186,-199
150,1068,108,8182,-198
150,1069,98,8189,-207
150,1070,93,8200,-214
150,1071,101,8198,-211
150,1072,101,8208,-203
150,1073,107,8213,-205
150,1074,117,8212,-233
150,1075,115,8205,-238
150,1076,122,8193,-224
150,1077,109,8183,-211
150,1078,97,8198,-211
150,1079,92,8198,-202
150,1080,90,8181,-204
150,1081,84,8186,-202
150,1082,91,8202,-209
150,1083,104,8201,-207
150,1084,103,8200,-215
150,1085,103,8201,-227
150,1086,119,8207,-212
150,1087,103,8203,-197
150,1088,117,8209,-194
150,1089,113,8194,-215
150,1090,112,8185,-230
150,1091,103,8183,-216
150,1092,113,8191,-197
150,1093,127,8184,-185
150,1094,124,8186,-208
150,1095,125,8180,-222
150,1096,113,8187,-224
150,1097,107,8183,-221
150,1098,107,8193,-217
150,1099,100,8196,-200
150,1100,108,8190,-189
150,1101,107,8189,-192
150,1102,112,8206,-205
150,1103,115,8201,-209
150,1104,105,8203,-213
150,1105,96,8193,-206
150,1106,106,8196,-188
150,1107,121,8196,-212
150,1108,116,8204,-223
150,1109,119,8202,-198
150,1110,118,8209,-198
150,1111,127,8204,-197
150,1112,127,8202,-187
150,1113,129,8193,-186
150,1114,125,8198,-184
150,1115,130,8195,-202
150,1116,124,8182,-205
150,1117,116,8170,-203
150,1118,112,8178,-215
150,1119,105,8187,-224
150,1120,103,8197,-231
150,1121,111,8201,-215
150,1122,110,8216,-193
150,1123,119,8211,-192
150,1124,117,8203,-187
150,1125,105,8189,-185
150,1126,106,8197,-190
150,1127,108,8206,-198
150,1128,120,8210,-202
150,1129,112,8208,-207
150,1130,110,8200,-209
150,1131,124,8187,-222
150,1132,126,8176,-214
150,1133,117,8179,-204
150,1134,109,8194,-208
150,1135,110,8189,-203
150,1136,117,8186,-191
150,1137,110,8184,-199
150,1138,102,8201,-202
150,1139,113,8203,-192
150,1140,100,8211,-190
150,1141,106,8217,-191
150,1142,102,8207,-195
150,1143,92,8210,-185
150,1144,101,8208,-188
150,1145,107,8208,-201
150,1146,116,8186,-189
150,1147,121,8193,-201
150,1148,114,8185,-189
150,1149,116,8177,-186
150,1150,131,8176,-183
150,1151,130,8183,-202
150,1152,120,8202,-198
150,1153,112,8193,-211
150,1154,108,8187,-210
150,1155,120,8187,-206
150,1156,126,8198,-189
150,1157,119,8197,-188
150,1158,102,8184,-186
150,1159,93,8182,-209
150,1160,86,8178,-211
150,1161,104,8166,-198
150,1162,108,8161,-211
150,1163,114,8166,-219
150,1164,125,8184,-224
150,1165,120,8200,-232
150,1166,111,8194,-221
150,1167,120,8182,-222
150,1168,114,8188,-229
150,1169,114,8184,-215
150,1170,111,8189,-208
150,1171,115,8196,-204
150,1172,116,8187,-212
150,1173,111,8189,-215
150,1174,113,8191,-207
150,1175,114,8186,-215
150,1176,106,8193,-214
150,1177,105,8190,-204
150,1178,106,8189,-212
150,1179,118,8202,-220
150,1180,116,8191,-228
150,1181,117,8180,-221
150,1182,116,8194,-226
150,1183,123,8200,-222
150,1184,119,8210,-228
150,1185,112,8203,-220
150,1186,110,8202,-204
150,1187,114,8200,-199
150,1188,107,8201,-194
150,1189,98,8204,-194
150,1190,98,8203,-208
150,1191,110,8205,-202
150,1192,122,8197,-215
150,1193,121,8182,-230
150,1194,108,8192,-216
150,1195,102,8194,-192
150,1196,111,8194,-187
150,1197,105,8187,-194
150,1198,116,8180,-179
150,1199,120,8184,-160
150,1200,118,8185,-177
150,1201,114,8204,-188
150,1202,114,8207,-190
150,1203,103,8204,-185
150,1204,99,8204,-190
150,1205,99,8194,-202
150,1206,109,8192,-201
150,1207,116,8191,-191
150,1208,114,8197,-180
150,1209,117,8208,-160
150,1210,110,8200,-186
150,1211,101,8192,-199
150,1212,105,8181,-206
150,1213,95,8188,-224
150,1214,90,8193,-234
150,1215,104,8186,-211
150,1216,106,8191,-208
150,1217,109,8193,-215
150,1218,105,8205,-218
150,1219,98,8202,-207
150,1220,101,8193,-211
150,1221,113,8199,-196
150,1222,113,8219,-206
150,1223,100,8224,-217
150,1224,98,8218,-210
150,1225,100,8213,-218
150,1226,105,8212,-204
150,1227,96,8200,-204
150,1228,94,8203,-211
150,1229,91,8195,-215
150,1230,99,8192,-238
150,1231,115,8191,-232
150,1232,111,8180,-239
150,1233,98,8188,-219
150,1234,94,8189,-204
150,1235,91,8191,-206
150,1236,102,8184,-195
150,1237,120,8194,-183
150,1238,103,8200,-171
150,1239,96,8204,-199
150,1240,111,8200,-204
150,1241,107,8212,-213
150,1242,104,8214,-200
150,1243,115,8212,-207
150,1244,111,8205,-204
150,1245,120,8209,-207
150,1246,127,8208,-205
150,1247,125,8198,-214
150,1248,120,8198,-197
150,1249,104,8199,-204
150,1250,101,8202,-218
150,1251,115,8204,-222
150,1252,106,8212,-206
150,1253,106,8215,-194
150,1254,108,8206,-200
150,1255,113,8212,-201
150,1256,122,8196,-191
150,1257,110,8194,-202
150,1258,107,8195,-209
150,1259,110,8203,-194
150,1260,119,8198,-193
150,1261,113,8196,-195
150,1262,128,8198,-212
150,1263,117,8187,-215
150,1264,111,8187,-209
150,1265,114,8206,-206
150,1266,117,8213,-204
150,1267,118,8208,-210
150,1268,110,8203,-205
150,1269,111,8193,-202
150,1270,114,8191,-209
150,1271,107,8200,-203
150,1272,112,8211,-191
150,1273,104,8206,-224
150,1274,108,8219,-219
150,1275,109,8216,-217
150,1276,116,8208,-197
150,1277,120,8199,-193
150,1278,114,8195,-199
150,1279,111,8187,-195
150,1280,115,8198,-214
150,1281,104,8198,-208
150,1282,110,8213,-196
150,1283,106,8216,-200
150,1284,107,8202,-200
150,1285,112,8203,-209
150,1286,97,8200,-216
150,1287,108,8193,-218
150,1288,104,8189,-195
150,1289,104,8175,-185
150,1290,101,8187,-183
150,1291,96,8206,-207
150,1292,113,8202,-219
150,1293,117,8194,-216
150,1294,115,8196,-224
150,1295,112,8200,-212
150,1296,114,8202,-214
150,1297,113,8194,-209
150,1298,113,8186,-196
150,1299,102,8184,-205
150,1300,102,8200,-195
150,1301,104,8206,-196
150,1302,126,8209,-196
150,1303,130,8206,-199
150,1304,128,8205,-204
150,1305,119,8206,-210
150,1306,106,8211,-203
150,1307,104,8212,-204
150,1308,95,8204,-191
150,1309,101,8200,-172
150,1310,102,8214,-183
150,1311,105,8200,-208
150,1312,101,8198,-205
150,1313,112,8205,-201
150,1314,117,8206,-215
150,1315,103,8196,-215
150,1316,96,8193,-198
150,1317,91,8189,-204
150,1318,104,8193,-204
150,1319,112,8194,-205
150,1320,108,8197,-186
150,1321,103,8199,-191
150,1322,116,8191,-188
150,1323,112,8187,-179
150,1324,112,8187,-184
150,1325,113,8189,-211
150,1326,117,8185,-210
150,1327,113,8183,-198
150,1328,110,8190,-190
150,1329,106,8208,-196
150,1330,111,8203,-189
150,1331,113,8198,-177
150,1332,93,8195,-199
150,1333,104,8200,-187
150,1334,97,8193,-188
150,1335,93,8194,-186
150,1336,106,8192,-184
150,1337,109,8187,-186
150,1338,109,8182,-186
150,1339,128,8201,-183
150,1340,131,8210,-198
150,1341,119,8214,-195
150,1342,120,8208,-199
150,1343,112,8213,-196
150,1344,113,8199,-201
150,1345,116,8197,-222
150,1346,115,8209,-234
150,1347,118,8206,-222
150,1348,118,8212,-213
150,1349,109,8207,-196
150,1350,112,8201,-213
150,1351,109,8201,-222
150,1352,113,8204,-218
150,1353,101,8197,-214
150,1354,103,8178,-209
150,1355,95,8172,-203
150,1356,110,8166,-199
150,1357,121,8177,-211
150,1358,131,8184,-214
150,1359,132,8198,-205
150,1360,133,8204,-217
150,1361,110,8207,-216
150,1362,106,8203,-202
150,1363,117,8206,-196
150,1364,113,8201,-200
150,1365,115,8197,-192
150,1366,114,8195,-199
150,1367,107,8200,-211
150,1368,92,8195,-212
150,1369,108,8201,-198
150,1370,102,8191,-193
150,1371,103,8195,-176
150,1372,109,8198,-180
150,1373,101,8200,-190
150,1374,110,8208,-199
150,1375,116,8204,-201
150,1376,122,8196,-196
150,1377,127,8195,-194
150,1378,128,8195,-200
150,1379,124,8192,-218
150,1380,114,8180,-206
150,1381,111,8179,-183
150,1382,112,8182,-175
150,1383,110,8188,-181
150,1384,118,8188,-166
150,1385,117,8194,-198
150,1386,111,8213,-207
150,1387,122,8219,-212
150,1388,124,8213,-209
150,1389,121,8214,-213
150,1390,114,8215,-212
150,1391,118,8217,-215
150,1392,129,8219,-207
150,1393,121,8217,-190
150,1394,111,8205,-188
150,1395,108,8204,-178
150,1396,110,8201,-193
150,1397,121,8204,-201
150,1398,122,8228,-193
150,1399,115,8223,-192
150,1400,94,8207,-208
150,1401,103,8212,-214
150,1402,118,8193,-207
150,1403,109,8203,-183
150,1404,110,8181,-181
150,1405,117,8182,-194
150,1406,120,8197,-213
150,1407,108,8207,-228
150,1408,111,8203,-239
150,1409,111,8191,-233
150,1410,118,8202,-222
150,1411,123,8195,-224
150,1412,130,8197,-223
150,1413,132,8198,-194
150,1414,130,8194,-193
150,1415,127,8197,-200
150,1416,119,8201,-202
150,1417,119,8204,-201
150,1418,120,8205,-196
150,1419,107,8206,-175
150,1420,100,8196,-190
150,1421,114,8198,-196
150,1422,114,8197,-195
150,1423,110,8202,-187
150,1424,114,8216,-190
150,1425,120,8211,-218
150,1426,119,8211,-213
150,1427,106,8212,-192
150,1428,101,8207,-195
150,1429,102,8188,-201
150,1430,106,8189,-207
150,1431,85,8190,-217
150,1432,91,8197,-220
150,1433,102,8202,-239
150,1434,98,8204,-213
150,1435,93,8189,-215
150,1436,104,8197,-210
150,1437,119,8207,-202
150,1438,127,8207,-217
150,1439,130,8211,-205
150,1440,140,8212,-189
150,1441,123,8211,-198
150,1442,114,8208,-204
150,1443,108,8206,-205
150,1444,110,8196,-209
150,1445,105,8186,-216
150,1446,102,8196,-225
150,1447,108,8200,-228
150,1448,116,8194,-211
150,1449,116,8200,-204
150,1450,110,8206,-192
150,1451,106,8208,-187
150,1452,111,8211,-205
150,1453,108,8216,-197
150,1454,107,8212,-184
150,1455,106,8205,-203
150,1456,100,8204,-224
150,1457,104,8209,-225
150,1458,101,8206,-209
150,1459,100,8196,-199
150,1460,107,8199,-197
150,1461,107,8217,-192
150,1462,97,8210,-188
150,1463,99,8213,-190
150,1464,110,8199,-190
150,1465,118,8197,-192
150,1466,111,8187,-199
150,1467,123,8191,-192
150,1468,128,8208,-194
150,1469,129,8205,-210
150,1470,136,8204,-211
150,1471,127,8192,-210
150,1472,133,8199,-216
150,1473,133,8211,-227
150,1474,123,8212,-212
150,1475,134,8206,-205
150,1476,122,8189,-222
150,1477,111,8182,-242
150,1478,115,8195,-211
150,1479,114,8203,-197
150,1480,109,8192,-202
150,1481,101,8204,-204
150,1482,106,8205,-215
150,1483,110,8184,-202
150,1484,101,8194,-218
150,1485,103,8203,-212
150,1486,98,8198,-215
150,1487,99,8191,-239
150,1488,106,8180,-227
150,1489,96,8183,-210
150,1490,102,8196,-215
150,1491,100,8193,-197
150,1492,96,8202,-203
150,1493,88,8202,-209
150,1494,88,8202,-201
150,1495,98,8201,-213
150,1496,105,8210,-206
150,1497,107,8210,-201
150,1498,111,8192,-207
150,1499,121,8181,-209
150,1500,120,8184,-215
150,1501,117,8192,-206
150,1502,127,8197,-217
150,1503,126,8197,-230
150,1504,114,8204,-218
150,1505,115,8207,-211
150,1506,118,8205,-205
150,1507,113,8200,-192
150,1508,112,8207,-199
150,1509,106,8205,-200
150,1510,103,8193,-205
150,1511,101,8198,-217
150,1512,107,8201,-215
150,1513,111,8213,-218
150,1514,110,8213,-211
150,1515,103,8209,-225
150,1516,108,8210,-208
150,1517,108,8215,-199
150,1518,108,8206,-205
150,1519,97,8205,-212
150,1520,101,8197,-218
150,1521,103,8211,-239
150,1522,114,8214,-216
150,1523,116,8213,-215
150,1524,115,8206,-207
150,1525,120,8198,-211
150,1526,114,8188,-211
150,1527,108,8192,-208
150,1528,95,8202,-202
150,1529,104,8189,-223
150,1530,95,8187,-223
150,1531,94,8189,-237
150,1532,86,8185,-235
150,1533,95,8181,-223
150,1534,98,8197,-205
150,1535,101,8209,-210
150,1536,112,8203,-218
150,1537,110,8200,-210
150,1538,113,8209,-222
150,1539,114,8204,-217
150,1540,116,8199,-206
150,1541,113,8197,-217
150,1542,105,8195,-220
150,1543,110,8188,-220
150,1544,116,8184,-201
150,1545,124,8195,-191
150,1546,143,8202,-188
150,1547,129,8199,-196
150,1548,112,8193,-203
150,1549,115,8192,-203
150,1550,119,8193,-196
150,1551,120,8199,-206
150,1552,114,8196,-195
150,1553,118,8201,-204
150,1554,112,8214,-206
150,1555,113,8206,-218
150,1556,107,8203,-206
150,1557,111,8199,-208
150,1558,108,8190,-200
150,1559,107,8185,-186
150,1560,106,8188,-186
150,1561,107,8186,-198
150,1562,122,8187,-209
150,1563,106,8194,-208
150,1564,99,8200,-197
150,1565,97,8196,-190
150,1566,107,8198,-191
150,1567,116,8209,-188
150,1568,113,8196,-186
150,1569,123,8186,-189
150,1570,112,8191,-214
150,1571,108,8198,-230
150,1572,115,8198,-213
150,1573,106,8203,-206
150,1574,98,8202,-191
150,1575,99,8201,-206
150,1576,110,8202,-209
150,1577,104,8206,-218
150,1578,94,8202,-218
150,1579,98,8199,-213
150,1580,94,8197,-199
150,1581,92,8204,-208
150,1582,97,8220,-217
150,1583,107,8218,-219
150,1584,107,8195,-209
150,1585,118,8199,-205
150,1586,118,8200,-192
150,1587,124,8199,-198
150,1588,120,8191,-205
150,1589,115,8202,-195
150,1590,116,8203,-193
150,1591,117,8200,-195
150,1592,112,8204,-207
150,1593,101,8200,-210
150,1594,102,8204,-212
150,1595,114,8197,-206
150,1596,125,8198,-201
150,1597,133,8199,-207
150,1598,125,8196,-196
150,1599,121,8189,-210
150,1600,118,8184,-194
150,1601,124,8195,-209
150,1602,127,8199,-206
150,1603,130,8202,-204
150,1604,123,8197,-218
150,1605,117,8200,-210
150,1606,120,8183,-219
150,1607,107,8191,-204
150,1608,105,8199,-205
150,1609,126,8190,-207
150,1610,129,8185,-198
150,1611,118,8210,-197
150,1612,123,8212,-214
150,1613,110,8203,-216
150,1614,112,8195,-209
150,1615,115,8198,-210
150,1616,118,8187,-218
150,1617,115,8193,-211
150,1618,115,8192,-191
150,1619,124,8205,-193
150,1620,122,8202,-197
150,1621,125,8195,-201
150,1622,134,8202,-192
150,1623,126,8207,-186
150,1624,113,8203,-202
150,1625,113,8212,-207
150,1626,115,8203,-211
150,1627,116,8201,-204
150,1628,118,8204,-211
150,1629,113,8205,-209
150,1630,125,8200,-201
150,1631,132,8190,-201
150,1632,119,8200,-185
150,1633,111,8209,-179
150,1634,116,8204,-187
150,1635,127,8195,-192
150,1636,119,8189,-179
150,1637,116,8201,-176
150,1638,98,8211,-173
150,1639,103,8216,-180
150,1640,115,8215,-201
150,1641,116,8222,-219
150,1642,111,8215,-222
150,1643,107,8210,-220
150,1644,97,8214,-204
150,1645,99,8207,-193
150,1646,109,8206,-182
150,1647,110,8192,-175
150,1648,109,8189,-192
150,1649,110,8193,-183
150,1650,121,8193,-185
150,1651,118,8182,-196
150,1652,106,8190,-181
150,1653,108,8200,-205
150,1654,106,8194,-209
150,1655,105,8179,-196
150,1656,105,8170,-206
150,1657,116,8173,-208
150,1658,117,8187,-200
150,1659,95,8188,-203
150,1660,103,8186,-181
150,1661,108,8195,-185
150,1662,110,8195,-192
150,1663,113,8201,-209
150,1664,124,8201,-212
150,1665,118,8209,-216
150,1666,108,8203,-225
150,1667,114,8200,-223
150,1668,112,8195,-227
150,1669,116,8198,-218
150,1670,121,8201,-212
150,1671,115,8193,-200
150,1672,106,8192,-209
150,1673,110,8195,-219
150,1674,108,8197,-195
150,1675,109,8200,-191
150,1676,107,8192,-194
150,1677,107,8195,-205
150,1678,108,8179,-225
150,1679,109,8178,-229
150,1680,99,8185,-211
150,1681,109,8195,-217
150,1682,113,8200,-204
150,1683,121,8188,-191
150,1684,120,8200,-190
150,1685,111,8197,-202
150,1686,110,8202,-203
150,1687,112,8202,-206
150,1688,120,8207,-192
150,1689,114,8195,-195
150,1690,114,8197,-209
150,1691,108,8194,-217
150,1692,104,8188,-200
150,1693,113,8193,-199
150,1694,121,8184,-188
150,1695,108,8192,-198
150,1696,117,8195,-210
150,1697,118,8196,-215
150,1698,112,8194,-200
150,1699,115,8194,-216
150,1700,114,8192,-213
150,1701,106,8185,-190
150,1702,117,8181,-185
150,1703,127,8185,-198
150,1704,117,8194,-207
150,1705,118,8190,-210
150,1706,120,8189,-218
150,1707,108,8198,-205
150,1708,105,8198,-185
150,1709,117,8199,-191
150,1710,114,8197,-202
150,1711,117,8193,-196
150,1712,108,8209,-199
150,1713,121,8208,-204
150,1714,120,8208,-214
150,1715,115,8203,-215
150,1716,114,8205,-218
150,1717,102,8204,-203
150,1718,105,8195,-206
150,1719,103,8205,-206
150,1720,106,8191,-206
150,1721,112,8194,-196
150,1722,108,8190,-172
150,1723,102,8194,-191
150,1724,100,8190,-205
150,1725,102,8191,-201
150,1726,101,8183,-198
150,1727,102,8181,-191
150,1728,109,8186,-191
150,1729,109,8183,-201
150,1730,109,8181,-202
150,1731,117,8180,-188
150,1732,123,8183,-188
150,1733,125,8186,-179
150,1734,118,8187,-183
150,1735,119,8178,-178
150,1736,126,8192,-200
150,1737,113,8194,-184
150,1738,110,8184,-179
150,1739,114,8184,-192
150,1740,112,8173,-209
150,1741,121,8193,-206
150,1742,115,8190,-207
150,1743,113,8208,-206
150,1744,113,8199,-203
150,1745,119,8180,-221
150,1746,107,8193,-224
150,1747,117,8212,-225
150,1748,123,8203,-221
150,1749,118,8200,-207
150,1750,117,8208,-212
150,1751,128,8215,-222
150,1752,115,8208,-217
150,1753,113,8200,-215
150,1754,107,8191,-215
150,1755,114,8199,-221
150,1756,119,8188,-222
150,1757,131,8182,-213
150,1758,130,8179,-205
150,1759,124,8193,-209
150,1760,121,8199,-206
150,1761,109,8202,-206
150,1762,107,8201,-217
150,1763,102,8206,-220
150,1764,105,8201,-218
150,1765,110,8202,-207
150,1766,110,8216,-224
150,1767,110,8212,-199
150,1768,111,8197,-202
150,1769,102,8191,-198
150,1770,105,8195,-218
150,1771,95,8196,-201
150,1772,87,8204,-201
150,1773,106,8196,-192
150,1774,114,8191,-200
150,1775,110,8182,-207
150,1776,111,8183,-206
150,1777,121,8189,-221
150,1778,121,8188,-219
150,1779,127,8191,-213
150,1780,124,8197,-209
150,1781,115,8199,-214
150,1782,109,8204,-217
150,1783,102,8209,-204
150,1784,109,8203,-201
150,1785,105,8212,-200
150,1786,116,8208,-193
150,1787,107,8194,-195
150,1788,104,8177,-189
150,1789,115,8174,-192
150,1790,111,8190,-196
150,1791,113,8197,-205
150,1792,102,8199,-201
150,1793,107,8200,-215
150,1794,110,8190,-221
150,1795,112,8201,-228
150,1796,112,8200,-226
150,1797,119,8200,-203
150,1798,128,8202,-206
150,1799,120,8194,-204
150,1800,115,8190,-220
150,1801,111,8201,-226
150,1802,112,8196,-231
150,1803,102,8195,-222
150,1804,101,8209,-212
150,1805,102,8209,-203
150,1806,94,8204,-195
150,1807,91,8199,-204
150,1808,95,8198,-217
150,1809,89,8203,-208
150,1810,94,8198,-223
150,1811,91,8186,-202
150,1812,92,8193,-223
150,1813,92,8194,-227
150,1814,88,8186,-223
150,1815,94,8191,-219
150,1816,95,8181,-196
150,1817,100,8193,-199
150,1818,110,8180,-186
150,1819,111,8187,-187
150,1820,107,8190,-180
150,1821,111,8194,-178
150,1822,127,8191,-186
150,1823,119,8190,-168
150,1824,107,8186,-189
150,1825,107,8189,-203
150,1826,97,8196,-214
150,1827,98,8199,-201
150,1828,96,8205,-206
150,1829,99,8204,-212
150,1830,106,8208,-209
150,1831,108,8203,-210
150,1832,122,8200,-206
150,1833,100,8191,-214
150,1834,109,8199,-209
150,1835,110,8185,-192
150,1836,109,8186,-193
150,1837,108,8193,-203
150,1838,106,8207,-221
150,1839,111,8202,-223
150,1840,115,8197,-227
150,1841,118,8190,-212
150,1842,100,8188,-209
150,1843,102,8190,-229
150,1844,106,8189,-230
150,1845,114,8198,-222
150,1846,118,8189,-224
150,1847,117,8184,-209
150,1848,112,8196,-223
150,1849,117,8194,-223
150,1850,111,8191,-214
150,1851,104,8194,-204
150,1852,105,8178,-199
150,1853,113,8185,-200
150,1854,110,8195,-194
150,1855,109,8197,-194
150,1856,119,8189,-211
150,1857,111,8188,-202
150,1858,112,8199,-207
150,1859,101,8206,-218
150,1860,108,8194,-222
150,1861,108,8198,-204
150,1862,107,8198,-206
150,1863,117,8199,-194
150,1864,111,8207,-199
150,1865,112,8195,-201
150,1866,112,8195,-199
150,1867,104,8197,-202
150,1868,103,8199,-187
150,1869,113,8203,-190
150,1870,122,8205,-189
150,1871,126,8212,-188
150,1872,136,8210,-187
150,1873,126,8199,-223
150,1874,122,8204,-225
150,1875,118,8204,-200
150,1876,113,8200,-192
150,1877,109,8199,-210
150,1878,111,8187,-219
150,1879,117,8187,-224
150,1880,115,8180,-226
150,1881,112,8179,-217
150,1882,100,8194,-205
150,1883,104,8199,-191
150,1884,117,8186,-177
150,1885,117,8197,-190
150,1886,122,8193,-206
150,1887,109,8199,-216
150,1888,106,8211,-214
150,1889,104,8200,-214
150,1890,98,8191,-208
150,1891,110,8198,-215
150,1892,127,8209,-214
150,1893,119,8212,-206
150,1894,99,8202,-210
150,1895,103,8216,-208
150,1896,121,8210,-206
150,1897,113,8204,-210
150,1898,113,8187,-214
150,1899,115,8184,-197
150,1900,117,8185,-194
150,1901,102,8182,-205
150,1902,113,8194,-214
150,1903,122,8190,-220
150,1904,111,8194,-217
150,1905,112,8192,-203
150,1906,125,8207,-207
150,1907,122,8213,-212
150,1908,120,8212,-219
150,1909,115,8192,-214
150,1910,120,8205,-220
150,1911,105,8197,-211
150,1912,114,8204,-226
150,1913,124,8205,-220
150,1914,120,8191,-215
150,1915,114,8193,-212
150,1916,107,8191,-208
150,1917,121,8208,-216
150,1918,125,8211,-202
150,1919,119,8228,-201
150,1920,114,8215,-200
150,1921,123,8202,-203
150,1922,120,8206,-208
150,1923,115,8206,-206
150,1924,104,8208,-206
150,1925,116,8193,-207
150,1926,126,8199,-204
150,1927,126,8203,-211
150,1928,121,8194,-213
150,1929,116,8184,-219
150,1930,114,8188,-223
150,1931,124,8179,-217
150,1932,128,8172,-210
150,1933,124,8183,-194
150,1934,115,8185,-211
150,1935,109,8196,-233
150,1936,120,8196,-218
150,1937,125,8194,-210
150,1938,127,8204,-211
150,1939,120,8199,-213
150,1940,123,8196,-202
150,1941,123,8193,-199
150,1942,115,8196,-228
150,1943,112,8191,-222
150,1944,112,8193,-211
150,1945,106,8188,-203
150,1946,106,8194,-209
150,1947,111,8188,-210
150,1948,112,8192,-214
150,1949,102,8198,-204
150,1950,104,8207,-212
150,1951,89,8205,-198
150,1952,110,8194,-197
150,1953,118,8189,-187
150,1954,109,8196,-193
150,1955,120,8186,-182
150,1956,106,8196,-199
150,1957,109,8197,-201
150,1958,98,8189,-201
150,1959,89,8194,-193
150,1960,104,8198,-176
150,1961,112,8182,-186
150,1962,126,8180,-201
150,1963,118,8182,-202
150,1964,97,8197,-207
150,1965,108,8205,-197
150,1966,117,8206,-195
150,1967,120,8197,-200
150,1968,113,8198,-203
150,1969,111,8185,-227
150,1970,112,8189,-228
150,1971,114,8193,-217
150,1972,109,8208,-202
150,1973,113,8200,-213
150,1974,114,8197,-206
150,1975,112,8199,-191
150,1976,114,8195,-191
150,1977,113,8185,-205
150,1978,117,8191,-206
150,1979,120,8188,-219
150,1980,116,8187,-217
150,1981,102,8185,-200
150,1982,101,8191,-174
150,1983,109,8198,-185
150,1984,109,8201,-197
150,1985,111,8182,-211
150,1986,109,8193,-233
150,1987,108,8199,-233
150,1988,107,8201,-221
150,1989,104,8192,-212
150,1990,114,8193,-219
150,1991,123,8183,-215
150,1992,117,8197,-219
150,1993,115,8201,-228
150,1994,113,8196,-206
150,1995,115,8181,-196
150,1996,105,8185,-193
150,1997,107,8182,-190
150,1998,118,8182,-191
150,1999,115,8199,-202
150,2000,102,8203,-207
150,2001,103,8214,-224
150,2002,98,8213,-225
150,2003,108,8216,-222
150,2004,117,8218,-219
150,2005,107,8202,-211
150,2006,112,8206,-216
150,2007,122,8193,-215
150,2008,130,8183,-226
150,2009,134,8178,-214
150,2010,131,8191,-212
150,2011,115,8193,-206
150,2012,110,8199,-211
150,2013,99,8193,-195
150,2014,101,8184,-193
150,2015,114,8178,-207
150,2016,104,8173,-216
150,2017,106,8174,-209
150,2018,104,8186,-207
150,2019,102,8176,-214
150,2020,105,8175,-204
150,2021,111,8186,-215
150,2022,110,8187,-215
150,2023,109,8207,-214
150,2024,116,8208,-213
150,2025,107,8201,-202
150,2026,111,8196,-208
150,2027,121,8195,-208
150,2028,121,8201,-213
150,2029,109,8197,-232
150,2030,103,8196,-228
150,2031,117,8189,-214
150,2032,119,8200,-195
150,2033,119,8188,-192
150,2034,112,8180,-186
150,2035,112,8187,-186
150,2036,104,8187,-200
150,2037,100,8193,-194
150,2038,103,8187,-199
150,2039,104,8193,-194
150,2040,104,8201,-207
150,2041,102,8199,-204
150,2042,102,8201,-200
150,2043,111,8208,-199
150,2044,103,8211,-194
150,2045,103,8210,-198
150,2046,107,8215,-208
150,2047,102,8198,-200
150,2048,99,8195,-198
150,2049,106,8200,-215
150,2050,108,8191,-234
150,2051,107,8187,-214
150,2052,121,8190,-211
150,2053,125,8202,-206
150,2054,117,8197,-211
150,2055,118,8210,-210
150,2056,119,8215,-211
150,2057,114,8204,-218
150,2058,117,8196,-226
150,2059,113,8197,-221
150,2060,124,8201,-204
150,2061,114,8198,-217
150,2062,102,8190,-234
150,2063,96,8195,-209
150,2064,114,8194,-211
150,2065,120,8202,-204
150,2066,115,8215,-199
150,2067,120,8210,-197
150,2068,114,8207,-220
150,2069,113,8192,-231
150,2070,103,8195,-233
150,2071,100,8189,-216
150,2072,97,8186,-215
150,2073,84,8198,-210
150,2074,89,8203,-216
150,2075,95,8196,-200
150,2076,105,8195,-201
150,2077,112,8198,-202
150,2078,122,8202,-199
150,2079,115,8198,-200
150,2080,104,8193,-197
150,2081,96,8184,-194
150,2082,103,8185,-211
150,2083,94,8188,-217
150,2084,92,8187,-230
150,2085,106,8183,-231
150,2086,110,8192,-225
150,2087,95,8199,-218
150,2088,93,8194,-219
150,2089,105,8189,-197
150,2090,93,8193,-200
150,2091,92,8199,-210
150,2092,94,8195,-210
150,2093,93,8201,-223
150,2094,99,8191,-209
150,2095,92,8184,-216
150,2096,93,8189,-207
150,2097,103,8194,-204
150,2098,99,8194,-198
150,2099,107,8180,-212
150,2100,118,8184,-200
150,2101,118,8192,-213
150,2102,114,8197,-205
150,2103,113,8199,-188
150,2104,107,8205,-191
150,2105,105,8203,-194
150,2106,120,8191,-182
150,2107,118,8196,-200
150,2108,112,8194,-214
150,2109,115,8194,-215
150,2110,113,8183,-219
150,2111,122,8176,-212
150,2112,103,8185,-205
150,2113,96,8198,-215
150,2114,87,8201,-211
150,2115,98,8210,-219
150,2116,102,8189,-238
150,2117,111,8196,-227
150,2118,114,8190,-222
150,2119,100,8182,-222
150,2120,105,8193,-200
150,2121,107,8192,-198
150,2122,111,8189,-205
150,2123,114,8200,-210
150,2124,116,8199,-211
150,2125,126,8205,-222
150,2126,129,8207,-223
150,2127,121,8199,-218
150,2128,99,8209,-200
150,2129,104,8201,-189
150,2130,106,8197,-193
150,2131,105,8193,-192
150,2132,109,8198,-186
150,2133,101,8213,-187
150,2134,111,8213,-196
150,2135,112,8210,-202
150,2136,108,8194,-196
150,2137,103,8191,-202
150,2138,96,8199,-207
150,2139,101,8193,-223
150,2140,121,8184,-223
150,2141,121,8193,-200
150,2142,117,8192,-201
150,2143,117,8197,-208
150,2144,111,8193,-201
150,2145,117,8186,-214
150,2146,116,8178,-224
150,2147,120,8187,-220
150,2148,113,8201,-227
150,2149,123,8197,-249
150,2150,119,8179,-235
150,2151,113,8198,-233
150,2152,117,8203,-214
150,2153,97,8204,-215
150,2154,91,8208,-207
150,2155,100,8207,-217
150,2156,103,8204,-213
150,2157,106,8201,-205
150,2158,110,8206,-196
150,2159,110,8193,-194
150,2160,117,8202,-197
150,2161,123,8201,-199
150,2162,118,8201,-197
150,2163,121,8205,-212
150,2164,122,8196,-228
150,2165,124,8199,-214
150,2166,121,8195,-213
150,2167,112,8195,-225
150,2168,106,8201,-211
150,2169,100,8187,-204
150,2170,104,8198,-200
150,2171,101,8191,-197
150,2172,113,8196,-194
150,2173,117,8195,-192
150,2174,125,8187,-195
150,2175,109,8185,-205
150,2176,121,8184,-216
150,2177,125,8186,-210
150,2178,111,8187,-202
150,2179,92,8187,-211
150,2180,96,8205,-204
150,2181,86,8212,-205
150,2182,92,8203,-209
150,2183,97,8211,-212
150,2184,102,8205,-202
150,2185,110,8214,-189
150,2186,113,8198,-192
150,2187,105,8196,-185
150,2188,101,8201,-195
150,2189,110,8201,-195
150,2190,121,8199,-204
150,2191,115,8195,-198
150,2192,104,8194,-193
150,2193,108,8197,-179
150,2194,103,8174,-163
150,2195,110,8174,-170
150,2196,123,8193,-166
150,2197,126,8187,-180
150,2198,122,8187,-198
150,2199,115,8199,-197
150,2200,109,8193,-186
150,2201,99,8191,-182
150,2202,103,8199,-192
150,2203,103,8198,-193
150,2204,104,8192,-201
150,2205,97,8190,-212
150,2206,107,8191,-226
150,2207,109,8198,-215
150,2208,110,8196,-213
150,2209,105,8184,-213
150,2210,104,8173,-212
150,2211,100,8188,-191
150,2212,122,8183,-180
150,2213,124,8196,-181
150,2214,118,8187,-180
150,2215,119,8182,-192
150,2216,105,8182,-207
150,2217,106,8192,-208
150,2218,109,8195,-214
150,2219,110,8192,-216
150,2220,113,8199,-196
150,2221,116,8195,-193
150,2222,124,8189,-199
150,2223,114,8186,-209
150,2224,104,8184,-214
150,2225,112,8200,-212
150,2226,120,8194,-213
150,2227,130,8192,-210
150,2228,128,8195,-201
150,2229,124,8202,-208
150,2230,116,8195,-197
150,2231,106,8187,-193
150,2232,100,8184,-190
150,2233,105,8180,-186
150,2234,103,8190,-188
150,2235,115,8204,-195
150,2236,118,8198,-223
150,2237,113,8198,-223
150,2238,118,8185,-202
150,2239,111,8181,-206
150,2240,110,8182,-203
150,2241,121,8183,-208
150,2242,124,8187,-202
150,2243,130,8192,-186
150,2244,139,8188,-182
150,2245,129,8193,-172
150,2246,129,8178,-183
150,2247,125,8183,-179
150,2248,119,8184,-202
150,2249,110,8176,-209
150,2250,114,8182,-220
150,2251,122,8186,-200
150,2252,122,8195,-177
150,2253,120,8192,-173
150,2254,108,8191,-189
150,2255,116,8191,-208
150,2256,118,8190,-201
150,2257,118,8196,-187
150,2258,102,8174,-206
150,2259,108,8177,-203
150,2260,108,8185,-206
150,2261,109,8179,-219
150,2262,107,8186,-217
150,2263,103,8193,-229
150,2264,88,8196,-217
150,2265,93,8192,-211
150,2266,100,8186,-189
150,2267,109,8191,-194
150,2268,105,8193,-207
150,2269,110,8192,-219
150,2270,102,8182,-203
150,2271,88,8179,-185
150,2272,97,8183,-184
150,2273,116,8187,-206
150,2274,102,8202,-220
150,2275,105,8202,-232
150,2276,106,8196,-220
150,2277,91,8189,-199
150,2278,96,8181,-202
150,2279,108,8190,-186
150,2280,109,8187,-191
150,2281,112,8184,-187
150,2282,102,8181,-181
150,2283,94,8188,-192
150,2284,109,8199,-205
150,2285,110,8203,-222
150,2286,120,8209,-223
150,2287,121,8218,-205
150,2288,125,8211,-197
150,2289,104,8206,-194
150,2290,100,8198,-189
150,2291,110,8192,-198
150,2292,110,8188,-193
150,2293,102,8191,-194
150,2294,96,8186,-212
150,2295,88,8187,-209
150,2296,80,8200,-214
150,2297,83,8203,-212
150,2298,90,8196,-197
150,2299,99,8189,-214
150,2300,108,8192,-233
150,2301,100,8196,-226
150,2302,101,8200,-227
150,2303,107,8184,-224
150,2304,111,8190,-209
150,2305,109,8200,-211
150,2306,119,8219,-226
150,2307,116,8204,-216
150,2308,111,8193,-221
150,2309,111,8187,-204
150,2310,115,8199,-218
150,2311,113,8209,-186
150,2312,101,8218,-182
150,2313,121,8217,-188
150,2314,116,8206,-182
150,2315,110,8198,-176
150,2316,107,8195,-204
150,2317,97,8190,-205
150,2318,90,8179,-199
150,2319,105,8187,-187
150,2320,108,8191,-205
150,2321,105,8190,-197
150,2322,105,8201,-207
150,2323,87,8213,-203
150,2324,87,8199,-207
150,2325,101,8189,-201
150,2326,102,8187,-221
150,2327,107,8186,-220
150,2328,115,8190,-213
150,2329,125,8182,-223
150,2330,127,8199,-226
150,2331,123,8208,-226
150,2332,108,8195,-222
150,2333,105,8191,-209
150,2334,108,8188,-202
150,2335,94,8193,-201
150,2336,91,8200,-207
150,2337,94,8206,-204
150,2338,103,8197,-196
150,2339,113,8185,-207
150,2340,113,8191,-216
150,2341,114,8194,-196
150,2342,132,8180,-194
150,2343,134,8180,-209
150,2344,125,8179,-215
150,2345,119,8187,-212
150,2346,108,8189,-205
150,2347,112,8187,-186
150,2348,118,8188,-187
150,2349,117,8188,-191
150,2350,123,8187,-193
150,2351,112,8189,-200
150,2352,113,8207,-207
150,2353,114,8200,-202
150,2354,103,8201,-194
150,2355,106,8193,-207
150,2356,108,8204,-192
150,2357,109,8202,-170
150,2358,107,8194,-192
150,2359,107,8197,-189
150,2360,126,8203,-189
150,2361,126,8196,-206
150,2362,129,8204,-205
150,2363,127,8197,-201
150,2364,110,8200,-194
150,2365,109,8202,-196
150,2366,116,8211,-195
150,2367,108,8202,-195
150,2368,101,8186,-204
150,2369,108,8192,-208
150,2370,117,8191,-213
150,2371,126,8180,-227
150,2372,105,8182,-211
150,2373,103,8185,-203
150,2374,111,8186,-205
150,2375,107,8191,-213
150,2376,99,8193,-195
150,2377,113,8202,-195
150,2378,112,8189,-208
150,2379,118,8197,-203
150,2380,117,8199,-197
150,2381,112,8199,-187
150,2382,120,8198,-188
150,2383,99,8195,-201
150,2384,98,8181,-200
150,2385,104,8170,-206
150,2386,108,8175,-209
150,2387,107,8180,-210
150,2388,113,8191,-189
150,2389,111,8196,-199
150,2390,97,8195,-203
150,2391,98,8201,-199
150,2392,94,8197,-189
150,2393,97,8186,-186
150,2394,99,8191,-202
150,2395,112,8199,-206
150,2396,118,8185,-214
150,2397,120,8194,-216
150,2398,118,8192,-219
150,2399,117,8188,-215
150,2400,111,8184,-196
150,2401,110,8202,-190
150,2402,105,8206,-197
150,2403,104,8205,-205
150,2404,117,8210,-201
150,2405,107,8209,-205
150,2406,101,8205,-219
150,2407,92,8191,-228
150,2408,88,8182,-216
150,2409,89,8188,-221
150,2410,100,8194,-219
150,2411,100,8179,-233
150,2412,108,8187,-224
150,2413,110,8198,-215
150,2414,108,8208,-206
150,2415,103,8208,-197
150,2416,100,8199,-197
150,2417,102,8199,-189
150,2418,108,8207,-180
150,2419,115,8191,-175
150,2420,116,8195,-168
150,2421,127,8193,-178
150,2422,119,8190,-184
150,2423,112,8197,-196
150,2424,110,8200,-210
150,2425,93,8204,-210
150,2426,100,8208,-221
150,2427,101,8199,-217
150,2428,97,8193,-224
150,2429,96,8198,-231
150,2430,109,8204,-198
150,2431,111,8204,-197
150,2432,126,8188,-203
150,2433,110,8188,-192
150,2434,105,8181,-210
150,2435,103,8187,-200
150,2436,106,8187,-213
150,2437,102,8198,-213
150,2438,111,8202,-208
150,2439,109,8207,-196
150,2440,102,8206,-192
150,2441,110,8201,-186
150,2442,108,8206,-200
150,2443,109,8213,-210
150,2444,103,8207,-204
150,2445,98,8192,-201
150,2446,101,8189,-192
150,2447,104,8189,-197
150,2448,120,8193,-188
150,2449,122,8192,-196
150,2450,107,8190,-192
150,2451,110,8191,-199
150,2452,116,8181,-200
150,2453,119,8180,-204
150,2454,104,8168,-195
150,2455,105,8168,-192
150,2456,106,8188,-209
150,2457,117,8199,-215
150,2458,113,8193,-201
150,2459,121,8198,-198
150,2460,103,8203,-204
150,2461,96,8191,-206
150,2462,101,8190,-202
150,2463,96,8186,-194
150,2464,98,8194,-201
150,2465,106,8198,-195
150,2466,115,8215,-187
150,2467,106,8203,-204
150,2468,103,8203,-197
150,2469,115,8200,-210
150,2470,111,8205,-188
150,2471,105,8203,-188
150,2472,109,8198,-196
150,2473,100,8194,-192
150,2474,92,8192,-194
150,2475,100,8197,-194
150,2476,108,8195,-194
150,2477,111,8205,-211
150,2478,122,8203,-218
150,2479,122,8204,-190
150,2480,121,8193,-185
150,2481,110,8197,-188
150,2482,103,8209,-206
150,2483,121,8209,-212
150,2484,113,8210,-212
150,2485,113,8204,-225
150,2486,117,8205,-210
150,2487,114,8196,-206
150,2488,103,8202,-202
150,2489,108,8192,-206
150,2490,101,8186,-218
150,2491,100,8183,-234
150,2492,108,8198,-207
150,2493,112,8201,-211
150,2494,115,8205,-199
150,2495,125,8196,-192
150,2496,121,8197,-210
150,2497,115,8197,-210
151,0,107,8190,-199
151,1,107,8179,-221
151,2,103,8182,-200
151,3,101,8193,-204
151,4,93,8189,-207
151,5,99,8186,-211
151,6,104,8194,-194
151,7,107,8200,-197
151,8,110,8205,-201
151,9,101,8218,-206
151,10,100,8213,-207
151,11,106,8214,-206
151,12,100,8197,-204
151,13,113,8191,-236
151,14,114,8188,-228
151,15,109,8184,-207
151,16,114,8189,-196
151,17,106,8190,-190
151,18,121,8185,-190
151,19,113,8184,-198
151,20,115,8176,-207
151,21,113,8175,-205
151,22,113,8198,-203
151,23,106,8197,-191
151,24,109,8205,-211
151,25,102,8210,-194
151,26,116,8219,-213
151,27,107,8222,-218
151,28,92,8217,-230
151,29,99,8211,-215
151,30,103,8202,-212
151,31,110,8189,-199
151,32,115,8178,-208
151,33,110,8189,-200
151,34,109,8196,-213
151,35,111,8194,-206
151,36,114,8209,-210
151,37,107,8198,-202
151,38,111,8197,-194
151,39,104,8194,-190
151,40,106,8189,-181
151,41,101,8199,-198
151,42,96,8202,-207
151,43,104,8213,-208
151,44,107,8216,-204
151,45,111,8212,-234
151,46,109,8218,-239
151,47,117,8212,-226
151,48,107,8208,-247
151,49,99,8214,-239
151,50,102,8206,-216
151,51,90,8210,-225
151,52,83,8220,-224
151,53,85,8219,-214
151,54,80,8213,-219
151,55,87,8211,-222
151,56,108,8212,-218
151,57,115,8222,-212
151,58,115,8226,-211
151,59,112,8227,-211
151,60,107,8222,-198
151,61,105,8213,-191
151,62,94,8198,-209
151,63,106,8192,-213
151,64,113,8196,-202
151,65,117,8193,-215
151,66,102,8201,-225
151,67,109,8191,-217
151,68,110,8197,-218
151,69,104,8187,-211
151,70,109,8184,-213
151,71,111,8190,-195
151,72,120,8212,-185
151,73,122,8207,-191
151,74,109,8207,-199
151,75,120,8203,-192
151,76,119,8205,-198
151,77,125,8211,-192
151,78,122,8205,-199
151,79,111,8206,-200
151,80,117,8205,-204
151,81,106,8192,-200
151,82,103,8177,-210
151,83,107,8176,-209
151,84,110,8192,-211
151,85,120,8199,-224
151,86,123,8204,-237
151,87,109,8203,-215
151,88,116,8195,-196
151,89,116,8193,-181
151,90,112,8194,-170
151,91,119,8205,-189
151,92,124,8213,-201
151,93,130,8213,-198
151,94,117,8210,-200
151,95,110,8205,-192
151,96,110,8189,-199
151,97,123,8182,-194
151,98,109,8197,-188
151,99,95,8212,-195
151,100,86,8207,-199
151,101,80,8204,-213
151,102,97,8192,-217
151,103,95,8206,-201
151,104,99,8217,-201
151,105,104,8211,-190
151,106,103,8196,-178
151,107,102,8192,-213
151,108,98,8189,-218
151,109,113,8193,-209
151,110,115,8192,-196
151,111,110,8187,-191
151,112,111,8186,-182
151,113,113,8192,-194
151,114,112,8189,-197
151,115,120,8182,-193
151,116,114,8197,-182
151,117,102,8202,-197
151,118,114,8215,-199
151,119,114,8206,-209
151,120,118,8199,-210
151,121,119,8207,-198
151,122,119,8206,-189
151,123,105,8201,-188
151,124,102,8205,-208
151,125,105,8192,-203
151,126,109,8190,-207
151,127,106,8203,-183
151,128,107,8207,-188
151,129,101,8203,-201
151,130,105,8195,-208
151,131,103,8190,-193
151,132,102,8189,-190
151,133,103,8196,-195
151,134,102,8201,-215
151,135,96,8209,-204
151,136,106,8205,-210
151,137,106,8194,-212
151,138,112,8194,-219
151,139,114,8187,-209
151,140,115,8192,-213
151,141,118,8200,-225
151,142,115,8213,-229
151,143,103,8213,-211
151,144,103,8209,-218
151,145,116,8204,-227
151,146,122,8199,-201
151,147,119,8195,-190
151,148,108,8185,-181
151,149,113,8186,-203
151,150,118,8191,-212
151,151,121,8187,-204
151,152,118,8186,-211
151,153,126,8189,-224
151,154,109,8192,-212
151,155,105,8182,-210
151,156,108,8199,-231
151,157,110,8201,-232
151,158,105,8199,-202
151,159,103,8189,-189
151,160,101,8188,-207
151,161,97,8185,-204
151,162,99,8198,-192
151,163,93,8204,-197
151,164,103,8203,-206
151,165,101,8196,-209
151,166,104,8194,-211
151,167,106,8200,-213
151,168,102,8193,-228
151,169,104,8206,-206
151,170,115,8204,-201
151,171,126,8205,-196
151,172,119,8210,-195
151,173,120,8198,-187
151,174,108,8199,-196
151,175,95,8201,-217
151,176,121,8201,-223
151,177,111,8202,-204
151,178,101,8200,-212
151,179,124,8190,-208
151,180,127,8192,-216
151,181,118,8191,-209
151,182,112,8200,-207
151,183,122,8203,-201
151,184,107,8193,-205
151,185,108,8211,-206
151,186,110,8199,-223
151,187,116,8203,-223
151,188,99,8197,-215
151,189,110,8203,-202
151,190,126,8192,-219
151,191,121,8181,-238
151,192,115,8183,-233
151,193,110,8197,-218
151,194,110,8190,-221
151,195,116,8197,-226
151,196,111,8197,-225
151,197,111,8197,-224
151,198,116,8192,-207
151,199,108,8196,-203
151,200,101,8202,-192
151,201,101,8204,-194
151,202,115,8201,-182
151,203,126,8195,-202
151,204,123,8181,-220
151,205,117,8186,-216
151,206,117,8188,-209
151,207,110,8197,-211
151,208,110,8211,-188
151,209,110,8209,-172
151,210,111,8213,-171
151,211,114,8212,-177
151,212,112,8207,-184
151,213,114,8207,-196
151,214,109,8204,-213
151,215,113,8208,-212
151,216,127,8205,-198
151,217,135,8209,-210
151,218,137,8199,-217
151,219,125,8201,-222
151,220,115,8195,-225
151,221,109,8199,-224
151,222,99,8207,-206
151,223,101,8201,-193
151,224,110,8204,-204
151,225,113,8191,-202
151,226,109,8181,-210
151,227,106,8183,-213
151,228,113,8191,-187
151,229,120,8206,-178
151,230,123,8201,-186
151,231,115,8194,-187
151,232,108,8182,-194
151,233,116,8194,-177
151,234,105,8196,-191
151,235,114,8194,-210
151,236,117,8182,-223
151,237,117,8184,-205
151,238,118,8185,-196
151,239,109,8185,-197
151,240,112,8185,-180
151,241,121,8182,-175
151,242,127,8183,-161
151,243,123,8187,-184
151,244,119,8180,-201
151,245,118,8178,-182
151,246,127,8196,-193
151,247,117,8199,-196
151,248,108,8202,-191
151,249,96,8188,-196
151,250,92,8194,-197
151,251,103,8192,-202
151,252,107,8202,-200
151,253,103,8196,-197
151,254,92,8202,-201
151,255,106,8213,-202
151,256,115,8198,-201
151,257,120,8187,-213
151,258,121,8175,-200
151,259,113,8183,-195
151,260,114,8197,-210
151,261,110,8199,-217
151,262,112,8201,-204
151,263,114,8194,-202
151,264,118,8194,-212
151,265,128,8198,-205
151,266,129,8199,-207
151,267,120,8187,-216
151,268,112,8203,-220
151,269,103,8208,-229
151,270,101,8200,-219
151,271,98,8200,-209
151,272,112,8196,-192
151,273,118,8196,-199
151,274,110,8195,-198
151,275,116,8195,-217
151,276,116,8189,-212
151,277,114,8193,-198
151,278,122,8194,-215
151,279,118,8196,-221
151,280,117,8204,-194
151,281,115,8213,-201
151,282,111,8203,-197
151,283,103,8205,-179
151,284,96,8199,-200
151,285,101,8203,-194
151,286,114,8214,-189
151,287,114,8199,-194
151,288,122,8186,-180
151,289,116,8182,-187
151,290,104,8189,-192
151,291,112,8192,-207
151,292,107,8192,-214
151,293,101,8194,-201
151,294,106,8209,-197
151,295,110,8211,-186
151,296,115,8211,-190
151,297,107,8201,-189
151,298,107,8200,-184
151,299,117,8192,-207
151,300,111,8197,-220
151,301,113,8186,-203
151,302,116,8181,-201
151,303,110,8185,-192
151,304,104,8198,-206
151,305,123,8205,-213
151,306,126,8197,-200
151,307,112,8191,-205
151,308,107,8187,-197
151,309,119,8198,-210
151,310,112,8201,-205
151,311,106,8190,-199
151,312,105,8190,-200
151,313,108,8199,-187
151,314,100,8192,-192
151,315,109,8201,-188
151,316,115,8193,-189
151,317,111,8198,-209
151,318,116,8200,-228
151,319,125,8196,-223
151,320,113,8199,-212
151,321,122,8191,-206
151,322,118,8200,-190
151,323,113,8199,-195
151,324,115,8202,-200
151,325,111,8199,-191
151,326,124,8201,-192
151,327,119,8190,-210
151,328,108,8196,-203
151,329,115,8200,-206
151,330,111,8199,-206
151,331,104,8192,-214
151,332,101,8190,-224
151,333,102,8189,-218
151,334,109,8196,-210
151,335,101,8191,-211
151,336,101,8190,-229
151,337,117,8197,-211
151,338,114,8213,-191
151,339,118,8205,-191
151,340,120,8200,-208
151,341,119,8199,-197
151,342,105,8199,-203
151,343,104,8187,-232
151,344,96,8178,-232
151,345,103,8190,-229
151,346,110,8182,-220
151,347,112,8174,-195
151,348,115,8181,-202
151,349,119,8187,-194
151,350,113,8181,-191
151,351,112,8189,-208
151,352,98,8199,-212
151,353,107,8207,-199
151,354,115,8199,-202
151,355,121,8192,-183
151,356,116,8191,-185
151,357,109,8182,-185
151,358,107,8179,-188
151,359,100,8189,-188
151,360,106,8184,-182
151,361,101,8187,-188
151,362,104,8186,-182
151,363,103,8191,-185
151,364,111,8197,-190
151,365,112,8207,-203
151,366,101,8191,-222
151,367,109,8187,-201
151,368,112,8199,-201
151,369,109,8202,-216
151,370,115,8201,-197
151,371,113,8197,-210
151,372,108,8195,-203
151,373,102,8191,-212
151,374,102,8198,-218
151,375,107,8201,-208
151,376,116,8200,-196
151,377,104,8193,-178
151,378,105,8180,-190
151,379,119,8171,-205
151,380,121,8186,-185
151,381,121,8184,-189
151,382,118,8186,-205
151,383,117,8197,-223
151,384,118,8187,-228
151,385,123,8184,-211
151,386,131,8190,-214
151,387,129,8189,-188
151,388,124,8193,-186
151,389,111,8195,-211
151,390,118,8202,-200
151,391,125,8203,-205
151,392,118,8202,-221
151,393,107,8196,-223
151,394,117,8191,-210
151,395,112,8186,-208
151,396,105,8181,-210
151,397,109,8190,-207
151,398,97,8204,-211
151,399,107,8193,-205
151,400,124,8205,-197
151,401,124,8217,-211
151,402,115,8216,-207
151,403,108,8218,-202
151,404,112,8211,-206
151,405,104,8205,-203
151,406,102,8200,-222
151,407,98,8197,-222
151,408,96,8201,-214
151,409,112,8189,-205
151,410,117,8187,-192
151,411,116,8188,-178
151,412,96,8183,-189
151,413,114,8197,-196
151,414,118,8201,-200
151,415,124,8198,-204
151,416,117,8198,-202
151,417,120,8192,-202
151,418,112,8189,-193
151,419,111,8200,-184
151,420,108,8193,-190
151,421,104,8191,-196
151,422,107,8202,-207
151,423,121,8217,-202
151,424,106,8213,-212
151,425,104,8209,-243
151,426,107,8192,-233
151,427,117,8187,-210
151,428,118,8191,-194
151,429,108,8194,-187
151,430,105,8190,-166
151,431,105,8185,-195
151,432,115,8194,-211
151,433,107,8210,-213
151,434,112,8199,-205
151,435,103,8195,-203
151,436,109,8188,-197
151,437,102,8193,-187
151,438,101,8179,-208
151,439,105,8190,-214
151,440,110,8194,-202
151,441,125,8199,-200
151,442,125,8203,-191
151,443,112,8205,-190
151,444,113,8188,-192
151,445,110,8200,-198
151,446,96,8208,-204
151,447,95,8208,-201
151,448,110,8208,-215
151,449,104,8204,-202
151,450,104,8206,-208
151,451,112,8204,-196
151,452,108,8193,-191
151,453,107,8189,-212
151,454,99,8190,-214
151,455,109,8196,-200
151,456,108,8190,-208
151,457,106,8177,-224
151,458,109,8168,-223
151,459,114,8178,-223
151,460,116,8184,-220
151,461,124,8200,-226
151,462,122,8212,-218
151,463,115,8190,-210
151,464,97,8188,-199
151,465,106,8207,-211
151,466,106,8214,-206
151,467,100,8209,-210
151,468,100,8201,-210
151,469,109,8188,-222
151,470,113,8188,-210
151,471,114,8190,-201
151,472,109,8184,-205
151,473,102,8183,-197
151,474,107,8184,-205
151,475,113,8177,-221
151,476,101,8185,-216
151,477,104,8167,-207
151,478,104,8170,-207
151,479,105,8175,-207
151,480,105,8180,-213
151,481,110,8186,-205
151,482,103,8196,-189
151,483,88,8193,-184
151,484,90,8191,-193
151,485,96,8200,-213
151,486,100,8192,-197
151,487,104,8183,-198
151,488,114,8175,-206
151,489,120,8180,-216
151,490,115,8193,-219
151,491,122,8188,-210
151,492,102,8180,-188
151,493,102,8180,-200
151,494,108,8180,-214
151,495,106,8192,-209
151,496,106,8188,-200
151,497,113,8182,-201
151,498,105,8192,-209
151,499,104,8192,-216
151,500,102,8185,-219
151,501,106,8198,-200
151,502,114,8204,-190
151,503,107,8203,-174
151,504,105,8198,-175
151,505,111,8197,-178
151,506,108,8190,-182
151,507,115,8182,-174
151,508,111,8182,-184
151,509,109,8189,-176
151,510,115,8200,-184
151,511,109,8203,-174
151,512,103,8185,-204
151,513,98,8188,-202
151,514,89,8197,-205
151,515,107,8205,-216
151,516,113,8199,-223
151,517,101,8195,-222
151,518,107,8196,-217
151,519,119,8199,-227
151,520,116,8202,-216
151,521,121,8203,-218
151,522,115,8192,-207
151,523,120,8193,-213
151,524,112,8189,-217
151,525,97,8187,-216
151,526,93,8194,-192
151,527,95,8194,-186
151,528,92,8214,-177
151,529,90,8206,-190
151,530,98,8201,-197
151,531,98,8192,-203
151,532,99,8201,-213
151,533,121,8194,-211
151,534,128,8188,-212
151,535,113,8180,-226
151,536,111,8174,-229
151,537,112,8179,-248
151,538,114,8180,-230
151,539,99,8185,-208
151,540,96,8192,-207
151,541,104,8200,-206
151,542,101,8189,-212
151,543,94,8187,-219
151,544,104,8180,-199
151,545,109,8180,-195
151,546,107,8181,-193
151,547,106,8187,-202
151,548,114,8179,-199
151,549,110,8186,-204
151,550,106,8190,-216
151,551,111,8181,-217
151,552,115,8194,-221
151,553,112,8192,-222
151,554,120,8207,-226
151,555,109,8200,-224
151,556,109,8202,-208
151,557,93,8195,-209
151,558,99,8194,-222
151,559,112,8190,-216
151,560,113,8201,-207
151,561,102,8197,-201
151,562,98,8199,-198
151,563,84,8195,-227
151,564,85,8195,-215
151,565,96,8190,-205
151,566,100,8192,-198
151,567,115,8199,-218
151,568,114,8196,-227
151,569,115,8198,-212
151,570,116,8215,-218
151,571,109,8215,-207
151,572,91,8220,-214
151,573,88,8208,-214
151,574,90,8198,-202
151,575,102,8200,-202
151,576,114,8201,-213
151,577,106,8200,-199
151,578,102,8195,-202
151,579,99,8201,-206
151,580,101,8204,-202
151,581,97,8200,-211
151,582,103,8196,-211
151,583,120,8193,-195
151,584,109,8188,-200
151,585,112,8199,-212
151,586,121,8193,-201
151,587,123,8195,-201
151,588,114,8196,-198
151,589,112,8192,-208
151,590,114,8185,-199
151,591,109,8185,-196
151,592,109,8198,-208
151,593,106,8205,-222
151,594,104,8209,-217
151,595,109,8212,-197
151,596,111,8194,-183
151,597,110,8204,-215
151,598,106,8211,-208
151,599,99,8198,-203
151,600,96,8196,-195
151,601,105,8213,-201
151,602,112,8216,-206
151,603,118,8216,-188
151,604,107,8204,-200
151,605,114,8194,-203
151,606,102,8198,-198
151,607,95,8202,-184
151,608,116,8193,-193
151,609,119,8186,-206
151,610,117,8197,-212
151,611,111,8202,-216
151,612,118,8196,-219
151,613,113,8187,-199
151,614,106,8177,-194
151,615,113,8190,-205
151,616,119,8199,-206
151,617,124,8190,-215
151,618,111,8192,-219
151,619,117,8197,-234
151,620,108,8207,-217
151,621,97,8203,-212
151,622,101,8200,-216
151,623,89,8206,-192
151,624,89,8195,-207
151,625,83,8193,-215
151,626,87,8198,-206
151,627,90,8193,-201
151,628,87,8191,-214
151,629,93,8184,-190
151,630,104,8198,-214
151,631,93,8201,-204
151,632,102,8197,-204
151,633,112,8184,-197
151,634,108,8179,-205
151,635,114,8173,-207
151,636,122,8183,-213
151,637,114,8193,-211
151,638,107,8210,-224
151,639,109,8205,-212
151,640,113,8210,-228
151,641,111,8206,-222
151,642,115,8198,-219
151,643,123,8180,-216
151,644,115,8183,-217
151,645,110,8184,-204
151,646,109,8187,-202
151,647,103,8199,-199
151,648,98,8195,-183
151,649,86,8199,-174
151,650,91,8192,-185
151,651,107,8185,-196
151,652,105,8204,-188
151,653,113,8202,-198
151,654,115,8192,-197
151,655,121,8192,-193
151,656,115,8192,-168
151,657,118,8194,-178
151,658,117,8208,-181
151,659,108,8213,-188
151,660,98,8206,-206
151,661,108,8210,-209
151,662,113,8205,-215
151,663,104,8194,-205
151,664,116,8189,-208
151,665,115,8203,-195
151,666,125,8191,-194
151,667,118,8191,-199
151,668,106,8178,-194
151,669,97,8184,-197
151,670,108,8177,-213
151,671,102,8174,-242
151,672,108,8190,-216
151,673,112,8181,-212
151,674,104,8195,-199
151,675,98,8207,-197
151,676,94,8211,-195
151,677,96,8209,-189
151,678,102,8208,-199
151,679,106,8200,-212
151,680,120,8201,-197
151,681,125,8207,-190
151,682,113,8203,-190
151,683,105,8207,-192
151,684,108,8216,-198
151,685,99,8207,-186
151,686,90,8201,-196
151,687,98,8209,-216
151,688,107,8223,-214
151,689,113,8217,-212
151,690,103,8216,-200
151,691,104,8204,-193
151,692,107,8208,-198
151,693,116,8198,-194
151,694,108,8201,-207
151,695,93,8201,-196
151,696,94,8204,-188
151,697,103,8210,-194
151,698,104,8201,-191
151,699,113,8201,-188
151,700,120,8198,-194
151,701,106,8194,-201
151,702,98,8183,-208
151,703,96,8188,-207
151,704,105,8196,-199
151,705,101,8189,-208
151,706,101,8190,-222
151,707,105,8189,-219
151,708,117,8190,-210
151,709,131,8200,-198
151,710,129,8195,-199
151,711,132,8199,-196
151,712,120,8198,-206
151,713,116,8201,-187
151,714,114,8187,-193
151,715,113,8185,-187
151,716,106,8191,-190
151,717,119,8196,-205
151,718,109,8197,-212
151,719,105,8198,-227
151,720,98,8193,-197
151,721,100,8197,-201
151,722,107,8193,-213
151,723,117,8196,-205
151,724,109,8200,-205
151,725,111,8197,-222
151,726,129,8198,-207
151,727,119,8191,-192
151,728,112,8197,-217
151,729,108,8186,-223
151,730,117,8190,-231
151,731,115,8178,-231
151,732,111,8183,-211
151,733,103,8186,-198
151,734,106,8173,-210
151,735,120,8182,-210
151,736,116,8197,-213
151,737,132,8191,-210
151,738,144,8190,-206
151,739,135,8197,-201
151,740,127,8201,-198
151,741,122,8199,-212
151,742,114,8195,-210
151,743,121,8197,-203
151,744,125,8203,-202
151,745,100,8190,-204
151,746,99,8196,-194
151,747,112,8197,-198
151,748,115,8201,-201
151,749,116,8199,-217
151,750,119,8197,-213
151,751,111,8192,-214
151,752,118,8188,-214
151,753,119,8173,-208
151,754,111,8184,-207
151,755,109,8190,-212
151,756,113,8187,-210
151,757,105,8193,-196
151,758,110,8200,-192
151,759,117,8192,-182
151,760,117,8193,-185
151,761,122,8181,-194
151,762,120,8190,-191
151,763,107,8199,-196
151,764,107,8191,-196
151,765,104,8189,-192
151,766,109,8189,-188
151,767,117,8201,-202
151,768,106,8200,-207
151,769,97,8203,-213
151,770,103,8212,-207
151,771,113,8202,-214
151,772,108,8194,-212
151,773,107,8183,-210
151,774,114,8183,-197
151,775,132,8197,-196
151,776,130,8195,-208
151,777,133,8184,-197
151,778,134,8188,-202
151,779,132,8181,-191
151,780,123,8179,-210
151,781,115,8196,-198
151,782,114,8184,-205
151,783,110,8188,-213
151,784,114,8200,-213
151,785,120,8206,-219
151,786,103,8204,-234
151,787,104,8195,-219
151,788,105,8201,-206
151,789,111,8197,-204
151,790,108,8196,-218
151,791,109,8189,-215
151,792,104,8191,-191
151,793,100,8210,-176
151,794,95,8193,-181
151,795,95,8190,-206
151,796,93,8190,-215
151,797,105,8183,-195
151,798,104,8189,-194
151,799,112,8203,-212
151,800,110,8207,-211
151,801,102,8200,-208
151,802,113,8195,-221
151,803,116,8198,-209
151,804,115,8198,-211
151,805,102,8197,-192
151,806,105,8201,-200
151,807,104,8195,-218
151,808,96,8195,-229
151,809,103,8185,-214
151,810,90,8176,-212
151,811,105,8191,-209
151,812,106,8205,-195
151,813,114,8200,-184
151,814,104,8192,-215
151,815,111,8194,-215
151,816,107,8200,-201
151,817,109,8208,-192
151,818,106,8203,-191
151,819,105,8185,-184
151,820,97,8180,-181
151,821,101,8183,-181
151,822,110,8178,-195
151,823,114,8188,-198
151,824,114,8181,-216
151,825,113,8190,-241
151,826,115,8195,-238
151,827,116,8204,-229
151,828,124,8196,-202
151,829,110,8196,-214
151,830,129,8190,-207
151,831,128,8209,-203
151,832,111,8201,-199
151,833,109,8189,-201
151,834,119,8184,-201
151,835,123,8181,-201
151,836,108,8181,-203
151,837,111,8182,-209
151,838,104,8187,-211
151,839,98,8192,-205
151,840,107,8197,-214
151,841,107,8198,-204
151,842,107,8196,-186
151,843,107,8191,-176
151,844,98,8206,-185
151,845,110,8195,-205
151,846,107,8202,-210
151,847,102,8223,-212
151,848,104,8217,-221
151,849,106,8210,-211
151,850,106,8193,-206
151,851,113,8202,-196
151,852,114,8196,-196
151,853,115,8196,-220
151,854,112,8205,-211
151,855,127,8200,-217
151,856,119,8203,-217
151,857,110,8211,-215
151,858,115,8209,-205
151,859,113,8202,-184
151,860,108,8204,-193
151,861,104,8198,-203
151,862,93,8193,-195
151,863,101,8186,-193
151,864,104,8190,-195
151,865,106,8191,-201
151,866,110,8184,-209
151,867,110,8184,-215
151,868,116,8191,-206
151,869,114,8184,-210
151,870,121,8201,-212
151,871,109,8206,-193
151,872,110,8203,-199
151,873,110,8199,-210
151,874,114,8186,-208
151,875,122,8186,-217
151,876,120,8179,-199
151,877,117,8177,-191
151,878,117,8201,-194
151,879,115,8206,-202
151,880,106,8189,-201
151,881,114,8182,-203
151,882,132,8186,-189
151,883,136,8204,-191
151,884,134,8205,-175
151,885,128,8214,-200
151,886,122,8201,-207
151,887,103,8205,-186
151,888,110,8213,-203
151,889,101,8216,-210
151,890,85,8224,-224
151,891,85,8218,-230
151,892,98,8210,-227
151,893,95,8207,-219
151,894,106,8203,-204
151,895,112,8195,-194
151,896,116,8189,-204
151,897,117,8198,-212
151,898,112,8200,-199
151,899,104,8194,-197
151,900,107,8207,-201
151,901,118,8212,-202
151,902,124,8206,-186
151,903,111,8209,-198
151,904,115,8200,-209
151,905,117,8199,-213
151,906,116,8191,-207
151,907,97,8191,-199
151,908,116,8199,-192
151,909,112,8204,-185
151,910,118,8196,-185
151,911,121,8196,-193
151,912,121,8190,-196
151,913,123,8196,-194
151,914,132,8197,-177
151,915,128,8203,-180
151,916,118,8203,-184
151,917,102,8188,-182
151,918,113,8194,-207
151,919,116,8218,-217
151,920,111,8219,-203
151,921,100,8213,-221
151,922,101,8226,-217
151,923,107,8216,-221
151,924,119,8212,-215
151,925,120,8207,-218
151,926,116,8203,-214
151,927,108,8195,-206
151,928,106,8196,-196
151,929,116,8197,-198
151,930,118,8198,-202
151,931,114,8202,-223
151,932,121,8209,-219
151,933,117,8205,-223
151,934,120,8203,-213
151,935,119,8200,-213
151,936,102,8192,-216
151,937,99,8203,-225
151,938,110,8199,-220
151,939,118,8187,-232
151,940,112,8194,-236
151,941,108,8206,-216
151,942,108,8216,-206
151,943,121,8206,-196
151,944,109,8196,-212
151,945,116,8181,-224
151,946,116,8201,-240
151,947,125,8191,-229
151,948,125,8199,-207
151,949,121,8194,-195
151,950,115,8206,-184
151,951,116,8204,-181
151,952,113,8196,-198
151,953,107,8195,-196
151,954,108,8202,-195
151,955,113,8205,-212
151,956,117,8201,-209
151,957,117,8185,-213
151,958,112,8187,-212
151,959,100,8190,-199
151,960,105,8191,-198
151,961,98,8197,-218
151,962,104,8198,-213
151,963,111,8201,-217
151,964,113,8196,-215
151,965,119,8192,-214
151,966,125,8199,-210
151,967,119,8205,-225
151,968,117,8204,-207
151,969,115,8187,-208
151,970,111,8197,-217
151,971,97,8194,-220
151,972,97,8189,-226
151,973,103,8187,-231
151,974,104,8194,-234
151,975,116,8195,-218
151,976,101,8202,-212
151,977,99,8206,-222
151,978,106,8197,-219
151,979,133,8196,-207
151,980,119,8187,-189
151,981,106,8191,-194
151,982,95,8201,-184
151,983,91,8202,-198
151,984,99,8204,-205
151,985,115,8203,-202
151,986,119,8212,-194
151,987,97,8213,-198
151,988,99,8216,-218
151,989,101,8218,-217
151,990,99,8212,-196
151,991,107,8202,-215
151,992,109,8195,-210
151,993,95,8187,-213
151,994,87,8186,-218
151,995,97,8177,-226
151,996,113,8174,-215
151,997,111,8176,-192
151,998,119,8166,-188
151,999,112,8177,-201
151,1000,125,8182,-213
151,1001,122,8189,-215
151,1002,119,8192,-215
151,1003,108,8193,-206
151,1004,107,8190,-183
151,1005,128,8194,-180
151,1006,119,8186,-180
151,1007,113,8188,-165
151,1008,107,8196,-191
151,1009,109,8196,-220
151,1010,103,8193,-225
151,1011,103,8198,-215
151,1012,114,8201,-209
151,1013,118,8190,-213
151,1014,118,8183,-209
151,1015,113,8186,-228
151,1016,115,8174,-227
151,1017,114,8182,-225
151,1018,115,8185,-221
151,1019,109,8193,-226
151,1020,103,8205,-235
151,1021,101,8201,-235
151,1022,109,8180,-226
151,1023,100,8180,-224
151,1024,107,8187,-213
151,1025,108,8189,-198
151,1026,107,8195,-183
151,1027,104,8205,-191
151,1028,104,8202,-202
151,1029,107,8187,-212
151,1030,94,8187,-226
151,1031,107,8191,-231
151,1032,106,8193,-225
151,1033,103,8188,-212
151,1034,106,8199,-216
151,1035,112,8198,-204
151,1036,112,8195,-207
151,1037,102,8183,-188
151,1038,105,8186,-189
151,1039,118,8193,-193
151,1040,104,8197,-202
151,1041,102,8213,-201
151,1042,110,8200,-199
151,1043,105,8205,-208
151,1044,96,8206,-212
151,1045,101,8204,-203
151,1046,104,8203,-194
151,1047,109,8198,-189
151,1048,109,8197,-203
151,1049,103,8200,-195
151,1050,101,8198,-194
151,1051,109,8199,-203
151,1052,117,8201,-219
151,1053,112,8199,-218
151,1054,117,8201,-216
151,1055,122,8200,-217
151,1056,112,8192,-196
151,1057,113,8187,-193
151,1058,123,8193,-180
151,1059,116,8197,-203
151,1060,97,8210,-207
151,1061,99,8200,-203
151,1062,109,8183,-206
151,1063,94,8180,-220
151,1064,110,8177,-214
151,1065,111,8174,-209
151,1066,111,8189,-225
151,1067,112,8202,-219
151,1068,112,8194,-214
151,1069,103,8202,-204
151,1070,106,8207,-169
151,1071,97,8204,-159
151,1072,103,8198,-177
151,1073,108,8196,-187
151,1074,110,8204,-209
151,1075,101,8200,-209
151,1076,100,8209,-189
151,1077,102,8193,-208
151,1078,109,8192,-210
151,1079,120,8174,-215
151,1080,118,8185,-211
151,1081,118,8197,-193
151,1082,116,8197,-193
151,1083,107,8196,-201
151,1084,103,8199,-210
151,1085,94,8196,-214
151,1086,90,8186,-233
151,1087,94,8195,-245
151,1088,113,8201,-218
151,1089,114,8199,-214
151,1090,123,8187,-202
151,1091,103,8174,-187
151,1092,97,8181,-176
151,1093,89,8182,-185
151,1094,90,8185,-198
151,1095,94,8187,-210
151,1096,105,8189,-226
151,1097,101,8191,-220
151,1098,95,8190,-209
151,1099,101,8198,-200
151,1100,104,8203,-208
151,1101,112,8203,-198
151,1102,103,8206,-204
151,1103,107,8200,-201
151,1104,114,8198,-204
151,1105,109,8189,-203
151,1106,100,8191,-214
151,1107,103,8192,-221
151,1108,105,8184,-220
151,1109,110,8192,-219
151,1110,107,8206,-213
151,1111,117,8192,-194
151,1112,126,8189,-189
151,1113,121,8190,-215
151,1114,114,8193,-197
151,1115,114,8197,-204
151,1116,98,8199,-212
151,1117,99,8214,-201
151,1118,109,8217,-201
151,1119,114,8211,-205
151,1120,114,8205,-203
151,1121,108,8207,-212
151,1122,117,8205,-205
151,1123,109,8198,-201
151,1124,115,8188,-198
151,1125,121,8174,-214
151,1126,110,8179,-213
151,1127,106,8187,-192
151,1128,92,8200,-187
151,1129,87,8193,-191
151,1130,82,8187,-206
151,1131,77,8187,-219
151,1132,78,8200,-212
151,1133,85,8210,-213
151,1134,94,8211,-206
151,1135,98,8202,-199
151,1136,109,8197,-188
151,1137,104,8201,-206
151,1138,94,8193,-193
151,1139,102,8194,-196
151,1140,105,8179,-184
151,1141,106,8193,-186
151,1142,99,8201,-201
151,1143,100,8203,-215
151,1144,94,8197,-210
151,1145,104,8201,-193
151,1146,116,8197,-210
151,1147,113,8192,-198
151,1148,112,8204,-196
151,1149,116,8207,-206
151,1150,117,8203,-213
151,1151,106,8207,-217
151,1152,113,8205,-206
151,1153,106,8207,-210
151,1154,108,8213,-233
151,1155,112,8202,-226
151,1156,114,8210,-209
151,1157,111,8203,-211
151,1158,113,8194,-218
151,1159,104,8205,-217
151,1160,110,8191,-207
151,1161,114,8196,-191
151,1162,113,8197,-199
151,1163,114,8193,-192
151,1164,115,8193,-203
151,1165,108,8189,-203
151,1166,96,8194,-203
151,1167,111,8194,-212
151,1168,118,8200,-195
151,1169,115,8207,-203
151,1170,113,8199,-213
151,1171,110,8203,-227
151,1172,103,8199,-225
151,1173,107,8186,-223
151,1174,109,8196,-224
151,1175,108,8187,-216
151,1176,105,8193,-211
151,1177,106,8193,-224
151,1178,95,8194,-231
151,1179,95,8183,-223
151,1180,91,8192,-240
151,1181,110,8203,-229
151,1182,107,8207,-218
151,1183,94,8192,-219
151,1184,112,8194,-223
151,1185,112,8197,-200
151,1186,103,8204,-192
151,1187,100,8215,-180
151,1188,100,8220,-194
151,1189,96,8224,-197
151,1190,98,8222,-205
151,1191,97,8215,-209
151,1192,91,8210,-226
151,1193,105,8210,-221
151,1194,108,8217,-202
151,1195,104,8197,-195
151,1196,92,8204,-193
151,1197,96,8192,-206
151,1198,94,8194,-196
151,1199,97,8197,-184
151,1200,111,8181,-173
151,1201,120,8185,-204
151,1202,121,8193,-219
151,1203,110,8199,-208
151,1204,117,8206,-213
151,1205,113,8206,-224
151,1206,95,8194,-241
151,1207,92,8197,-233
151,1208,92,8200,-210
151,1209,100,8211,-219
151,1210,107,8214,-204
151,1211,102,8209,-200
151,1212,99,8210,-209
151,1213,98,8198,-219
151,1214,106,8185,-226
151,1215,98,8191,-221
151,1216,104,8203,-206
151,1217,109,8205,-201
151,1218,109,8198,-198
151,1219,109,8193,-206
151,1220,121,8188,-231
151,1221,123,8190,-238
151,1222,100,8194,-236
151,1223,97,8204,-230
151,1224,105,8198,-240
151,1225,113,8192,-223
151,1226,128,8192,-216
151,1227,128,8207,-216
151,1228,131,8213,-224
151,1229,118,8204,-235
151,1230,117,8200,-210
151,1231,111,8203,-205
151,1232,109,8203,-209
151,1233,101,8191,-207
151,1234,100,8197,-215
151,1235,109,8193,-234
151,1236,110,8193,-224
151,1237,101,8206,-217
151,1238,105,8209,-211
151,1239,101,8193,-226
151,1240,99,8187,-216
151,1241,101,8187,-215
151,1242,99,8190,-214
151,1243,110,8189,-205
151,1244,113,8204,-206
151,1245,121,8200,-207
151,1246,115,8192,-201
151,1247,117,8197,-194
151,1248,114,8199,-204
151,1249,115,8205,-204
151,1250,114,8205,-216
151,1251,110,8209,-223
151,1252,114,8205,-226
151,1253,117,8199,-229
151,1254,114,8191,-222
151,1255,107,8198,-219
151,1256,105,8195,-213
151,1257,113,8195,-215
151,1258,118,8196,-214
151,1259,110,8198,-211
151,1260,112,8189,-198
151,1261,111,8192,-204
151,1262,111,8181,-209
151,1263,101,8176,-205
151,1264,105,8196,-195
151,1265,113,8198,-201
151,1266,118,8197,-206
151,1267,113,8196,-195
151,1268,116,8199,-210
151,1269,110,8211,-201
151,1270,102,8205,-202
151,1271,94,8198,-192
151,1272,89,8195,-206
151,1273,87,8188,-208
151,1274,97,8176,-199
151,1275,122,8177,-197
151,1276,124,8197,-198
151,1277,122,8199,-194
151,1278,104,8193,-200
151,1279,98,8202,-197
151,1280,91,8199,-209
151,1281,97,8194,-205
151,1282,103,8187,-217
151,1283,106,8212,-229
151,1284,106,8212,-211
151,1285,98,8206,-212
151,1286,98,8209,-213
151,1287,97,8203,-213
151,1288,97,8221,-207
151,1289,99,8209,-198
151,1290,105,8203,-207
151,1291,113,8207,-222
151,1292,112,8206,-213
151,1293,117,8199,-208
151,1294,115,8186,-193
151,1295,109,8186,-188
151,1296,103,8200,-181
151,1297,100,8212,-179
151,1298,95,8198,-190
151,1299,99,8211,-197
151,1300,105,8215,-217
151,1301,92,8213,-204
151,1302,90,8197,-201
151,1303,103,8197,-218
151,1304,108,8186,-220
151,1305,108,8183,-219
151,1306,104,8191,-202
151,1307,107,8192,-185
151,1308,104,8195,-183
151,1309,105,8197,-204
151,1310,98,8198,-213
151,1311,100,8201,-193
151,1312,104,8201,-203
151,1313,117,8188,-221
151,1314,113,8182,-218
151,1315,98,8188,-218
151,1316,103,8198,-210
151,1317,107,8198,-202
151,1318,111,8198,-205
151,1319,119,8206,-212
151,1320,110,8204,-195
151,1321,112,8208,-190
151,1322,118,8207,-198
151,1323,123,8196,-211
151,1324,120,8187,-204
151,1325,117,8179,-210
151,1326,119,8178,-212
151,1327,119,8179,-210
151,1328,110,8185,-192
151,1329,108,8204,-187
151,1330,113,8204,-196
151,1331,116,8196,-192
151,1332,115,8189,-206
151,1333,117,8193,-212
151,1334,123,8186,-214
151,1335,125,8186,-190
151,1336,112,8174,-211
151,1337,91,8175,-211
151,1338,104,8181,-203
151,1339,109,8192,-205
151,1340,95,8188,-193
151,1341,89,8203,-179
151,1342,95,8207,-199
151,1343,108,8199,-219
151,1344,113,8199,-234
151,1345,109,8195,-214
151,1346,116,8202,-210
151,1347,109,8196,-201
151,1348,108,8205,-197
151,1349,100,8216,-202
151,1350,86,8212,-189
151,1351,95,8200,-196
151,1352,96,8190,-199
151,1353,98,8199,-191
151,1354,109,8188,-199
151,1355,104,8183,-190
151,1356,99,8187,-199
151,1357,111,8181,-210
151,1358,107,8184,-212
151,1359,110,8183,-209
151,1360,107,8178,-212
151,1361,98,8182,-222
151,1362,94,8195,-208
151,1363,90,8178,-200
151,1364,101,8176,-204
151,1365,101,8191,-204
151,1366,100,8204,-191
151,1367,113,8213,-189
151,1368,110,8222,-188
151,1369,107,8218,-196
151,1370,107,8211,-204
151,1371,112,8214,-219
151,1372,113,8207,-213
151,1373,112,8209,-224
151,1374,98,8207,-223
151,1375,100,8198,-234
151,1376,101,8206,-219
151,1377,106,8198,-226
151,1378,105,8193,-222
151,1379,108,8198,-212
151,1380,103,8201,-209
151,1381,108,8204,-204
151,1382,101,8205,-201
151,1383,109,8199,-199
151,1384,117,8193,-183
151,1385,116,8201,-188
151,1386,116,8186,-193
151,1387,118,8178,-205
151,1388,112,8176,-205
151,1389,110,8196,-190
151,1390,103,8196,-192
151,1391,107,8193,-203
151,1392,97,8180,-206
151,1393,99,8188,-213
151,1394,88,8189,-212
151,1395,86,8194,-213
151,1396,87,8188,-198
151,1397,89,8199,-203
151,1398,98,8182,-195
151,1399,102,8193,-200
151,1400,109,8205,-199
151,1401,108,8206,-213
151,1402,115,8213,-212
151,1403,107,8205,-219
151,1404,96,8192,-229
151,1405,103,8184,-233
151,1406,100,8179,-229
151,1407,104,8197,-213
151,1408,119,8198,-206
151,1409,120,8206,-199
151,1410,113,8209,-196
151,1411,117,8198,-205
151,1412,112,8204,-203
151,1413,109,8199,-204
151,1414,114,8199,-195
151,1415,116,8187,-211
151,1416,114,8192,-196
151,1417,116,8199,-210
151,1418,121,8191,-210
151,1419,123,8184,-212
151,1420,118,8196,-214
151,1421,124,8186,-224
151,1422,129,8202,-219
151,1423,111,8202,-220
151,1424,111,8200,-210
151,1425,127,8204,-208
151,1426,125,8203,-210
151,1427,123,8204,-196
151,1428,124,8192,-207
151,1429,111,8198,-199
151,1430,110,8208,-186
151,1431,100,8196,-208
151,1432,114,8201,-206
151,1433,115,8205,-203
151,1434,116,8206,-201
151,1435,103,8205,-191
151,1436,108,8204,-199
151,1437,104,8192,-197
151,1438,112,8195,-215
151,1439,103,8210,-203
151,1440,105,8205,-201
151,1441,96,8206,-207
151,1442,91,8190,-212
151,1443,96,8190,-210
151,1444,97,8197,-211
151,1445,101,8200,-208
151,1446,109,8198,-210
151,1447,104,8205,-230
151,1448,99,8205,-216
151,1449,104,8208,-201
151,1450,103,8202,-207
151,1451,109,8186,-203
151,1452,117,8182,-193
151,1453,116,8193,-193
151,1454,102,8204,-191
151,1455,106,8210,-184
151,1456,99,8212,-187
151,1457,101,8200,-191
151,1458,116,8188,-214
151,1459,123,8184,-218
151,1460,122,8184,-218
151,1461,112,8189,-217
151,1462,105,8184,-205
151,1463,112,8186,-200
151,1464,118,8182,-195
151,1465,124,8194,-186
151,1466,126,8204,-197
151,1467,106,8195,-200
151,1468,97,8198,-218
151,1469,104,8197,-215
151,1470,116,8197,-216
151,1471,108,8202,-204
151,1472,108,8188,-213
151,1473,111,8193,-221
151,1474,100,8192,-197
151,1475,112,8187,-194
151,1476,115,8181,-203
151,1477,96,8188,-192
151,1478,94,8203,-193
151,1479,99,8189,-205
151,1480,105,8186,-210
151,1481,114,8196,-200
151,1482,114,8191,-203
151,1483,115,8186,-202
151,1484,105,8179,-194
151,1485,103,8191,-218
151,1486,109,8208,-225
151,1487,117,8203,-227
151,1488,114,8211,-237
151,1489,108,8198,-216
151,1490,110,8195,-202
151,1491,111,8189,-203
151,1492,108,8186,-200
151,1493,101,8193,-225
151,1494,108,8200,-225
151,1495,114,8202,-224
151,1496,119,8188,-208
151,1497,118,8191,-196
151,1498,121,8200,-192
151,1499,117,8196,-199
151,1500,116,8198,-186
151,1501,116,8198,-183
151,1502,116,8195,-180
151,1503,111,8195,-187
151,1504,102,8189,-217
151,1505,108,8197,-213
151,1506,106,8190,-214
151,1507,118,8170,-219
151,1508,110,8172,-196
151,1509,108,8190,-196
151,1510,122,8183,-197
151,1511,114,8188,-189
151,1512,108,8177,-208
151,1513,114,8193,-214
151,1514,109,8188,-197
151,1515,117,8202,-206
151,1516,118,8199,-191
151,1517,115,8191,-221
151,1518,115,8200,-213
151,1519,114,8195,-222
151,1520,114,8185,-224
151,1521,106,8186,-206
151,1522,102,8179,-210
151,1523,101,8187,-214
151,1524,110,8193,-221
151,1525,101,8199,-226
151,1526,101,8206,-220
151,1527,110,8193,-212
151,1528,108,8202,-222
151,1529,107,8205,-220
151,1530,106,8209,-206
151,1531,106,8214,-195
151,1532,93,8202,-190
151,1533,94,8196,-191
151,1534,98,8198,-202
151,1535,95,8195,-220
151,1536,102,8189,-217
151,1537,108,8200,-193
151,1538,116,8207,-196
151,1539,119,8204,-204
151,1540,111,8201,-213
151,1541,110,8197,-206
151,1542,103,8201,-197
151,1543,105,8197,-179
151,1544,111,8192,-189
151,1545,108,8199,-193
151,1546,114,8197,-201
151,1547,116,8197,-184
151,1548,109,8194,-198
151,1549,111,8197,-199
151,1550,97,8197,-186
151,1551,110,8196,-194
151,1552,104,8195,-199
151,1553,106,8201,-208
151,1554,103,8193,-217
151,1555,97,8195,-213
151,1556,89,8194,-201
151,1557,95,8197,-218
151,1558,95,8189,-222
151,1559,93,8204,-225
151,1560,110,8199,-210
151,1561,118,8208,-201
151,1562,117,8202,-205
151,1563,127,8198,-224
151,1564,117,8199,-223
151,1565,120,8188,-226
151,1566,122,8196,-225
151,1567,113,8192,-229
151,1568,117,8182,-226
151,1569,117,8192,-238
151,1570,116,8179,-239
151,1571,104,8181,-215
151,1572,102,8185,-222
151,1573,88,8177,-209
151,1574,104,8180,-201
151,1575,112,8189,-207
151,1576,96,8188,-214
151,1577,104,8191,-213
151,1578,91,8190,-215
151,1579,90,8183,-203
151,1580,99,8190,-205
151,1581,109,8192,-214
151,1582,109,8197,-232
151,1583,113,8202,-219
151,1584,115,8211,-214
151,1585,108,8206,-213
151,1586,109,8205,-210
151,1587,112,8200,-210
151,1588,105,8203,-209
151,1589,110,8193,-199
151,1590,100,8182,-212
151,1591,104,8195,-223
151,1592,115,8196,-229
151,1593,106,8197,-224
151,1594,107,8202,-240
151,1595,116,8188,-231
151,1596,118,8180,-222
151,1597,114,8173,-207
151,1598,108,8182,-204
151,1599,104,8199,-207
151,1600,112,8200,-210
151,1601,121,8196,-207
151,1602,126,8202,-194
151,1603,109,8190,-194
151,1604,104,8199,-209
151,1605,117,8203,-218
151,1606,116,8194,-223
151,1607,124,8187,-220
151,1608,121,8191,-222
151,1609,113,8176,-201
151,1610,106,8175,-183
151,1611,103,8192,-200
151,1612,110,8197,-204
151,1613,113,8200,-189
151,1614,111,8197,-187
151,1615,114,8199,-190
151,1616,112,8208,-197
151,1617,110,8207,-214
151,1618,104,8198,-217
151,1619,106,8187,-210
151,1620,105,8192,-202
151,1621,101,8198,-212
151,1622,104,8195,-219
151,1623,111,8204,-218
151,1624,120,8207,-222
151,1625,112,8199,-227
151,1626,97,8194,-227
151,1627,94,8188,-221
151,1628,107,8201,-220
151,1629,105,8208,-216
151,1630,104,8182,-201
151,1631,93,8184,-205
151,1632,84,8192,-203
151,1633,85,8192,-217
151,1634,93,8185,-219
151,1635,102,8190,-223
151,1636,83,8204,-223
151,1637,96,8208,-219
151,1638,103,8203,-225
151,1639,103,8205,-207
151,1640,101,8200,-221
151,1641,97,8198,-214
151,1642,92,8183,-216
151,1643,97,8183,-236
151,1644,108,8193,-236
151,1645,99,8188,-222
151,1646,98,8188,-210
151,1647,89,8201,-198
151,1648,96,8204,-202
151,1649,102,8196,-212
151,1650,98,8200,-207
151,1651,111,8188,-204
151,1652,126,8195,-211
151,1653,124,8201,-212
151,1654,124,8203,-204
151,1655,123,8195,-218
151,1656,116,8195,-220
151,1657,119,8209,-204
151,1658,109,8217,-199
151,1659,108,8209,-223
151,1660,115,8197,-233
151,1661,130,8200,-220
151,1662,129,8193,-200
151,1663,133,8180,-172
151,1664,130,8170,-175
151,1665,124,8181,-182
151,1666,111,8178,-172
151,1667,115,8167,-178
151,1668,119,8175,-204
151,1669,111,8165,-205
151,1670,110,8186,-198
151,1671,109,8181,-217
151,1672,106,8183,-209
151,1673,108,8200,-194
151,1674,115,8190,-196
151,1675,113,8183,-204
151,1676,100,8182,-203
151,1677,106,8183,-189
151,1678,113,8197,-177
151,1679,104,8191,-188
151,1680,106,8189,-193
151,1681,105,8180,-186
151,1682,103,8181,-192
151,1683,107,8194,-191
151,1684,115,8185,-192
151,1685,112,8196,-191
151,1686,103,8200,-198
151,1687,103,8196,-209
151,1688,98,8184,-214
151,1689,107,8183,-224
151,1690,103,8185,-221
151,1691,111,8193,-232
151,1692,116,8198,-224
151,1693,116,8195,-232
151,1694,123,8193,-222
151,1695,124,8191,-178
151,1696,116,8197,-194
151,1697,111,8192,-210
151,1698,105,8204,-224
151,1699,110,8194,-223
151,1700,118,8209,-212
151,1701,117,8197,-206
151,1702,111,8193,-182
151,1703,102,8196,-209
151,1704,106,8198,-211
151,1705,102,8202,-216
151,1706,97,8201,-219
151,1707,90,8193,-212
151,1708,84,8202,-206
151,1709,95,8194,-195
151,1710,91,8195,-184
151,1711,91,8196,-191
151,1712,105,8188,-186
151,1713,107,8193,-200
151,1714,93,8203,-197
151,1715,105,8207,-200
151,1716,107,8199,-212
151,1717,107,8194,-219
151,1718,94,8190,-212
151,1719,89,8190,-213
151,1720,101,8195,-209
151,1721,108,8194,-228
151,1722,99,8201,-232
151,1723,111,8198,-230
151,1724,119,8192,-226
151,1725,120,8205,-208
151,1726,110,8211,-201
151,1727,111,8212,-210
151,1728,107,8200,-196
151,1729,99,8213,-192
151,1730,101,8207,-185
151,1731,106,8199,-197
151,1732,101,8197,-188
151,1733,110,8188,-185
151,1734,102,8190,-200
151,1735,104,8188,-212
151,1736,98,8178,-211
151,1737,100,8186,-188
151,1738,108,8194,-187
151,1739,117,8199,-195
151,1740,114,8193,-207
151,1741,110,8198,-205
151,1742,118,8199,-194
151,1743,115,8202,-205
151,1744,125,8198,-200
151,1745,117,8194,-207
151,1746,114,8194,-209
151,1747,106,8189,-201
151,1748,104,8182,-202
151,1749,108,8192,-191
151,1750,91,8186,-198
151,1751,93,8183,-198
151,1752,103,8177,-211
151,1753,114,8185,-222
151,1754,113,8191,-212
151,1755,112,8197,-212
151,1756,106,8193,-211
151,1757,99,8198,-215
151,1758,99,8201,-217
151,1759,73,8196,-207
151,1760,81,8198,-215
151,1761,102,8200,-207
151,1762,105,8201,-211
151,1763,122,8199,-210
151,1764,111,8198,-207
151,1765,95,8202,-212
151,1766,98,8194,-223
151,1767,99,8188,-212
151,1768,102,8198,-204
151,1769,102,8186,-208
151,1770,112,8197,-205
151,1771,105,8209,-220
151,1772,111,8212,-213
151,1773,104,8214,-207
151,1774,103,8212,-193
151,1775,107,8202,-191
151,1776,119,8213,-199
151,1777,116,8202,-205
151,1778,108,8188,-220
151,1779,102,8191,-221
151,1780,112,8188,-226
151,1781,108,8190,-213
151,1782,112,8189,-208
151,1783,109,8207,-198
151,1784,110,8197,-207
151,1785,114,8199,-214
151,1786,116,8204,-213
151,1787,105,8194,-196
151,1788,96,8194,-196
151,1789,97,8190,-204
151,1790,104,8202,-217
151,1791,116,8199,-213
151,1792,117,8191,-200
151,1793,108,8197,-202
151,1794,107,8196,-185
151,1795,97,8199,-173
151,1796,100,8188,-178
151,1797,112,8187,-195
151,1798,119,8192,-218
151,1799,110,8188,-214
151,1800,105,8194,-211
151,1801,117,8193,-193
151,1802,107,8188,-207
151,1803,113,8192,-210
151,1804,115,8195,-207
151,1805,117,8187,-185
151,1806,113,8184,-185
151,1807,117,8184,-189
151,1808,104,8196,-190
151,1809,110,8190,-181
151,1810,105,8183,-185
151,1811,106,8186,-183
151,1812,116,8185,-179
151,1813,119,8195,-190
151,1814,103,8195,-201
151,1815,112,8200,-194
151,1816,106,8212,-176
151,1817,96,8192,-196
151,1818,87,8189,-192
151,1819,103,8196,-208
151,1820,115,8195,-204
151,1821,110,8185,-188
151,1822,112,8181,-185
151,1823,108,8193,-202
151,1824,101,8193,-192
151,1825,100,8195,-177
151,1826,94,8202,-178
151,1827,89,8196,-193
151,1828,90,8198,-207
151,1829,111,8201,-226
151,1830,107,8204,-220
151,1831,109,8205,-197
151,1832,106,8195,-201
151,1833,107,8206,-198
151,1834,91,8202,-188
151,1835,98,8196,-194
151,1836,115,8208,-209
151,1837,123,8210,-209
151,1838,127,8205,-224
151,1839,128,8196,-208
151,1840,123,8200,-197
151,1841,119,8206,-204
151,1842,124,8204,-205
151,1843,122,8196,-203
151,1844,111,8197,-199
151,1845,118,8193,-208
151,1846,113,8194,-215
151,1847,121,8196,-190
151,1848,105,8192,-185
151,1849,116,8185,-209
151,1850,117,8186,-206
151,1851,127,8193,-217
151,1852,131,8208,-202
151,1853,114,8212,-194
151,1854,104,8189,-194
151,1855,105,8195,-188
151,1856,110,8191,-198
151,1857,119,8198,-200
151,1858,125,8195,-213
151,1859,113,8196,-216
151,1860,102,8198,-214
151,1861,98,8199,-193
151,1862,101,8195,-192
151,1863,98,8210,-200
151,1864,111,8205,-212
151,1865,102,8205,-209
151,1866,101,8204,-205
151,1867,103,8202,-225
151,1868,107,8206,-220
151,1869,114,8196,-228
151,1870,105,8194,-224
151,1871,99,8193,-223
151,1872,97,8204,-224
151,1873,105,8191,-224
151,1874,105,8208,-203
151,1875,97,8199,-191
151,1876,81,8193,-196
151,1877,90,8198,-207
151,1878,109,8202,-204
151,1879,111,8199,-192
151,1880,118,8196,-200
151,1881,113,8200,-212
151,1882,104,8196,-217
151,1883,98,8198,-221
151,1884,100,8209,-220
151,1885,102,8200,-211
151,1886,97,8189,-193
151,1887,109,8197,-193
151,1888,100,8195,-203
151,1889,93,8191,-205
151,1890,100,8188,-218
151,1891,110,8192,-200
151,1892,126,8199,-187
151,1893,113,8203,-193
151,1894,121,8195,-180
151,1895,113,8194,-188
151,1896,97,8193,-177
151,1897,110,8195,-186
151,1898,104,8188,-191
151,1899,104,8194,-196
151,1900,114,8203,-189
151,1901,105,8193,-209
151,1902,110,8206,-215
151,1903,118,8212,-207
151,1904,114,8218,-207
151,1905,113,8219,-211
151,1906,122,8203,-218
151,1907,118,8201,-234
151,1908,107,8202,-210
151,1909,115,8203,-205
151,1910,127,8203,-207
151,1911,126,8192,-216
151,1912,121,8198,-215
151,1913,118,8194,-204
151,1914,121,8202,-201
151,1915,114,8206,-203
151,1916,111,8211,-194
151,1917,114,8197,-197
151,1918,110,8191,-209
151,1919,109,8180,-210
151,1920,120,8200,-200
151,1921,115,8200,-210
151,1922,106,8198,-201
151,1923,100,8214,-196
151,1924,100,8210,-198
151,1925,99,8206,-200
151,1926,99,8197,-193
151,1927,107,8195,-199
151,1928,101,8201,-208
151,1929,107,8199,-212
151,1930,113,8222,-227
151,1931,110,8208,-215
151,1932,115,8197,-205
151,1933,111,8209,-218
151,1934,112,8199,-217
151,1935,106,8196,-197
151,1936,111,8199,-186
151,1937,92,8201,-213
151,1938,83,8185,-210
151,1939,94,8188,-209
151,1940,101,8199,-190
151,1941,96,8193,-193
151,1942,89,8183,-202
151,1943,95,8193,-199
151,1944,97,8201,-208
151,1945,110,8214,-214
151,1946,108,8210,-213
151,1947,104,8213,-205
151,1948,97,8210,-204
151,1949,96,8195,-207
151,1950,107,8201,-206
151,1951,108,8202,-200
151,1952,99,8206,-195
151,1953,107,8206,-204
151,1954,111,8210,-210
151,1955,112,8217,-182
151,1956,112,8205,-206
151,1957,112,8197,-200
151,1958,124,8206,-197
151,1959,116,8208,-218
151,1960,112,8197,-214
151,1961,126,8206,-211
151,1962,124,8201,-218
151,1963,126,8198,-194
151,1964,121,8198,-187
151,1965,113,8199,-197
151,1966,107,8192,-219
151,1967,116,8195,-211
151,1968,116,8195,-191
151,1969,118,8198,-185
151,1970,109,8201,-177
151,1971,121,8210,-174
151,1972,115,8207,-183
151,1973,117,8202,-207
151,1974,116,8210,-222
151,1975,110,8209,-213
151,1976,108,8203,-201
151,1977,111,8210,-202
151,1978,106,8212,-197
151,1979,111,8211,-198
151,1980,107,8206,-200
151,1981,114,8190,-196
151,1982,117,8194,-223
151,1983,102,8193,-208
151,1984,96,8201,-194
151,1985,100,8201,-195
151,1986,100,8201,-214
151,1987,98,8186,-209
151,1988,109,8170,-216
151,1989,118,8182,-207
151,1990,115,8190,-211
151,1991,123,8198,-202
151,1992,119,8198,-210
151,1993,123,8203,-207
151,1994,118,8192,-210
151,1995,116,8191,-203
151,1996,113,8181,-201
151,1997,112,8195,-218
151,1998,116,8203,-219
151,1999,115,8199,-219
151,2000,118,8191,-203
151,2001,112,8175,-169
151,2002,109,8194,-178
151,2003,110,8185,-173
151,2004,106,8193,-186
151,2005,108,8194,-193
151,2006,110,8191,-209
151,2007,95,8186,-223
151,2008,96,8195,-229
151,2009,109,8200,-225
151,2010,99,8212,-223
151,2011,101,8212,-240
151,2012,102,8208,-216
151,2013,108,8206,-216
151,2014,114,8201,-206
151,2015,116,8191,-206
151,2016,130,8199,-205
151,2017,121,8197,-203
151,2018,106,8203,-209
151,2019,102,8199,-191
151,2020,103,8204,-219
151,2021,109,8227,-221
151,2022,107,8213,-211
151,2023,110,8209,-202
151,2024,106,8212,-199
151,2025,116,8212,-209
151,2026,112,8197,-209
151,2027,111,8195,-211
151,2028,106,8183,-191
151,2029,113,8190,-186
151,2030,114,8201,-197
151,2031,108,8200,-206
151,2032,100,8203,-205
151,2033,85,8192,-199
151,2034,106,8197,-200
151,2035,105,8186,-181
151,2036,96,8196,-186
151,2037,94,8191,-204
151,2038,110,8198,-225
151,2039,112,8202,-225
151,2040,105,8215,-215
151,2041,99,8219,-201
151,2042,103,8211,-203
151,2043,87,8203,-209
151,2044,92,8195,-207
151,2045,93,8178,-208
151,2046,95,8188,-213
151,2047,102,8197,-206
151,2048,93,8205,-185
151,2049,97,8199,-190
151,2050,114,8206,-203
151,2051,115,8205,-228
151,2052,112,8206,-211
151,2053,108,8205,-210
151,2054,104,8202,-221
151,2055,93,8201,-229
151,2056,91,8191,-208
151,2057,96,8202,-192
151,2058,95,8212,-204
151,2059,96,8208,-202
151,2060,93,8192,-216
151,2061,93,8187,-214
151,2062,104,8191,-204
151,2063,119,8190,-202
151,2064,111,8189,-196
151,2065,94,8196,-204
151,2066,99,8209,-204
151,2067,95,8206,-199
151,2068,102,8205,-189
151,2069,111,8205,-210
151,2070,110,8212,-231
151,2071,116,8208,-221
151,2072,115,8208,-220
151,2073,109,8209,-207
151,2074,108,8200,-197
151,2075,112,8205,-204
151,2076,99,8202,-194
151,2077,99,8208,-187
151,2078,96,8204,-196
151,2079,108,8192,-188
151,2080,123,8177,-168
151,2081,135,8201,-181
151,2082,121,8216,-209
151,2083,125,8213,-202
151,2084,122,8214,-193
151,2085,109,8202,-181
151,2086,115,8200,-174
151,2087,115,8202,-181
151,2088,113,8193,-194
151,2089,111,8192,-206
151,2090,114,8200,-215
151,2091,111,8199,-227
151,2092,102,8201,-211
151,2093,98,8205,-199
151,2094,93,8198,-201
151,2095,99,8188,-207
151,2096,102,8180,-199
151,2097,93,8191,-209
151,2098,95,8205,-209
151,2099,95,8200,-200
151,2100,105,8196,-209
151,2101,105,8197,-219
151,2102,106,8206,-215
151,2103,116,8191,-204
151,2104,112,8194,-209
151,2105,114,8203,-203
151,2106,120,8190,-201
151,2107,113,8186,-226
151,2108,99,8192,-222
151,2109,98,8192,-203
151,2110,99,8205,-209
151,2111,100,8204,-217
151,2112,90,8209,-214
151,2113,104,8214,-204
151,2114,96,8201,-198
151,2115,93,8198,-184
151,2116,111,8205,-182
151,2117,120,8194,-193
151,2118,118,8197,-197
151,2119,110,8188,-200
151,2120,114,8188,-207
151,2121,112,8191,-233
151,2122,93,8202,-224
151,2123,95,8210,-213
151,2124,106,8208,-210
151,2125,110,8214,-200
151,2126,102,8212,-209
151,2127,94,8202,-192
151,2128,106,8195,-198
151,2129,110,8196,-202
151,2130,101,8200,-220
151,2131,106,8193,-226
151,2132,110,8190,-226
151,2133,115,8193,-229
151,2134,117,8206,-220
151,2135,121,8211,-220
151,2136,124,8212,-223
151,2137,125,8196,-235
151,2138,118,8189,-221
151,2139,115,8200,-220
151,2140,104,8194,-207
151,2141,107,8188,-197
151,2142,105,8183,-198
151,2143,99,8189,-206
151,2144,100,8190,-223
151,2145,95,8191,-225
151,2146,103,8190,-218
151,2147,113,8188,-210
151,2148,116,8187,-214
151,2149,108,8190,-209
151,2150,91,8183,-230
151,2151,101,8169,-228
151,2152,110,8184,-212
151,2153,110,8194,-199
151,2154,109,8199,-182
151,2155,114,8209,-210
151,2156,110,8203,-228
151,2157,110,8199,-217
151,2158,113,8204,-197
151,2159,109,8203,-185
151,2160,105,8195,-205
151,2161,93,8196,-218
151,2162,94,8196,-214
151,2163,97,8210,-226
151,2164,105,8206,-216
151,2165,110,8200,-231
151,2166,108,8193,-218
151,2167,101,8184,-217
151,2168,111,8175,-217
151,2169,112,8185,-221
151,2170,109,8182,-208
151,2171,109,8194,-220
151,2172,97,8195,-213
151,2173,98,8194,-211
151,2174,113,8191,-202
151,2175,108,8197,-201
151,2176,103,8201,-215
151,2177,102,8187,-218
151,2178,99,8175,-209
151,2179,106,8179,-212
151,2180,104,8171,-213
151,2181,115,8182,-211
151,2182,118,8177,-219
151,2183,132,8186,-217
151,2184,121,8199,-225
151,2185,107,8197,-217
151,2186,104,8195,-209
151,2187,115,8198,-197
151,2188,116,8207,-191
151,2189,119,8202,-194
151,2190,104,8195,-180
151,2191,99,8191,-187
151,2192,96,8198,-186
151,2193,104,8201,-198
151,2194,113,8206,-194
151,2195,114,8208,-193
151,2196,111,8206,-195
151,2197,107,8204,-193
151,2198,106,8203,-212
151,2199,99,8192,-213
151,2200,100,8194,-203
151,2201,97,8199,-195
151,2202,96,8194,-192
151,2203,89,8188,-194
151,2204,105,8182,-208
151,2205,108,8178,-208
151,2206,108,8176,-198
151,2207,116,8195,-201
151,2208,113,8208,-205
151,2209,109,8210,-201
151,2210,111,8202,-209
151,2211,104,8201,-199
151,2212,104,8211,-217
151,2213,107,8217,-205
151,2214,95,8204,-222
151,2215,90,8193,-217
151,2216,86,8182,-206
151,2217,91,8190,-216
151,2218,110,8195,-220
151,2219,115,8197,-226
151,2220,116,8202,-210
151,2221,118,8203,-206
151,2222,112,8195,-198
151,2223,106,8195,-217
151,2224,101,8208,-214
151,2225,104,8210,-209
151,2226,110,8207,-208
151,2227,105,8209,-214
151,2228,105,8201,-216
151,2229,103,8202,-205
151,2230,109,8222,-222
151,2231,114,8209,-225
151,2232,122,8209,-221
151,2233,118,8205,-214
151,2234,119,8201,-212
151,2235,120,8195,-207
151,2236,116,8198,-214
151,2237,113,8190,-211
151,2238,103,8187,-217
151,2239,99,8205,-224
151,2240,99,8198,-223
151,2241,107,8192,-218
151,2242,115,8190,-211
151,2243,122,8196,-229
151,2244,115,8207,-232
151,2245,121,8211,-230
151,2246,120,8202,-220
151,2247,112,8199,-205
151,2248,108,8205,-203
151,2249,102,8212,-223
151,2250,117,8207,-230
151,2251,104,8200,-226
151,2252,119,8192,-217
151,2253,122,8194,-210
151,2254,121,8202,-197
151,2255,112,8201,-176
151,2256,104,8197,-181
151,2257,98,8196,-201
151,2258,98,8192,-216
151,2259,90,8181,-209
151,2260,93,8187,-203
151,2261,101,8197,-207
151,2262,114,8198,-225
151,2263,103,8207,-239
151,2264,110,8217,-214
151,2265,113,8208,-210
151,2266,101,8199,-217
151,2267,96,8199,-211
151,2268,99,8195,-206
151,2269,122,8200,-201
151,2270,111,8192,-193
151,2271,107,8185,-190
151,2272,109,8186,-208
151,2273,116,8190,-214
151,2274,102,8202,-216
151,2275,103,8200,-217
151,2276,108,8202,-212
151,2277,111,8211,-217
151,2278,117,8204,-210
151,2279,102,8196,-191
151,2280,107,8193,-192
151,2281,108,8203,-196
151,2282,98,8211,-201
151,2283,109,8213,-209
151,2284,118,8214,-205
151,2285,121,8210,-217
151,2286,109,8202,-206
151,2287,109,8206,-202
151,2288,111,8196,-193
151,2289,112,8197,-196
151,2290,108,8181,-188
151,2291,101,8182,-202
151,2292,111,8181,-197
151,2293,109,8193,-178
151,2294,102,8199,-180
151,2295,102,8192,-189
151,2296,102,8202,-199
151,2297,113,8194,-211
151,2298,107,8186,-212
151,2299,110,8196,-191
151,2300,117,8199,-197
151,2301,113,8197,-202
151,2302,122,8208,-204
151,2303,110,8222,-185
151,2304,97,8224,-190
151,2305,99,8221,-211
151,2306,108,8221,-211
151,2307,112,8207,-217
151,2308,119,8200,-204
151,2309,133,8193,-191
151,2310,119,8207,-209
151,2311,111,8206,-207
151,2312,111,8199,-193
151,2313,102,8189,-171
151,2314,116,8198,-197
151,2315,115,8205,-205
151,2316,117,8201,-214
151,2317,123,8193,-208
151,2318,123,8200,-199
151,2319,117,8197,-196
151,2320,114,8187,-187
151,2321,104,8186,-184
151,2322,92,8189,-196
151,2323,96,8198,-192
151,2324,107,8200,-187
151,2325,114,8203,-209
151,2326,110,8208,-218
151,2327,111,8213,-216
151,2328,120,8206,-199
151,2329,122,8202,-202
151,2330,121,8196,-204
151,2331,112,8196,-189
151,2332,126,8188,-194
151,2333,120,8201,-207
151,2334,118,8212,-207
151,2335,121,8221,-196
151,2336,124,8207,-212
151,2337,122,8196,-209
151,2338,108,8197,-214
151,2339,104,8202,-219
151,2340,106,8206,-223
151,2341,118,8200,-224
151,2342,116,8193,-219
151,2343,120,8190,-219
151,2344,127,8181,-228
151,2345,116,8180,-224
151,2346,114,8185,-212
151,2347,102,8175,-205
151,2348,95,8173,-199
151,2349,94,8171,-205
151,2350,117,8177,-218
151,2351,115,8195,-230
151,2352,111,8202,-208
151,2353,101,8203,-208
151,2354,95,8202,-206
151,2355,102,8185,-200
151,2356,101,8191,-195
151,2357,98,8198,-198
151,2358,107,8204,-223
151,2359,104,8197,-213
151,2360,110,8192,-201
151,2361,116,8196,-205
151,2362,118,8202,-201
151,2363,107,8204,-209
151,2364,109,8205,-215
151,2365,106,8205,-218
151,2366,106,8196,-206
151,2367,114,8195,-206
151,2368,101,8198,-219
151,2369,92,8201,-199
151,2370,99,8197,-204
151,2371,113,8204,-174
151,2372,116,8187,-161
151,2373,120,8193,-198
151,2374,118,8195,-204
151,2375,118,8187,-220
151,2376,121,8198,-202
151,2377,114,8193,-208
151,2378,110,8185,-198
151,2379,109,8200,-217
151,2380,120,8200,-224
151,2381,124,8193,-221
151,2382,120,8186,-210
151,2383,115,8188,-210
151,2384,103,8191,-212
151,2385,98,8197,-235
151,2386,104,8192,-235
151,2387,99,8193,-224
151,2388,89,8192,-220
151,2389,88,8183,-202
151,2390,84,8191,-200
151,2391,84,8206,-203
151,2392,86,8200,-212
151,2393,93,8210,-217
151,2394,107,8209,-222
151,2395,105,8196,-210
151,2396,110,8198,-211
151,2397,99,8214,-211
151,2398,106,8204,-222
151,2399,96,8198,-236
151,2400,93,8202,-212
151,2401,99,8204,-201
151,2402,111,8202,-195
151,2403,114,8193,-210
151,2404,110,8189,-206
151,2405,118,8177,-205
151,2406,106,8184,-209
151,2407,105,8191,-196
151,2408,101,8186,-197
151,2409,105,8193,-215
151,2410,110,8187,-230
151,2411,107,8177,-225
151,2412,101,8187,-214
151,2413,114,8187,-192
151,2414,98,8183,-176
151,2415,88,8189,-201
151,2416,82,8188,-198
151,2417,93,8182,-210
151,2418,101,8185,-212
151,2419,103,8184,-222
151,2420,104,8184,-202
151,2421,91,8200,-189
151,2422,96,8197,-196
151,2423,104,8200,-207
151,2424,113,8184,-208
151,2425,111,8177,-221
151,2426,126,8186,-210
151,2427,105,8196,-204
151,2428,95,8198,-203
151,2429,111,8192,-198
151,2430,109,8187,-192
151,2431,100,8179,-224
151,2432,105,8175,-223
151,2433,119,8166,-219
151,2434,116,8171,-205
151,2435,121,8188,-178
151,2436,116,8204,-214
151,2437,120,8206,-222
151,2438,112,8201,-228
151,2439,108,8181,-208
151,2440,106,8179,-204
151,2441,109,8182,-189
151,2442,104,8168,-205
151,2443,93,8177,-195
151,2444,95,8186,-208
151,2445,90,8192,-207
151,2446,93,8200,-207
151,2447,104,8208,-209
151,2448,115,8210,-211
151,2449,113,8205,-214
151,2450,112,8203,-227
151,2451,114,8194,-205
151,2452,114,8187,-208
151,2453,120,8197,-215
151,2454,109,8194,-220
151,2455,102,8196,-214
151,2456,92,8191,-219
151,2457,101,8192,-217
151,2458,85,8193,-198
151,2459,90,8186,-193
151,2460,100,8190,-201
151,2461,96,8190,-206
151,2462,79,8191,-204
151,2463,89,8196,-221
151,2464,86,8192,-224
151,2465,82,8201,-218
151,2466,92,8200,-210
151,2467,109,8186,-220
151,2468,115,8206,-214
151,2469,118,8213,-203
151,2470,121,8200,-217
151,2471,113,8203,-213
151,2472,107,8220,-210
151,2473,100,8220,-209
151,2474,110,8202,-208
151,2475,112,8199,-205
151,2476,107,8202,-201
151,2477,98,8203,-209
151,2478,101,8198,-222
151,2479,112,8194,-229
151,2480,117,8198,-228
151,2481,125,8201,-223
151,2482,115,8202,-222
151,2483,103,8196,-217
151,2484,96,8193,-213
151,2485,103,8186,-228
151,2486,119,8185,-240
151,2487,105,8195,-233
151,2488,106,8193,-228
151,2489,110,8195,-217
151,2490,101,8193,-207
151,2491,111,8210,-222
151,2492,105,8185,-216
151,2493,104,8191,-212
151,2494,114,8191,-211
151,2495,109,8188,-206
151,2496,113,8180,-205
151,2497,111,8182,-203
152,0,104,8190,-209
152,1,116,8186,-195
152,2,108,8188,-201
152,3,107,8184,-187
152,4,109,8195,-192
152,5,117,8206,-187
152,6,114,8188,-193
152,7,115,8195,-210
152,8,115,8195,-197
152,9,114,8196,-201
152,10,116,8191,-213
152,11,116,8195,-217
152,12,115,8191,-214
152,13,123,8199,-204
152,14,124,8201,-217
152,15,112,8203,-220
152,16,110,8211,-225
152,17,110,8211,-241
152,18,105,8199,-233
152,19,113,8203,-230
152,20,98,8204,-235
152,21,93,8204,-215
152,22,103,8203,-221
152,23,116,8206,-236
152,24,121,8205,-229
152,25,123,8208,-212
152,26,115,8212,-211
152,27,97,8203,-223
152,28,95,8200,-221
152,29,93,8194,-237
152,30,98,8197,-227
152,31,102,8190,-204
152,32,103,8183,-174
152,33,102,8189,-173
152,34,106,8193,-190
152,35,102,8213,-193
152,36,92,8210,-200
152,37,91,8199,-204
152,38,88,8200,-200
152,39,108,8195,-196
152,40,111,8192,-181
152,41,113,8194,-179
152,42,99,8193,-180
152,43,105,8199,-197
152,44,105,8195,-182
152,45,106,8218,-199
152,46,95,8214,-214
152,47,92,8201,-219
152,48,98,8175,-211
152,49,104,8176,-216
152,50,104,8172,-210
152,51,104,8178,-207
152,52,104,8183,-201
152,53,111,8195,-205
152,54,111,8194,-210
152,55,107,8197,-222
152,56,107,8202,-211
152,57,111,8200,-221
152,58,117,8191,-224
152,59,120,8195,-231
152,60,117,8197,-228
152,61,110,8184,-212
152,62,92,8190,-214
152,63,91,8193,-222
152,64,97,8201,-220
152,65,99,8192,-216
152,66,86,8203,-211
152,67,104,8198,-228
152,68,107,8190,-218
152,69,99,8181,-202
152,70,92,8190,-216
152,71,105,8189,-197
152,72,113,8185,-199
152,73,107,8198,-196
152,74,99,8200,-193
152,75,112,8198,-193
152,76,107,8202,-198
152,77,115,8194,-209
152,78,103,8203,-198
152,79,106,8202,-210
152,80,96,8199,-224
152,81,90,8212,-234
152,82,96,8197,-215
152,83,98,8200,-212
152,84,113,8201,-184
152,85,110,8195,-192
152,86,103,8201,-188
152,87,96,8204,-186
152,88,88,8198,-209
152,89,102,8202,-221
152,90,112,8201,-219
152,91,102,8194,-220
152,92,101,8190,-222
152,93,95,8192,-221
152,94,111,8188,-228
152,95,115,8194,-203
152,96,109,8197,-190
152,97,100,8191,-207
152,98,97,8181,-200
152,99,102,8182,-203
152,100,97,8180,-206
152,101,95,8190,-188
152,102,94,8191,-193
152,103,95,8190,-193
152,104,105,8211,-207
152,105,112,8210,-209
152,106,111,8197,-221
152,107,98,8200,-202
152,108,104,8199,-197
152,109,109,8202,-207
152,110,109,8197,-232
152,111,108,8186,-224
152,112,109,8189,-217
152,113,113,8199,-203
152,114,111,8195,-200
152,115,110,8195,-213
152,116,117,8180,-198
152,117,120,8187,-190
152,118,119,8184,-183
152,119,108,8177,-212
152,120,95,8189,-204
152,121,89,8181,-192
152,122,94,8187,-193
152,123,105,8177,-191
152,124,113,8185,-192
152,125,109,8187,-207
152,126,99,8200,-205
152,127,110,8199,-212
152,128,113,8197,-204
152,129,107,8199,-224
152,130,97,8198,-215
152,131,97,8201,-232
152,132,98,8195,-237
152,133,112,8205,-221
152,134,102,8203,-217
152,135,102,8199,-229
152,136,92,8194,-223
152,137,92,8196,-207
152,138,102,8204,-210
152,139,105,8198,-218
152,140,95,8183,-224
152,141,107,8187,-219
152,142,102,8192,-213
152,143,92,8186,-209
152,144,99,8179,-236
152,145,106,8188,-239
152,146,105,8195,-232
152,147,97,8211,-229
152,148,106,8210,-220
152,149,117,8208,-214
152,150,101,8209,-200
152,151,99,8207,-200
152,152,100,8200,-207
152,153,110,8196,-215
152,154,114,8196,-220
152,155,113,8194,-221
152,156,116,8187,-217
152,157,104,8194,-222
152,158,105,8210,-214
152,159,98,8208,-205
152,160,101,8198,-207
152,161,116,8195,-194
152,162,112,8211,-210
152,163,105,8211,-230
152,164,107,8206,-230
152,165,109,8208,-225
152,166,98,8208,-207
152,167,102,8204,-191
152,168,98,8204,-196
152,169,85,8209,-203
152,170,96,8185,-200
152,171,106,8191,-193
152,172,115,8194,-190
152,173,124,8185,-211
152,174,115,8196,-235
152,175,107,8200,-225
152,176,113,8198,-223
152,177,107,8199,-207
152,178,99,8203,-210
152,179,84,8193,-208
152,180,93,8192,-193
152,181,104,8194,-193
152,182,105,8178,-200
152,183,100,8185,-188
152,184,113,8187,-207
152,185,107,8195,-205
152,186,101,8193,-203
152,187,89,8188,-206
152,188,97,8191,-202
152,189,108,8187,-200
152,190,111,8191,-202
152,191,114,8200,-206
152,192,115,8201,-210
152,193,116,8200,-206
152,194,121,8207,-220
152,195,105,8209,-211
152,196,108,8211,-189
152,197,108,8196,-189
152,198,98,8212,-190
152,199,107,8207,-201
152,200,114,8196,-200
152,201,102,8198,-208
152,202,105,8190,-212
152,203,107,8198,-222
152,204,104,8196,-235
152,205,103,8191,-235
152,206,104,8200,-213
152,207,112,8194,-217
152,208,119,8192,-207
152,209,115,8188,-203
152,210,105,8201,-197
152,211,92,8195,-216
152,212,94,8197,-219
152,213,101,8199,-222
152,214,97,8205,-217
152,215,105,8212,-217
152,216,105,8204,-197
152,217,116,8205,-210
152,218,118,8214,-202
152,219,127,8199,-202
152,220,119,8192,-213
152,221,112,8201,-216
152,222,117,8192,-211
152,223,123,8194,-195
152,224,124,8188,-194
152,225,109,8189,-212
152,226,110,8197,-205
152,227,117,8198,-198
152,228,118,8192,-191
152,229,102,8190,-209
152,230,101,8202,-211
152,231,104,8201,-213
152,232,99,8193,-207
152,233,100,8195,-202
152,234,105,8210,-204
152,235,100,8212,-191
152,236,109,8206,-192
152,237,97,8206,-203
152,238,106,8212,-207
152,239,98,8225,-202
152,240,83,8219,-198
152,241,105,8207,-203
152,242,111,8206,-207
152,243,105,8204,-208
152,244,108,8201,-215
152,245,107,8198,-208
152,246,107,8200,-198
152,247,110,8198,-196
152,248,111,8179,-208
152,249,104,8180,-211
152,250,103,8191,-197
152,251,101,8190,-208
152,252,112,8192,-217
152,253,114,8191,-223
152,254,99,8186,-222
152,255,92,8193,-206
152,256,94,8186,-190
152,257,85,8192,-201
152,258,96,8206,-211
152,259,110,8200,-194
152,260,89,8199,-226
152,261,93,8196,-217
152,262,99,8198,-206
152,263,97,8199,-210
152,264,99,8195,-207
152,265,93,8189,-213
152,266,96,8206,-225
152,267,100,8213,-216
152,268,110,8204,-212
152,269,103,8198,-227
152,270,100,8211,-221
152,271,110,8210,-221
152,272,107,8211,-203
152,273,104,8200,-198
152,274,112,8200,-190
152,275,117,8203,-217
152,276,102,8205,-216
152,277,114,8198,-215
152,278,108,8193,-236
152,279,102,8208,-238
152,280,103,8189,-238
152,281,93,8193,-246
152,282,87,8200,-224
152,283,93,8193,-213
152,284,102,8195,-206
152,285,101,8190,-215
152,286,112,8191,-217
152,287,109,8185,-215
152,288,99,8191,-219
152,289,98,8215,-218
152,290,108,8217,-219
152,291,117,8209,-201
152,292,110,8205,-191
152,293,125,8196,-195
152,294,119,8197,-200
152,295,107,8204,-209
152,296,110,8209,-201
152,297,102,8219,-193
152,298,96,8213,-198
152,299,104,8193,-190
152,300,91,8186,-181
152,301,102,8181,-214
152,302,106,8188,-215
152,303,116,8178,-205
152,304,101,8182,-206
152,305,102,8188,-205
152,306,94,8206,-194
152,307,99,8203,-195
152,308,107,8186,-196
152,309,96,8188,-206
152,310,110,8189,-228
152,311,113,8194,-211
152,312,116,8192,-207
152,313,105,8191,-197
152,314,113,8198,-213
152,315,127,8195,-216
152,316,124,8197,-227
152,317,112,8202,-215
152,318,107,8211,-220
152,319,94,8207,-207
152,320,89,8193,-223
152,321,99,8192,-235
152,322,99,8199,-248
152,323,92,8199,-231
152,324,106,8196,-227
152,325,117,8203,-209
152,326,121,8201,-199
152,327,108,8195,-213
152,328,104,8203,-215
152,329,117,8211,-217
152,330,119,8201,-207
152,331,115,8194,-197
152,332,97,8193,-220
152,333,98,8206,-222
152,334,98,8205,-232
152,335,86,8188,-233
152,336,85,8200,-219
152,337,98,8193,-201
152,338,101,8203,-209
152,339,99,8206,-208
152,340,99,8197,-222
152,341,95,8202,-221
152,342,98,8210,-228
152,343,98,8212,-221
152,344,96,8198,-219
152,345,89,8188,-210
152,346,92,8197,-208
152,347,107,8190,-235
152,348,107,8199,-228
152,349,107,8200,-196
152,350,116,8202,-203
152,351,103,8198,-218
152,352,92,8203,-214
152,353,102,8191,-215
152,354,98,8198,-210
152,355,101,8196,-202
152,356,112,8192,-214
152,357,108,8183,-244
152,358,111,8185,-238
152,359,113,8191,-207
152,360,117,8190,-194
152,361,108,8203,-195
152,362,117,8198,-204
152,363,107,8190,-196
152,364,106,8175,-215
152,365,114,8189,-208
152,366,118,8189,-205
152,367,126,8194,-191
152,368,118,8192,-191
152,369,115,8201,-204
152,370,107,8198,-200
152,371,105,8197,-212
152,372,108,8197,-197
152,373,103,8196,-205
152,374,111,8187,-210
152,375,99,8187,-206
152,376,98,8189,-210
152,377,90,8177,-200
152,378,93,8194,-187
152,379,93,8203,-183
152,380,95,8196,-203
152,381,98,8194,-204
152,382,99,8198,-221
152,383,92,8196,-218
152,384,106,8204,-214
152,385,107,8189,-208
152,386,111,8191,-206
152,387,114,8191,-195
152,388,114,8177,-191
152,389,116,8183,-190
152,390,107,8196,-190
152,391,103,8194,-197
152,392,97,8204,-186
152,393,90,8209,-188
152,394,98,8199,-214
152,395,114,8190,-224
152,396,112,8187,-210
152,397,102,8199,-197
152,398,101,8211,-202
152,399,99,8207,-215
152,400,104,8192,-225
152,401,93,8186,-222
152,402,99,8188,-221
152,403,114,8201,-239
152,404,114,8214,-238
152,405,111,8211,-221
152,406,102,8197,-213
152,407,106,8187,-225
152,408,122,8195,-211
152,409,118,8188,-199
152,410,119,8189,-206
152,411,125,8186,-188
152,412,120,8180,-180
152,413,119,8182,-188
152,414,125,8192,-201
152,415,119,8188,-201
152,416,115,8191,-206
152,417,122,8192,-188
152,418,119,8202,-189
152,419,117,8200,-189
152,420,108,8200,-199
152,421,110,8197,-207
152,422,100,8205,-214
152,423,104,8216,-217
152,424,109,8210,-211
152,425,112,8200,-201
152,426,116,8200,-207
152,427,117,8197,-189
152,428,115,8203,-177
152,429,117,8196,-172
152,430,117,8199,-189
152,431,116,8197,-200
152,432,112,8191,-191
152,433,120,8200,-206
152,434,99,8203,-222
152,435,88,8199,-210
152,436,92,8207,-203
152,437,89,8209,-217
152,438,89,8208,-208
152,439,85,8196,-190
152,440,89,8199,-173
152,441,85,8212,-175
152,442,98,8204,-177
152,443,108,8201,-199
152,444,111,8202,-193
152,445,104,8197,-197
152,446,109,8193,-210
152,447,104,8198,-218
152,448,94,8201,-219
152,449,103,8200,-210
152,450,92,8202,-200
152,451,92,8203,-209
152,452,89,8198,-216
152,453,87,8189,-221
152,454,97,8178,-204
152,455,100,8179,-199
152,456,103,8191,-195
152,457,113,8195,-195
152,458,116,8202,-194
152,459,113,8204,-199
152,460,118,8203,-216
152,461,119,8194,-203
152,462,112,8199,-186
152,463,117,8204,-206
152,464,119,8191,-197
152,465,121,8192,-190
152,466,126,8193,-195
152,467,134,8192,-212
152,468,115,8195,-194
152,469,110,8198,-187
152,470,105,8210,-203
152,471,98,8210,-219
152,472,96,8207,-229
152,473,93,8207,-230
152,474,101,8201,-216
152,475,111,8197,-207
152,476,118,8217,-201
152,477,109,8217,-206
152,478,120,8220,-203
152,479,118,8214,-211
152,480,128,8192,-187
152,481,121,8188,-188
152,482,104,8199,-190
152,483,106,8189,-218
152,484,106,8188,-217
152,485,114,8195,-203
152,486,129,8203,-191
152,487,124,8204,-207
152,488,115,8197,-205
152,489,111,8188,-210
152,490,111,8205,-202
152,491,110,8211,-197
152,492,99,8210,-192
152,493,102,8212,-197
152,494,119,8201,-194
152,495,109,8205,-202
152,496,109,8202,-216
152,497,97,8193,-227
152,498,99,8184,-212
152,499,99,8189,-214
152,500,93,8198,-204
152,501,88,8188,-208
152,502,93,8181,-205
152,503,91,8197,-202
152,504,107,8201,-191
152,505,116,8200,-197
152,506,112,8199,-194
152,507,116,8189,-191
152,508,108,8193,-189
152,509,111,8194,-193
152,510,121,8186,-187
152,511,117,8191,-192
152,512,120,8197,-198
152,513,123,8194,-192
152,514,114,8196,-213
152,515,109,8199,-217
152,516,119,8200,-221
152,517,129,8205,-215
152,518,128,8201,-208
152,519,117,8185,-208
152,520,115,8185,-202
152,521,93,8191,-198
152,522,93,8196,-204
152,523,106,8210,-207
152,524,109,8206,-195
152,525,117,8202,-212
152,526,107,8196,-195
152,527,106,8186,-191
152,528,98,8182,-175
152,529,98,8188,-166
152,530,102,8200,-172
152,531,105,8203,-184
152,532,105,8204,-198
152,533,93,8204,-203
152,534,77,8214,-213
152,535,95,8197,-212
152,536,101,8192,-218
152,537,99,8197,-209
152,538,96,8202,-211
152,539,96,8198,-205
152,540,104,8203,-218
152,541,95,8203,-226
152,542,101,8211,-216
152,543,104,8215,-224
152,544,105,8219,-208
152,545,102,8214,-203
152,546,105,8220,-209
152,547,99,8208,-213
152,548,113,8201,-186
152,549,98,8197,-193
152,550,98,8197,-203
152,551,98,8195,-212
152,552,105,8192,-221
152,553,103,8198,-224
152,554,91,8202,-225
152,555,89,8200,-212
152,556,92,8207,-223
152,557,99,8205,-223
152,558,101,8209,-208
152,559,101,8214,-207
152,560,104,8211,-200
152,561,103,8204,-190
152,562,100,8193,-178
152,563,106,8197,-199
152,564,109,8203,-198
152,565,108,8190,-195
152,566,112,8198,-195
152,567,109,8206,-202
152,568,106,8200,-193
152,569,105,8201,-195
152,570,98,8203,-192
152,571,106,8208,-187
152,572,109,8199,-192
152,573,101,8190,-217
152,574,104,8197,-234
152,575,101,8196,-228
152,576,102,8206,-206
152,577,106,8212,-216
152,578,106,8205,-210
152,579,110,8201,-203
152,580,121,8209,-202
152,581,120,8198,-201
152,582,129,8190,-205
152,583,129,8202,-208
152,584,120,8202,-212
152,585,115,8209,-222
152,586,108,8198,-221
152,587,103,8200,-217
152,588,102,8196,-204
152,589,100,8203,-188
152,590,105,8203,-206
152,591,114,8196,-231
152,592,120,8211,-218
152,593,108,8210,-234
152,594,107,8209,-225
152,595,105,8211,-210
152,596,107,8204,-206
152,597,103,8201,-218
152,598,100,8185,-213
152,599,102,8197,-220
152,600,96,8213,-215
152,601,101,8207,-205
152,602,109,8196,-187
152,603,116,8211,-184
152,604,107,8216,-196
152,605,101,8219,-197
152,606,109,8219,-189
152,607,106,8210,-191
152,608,104,8204,-202
152,609,103,8191,-198
152,610,96,8198,-189
152,611,98,8196,-195
152,612,99,8192,-203
152,613,116,8187,-219
152,614,114,8196,-232
152,615,121,8204,-211
152,616,106,8210,-207
152,617,100,8200,-208
152,618,93,8199,-211
152,619,91,8204,-200
152,620,92,8203,-194
152,621,87,8199,-198
152,622,96,8193,-222
152,623,91,8185,-229
152,624,90,8176,-229
152,625,97,8169,-238
152,626,106,8176,-232
152,627,107,8187,-217
152,628,112,8203,-213
152,629,108,8193,-202
152,630,115,8193,-211
152,631,117,8200,-220
152,632,110,8205,-222
152,633,105,8193,-219
152,634,111,8187,-225
152,635,115,8202,-233
152,636,114,8207,-243
152,637,108,8210,-226
152,638,117,8215,-210
152,639,108,8217,-210
152,640,105,8212,-217
152,641,106,8209,-199
152,642,95,8217,-192
152,643,99,8216,-198
152,644,111,8216,-184
152,645,108,8212,-192
152,646,120,8210,-190
152,647,122,8193,-206
152,648,117,8197,-212
152,649,112,8198,-195
152,650,111,8200,-196
152,651,109,8202,-195
152,652,108,8196,-190
152,653,96,8206,-179
152,654,92,8206,-183
152,655,99,8205,-196
152,656,105,8202,-197
152,657,117,8199,-198
152,658,117,8198,-211
152,659,120,8205,-215
152,660,124,8207,-224
152,661,118,8217,-234
152,662,113,8208,-233
152,663,118,8206,-221
152,664,118,8201,-200
152,665,107,8189,-210
152,666,112,8193,-214
152,667,102,8203,-232
152,668,104,8194,-216
152,669,106,8183,-215
152,670,113,8192,-205
152,671,115,8195,-227
152,672,111,8193,-235
152,673,114,8200,-226
152,674,111,8208,-224
152,675,101,8202,-204
152,676,85,8207,-209
152,677,88,8202,-232
152,678,93,8202,-223
152,679,90,8207,-227
152,680,91,8214,-212
152,681,92,8205,-212
152,682,94,8212,-186
152,683,94,8200,-205
152,684,107,8200,-211
152,685,105,8181,-195
152,686,108,8182,-212
152,687,110,8181,-199
152,688,111,8196,-212
152,689,115,8200,-224
152,690,116,8203,-226
152,691,114,8192,-198
152,692,110,8192,-208
152,693,105,8188,-209
152,694,103,8188,-207
152,695,105,8194,-198
152,696,103,8195,-182
152,697,114,8206,-188
152,698,112,8205,-184
152,699,104,8202,-193
152,700,107,8201,-197
152,701,106,8207,-201
152,702,109,8212,-192
152,703,101,8212,-196
152,704,102,8215,-195
152,705,118,8216,-196
152,706,132,8207,-209
152,707,119,8210,-218
152,708,114,8196,-209
152,709,105,8203,-213
152,710,111,8197,-202
152,711,120,8193,-217
152,712,105,8191,-213
152,713,108,8178,-216
152,714,103,8182,-212
152,715,100,8196,-214
152,716,115,8204,-233
152,717,117,8208,-216
152,718,122,8185,-209
152,719,113,8191,-215
152,720,109,8187,-222
152,721,111,8190,-214
152,722,114,8189,-218
152,723,121,8203,-208
152,724,125,8200,-210
152,725,116,8197,-219
152,726,115,8192,-226
152,727,108,8206,-214
152,728,108,8206,-221
152,729,115,8201,-203
152,730,118,8198,-187
152,731,117,8194,-182
152,732,115,8196,-198
152,733,112,8188,-198
152,734,109,8177,-203
152,735,98,8185,-201
152,736,109,8191,-191
152,737,110,8207,-179
152,738,107,8204,-198
152,739,108,8195,-209
152,740,104,8198,-206
152,741,102,8197,-217
152,742,101,8203,-219
152,743,98,8209,-216
152,744,91,8204,-213
152,745,98,8192,-211
152,746,98,8192,-203
152,747,113,8190,-188
152,748,111,8206,-201
152,749,111,8199,-208
152,750,112,8205,-204
152,751,103,8213,-205
152,752,108,8201,-200
152,753,107,8205,-209
152,754,108,8187,-207
152,755,113,8192,-207
152,756,112,8180,-205
152,757,107,8186,-205
152,758,107,8179,-217
152,759,115,8181,-218
152,760,111,8196,-225
152,761,104,8190,-211
152,762,101,8188,-202
152,763,110,8188,-207
152,764,107,8183,-212
152,765,93,8191,-203
152,766,101,8193,-205
152,767,116,8190,-218
152,768,109,8208,-202
152,769,102,8211,-209
152,770,112,8205,-222
152,771,109,8204,-217
152,772,92,8207,-212
152,773,96,8205,-208
152,774,114,8205,-220
152,775,115,8211,-223
152,776,116,8205,-205
152,777,117,8187,-201
152,778,104,8188,-200
152,779,111,8184,-194
152,780,104,8182,-191
152,781,113,8187,-184
152,782,101,8200,-199
152,783,103,8206,-204
152,784,113,8197,-202
152,785,108,8209,-215
152,786,98,8213,-218
152,787,99,8215,-222
152,788,96,8211,-218
152,789,96,8191,-209
152,790,103,8204,-210
152,791,110,8212,-228
152,792,108,8210,-228
152,793,99,8211,-225
152,794,88,8218,-214
152,795,89,8210,-213
152,796,96,8194,-214
152,797,99,8201,-202
152,798,92,8186,-197
152,799,90,8195,-200
152,800,91,8192,-224
152,801,109,8192,-206
152,802,115,8202,-213
152,803,110,8196,-200
152,804,109,8197,-197
152,805,105,8202,-199
152,806,104,8206,-193
152,807,107,8222,-188
152,808,105,8216,-199
152,809,103,8210,-201
152,810,106,8206,-216
152,811,114,8199,-248
152,812,125,8212,-245
152,813,139,8203,-236
152,814,121,8191,-218
152,815,118,8199,-216
152,816,124,8210,-223
152,817,119,8212,-223
152,818,117,8209,-224
152,819,114,8212,-224
152,820,108,8201,-224
152,821,115,8199,-219
152,822,98,8207,-211
152,823,95,8210,-224
152,824,98,8207,-220
152,825,92,8198,-218
152,826,90,8187,-211
152,827,87,8200,-207
152,828,92,8193,-214
152,829,83,8193,-222
152,830,85,8194,-221
152,831,88,8204,-228
152,832,92,8192,-210
152,833,97,8193,-192
152,834,108,8189,-181
152,835,106,8193,-180
152,836,106,8192,-164
152,837,106,8194,-167
152,838,110,8193,-195
152,839,114,8194,-205
152,840,108,8200,-223
152,841,124,8192,-219
152,842,119,8201,-214
152,843,125,8207,-215
152,844,129,8208,-206
152,845,111,8205,-219
152,846,102,8210,-220
152,847,98,8208,-226
152,848,108,8209,-238
152,849,112,8209,-237
152,850,108,8204,-237
152,851,107,8207,-224
152,852,109,8212,-218
152,853,115,8196,-204
152,854,125,8198,-218
152,855,116,8194,-217
152,856,109,8194,-197
152,857,105,8176,-204
152,858,113,8179,-199
152,859,108,8177,-204
152,860,114,8183,-197
152,861,112,8199,-186
152,862,118,8205,-210
152,863,124,8203,-227
152,864,116,8201,-219
152,865,111,8197,-207
152,866,110,8183,-191
152,867,119,8191,-178
152,868,111,8188,-208
152,869,110,8196,-216
152,870,108,8213,-212
152,871,104,8218,-200
152,872,102,8201,-209
152,873,103,8201,-221
152,874,107,8204,-230
152,875,103,8203,-213
152,876,82,8187,-214
152,877,86,8195,-205
152,878,96,8209,-224
152,879,111,8203,-216
152,880,122,8201,-215
152,881,104,8206,-209
152,882,113,8216,-196
152,883,120,8210,-179
152,884,118,8209,-185
152,885,124,8206,-197
152,886,117,8195,-194
152,887,103,8186,-199
152,888,99,8188,-197
152,889,101,8202,-183
152,890,108,8195,-205
152,891,92,8197,-220
152,892,102,8197,-215
152,893,106,8187,-200
152,894,111,8180,-200
152,895,113,8193,-194
152,896,120,8202,-191
152,897,113,8198,-191
152,898,119,8198,-201
152,899,114,8198,-190
152,900,117,8197,-202
152,901,108,8200,-226
152,902,102,8210,-209
152,903,99,8203,-197
152,904,96,8205,-202
152,905,103,8204,-201
152,906,108,8201,-217
152,907,112,8201,-228
152,908,105,8210,-210
152,909,107,8202,-210
152,910,106,8204,-203
152,911,107,8200,-201
152,912,101,8190,-197
152,913,90,8197,-184
152,914,96,8205,-196
152,915,104,8205,-214
152,916,106,8199,-214
152,917,102,8209,-223
152,918,102,8206,-218
152,919,97,8200,-214
152,920,102,8194,-218
152,921,96,8193,-213
152,922,94,8188,-214
152,923,101,8192,-209
152,924,106,8193,-191
152,925,106,8191,-189
152,926,119,8190,-205
152,927,122,8187,-211
152,928,113,8186,-201
152,929,115,8203,-204
152,930,115,8199,-188
152,931,124,8202,-209
152,932,134,8207,-203
152,933,139,8206,-198
152,934,151,8214,-207
152,935,142,8210,-209
152,936,138,8200,-215
152,937,144,8196,-194
152,938,130,8186,-205
152,939,121,8176,-204
152,940,105,8172,-202
152,941,103,8182,-208
152,942,109,8185,-205
152,943,105,8183,-214
152,944,108,8180,-209
152,945,114,8178,-204
152,946,101,8183,-215
152,947,106,8186,-198
152,948,113,8194,-210
152,949,112,8198,-212
152,950,115,8218,-213
152,951,103,8213,-216
152,952,96,8203,-220
152,953,101,8216,-220
152,954,111,8201,-211
152,955,111,8199,-217
152,956,105,8203,-205
152,957,113,8192,-200
152,958,107,8191,-199
152,959,108,8195,-195
152,960,104,8197,-194
152,961,94,8199,-200
152,962,99,8205,-206
152,963,87,8200,-231
152,964,95,8204,-218
152,965,106,8191,-212
152,966,105,8190,-237
152,967,92,8205,-224
152,968,97,8192,-205
152,969,105,8192,-202
152,970,105,8197,-210
152,971,101,8200,-203
152,972,107,8191,-208
152,973,108,8191,-212
152,974,116,8188,-200
152,975,113,8178,-207
152,976,116,8197,-196
152,977,112,8208,-192
152,978,94,8198,-189
152,979,99,8194,-189
152,980,107,8192,-185
152,981,101,8194,-210
152,982,101,8198,-208
152,983,110,8202,-207
152,984,118,8206,-204
152,985,109,8199,-205
152,986,106,8197,-199
152,987,106,8200,-206
152,988,100,8201,-220
152,989,87,8188,-208
152,990,91,8193,-213
152,991,102,8208,-209
152,992,114,8219,-219
152,993,102,8214,-214
152,994,100,8213,-187
152,995,105,8206,-189
152,996,104,8201,-198
152,997,98,8202,-195
152,998,110,8194,-206
152,999,121,8205,-223
152,1000,107,8216,-219
152,1001,111,8213,-205
152,1002,105,8209,-213
152,1003,106,8212,-214
152,1004,102,8222,-213
152,1005,95,8209,-209
152,1006,108,8200,-196
152,1007,118,8193,-195
152,1008,108,8189,-198
152,1009,111,8183,-204
152,1010,122,8191,-204
152,1011,130,8203,-215
152,1012,123,8194,-236
152,1013,112,8189,-246
152,1014,108,8194,-255
152,1015,95,8197,-244
152,1016,83,8197,-234
152,1017,99,8181,-214
152,1018,106,8189,-208
152,1019,111,8202,-213
152,1020,97,8207,-199
152,1021,110,8201,-200
152,1022,117,8197,-211
152,1023,109,8204,-193
152,1024,109,8209,-175
152,1025,116,8198,-177
152,1026,112,8203,-190
152,1027,110,8205,-188
152,1028,102,8197,-206
152,1029,109,8193,-206
152,1030,95,8193,-218
152,1031,91,8193,-215
152,1032,103,8187,-212
152,1033,99,8189,-213
152,1034,109,8191,-202
152,1035,105,8189,-199
152,1036,108,8183,-189
152,1037,116,8193,-202
152,1038,108,8196,-198
152,1039,107,8195,-203
152,1040,109,8198,-188
152,1041,108,8194,-184
152,1042,118,8200,-184
152,1043,121,8198,-205
152,1044,110,8191,-192
152,1045,108,8188,-189
152,1046,106,8184,-208
152,1047,113,8176,-224
152,1048,105,8178,-219
152,1049,100,8193,-199
152,1050,97,8202,-199
152,1051,100,8203,-208
152,1052,110,8194,-215
152,1053,108,8204,-225
152,1054,108,8214,-232
152,1055,113,8224,-230
152,1056,111,8215,-228
152,1057,113,8199,-217
152,1058,122,8197,-219
152,1059,108,8200,-214
152,1060,107,8209,-223
152,1061,110,8197,-212
152,1062,104,8202,-220
152,1063,121,8207,-233
152,1064,116,8195,-219
152,1065,114,8198,-212
152,1066,101,8203,-201
152,1067,100,8221,-214
152,1068,102,8228,-203
152,1069,108,8219,-195
152,1070,106,8216,-216
152,1071,101,8214,-229
152,1072,101,8194,-225
152,1073,112,8190,-203
152,1074,125,8203,-217
152,1075,115,8215,-203
152,1076,110,8203,-207
152,1077,115,8193,-216
152,1078,111,8199,-211
152,1079,111,8190,-215
152,1080,97,8200,-223
152,1081,101,8203,-225
152,1082,109,8202,-220
152,1083,108,8210,-224
152,1084,102,8216,-227
152,1085,101,8204,-229
152,1086,98,8196,-217
152,1087,107,8192,-208
152,1088,96,8203,-216
152,1089,105,8195,-199
152,1090,107,8193,-190
152,1091,109,8199,-190
152,1092,108,8198,-183
152,1093,122,8206,-202
152,1094,113,8209,-218
152,1095,99,8204,-223
152,1096,102,8204,-222
152,1097,104,8201,-213
152,1098,104,8204,-224
152,1099,91,8202,-209
152,1100,97,8204,-203
152,1101,105,8201,-201
152,1102,119,8198,-194
152,1103,115,8190,-192
152,1104,110,8192,-204
152,1105,99,8206,-218
152,1106,89,8198,-228
152,1107,88,8202,-235
152,1108,89,8199,-240
152,1109,93,8198,-228
152,1110,94,8197,-223
152,1111,90,8188,-220
152,1112,102,8187,-221
152,1113,104,8184,-201
152,1114,99,8195,-203
152,1115,92,8195,-202
152,1116,85,8195,-199
152,1117,89,8188,-215
152,1118,90,8188,-223
152,1119,108,8187,-237
152,1120,109,8208,-224
152,1121,97,8213,-211
152,1122,99,8226,-209
152,1123,105,8216,-198
152,1124,102,8207,-206
152,1125,91,8207,-203
152,1126,99,8204,-223
152,1127,93,8204,-212
152,1128,99,8194,-208
152,1129,103,8210,-202
152,1130,104,8207,-199
152,1131,113,8205,-204
152,1132,116,8205,-214
152,1133,116,8209,-225
152,1134,114,8206,-213
152,1135,102,8187,-209
152,1136,99,8195,-197
152,1137,101,8202,-200
152,1138,107,8208,-191
152,1139,115,8209,-187
152,1140,107,8194,-215
152,1141,106,8181,-209
152,1142,123,8190,-205
152,1143,125,8198,-223
152,1144,125,8198,-225
152,1145,115,8208,-204
152,1146,112,8200,-184
152,1147,108,8203,-186
152,1148,113,8200,-210
152,1149,106,8206,-205
152,1150,100,8216,-209
152,1151,97,8199,-194
152,1152,97,8195,-201
152,1153,92,8187,-210
152,1154,102,8180,-215
152,1155,112,8195,-200
152,1156,111,8207,-202
152,1157,104,8209,-209
152,1158,93,8206,-223
152,1159,87,8201,-206
152,1160,95,8207,-200
152,1161,102,8214,-205
152,1162,95,8203,-205
152,1163,93,8205,-204
152,1164,106,8209,-214
152,1165,116,8198,-217
152,1166,102,8208,-209
152,1167,99,8200,-197
152,1168,112,8205,-220
152,1169,110,8210,-214
152,1170,111,8201,-214
152,1171,112,8211,-217
152,1172,105,8202,-215
152,1173,100,8202,-225
152,1174,111,8199,-214
152,1175,119,8194,-229
152,1176,117,8196,-202
152,1177,108,8190,-204
152,1178,104,8195,-223
152,1179,105,8187,-221
152,1180,108,8182,-213
152,1181,104,8197,-216
152,1182,106,8195,-233
152,1183,106,8199,-234
152,1184,87,8205,-232
152,1185,82,8211,-223
152,1186,85,8211,-213
152,1187,93,8220,-220
152,1188,93,8211,-234
152,1189,101,8208,-240
152,1190,100,8206,-231
152,1191,97,8193,-223
152,1192,102,8205,-217
152,1193,105,8202,-210
152,1194,106,8196,-212
152,1195,103,8208,-214
152,1196,108,8219,-202
152,1197,108,8207,-209
152,1198,104,8194,-220
152,1199,116,8204,-195
152,1200,109,8200,-205
152,1201,94,8191,-211
152,1202,101,8189,-206
152,1203,107,8191,-207
152,1204,101,8207,-204
152,1205,94,8197,-210
152,1206,97,8191,-208
152,1207,90,8195,-210
152,1208,99,8203,-196
152,1209,100,8181,-198
152,1210,106,8185,-197
152,1211,104,8188,-210
152,1212,93,8186,-210
152,1213,98,8196,-213
152,1214,97,8207,-214
152,1215,103,8197,-194
152,1216,88,8198,-206
152,1217,89,8203,-194
152,1218,99,8197,-222
152,1219,115,8196,-221
152,1220,105,8194,-219
152,1221,102,8197,-220
152,1222,114,8192,-218
152,1223,111,8195,-215
152,1224,117,8195,-212
152,1225,114,8197,-226
152,1226,116,8194,-237
152,1227,104,8196,-219
152,1228,108,8192,-226
152,1229,108,8181,-209
152,1230,111,8177,-198
152,1231,119,8186,-191
152,1232,128,8198,-200
152,1233,115,8197,-199
152,1234,111,8197,-206
152,1235,94,8199,-196
152,1236,95,8202,-186
152,1237,100,8196,-209
152,1238,95,8184,-213
152,1239,96,8184,-210
152,1240,97,8184,-210
152,1241,99,8195,-212
152,1242,106,8199,-215
152,1243,110,8213,-218
152,1244,121,8213,-226
152,1245,124,8201,-225
152,1246,120,8195,-213
152,1247,123,8194,-215
152,1248,115,8191,-217
152,1249,110,8202,-206
152,1250,92,8201,-186
152,1251,88,8196,-181
152,1252,93,8199,-208
152,1253,96,8204,-210
152,1254,97,8198,-199
152,1255,103,8207,-213
152,1256,113,8197,-220
152,1257,108,8202,-204
152,1258,106,8203,-211
152,1259,107,8207,-198
152,1260,111,8196,-193
152,1261,115,8192,-203
152,1262,110,8192,-210
152,1263,104,8186,-221
152,1264,117,8203,-221
152,1265,121,8208,-196
152,1266,109,8202,-201
152,1267,114,8208,-198
152,1268,107,8216,-213
152,1269,105,8212,-215
152,1270,104,8203,-222
152,1271,101,8203,-205
152,1272,101,8203,-219
152,1273,92,8202,-214
152,1274,89,8203,-223
152,1275,96,8199,-194
152,1276,97,8192,-188
152,1277,105,8190,-186
152,1278,107,8203,-185
152,1279,97,8196,-200
152,1280,103,8192,-204
152,1281,94,8197,-210
152,1282,99,8191,-217
152,1283,102,8203,-207
152,1284,110,8210,-222
152,1285,118,8199,-212
152,1286,110,8183,-204
152,1287,126,8170,-203
152,1288,122,8170,-199
152,1289,113,8175,-208
152,1290,106,8197,-204
152,1291,109,8207,-207
152,1292,96,8195,-222
152,1293,100,8199,-212
152,1294,107,8202,-222
152,1295,103,8202,-230
152,1296,107,8203,-229
152,1297,110,8202,-212
152,1298,106,8205,-192
152,1299,92,8198,-210
152,1300,89,8191,-205
152,1301,92,8204,-208
152,1302,92,8197,-202
152,1303,102,8191,-210
152,1304,104,8189,-203
152,1305,110,8190,-210
152,1306,115,8180,-212
152,1307,115,8185,-213
152,1308,105,8197,-219
152,1309,104,8196,-223
152,1310,104,8195,-230
152,1311,104,8188,-224
152,1312,111,8202,-206
152,1313,110,8204,-211
152,1314,91,8199,-225
152,1315,95,8197,-211
152,1316,102,8191,-212
152,1317,99,8188,-210
152,1318,104,8191,-207
152,1319,109,8198,-211
152,1320,105,8200,-195
152,1321,99,8201,-196
152,1322,116,8195,-206
152,1323,113,8194,-207
152,1324,118,8197,-214
152,1325,113,8204,-228
152,1326,117,8206,-234
152,1327,123,8189,-233
152,1328,108,8185,-225
152,1329,114,8192,-218
152,1330,120,8203,-211
152,1331,115,8212,-218
152,1332,107,8197,-227
152,1333,109,8192,-214
152,1334,114,8192,-217
152,1335,105,8184,-220
152,1336,109,8184,-216
152,1337,111,8189,-225
152,1338,109,8196,-222
152,1339,110,8194,-223
152,1340,121,8191,-220
152,1341,126,8194,-211
152,1342,115,8186,-217
152,1343,107,8190,-223
152,1344,115,8190,-221
152,1345,117,8184,-220
152,1346,100,8187,-209
152,1347,92,8192,-228
152,1348,90,8184,-224
152,1349,96,8186,-216
152,1350,95,8201,-214
152,1351,99,8189,-203
152,1352,108,8187,-201
152,1353,108,8194,-205
152,1354,98,8202,-210
152,1355,98,8199,-205
152,1356,109,8202,-195
152,1357,97,8216,-190
152,1358,88,8205,-202
152,1359,80,8200,-227
152,1360,78,8207,-221
152,1361,89,8208,-223
152,1362,90,8215,-221
152,1363,109,8216,-222
152,1364,104,8207,-219
152,1365,98,8203,-219
152,1366,94,8197,-227
152,1367,92,8186,-224
152,1368,88,8193,-235
152,1369,91,8199,-224
152,1370,100,8193,-215
152,1371,94,8185,-206
152,1372,95,8185,-210
152,1373,97,8197,-217
152,1374,96,8196,-219
152,1375,91,8184,-226
152,1376,82,8188,-217
152,1377,81,8192,-220
152,1378,73,8193,-230
152,1379,80,8192,-219
152,1380,98,8188,-204
152,1381,107,8190,-193
152,1382,111,8195,-173
152,1383,104,8198,-184
152,1384,98,8184,-204
152,1385,104,8178,-219
152,1386,102,8186,-221
152,1387,102,8200,-224
152,1388,114,8207,-206
152,1389,127,8207,-217
152,1390,120,8200,-228
152,1391,116,8199,-228
152,1392,90,8203,-225
152,1393,105,8193,-229
152,1394,110,8199,-224
152,1395,97,8194,-233
152,1396,115,8184,-211
152,1397,126,8187,-189
152,1398,117,8193,-214
152,1399,102,8190,-216
152,1400,107,8195,-215
152,1401,109,8201,-196
152,1402,93,8210,-215
152,1403,92,8216,-226
152,1404,108,8200,-218
152,1405,116,8196,-226
152,1406,115,8200,-227
152,1407,111,8193,-234
152,1408,101,8196,-219
152,1409,110,8204,-191
152,1410,114,8196,-207
152,1411,118,8197,-207
152,1412,108,8189,-208
152,1413,112,8181,-216
152,1414,122,8191,-235
152,1415,120,8191,-228
152,1416,116,8184,-219
152,1417,101,8182,-228
152,1418,97,8185,-239
152,1419,92,8186,-213
152,1420,97,8184,-212
152,1421,106,8175,-202
152,1422,108,8181,-204
152,1423,108,8180,-206
152,1424,102,8183,-205
152,1425,107,8188,-214
152,1426,95,8195,-183
152,1427,103,8193,-175
152,1428,101,8201,-181
152,1429,89,8204,-204
152,1430,91,8205,-218
152,1431,112,8195,-217
152,1432,111,8195,-220
152,1433,108,8204,-222
152,1434,119,8204,-223
152,1435,127,8194,-213
152,1436,119,8194,-200
152,1437,124,8191,-202
152,1438,107,8195,-207
152,1439,113,8204,-206
152,1440,117,8204,-204
152,1441,119,8197,-195
152,1442,117,8185,-201
152,1443,122,8193,-197
152,1444,119,8196,-210
152,1445,110,8198,-193
152,1446,106,8197,-206
152,1447,100,8199,-194
152,1448,104,8191,-178
152,1449,105,8210,-187
152,1450,113,8215,-189
152,1451,116,8205,-186
152,1452,130,8208,-195
152,1453,126,8206,-204
152,1454,111,8205,-206
152,1455,118,8187,-214
152,1456,113,8193,-222
152,1457,106,8193,-207
152,1458,106,8194,-196
152,1459,111,8194,-214
152,1460,102,8204,-202
152,1461,113,8199,-204
152,1462,107,8190,-212
152,1463,95,8191,-203
152,1464,101,8190,-208
152,1465,110,8183,-198
152,1466,104,8184,-204
152,1467,109,8190,-201
152,1468,109,8190,-192
152,1469,114,8194,-186
152,1470,107,8199,-199
152,1471,114,8201,-197
152,1472,118,8205,-222
152,1473,106,8197,-216
152,1474,100,8207,-188
152,1475,102,8211,-212
152,1476,103,8202,-221
152,1477,108,8181,-209
152,1478,106,8180,-224
152,1479,96,8184,-221
152,1480,88,8181,-211
152,1481,116,8187,-201
152,1482,116,8199,-185
152,1483,120,8216,-198
152,1484,98,8218,-216
152,1485,105,8213,-209
152,1486,113,8218,-214
152,1487,108,8205,-226
152,1488,103,8203,-215
152,1489,103,8203,-202
152,1490,88,8206,-209
152,1491,90,8202,-208
152,1492,110,8209,-220
152,1493,113,8211,-222
152,1494,105,8219,-212
152,1495,110,8206,-204
152,1496,108,8212,-203
152,1497,102,8200,-198
152,1498,94,8209,-196
152,1499,91,8190,-209
152,1500,86,8187,-209
152,1501,94,8186,-206
152,1502,110,8186,-202
152,1503,111,8185,-204
152,1504,112,8194,-217
152,1505,120,8183,-218
152,1506,115,8178,-217
152,1507,114,8193,-229
152,1508,105,8196,-230
152,1509,111,8188,-228
152,1510,103,8197,-225
152,1511,93,8195,-207
152,1512,91,8190,-201
152,1513,102,8194,-231
152,1514,101,8196,-237
152,1515,112,8194,-248
152,1516,106,8188,-231
152,1517,97,8192,-216
152,1518,95,8201,-224
152,1519,90,8185,-223
152,1520,87,8196,-194
152,1521,84,8198,-218
152,1522,90,8194,-226
152,1523,109,8208,-227
152,1524,102,8209,-219
152,1525,108,8193,-217
152,1526,115,8195,-221
152,1527,108,8203,-227
152,1528,108,8185,-241
152,1529,96,8188,-238
152,1530,104,8196,-228
152,1531,121,8184,-225
152,1532,103,8182,-226
152,1533,109,8183,-229
152,1534,104,8201,-213
152,1535,104,8205,-210
152,1536,97,8209,-223
152,1537,99,8212,-213
152,1538,103,8202,-191
152,1539,103,8199,-191
152,1540,100,8198,-175
152,1541,101,8202,-192
152,1542,93,8212,-195
152,1543,103,8201,-208
152,1544,101,8191,-209
152,1545,106,8207,-211
152,1546,100,8206,-199
152,1547,99,8202,-200
152,1548,107,8199,-211
152,1549,106,8194,-220
152,1550,115,8199,-200
152,1551,119,8209,-206
152,1552,124,8195,-213
152,1553,123,8199,-214
152,1554,119,8194,-216
152,1555,118,8186,-221
152,1556,109,8183,-201
152,1557,111,8189,-195
152,1558,117,8188,-198
152,1559,118,8194,-193
152,1560,122,8203,-214
152,1561,116,8193,-214
152,1562,112,8191,-201
152,1563,117,8188,-191
152,1564,115,8197,-203
152,1565,118,8201,-198
152,1566,104,8209,-220
152,1567,101,8209,-221
152,1568,111,8202,-213
152,1569,107,8195,-228
152,1570,107,8196,-213
152,1571,104,8198,-220
152,1572,101,8188,-221
152,1573,108,8175,-205
152,1574,109,8170,-214
152,1575,97,8176,-209
152,1576,87,8185,-206
152,1577,85,8197,-202
152,1578,105,8200,-194
152,1579,105,8178,-206
152,1580,108,8180,-205
152,1581,103,8183,-223
152,1582,99,8187,-229
152,1583,85,8189,-212
152,1584,97,8191,-225
152,1585,97,8194,-228
152,1586,105,8183,-220
152,1587,97,8196,-205
152,1588,103,8200,-198
152,1589,104,8193,-200
152,1590,104,8195,-189
152,1591,117,8194,-194
152,1592,110,8209,-192
152,1593,112,8213,-190
152,1594,99,8202,-196
152,1595,116,8202,-204
152,1596,106,8205,-207
152,1597,101,8196,-207
152,1598,108,8195,-210
152,1599,106,8183,-195
152,1600,103,8185,-218
152,1601,98,8192,-215
152,1602,92,8182,-208
152,1603,92,8204,-216
152,1604,90,8211,-220
152,1605,91,8205,-211
152,1606,93,8207,-205
152,1607,106,8195,-213
152,1608,106,8188,-222
152,1609,96,8188,-222
152,1610,96,8201,-217
152,1611,110,8193,-220
152,1612,98,8196,-210
152,1613,100,8183,-202
152,1614,105,8183,-216
152,1615,109,8195,-218
152,1616,114,8188,-206
152,1617,118,8194,-209
152,1618,115,8197,-231
152,1619,113,8184,-232
152,1620,112,8189,-215
152,1621,107,8194,-210
152,1622,116,8190,-222
152,1623,123,8187,-213
152,1624,117,8199,-204
152,1625,116,8206,-202
152,1626,117,8199,-213
152,1627,125,8190,-221
152,1628,121,8185,-218
152,1629,122,8191,-229
152,1630,113,8206,-215
152,1631,115,8190,-207
152,1632,105,8190,-211
152,1633,100,8203,-222
152,1634,107,8190,-231
152,1635,107,8200,-214
152,1636,108,8199,-200
152,1637,101,8193,-209
152,1638,91,8194,-212
152,1639,99,8199,-204
152,1640,96,8193,-208
152,1641,102,8175,-236
152,1642,106,8175,-223
152,1643,104,8182,-215
152,1644,121,8193,-210
152,1645,123,8205,-201
152,1646,124,8200,-206
152,1647,125,8205,-217
152,1648,109,8196,-229
152,1649,120,8186,-218
152,1650,111,8184,-213
152,1651,110,8185,-219
152,1652,107,8198,-220
152,1653,111,8198,-220
152,1654,117,8200,-222
152,1655,119,8197,-205
152,1656,102,8197,-186
152,1657,102,8197,-197
152,1658,103,8197,-217
152,1659,112,8206,-212
152,1660,118,8205,-224
152,1661,126,8194,-215
152,1662,126,8182,-232
152,1663,122,8189,-224
152,1664,115,8183,-214
152,1665,103,8177,-216
152,1666,104,8184,-206
152,1667,123,8194,-200
152,1668,120,8189,-201
152,1669,118,8182,-189
152,1670,116,8183,-202
152,1671,119,8182,-206
152,1672,137,8183,-207
152,1673,133,8188,-184
152,1674,129,8187,-195
152,1675,124,8185,-211
152,1676,116,8177,-213
152,1677,117,8185,-202
152,1678,102,8181,-204
152,1679,104,8180,-203
152,1680,98,8197,-189
152,1681,111,8191,-202
152,1682,119,8179,-206
152,1683,109,8181,-216
152,1684,98,8187,-224
152,1685,104,8190,-220
152,1686,105,8195,-225
152,1687,111,8207,-212
152,1688,96,8202,-208
152,1689,101,8203,-211
152,1690,109,8212,-219
152,1691,112,8209,-206
152,1692,111,8206,-195
152,1693,113,8207,-211
152,1694,106,8201,-209
152,1695,100,8207,-210
152,1696,98,8204,-205
152,1697,110,8191,-208
152,1698,113,8193,-205
152,1699,113,8194,-190
152,1700,104,8206,-199
152,1701,100,8208,-210
152,1702,106,8212,-214
152,1703,104,8211,-219
152,1704,99,8204,-224
152,1705,97,8205,-211
152,1706,99,8211,-202
152,1707,94,8194,-187
152,1708,103,8195,-205
152,1709,115,8184,-216
152,1710,115,8180,-224
152,1711,118,8191,-212
152,1712,117,8192,-205
152,1713,112,8197,-221
152,1714,117,8197,-230
152,1715,125,8209,-218
152,1716,107,8204,-216
152,1717,98,8208,-201
152,1718,87,8208,-214
152,1719,92,8204,-220
152,1720,106,8204,-217
152,1721,118,8201,-215
152,1722,112,8204,-206
152,1723,111,8190,-186
152,1724,99,8189,-183
152,1725,110,8209,-210
152,1726,109,8194,-211
152,1727,100,8187,-224
152,1728,101,8203,-209
152,1729,110,8212,-210
152,1730,110,8216,-226
152,1731,108,8195,-217
152,1732,109,8190,-225
152,1733,110,8190,-222
152,1734,107,8196,-207
152,1735,108,8207,-192
152,1736,113,8198,-211
152,1737,108,8202,-202
152,1738,99,8195,-205
152,1739,92,8188,-202
152,1740,95,8193,-209
152,1741,99,8182,-218
152,1742,110,8185,-234
152,1743,106,8183,-225
152,1744,114,8183,-225
152,1745,90,8188,-216
152,1746,86,8178,-222
152,1747,87,8186,-215
152,1748,82,8197,-229
152,1749,96,8199,-230
152,1750,102,8192,-216
152,1751,109,8187,-205
152,1752,112,8194,-196
152,1753,111,8185,-193
152,1754,105,8184,-208
152,1755,115,8180,-198
152,1756,118,8187,-195
152,1757,116,8193,-216
152,1758,104,8182,-218
152,1759,99,8190,-216
152,1760,107,8198,-217
152,1761,110,8208,-220
152,1762,112,8199,-229
152,1763,111,8190,-220
152,1764,114,8198,-209
152,1765,107,8201,-220
152,1766,100,8200,-193
152,1767,105,8193,-199
152,1768,105,8193,-198
152,1769,109,8191,-193
152,1770,99,8198,-207
152,1771,103,8200,-207
152,1772,108,8180,-215
152,1773,109,8188,-213
152,1774,91,8189,-204
152,1775,102,8187,-199
152,1776,94,8180,-202
152,1777,102,8193,-202
152,1778,95,8190,-218
152,1779,95,8198,-219
152,1780,93,8195,-182
152,1781,100,8198,-180
152,1782,99,8181,-185
152,1783,112,8184,-213
152,1784,118,8183,-218
152,1785,109,8178,-207
152,1786,109,8182,-216
152,1787,103,8188,-217
152,1788,96,8193,-212
152,1789,98,8198,-217
152,1790,101,8194,-220
152,1791,103,8191,-209
152,1792,103,8182,-197
152,1793,111,8186,-213
152,1794,114,8198,-240
152,1795,110,8179,-240
152,1796,114,8189,-246
152,1797,109,8205,-228
152,1798,111,8193,-206
152,1799,121,8201,-223
152,1800,109,8205,-225
152,1801,121,8199,-226
152,1802,114,8195,-237
152,1803,121,8194,-223
152,1804,126,8191,-221
152,1805,113,8204,-206
152,1806,114,8201,-212
152,1807,129,8203,-228
152,1808,117,8201,-237
152,1809,117,8202,-225
152,1810,121,8188,-218
152,1811,130,8179,-202
152,1812,114,8173,-201
152,1813,115,8180,-210
152,1814,114,8189,-201
152,1815,111,8192,-202
152,1816,109,8193,-199
152,1817,100,8199,-202
152,1818,108,8197,-200
152,1819,113,8193,-200
152,1820,110,8188,-197
152,1821,123,8179,-189
152,1822,116,8194,-198
152,1823,110,8205,-192
152,1824,109,8205,-202
152,1825,111,8189,-195
152,1826,123,8188,-204
152,1827,114,8203,-208
152,1828,123,8206,-209
152,1829,110,8195,-226
152,1830,107,8183,-221
152,1831,110,8179,-231
152,1832,118,8195,-233
152,1833,109,8201,-224
152,1834,103,8204,-205
152,1835,112,8204,-201
152,1836,109,8193,-200
152,1837,113,8188,-188
152,1838,101,8189,-200
152,1839,94,8195,-212
152,1840,104,8195,-229
152,1841,95,8192,-228
152,1842,103,8194,-211
152,1843,114,8206,-216
152,1844,114,8204,-218
152,1845,114,8193,-219
152,1846,106,8182,-216
152,1847,102,8176,-212
152,1848,110,8189,-210
152,1849,113,8195,-208
152,1850,103,8180,-185
152,1851,101,8192,-199
152,1852,98,8202,-195
152,1853,97,8196,-192
152,1854,100,8191,-210
152,1855,98,8194,-194
152,1856,104,8203,-200
152,1857,95,8208,-216
152,1858,96,8207,-198
152,1859,104,8209,-189
152,1860,103,8203,-202
152,1861,99,8201,-213
152,1862,102,8196,-226
152,1863,108,8191,-217
152,1864,102,8201,-207
152,1865,104,8201,-207
152,1866,108,8206,-220
152,1867,100,8204,-228
152,1868,99,8204,-222
152,1869,104,8204,-230
152,1870,109,8212,-210
152,1871,100,8211,-207
152,1872,106,8191,-219
152,1873,108,8189,-216
152,1874,106,8193,-206
152,1875,109,8193,-218
152,1876,112,8205,-205
152,1877,103,8204,-208
152,1878,99,8212,-227
152,1879,108,8200,-223
152,1880,111,8201,-225
152,1881,107,8201,-235
152,1882,108,8202,-234
152,1883,111,8202,-221
152,1884,109,8193,-221
152,1885,114,8192,-234
152,1886,118,8197,-215
152,1887,117,8210,-222
152,1888,104,8196,-233
152,1889,93,8199,-221
152,1890,112,8204,-206
152,1891,121,8203,-204
152,1892,125,8197,-211
152,1893,110,8199,-205
152,1894,114,8194,-214
152,1895,120,8185,-210
152,1896,119,8192,-218
152,1897,110,8200,-227
152,1898,108,8188,-236
152,1899,111,8196,-218
152,1900,100,8196,-218
152,1901,99,8199,-211
152,1902,99,8205,-197
152,1903,99,8205,-211
152,1904,91,8204,-216
152,1905,90,8210,-209
152,1906,95,8188,-211
152,1907,95,8194,-201
152,1908,97,8188,-191
152,1909,105,8180,-202
152,1910,99,8188,-187
152,1911,94,8184,-195
152,1912,106,8178,-188
152,1913,98,8190,-173
152,1914,99,8191,-184
152,1915,107,8175,-196
152,1916,103,8183,-201
152,1917,108,8198,-204
152,1918,109,8199,-196
152,1919,111,8214,-192
152,1920,114,8211,-214
152,1921,114,8198,-222
152,1922,108,8195,-229
152,1923,102,8187,-222
152,1924,97,8191,-222
152,1925,104,8187,-210
152,1926,103,8193,-209
152,1927,112,8192,-204
152,1928,110,8200,-208
152,1929,113,8199,-203
152,1930,106,8202,-208
152,1931,95,8203,-214
152,1932,83,8197,-207
152,1933,83,8189,-216
152,1934,102,8191,-212
152,1935,90,8195,-211
152,1936,92,8192,-220
152,1937,108,8186,-216
152,1938,100,8183,-220
152,1939,96,8184,-218
152,1940,102,8181,-214
152,1941,102,8192,-214
152,1942,108,8197,-215
152,1943,112,8193,-220
152,1944,110,8196,-224
152,1945,104,8193,-221
152,1946,98,8188,-226
152,1947,100,8179,-228
152,1948,103,8184,-214
152,1949,110,8192,-216
152,1950,111,8178,-205
152,1951,100,8179,-211
152,1952,107,8204,-215
152,1953,104,8197,-220
152,1954,112,8191,-226
152,1955,109,8193,-220
152,1956,101,8190,-225
152,1957,116,8196,-190
152,1958,107,8184,-198
152,1959,108,8191,-208
152,1960,107,8193,-217
152,1961,101,8200,-213
152,1962,103,8192,-228
152,1963,99,8202,-217
152,1964,107,8200,-203
152,1965,112,8194,-193
152,1966,105,8207,-202
152,1967,108,8205,-202
152,1968,110,8205,-192
152,1969,111,8203,-181
152,1970,104,8206,-189
152,1971,99,8202,-198
152,1972,87,8200,-187
152,1973,87,8204,-190
152,1974,86,8197,-208
152,1975,96,8187,-215
152,1976,103,8193,-218
152,1977,107,8185,-229
152,1978,102,8185,-246
152,1979,103,8195,-238
152,1980,106,8199,-238
152,1981,112,8186,-211
152,1982,114,8183,-221
152,1983,115,8194,-215
152,1984,109,8190,-216
152,1985,108,8201,-227
152,1986,103,8207,-228
152,1987,99,8196,-208
152,1988,102,8195,-207
152,1989,105,8200,-199
152,1990,103,8200,-201
152,1991,112,8193,-201
152,1992,106,8196,-217
152,1993,97,8194,-199
152,1994,101,8197,-188
152,1995,96,8207,-205
152,1996,120,8199,-226
152,1997,109,8196,-204
152,1998,101,8188,-203
152,1999,106,8197,-192
152,2000,116,8208,-193
152,2001,123,8203,-198
152,2002,130,8205,-206
152,2003,118,8215,-213
152,2004,117,8205,-198
152,2005,108,8196,-219
152,2006,105,8203,-228
152,2007,105,8221,-216
152,2008,110,8211,-207
152,2009,127,8201,-210
152,2010,131,8211,-205
152,2011,119,8199,-198
152,2012,108,8200,-200
152,2013,100,8193,-216
152,2014,118,8189,-209
152,2015,118,8191,-209
152,2016,112,8190,-207
152,2017,125,8201,-205
152,2018,118,8209,-197
152,2019,108,8216,-203
152,2020,95,8198,-195
152,2021,101,8187,-194
152,2022,97,8187,-211
152,2023,87,8192,-209
152,2024,96,8201,-209
152,2025,103,8199,-192
152,2026,107,8192,-180
152,2027,125,8198,-197
152,2028,124,8190,-214
152,2029,109,8200,-219
152,2030,106,8203,-223
152,2031,106,8203,-218
152,2032,97,8192,-226
152,2033,103,8183,-214
152,2034,104,8173,-231
152,2035,105,8181,-220
152,2036,99,8187,-219
152,2037,106,8190,-206
152,2038,97,8188,-214
152,2039,94,8186,-212
152,2040,92,8202,-220
152,2041,107,8201,-213
152,2042,95,8192,-197
152,2043,97,8173,-197
152,2044,107,8174,-192
152,2045,110,8176,-203
152,2046,108,8186,-206
152,2047,112,8187,-201
152,2048,111,8190,-197
152,2049,105,8197,-217
152,2050,109,8201,-197
152,2051,121,8205,-196
152,2052,124,8192,-196
152,2053,120,8187,-193
152,2054,114,8196,-201
152,2055,105,8196,-214
152,2056,102,8196,-228
152,2057,107,8189,-224
152,2058,104,8184,-204
152,2059,109,8185,-193
152,2060,109,8182,-198
152,2061,108,8176,-199
152,2062,100,8182,-205
152,2063,91,8192,-224
152,2064,93,8206,-229
152,2065,98,8208,-210
152,2066,99,8196,-210
152,2067,102,8193,-219
152,2068,100,8185,-206
152,2069,103,8179,-185
152,2070,105,8182,-208
152,2071,97,8175,-197
152,2072,102,8177,-204
152,2073,112,8184,-217
152,2074,126,8187,-216
152,2075,122,8209,-224
152,2076,121,8210,-218
152,2077,104,8201,-212
152,2078,101,8198,-213
152,2079,101,8200,-181
152,2080,109,8199,-186
152,2081,108,8207,-178
152,2082,110,8208,-197
152,2083,114,8204,-207
152,2084,108,8200,-204
152,2085,109,8203,-213
152,2086,119,8205,-204
152,2087,115,8194,-217
152,2088,112,8200,-219
152,2089,105,8184,-216
152,2090,99,8187,-196
152,2091,101,8192,-201
152,2092,101,8202,-216
152,2093,96,8196,-237
152,2094,110,8205,-232
152,2095,121,8208,-237
152,2096,118,8203,-237
152,2097,111,8196,-215
152,2098,104,8203,-227
152,2099,102,8183,-235
152,2100,100,8189,-218
152,2101,101,8187,-219
152,2102,99,8205,-209
152,2103,102,8195,-211
152,2104,101,8191,-208
152,2105,109,8204,-208
152,2106,92,8210,-215
152,2107,97,8215,-205
152,2108,103,8207,-204
152,2109,110,8206,-204
152,2110,111,8203,-197
152,2111,107,8193,-211
152,2112,109,8195,-210
152,2113,97,8204,-201
152,2114,94,8195,-190
152,2115,105,8196,-199
152,2116,94,8191,-201
152,2117,109,8203,-202
152,2118,104,8198,-213
152,2119,103,8204,-226
152,2120,100,8200,-223
152,2121,92,8189,-228
152,2122,96,8192,-227
152,2123,106,8199,-229
152,2124,110,8199,-218
152,2125,103,8206,-217
152,2126,105,8203,-225
152,2127,95,8197,-233
152,2128,98,8194,-222
152,2129,101,8190,-221
152,2130,111,8184,-226
152,2131,103,8177,-218
152,2132,100,8175,-210
152,2133,104,8188,-218
152,2134,102,8193,-212
152,2135,109,8198,-188
152,2136,112,8199,-190
152,2137,108,8192,-203
152,2138,107,8187,-206
152,2139,114,8186,-202
152,2140,108,8187,-199
152,2141,124,8196,-201
152,2142,114,8198,-213
152,2143,94,8201,-226
152,2144,108,8198,-214
152,2145,113,8195,-205
152,2146,107,8196,-214
152,2147,105,8198,-221
152,2148,121,8202,-205
152,2149,120,8203,-203
152,2150,116,8201,-209
152,2151,114,8209,-217
152,2152,116,8201,-211
152,2153,129,8201,-202
152,2154,125,8186,-231
152,2155,106,8200,-225
152,2156,103,8196,-214
152,2157,89,8197,-210
152,2158,85,8196,-214
152,2159,85,8194,-213
152,2160,87,8196,-210
152,2161,84,8201,-217
152,2162,95,8200,-223
152,2163,100,8194,-211
152,2164,94,8207,-217
152,2165,82,8197,-203
152,2166,94,8205,-202
152,2167,98,8210,-210
152,2168,100,8198,-226
152,2169,98,8190,-214
152,2170,103,8193,-196
152,2171,103,8189,-192
152,2172,106,8195,-193
152,2173,101,8198,-191
152,2174,102,8191,-200
152,2175,101,8184,-185
152,2176,99,8174,-187
152,2177,94,8180,-183
152,2178,94,8189,-186
152,2179,104,8192,-207
152,2180,108,8200,-213
152,2181,113,8187,-220
152,2182,107,8188,-217
152,2183,103,8189,-199
152,2184,98,8193,-222
152,2185,102,8201,-221
152,2186,90,8199,-233
152,2187,97,8203,-227
152,2188,96,8199,-212
152,2189,100,8195,-200
152,2190,100,8194,-205
152,2191,107,8202,-193
152,2192,109,8206,-193
152,2193,111,8199,-199
152,2194,116,8193,-221
152,2195,109,8183,-225
152,2196,108,8191,-221
152,2197,103,8198,-212
152,2198,101,8204,-214
152,2199,94,8183,-216
152,2200,101,8175,-220
152,2201,91,8177,-220
152,2202,93,8184,-206
152,2203,93,8179,-216
152,2204,87,8192,-214
152,2205,88,8194,-204
152,2206,97,8197,-208
152,2207,104,8194,-210
152,2208,104,8208,-204
152,2209,96,8198,-207
152,2210,108,8198,-204
152,2211,123,8202,-212
152,2212,118,8196,-219
152,2213,119,8186,-209
152,2214,131,8181,-209
152,2215,124,8185,-219
152,2216,122,8194,-215
152,2217,108,8190,-212
152,2218,104,8187,-210
152,2219,102,8189,-207
152,2220,116,8189,-206
152,2221,106,8197,-194
152,2222,114,8197,-223
152,2223,121,8203,-212
152,2224,112,8207,-203
152,2225,104,8205,-193
152,2226,109,8199,-196
152,2227,105,8201,-194
152,2228,109,8196,-198
152,2229,106,8191,-200
152,2230,101,8183,-194
152,2231,115,8182,-199
152,2232,114,8197,-196
152,2233,108,8205,-205
152,2234,112,8206,-208
152,2235,103,8201,-208
152,2236,105,8192,-189
152,2237,96,8190,-188
152,2238,103,8187,-195
152,2239,116,8197,-208
152,2240,114,8200,-216
152,2241,110,8196,-231
152,2242,107,8192,-225
152,2243,97,8188,-213
152,2244,108,8189,-217
152,2245,106,8180,-221
152,2246,98,8178,-205
152,2247,114,8182,-206
152,2248,117,8182,-206
152,2249,114,8191,-213
152,2250,104,8189,-205
152,2251,114,8188,-212
152,2252,116,8196,-210
152,2253,109,8193,-231
152,2254,115,8188,-214
152,2255,119,8178,-209
152,2256,114,8174,-210
152,2257,115,8180,-194
152,2258,111,8186,-208
152,2259,106,8188,-211
152,2260,96,8199,-195
152,2261,107,8202,-209
152,2262,113,8206,-205
152,2263,108,8213,-200
152,2264,105,8207,-201
152,2265,99,8209,-197
152,2266,108,8213,-202
152,2267,124,8210,-208
152,2268,117,8207,-200
152,2269,113,8201,-228
152,2270,124,8193,-232
152,2271,107,8203,-209
152,2272,96,8198,-209
152,2273,92,8199,-205
152,2274,95,8197,-201
152,2275,94,8195,-193
152,2276,103,8199,-195
152,2277,113,8197,-217
152,2278,105,8199,-203
152,2279,103,8203,-200
152,2280,113,8207,-216
152,2281,110,8211,-222
152,2282,121,8208,-223
152,2283,107,8209,-224
152,2284,106,8197,-241
152,2285,106,8185,-224
152,2286,106,8193,-217
152,2287,95,8201,-221
152,2288,103,8207,-216
152,2289,98,8205,-223
152,2290,102,8201,-201
152,2291,111,8206,-190
152,2292,117,8207,-210
152,2293,113,8212,-227
152,2294,108,8205,-225
152,2295,104,8192,-234
152,2296,107,8189,-221
152,2297,100,8200,-225
152,2298,89,8205,-241
152,2299,102,8194,-247
152,2300,115,8185,-224
152,2301,125,8199,-239
152,2302,121,8199,-228
152,2303,112,8193,-226
152,2304,114,8199,-227
152,2305,111,8209,-208
152,2306,100,8215,-205
152,2307,93,8219,-207
152,2308,102,8210,-214
152,2309,103,8215,-214
152,2310,86,8203,-205
152,2311,84,8192,-199
152,2312,84,8195,-204
152,2313,83,8197,-205
152,2314,85,8199,-212
152,2315,77,8204,-218
152,2316,95,8209,-235
152,2317,100,8205,-232
152,2318,116,8197,-228
152,2319,117,8198,-220
152,2320,123,8193,-209
152,2321,121,8192,-227
152,2322,112,8187,-225
152,2323,108,8181,-212
152,2324,104,8171,-218
152,2325,117,8185,-219
152,2326,111,8192,-239
152,2327,117,8191,-225
152,2328,111,8188,-228
152,2329,121,8187,-227
152,2330,130,8199,-212
152,2331,123,8204,-209
152,2332,113,8196,-215
152,2333,117,8196,-210
152,2334,117,8196,-217
152,2335,119,8200,-216
152,2336,109,8187,-227
152,2337,100,8190,-219
152,2338,102,8206,-222
152,2339,110,8202,-221
152,2340,102,8190,-221
152,2341,111,8193,-223
152,2342,107,8186,-216
152,2343,114,8188,-219
152,2344,112,8189,-222
152,2345,110,8196,-229
152,2346,107,8198,-240
152,2347,100,8188,-226
152,2348,97,8192,-217
152,2349,100,8195,-186
152,2350,103,8199,-197
152,2351,105,8206,-206
152,2352,112,8193,-211
152,2353,101,8194,-216
152,2354,117,8197,-215
152,2355,110,8189,-216
152,2356,114,8200,-225
152,2357,125,8195,-230
152,2358,125,8185,-224
152,2359,121,8188,-212
152,2360,105,8186,-209
152,2361,108,8193,-204
152,2362,109,8183,-215
152,2363,100,8203,-222
152,2364,100,8216,-219
152,2365,121,8205,-228
152,2366,122,8194,-223
152,2367,122,8201,-212
152,2368,124,8190,-199
152,2369,113,8195,-200
152,2370,109,8203,-212
152,2371,110,8210,-214
152,2372,109,8197,-219
152,2373,108,8203,-212
152,2374,102,8213,-217
152,2375,93,8197,-209
152,2376,102,8202,-197
152,2377,103,8200,-194
152,2378,99,8193,-197
152,2379,104,8193,-212
152,2380,108,8196,-201
152,2381,110,8190,-203
152,2382,99,8195,-229
152,2383,88,8201,-232
152,2384,95,8208,-215
152,2385,110,8203,-214
152,2386,106,8203,-212
152,2387,107,8196,-191
152,2388,103,8202,-208
152,2389,107,8206,-202
152,2390,110,8205,-198
152,2391,102,8196,-212
152,2392,105,8197,-221
152,2393,104,8205,-213
152,2394,103,8202,-230
152,2395,97,8197,-229
152,2396,95,8192,-222
152,2397,88,8198,-222
152,2398,82,8209,-231
152,2399,85,8208,-221
152,2400,98,8200,-225
152,2401,102,8187,-213
152,2402,122,8199,-208
152,2403,105,8192,-217
152,2404,104,8198,-203
152,2405,110,8207,-194
152,2406,115,8202,-202
152,2407,111,8194,-201
152,2408,111,8199,-195
152,2409,112,8204,-208
152,2410,100,8215,-202
152,2411,88,8205,-222
152,2412,104,8192,-228
152,2413,116,8183,-222
152,2414,115,8177,-217
152,2415,116,8182,-228
152,2416,102,8197,-238
152,2417,99,8192,-240
152,2418,104,8193,-224
152,2419,112,8195,-210
152,2420,107,8193,-206
152,2421,111,8192,-221
152,2422,107,8199,-212
152,2423,106,8201,-204
152,2424,106,8210,-206
152,2425,117,8200,-220
152,2426,107,8194,-235
152,2427,104,8179,-234
152,2428,111,8189,-223
152,2429,123,8205,-213
152,2430,128,8202,-199
152,2431,125,8194,-193
152,2432,117,8196,-197
152,2433,120,8206,-223
152,2434,112,8202,-225
152,2435,111,8188,-232
152,2436,99,8189,-205
152,2437,105,8192,-210
152,2438,121,8204,-202
152,2439,115,8206,-200
152,2440,104,8210,-199
152,2441,92,8201,-196
152,2442,106,8201,-203
152,2443,111,8186,-195
152,2444,117,8183,-200
152,2445,110,8192,-227
152,2446,105,8193,-211
152,2447,102,8201,-210
152,2448,100,8200,-226
152,2449,100,8192,-205
152,2450,94,8177,-210
152,2451,99,8181,-208
152,2452,105,8187,-191
152,2453,112,8189,-203
152,2454,103,8196,-209
152,2455,101,8195,-221
152,2456,104,8206,-222
152,2457,110,8203,-200
152,2458,111,8189,-193
152,2459,103,8194,-198
152,2460,97,8189,-209
152,2461,97,8200,-206
152,2462,88,8187,-193
152,2463,85,8189,-194
152,2464,79,8189,-202
152,2465,77,8195,-202
152,2466,80,8194,-206
152,2467,89,8191,-203
152,2468,94,8187,-186
152,2469,96,8186,-203
152,2470,104,8187,-188
152,2471,101,8199,-178
152,2472,96,8201,-187
152,2473,99,8210,-198
152,2474,101,8208,-209
152,2475,102,8196,-193
152,2476,105,8191,-194
152,2477,110,8205,-193
152,2478,119,8205,-215
152,2479,112,8200,-214
152,2480,112,8193,-217
152,2481,116,8195,-207
152,2482,108,8200,-214
152,2483,105,8204,-202
152,2484,103,8212,-199
152,2485,93,8210,-207
152,2486,91,8204,-218
152,2487,103,8196,-229
152,2488,111,8193,-209
152,2489,111,8184,-210
152,2490,109,8190,-217
152,2491,110,8193,-214
152,2492,107,8190,-210
152,2493,105,8185,-201
152,2494,100,8191,-202
152,2495,104,8184,-206
152,2496,99,8186,-200
152,2497,104,8177,-201
