block,index,ax_raw,ay_raw,az_raw
1,0,526,-87,-8337
1,1,540,-92,-8339
1,2,541,-111,-8351
1,3,543,-107,-8353
1,4,535,-105,-8342
1,5,533,-99,-8344
1,6,542,-99,-8329
1,7,544,-95,-8333
1,8,543,-97,-8340
1,9,544,-104,-8359
1,10,544,-102,-8351
1,11,553,-98,-8335
1,12,544,-97,-8319
1,13,549,-100,-8320
1,14,552,-112,-8336
1,15,552,-109,-8351
1,16,548,-107,-8346
1,17,545,-107,-8342
1,18,540,-117,-8344
1,19,524,-124,-8340
1,20,516,-125,-8337
1,21,525,-111,-8328
1,22,515,-98,-8340
1,23,510,-96,-8347
1,24,524,-117,-8351
1,25,543,-115,-8355
1,26,549,-105,-8351
1,27,561,-87,-8336
1,28,553,-100,-8331
1,29,541,-99,-8333
1,30,535,-107,-8326
1,31,545,-102,-8341
1,32,554,-89,-8347
1,33,549,-86,-8340
1,34,540,-80,-8341
1,35,526,-85,-8342
1,36,519,-97,-8344
1,37,531,-100,-8359
1,38,524,-103,-8340
1,39,529,-102,-8350
1,40,529,-107,-8342
1,41,529,-120,-8348
1,42,535,-107,-8348
1,43,540,-103,-8348
1,44,545,-111,-8347
1,45,541,-103,-8335
1,46,538,-111,-8341
1,47,540,-100,-8327
1,48,550,-88,-8339
1,49,549,-95,-8354
1,50,549,-92,-8353
1,51,554,-98,-8339
1,52,544,-86,-8357
1,53,562,-103,-8350
1,54,552,-97,-8330
1,55,545,-112,-8328
1,56,537,-110,-8346
1,57,536,-91,-8333
1,58,538,-87,-8339
1,59,530,-97,-8342
1,60,526,-97,-8336
1,61,522,-100,-8331
1,62,526,-98,-8350
1,63,527,-101,-8352
1,64,529,-116,-8331
1,65,528,-117,-8326
1,66,540,-120,-8322
1,67,546,-110,-8347
1,68,540,-117,-8353
1,69,536,-100,-8351
1,70,543,-92,-8355
1,71,539,-97,-8355
1,72,539,-84,-8341
1,73,533,-99,-8340
1,74,540,-93,-8332
1,75,548,-96,-8334
1,76,568,-87,-8321
1,77,556,-81,-8314
1,78,564,-88,-8309
1,79,554,-100,-8331
1,80,542,-110,-8339
1,81,543,-92,-8339
1,82,542,-99,-8359
1,83,541,-97,-8366
1,84,525,-104,-8370
1,85,519,-108,-8361
1,86,510,-101,-8351
1,87,521,-101,-8353
1,88,538,-94,-8347
1,89,537,-94,-8347
1,90,535,-90,-8325
1,91,531,-91,-8329
1,92,537,-106,-8341
1,93,541,-101,-8340
1,94,543,-91,-8332
1,95,553,-101,-8349
1,96,553,-100,-8358
1,97,552,-97,-8356
1,98,553,-86,-8361
1,99,545,-88,-8342
1,100,556,-89,-8328
1,101,541,-103,-8331
1,102,548,-111,-8334
1,103,555,-111,-8337
1,104,549,-107,-8339
1,105,539,-116,-8346
1,106,545,-115,-8345
1,107,544,-112,-8362
1,108,530,-107,-8366
1,109,534,-106,-8363
1,110,538,-101,-8360
1,111,558,-86,-8367
1,112,560,-86,-8356
1,113,560,-95,-8352
1,114,559,-98,-8321
1,115,560,-90,-8343
1,116,565,-90,-8347
1,117,556,-108,-8347
1,118,547,-106,-8355
1,119,533,-94,-8353
1,120,546,-103,-8338
1,121,545,-116,-8327
1,122,534,-102,-8334
1,123,523,-99,-8336
1,124,523,-107,-8336
1,125,534,-105,-8338
1,126,539,-106,-8351
1,127,547,-110,-8336
1,128,546,-116,-8339
1,129,539,-114,-8342
1,130,537,-106,-8339
1,131,531,-96,-8349
1,132,542,-108,-8363
1,133,540,-116,-8362
1,134,543,-97,-8359
1,135,546,-93,-8357
1,136,543,-90,-8346
1,137,530,-92,-8340
1,138,536,-92,-8337
1,139,544,-88,-8351
1,140,548,-85,-8335
1,141,553,-85,-8323
1,142,546,-86,-8338
1,143,539,-94,-8341
1,144,535,-104,-8332
1,145,534,-94,-8346
1,146,525,-103,-8357
1,147,524,-99,-8353
1,148,529,-93,-8351
1,149,524,-93,-8358
1,150,522,-103,-8350
1,151,535,-100,-8350
1,152,552,-100,-8342
1,153,543,-108,-8338
1,154,537,-108,-8353
1,155,546,-94,-8350
1,156,530,-89,-8331
1,157,531,-89,-8345
1,158,538,-73,-8360
1,159,531,-79,-8372
1,160,535,-77,-8360
1,161,537,-76,-8362
1,162,549,-95,-8354
1,163,552,-102,-8336
1,164,564,-100,-8329
1,165,551,-100,-8340
1,166,538,-106,-8357
1,167,542,-101,-8342
1,168,529,-109,-8341
1,169,527,-115,-8356
1,170,531,-93,-8364
1,171,536,-87,-8341
1,172,534,-96,-8332
1,173,535,-98,-8322
1,174,545,-106,-8330
1,175,536,-105,-8335
1,176,534,-104,-8338
1,177,546,-103,-8327
1,178,556,-110,-8337
1,179,558,-100,-8354
1,180,552,-108,-8345
1,181,554,-110,-8357
1,182,555,-93,-8359
1,183,554,-88,-8362
1,184,546,-92,-8358
1,185,544,-95,-8362
1,186,542,-92,-8357
1,187,543,-90,-8367
1,188,540,-96,-8363
1,189,558,-93,-8343
1,190,558,-92,-8353
1,191,543,-104,-8351
1,192,532,-113,-8354
1,193,540,-118,-8354
1,194,544,-123,-8357
1,195,543,-121,-8350
1,196,549,-114,-8334
1,197,549,-110,-8339
1,198,560,-99,-8360
1,199,556,-99,-8367
1,200,542,-110,-8353
1,201,542,-108,-8330
1,202,542,-107,-8334
1,203,546,-99,-8329
1,204,541,-109,-8334
1,205,546,-116,-8342
1,206,556,-101,-8335
1,207,558,-100,-8332
1,208,559,-102,-8337
1,209,550,-105,-8346
1,210,551,-107,-8365
1,211,552,-104,-8364
1,212,556,-105,-8358
1,213,555,-93,-8355
1,214,551,-90,-8354
1,215,542,-97,-8353
1,216,547,-110,-8349
1,217,547,-103,-8351
1,218,544,-109,-8361
1,219,552,-96,-8351
1,220,554,-91,-8332
1,221,547,-77,-8323
1,222,534,-85,-8341
1,223,536,-90,-8357
1,224,542,-107,-8355
1,225,553,-109,-8362
1,226,552,-116,-8349
1,227,541,-112,-8356
1,228,546,-121,-8352
1,229,544,-106,-8359
1,230,551,-111,-8333
1,231,538,-103,-8343
1,232,540,-91,-8342
1,233,537,-100,-8338
1,234,536,-92,-8341
1,235,535,-89,-8348
1,236,548,-99,-8344
1,237,550,-111,-8339
1,238,557,-109,-8350
1,239,551,-112,-8351
1,240,555,-112,-8341
1,241,543,-114,-8344
1,242,543,-112,-8353
1,243,543,-106,-8363
1,244,536,-101,-8363
1,245,545,-99,-8348
1,246,544,-90,-8338
1,247,541,-86,-8333
1,248,545,-86,-8334
1,249,544,-92,-8336
1,250,549,-103,-8326
1,251,545,-91,-8332
1,252,548,-84,-8320
1,253,555,-84,-8322
1,254,555,-96,-8339
1,255,553,-94,-8327
1,256,547,-101,-8335
1,257,531,-101,-8367
1,258,529,-91,-8351
1,259,541,-84,-8357
1,260,543,-96,-8348
1,261,544,-104,-8359
1,262,548,-105,-8361
1,263,559,-106,-8343
1,264,550,-92,-8341
1,265,542,-92,-8330
1,266,538,-111,-8336
1,267,547,-104,-8317
1,268,542,-99,-8315
1,269,533,-99,-8339
1,270,540,-99,-8343
1,271,541,-108,-8349
1,272,533,-116,-8325
1,273,537,-111,-8319
1,274,535,-103,-8335
1,275,534,-102,-8339
1,276,536,-102,-8362
1,277,533,-87,-8357
1,278,544,-79,-8340
1,279,549,-82,-8328
1,280,541,-79,-8331
1,281,544,-82,-8323
1,282,549,-78,-8338
1,283,552,-81,-8343
1,284,546,-83,-8343
1,285,535,-89,-8335
1,286,534,-102,-8331
1,287,527,-104,-8356
1,288,523,-106,-8356
1,289,531,-96,-8331
1,290,544,-103,-8326
1,291,541,-110,-8343
1,292,534,-93,-8338
1,293,536,-91,-8346
1,294,544,-93,-8360
1,295,538,-102,-8344
1,296,538,-106,-8338
1,297,535,-97,-8331
1,298,541,-99,-8333
1,299,538,-101,-8347
1,300,528,-104,-8335
1,301,529,-117,-8335
1,302,539,-103,-8346
1,303,542,-106,-8350
1,304,544,-99,-8354
1,305,552,-96,-8358
1,306,552,-86,-8350
1,307,557,-83,-8340
1,308,545,-86,-8316
1,309,548,-87,-8318
1,310,544,-85,-8343
1,311,549,-94,-8343
1,312,544,-99,-8343
1,313,532,-113,-8325
1,314,523,-111,-8320
1,315,535,-110,-8324
1,316,527,-110,-8345
1,317,536,-114,-8346
1,318,539,-106,-8354
1,319,538,-104,-8364
1,320,543,-88,-8359
1,321,548,-87,-8349
1,322,547,-84,-8340
1,323,536,-92,-8319
1,324,541,-107,-8317
1,325,550,-109,-8326
1,326,563,-105,-8332
1,327,561,-107,-8327
1,328,555,-102,-8334
1,329,545,-103,-8344
1,330,544,-99,-8335
1,331,544,-108,-8334
1,332,546,-106,-8327
1,333,551,-113,-8327
1,334,546,-109,-8328
1,335,550,-98,-8338
1,336,545,-88,-8341
1,337,532,-95,-8341
1,338,537,-97,-8335
1,339,543,-92,-8339
1,340,547,-89,-8332
1,341,554,-89,-8326
1,342,560,-96,-8326
1,343,543,-92,-8330
1,344,538,-90,-8335
1,345,536,-94,-8333
1,346,516,-94,-8338
1,347,518,-100,-8346
1,348,527,-109,-8349
1,349,538,-117,-8360
1,350,551,-103,-8345
1,351,551,-111,-8335
1,352,548,-115,-8330
1,353,543,-118,-8320
1,354,535,-115,-8314
1,355,526,-119,-8333
1,356,543,-118,-8342
1,357,539,-113,-8346
1,358,548,-113,-8359
1,359,543,-114,-8343
1,360,540,-103,-8347
1,361,536,-92,-8341
1,362,543,-84,-8341
1,363,540,-101,-8348
1,364,543,-105,-8360
1,365,537,-99,-8350
1,366,539,-103,-8347
1,367,545,-104,-8348
1,368,545,-97,-8354
1,369,539,-104,-8342
1,370,536,-96,-8328
1,371,542,-100,-8324
1,372,547,-110,-8341
1,373,542,-106,-8332
1,374,551,-113,-8339
1,375,545,-106,-8354
1,376,545,-100,-8357
1,377,536,-94,-8347
1,378,539,-97,-8354
1,379,535,-101,-8349
1,380,534,-116,-8344
1,381,548,-100,-8343
1,382,549,-90,-8346
1,383,543,-90,-8341
1,384,536,-87,-8348
1,385,540,-90,-8347
1,386,536,-94,-8338
1,387,546,-104,-8334
1,388,543,-107,-8341
1,389,536,-105,-8352
1,390,541,-99,-8349
1,391,535,-104,-8343
1,392,537,-101,-8342
1,393,537,-92,-8339
1,394,532,-79,-8339
1,395,544,-83,-8344
1,396,533,-88,-8331
1,397,533,-93,-8334
1,398,521,-97,-8348
1,399,523,-95,-8356
1,400,525,-94,-8348
1,401,531,-100,-8358
1,402,543,-91,-8355
1,403,553,-98,-8351
1,404,550,-107,-8359
1,405,544,-112,-8361
1,406,546,-112,-8351
1,407,539,-100,-8349
1,408,539,-91,-8369
1,409,534,-90,-8367
1,410,529,-107,-8351
1,411,531,-117,-8345
1,412,529,-97,-8337
1,413,533,-102,-8341
1,414,533,-113,-8344
1,415,518,-127,-8341
1,416,523,-112,-8352
1,417,532,-92,-8344
1,418,531,-85,-8361
1,419,533,-83,-8361
1,420,548,-101,-8349
1,421,556,-103,-8341
1,422,551,-100,-8334
1,423,556,-99,-8357
1,424,553,-84,-8342
1,425,535,-89,-8338
1,426,536,-114,-8338
1,427,538,-104,-8354
1,428,542,-115,-8356
1,429,548,-117,-8355
1,430,550,-106,-8346
1,431,547,-104,-8346
1,432,542,-89,-8336
1,433,546,-92,-8339
1,434,551,-95,-8355
1,435,555,-105,-8362
1,436,555,-110,-8359
1,437,555,-103,-8338
1,438,551,-93,-8344
1,439,542,-86,-8356
1,440,550,-95,-8363
1,441,546,-102,-8334
1,442,553,-104,-8323
1,443,549,-106,-8328
1,444,547,-115,-8353
1,445,558,-108,-8331
1,446,550,-102,-8340
1,447,551,-98,-8327
1,448,553,-101,-8314
1,449,542,-95,-8320
1,450,531,-118,-8346
1,451,543,-117,-8351
1,452,541,-120,-8326
1,453,547,-111,-8320
1,454,543,-113,-8325
1,455,546,-118,-8352
1,456,527,-117,-8347
1,457,530,-113,-8324
1,458,542,-108,-8324
1,459,540,-101,-8330
1,460,543,-95,-8341
1,461,551,-97,-8337
1,462,547,-95,-8340
1,463,544,-97,-8340
1,464,528,-86,-8340
1,465,532,-92,-8328
1,466,538,-107,-8329
1,467,545,-104,-8323
1,468,542,-92,-8336
1,469,545,-95,-8352
1,470,543,-105,-8382
1,471,543,-101,-8368
1,472,550,-105,-8340
1,473,555,-95,-8335
1,474,558,-102,-8334
1,475,566,-107,-8346
1,476,547,-108,-8358
1,477,539,-99,-8362
1,478,540,-97,-8352
1,479,541,-100,-8363
1,480,527,-88,-8357
1,481,525,-89,-8351
1,482,530,-82,-8340
1,483,542,-98,-8340
1,484,544,-103,-8336
1,485,531,-99,-8319
1,486,535,-111,-8319
1,487,550,-103,-8330
1,488,548,-100,-8335
1,489,554,-109,-8348
1,490,555,-108,-8340
1,491,554,-109,-8343
1,492,552,-109,-8335
1,493,539,-102,-8352
1,494,542,-95,-8354
1,495,544,-94,-8333
1,496,540,-104,-8330
1,497,524,-102,-8332
1,498,535,-110,-8339
1,499,535,-105,-8354
1,500,536,-102,-8344
1,501,532,-79,-8346
1,502,532,-92,-8343
1,503,546,-103,-8328
1,504,540,-111,-8337
1,505,539,-110,-8338
1,506,537,-106,-8323
1,507,541,-110,-8332
1,508,551,-99,-8363
1,509,551,-99,-8362
1,510,544,-106,-8332
1,511,541,-114,-8343
1,512,531,-109,-8337
1,513,529,-103,-8334
1,514,529,-110,-8325
1,515,522,-106,-8331
1,516,531,-112,-8326
1,517,541,-106,-8345
1,518,543,-98,-8331
1,519,543,-99,-8348
1,520,554,-99,-8348
1,521,542,-97,-8351
1,522,548,-93,-8352
1,523,547,-94,-8378
1,524,547,-101,-8370
1,525,549,-98,-8354
1,526,546,-100,-8339
1,527,543,-103,-8355
1,528,543,-113,-8375
1,529,541,-108,-8359
1,530,540,-106,-8348
1,531,531,-105,-8350
1,532,533,-97,-8355
1,533,553,-93,-8342
1,534,537,-99,-8344
1,535,533,-93,-8356
1,536,532,-95,-8348
1,537,530,-82,-8379
1,538,532,-86,-8384
1,539,527,-88,-8374
1,540,536,-91,-8373
1,541,541,-106,-8369
1,542,529,-95,-8360
1,543,535,-105,-8352
1,544,536,-110,-8327
1,545,539,-103,-8328
1,546,538,-91,-8326
1,547,529,-95,-8344
1,548,544,-103,-8337
1,549,545,-89,-8333
1,550,552,-86,-8341
1,551,544,-93,-8350
1,552,546,-97,-8362
1,553,547,-102,-8357
1,554,551,-106,-8351
1,555,552,-104,-8345
1,556,551,-103,-8323
1,557,545,-94,-8340
1,558,550,-98,-8357
1,559,549,-103,-8363
1,560,545,-93,-8356
1,561,548,-85,-8349
1,562,543,-86,-8375
1,563,539,-92,-8363
1,564,533,-92,-8345
1,565,537,-93,-8351
1,566,538,-97,-8365
1,567,535,-95,-8358
1,568,537,-94,-8357
1,569,533,-99,-8356
1,570,543,-93,-8353
1,571,542,-91,-8357
1,572,540,-92,-8351
1,573,547,-110,-8342
1,574,553,-106,-8338
1,575,548,-98,-8345
1,576,550,-86,-8358
1,577,556,-87,-8365
1,578,541,-92,-8353
1,579,549,-105,-8343
1,580,563,-100,-8349
1,581,552,-96,-8346
1,582,547,-96,-8350
1,583,546,-98,-8363
1,584,536,-91,-8354
1,585,512,-77,-8351
1,586,504,-73,-8357
1,587,518,-72,-8349
1,588,509,-77,-8332
1,589,505,-77,-8329
1,590,511,-92,-8321
1,591,520,-99,-8337
1,592,541,-96,-8345
1,593,542,-96,-8347
1,594,545,-89,-8354
1,595,554,-91,-8341
1,596,552,-98,-8330
1,597,561,-105,-8341
1,598,569,-94,-8352
1,599,574,-98,-8345
1,600,571,-104,-8353
1,601,581,-100,-8362
1,602,562,-105,-8371
1,603,548,-100,-8359
1,604,524,-104,-8354
1,605,535,-127,-8335
1,606,542,-124,-8342
1,607,528,-120,-8374
1,608,525,-117,-8369
1,609,511,-110,-8359
1,610,506,-88,-8355
1,611,509,-91,-8350
1,612,500,-108,-8358
1,613,504,-98,-8352
1,614,521,-89,-8359
1,615,542,-100,-8373
1,616,557,-103,-8357
1,617,563,-119,-8333
1,618,567,-123,-8349
1,619,559,-128,-8337
1,620,550,-131,-8341
1,621,541,-109,-8335
1,622,548,-109,-8336
1,623,547,-103,-8341
1,624,538,-105,-8361
1,625,531,-98,-8360
1,626,518,-84,-8359
1,627,525,-84,-8343
1,628,519,-94,-8357
1,629,520,-98,-8340
1,630,512,-109,-8324
1,631,522,-107,-8337
1,632,533,-105,-8351
1,633,527,-100,-8358
1,634,526,-83,-8348
1,635,534,-74,-8351
1,636,537,-83,-8345
1,637,535,-91,-8330
1,638,552,-78,-8318
1,639,567,-87,-8336
1,640,575,-90,-8324
1,641,570,-103,-8332
1,642,581,-95,-8359
1,643,585,-108,-8348
1,644,572,-110,-8352
1,645,564,-100,-8341
1,646,554,-80,-8341
1,647,539,-79,-8326
1,648,535,-76,-8338
1,649,528,-76,-8371
1,650,527,-70,-8374
1,651,523,-68,-8372
1,652,519,-78,-8373
1,653,508,-81,-8359
1,654,513,-90,-8336
1,655,514,-98,-8338
1,656,533,-100,-8333
1,657,537,-111,-8340
1,658,553,-114,-8355
1,659,554,-114,-8352
1,660,561,-96,-8328
1,661,562,-105,-8322
1,662,560,-113,-8331
1,663,558,-113,-8336
1,664,562,-103,-8331
1,665,547,-99,-8364
1,666,542,-99,-8359
1,667,544,-94,-8339
1,668,528,-97,-8342
1,669,526,-98,-8344
1,670,533,-115,-8336
1,671,525,-103,-8328
1,672,534,-116,-8341
1,673,511,-103,-8363
1,674,502,-112,-8363
1,675,503,-109,-8369
1,676,505,-106,-8374
1,677,510,-110,-8379
1,678,517,-116,-8357
1,679,531,-119,-8337
1,680,542,-114,-8322
1,681,548,-112,-8322
1,682,559,-118,-8337
1,683,561,-110,-8345
1,684,558,-103,-8352
1,685,547,-110,-8342
1,686,548,-112,-8330
1,687,546,-109,-8336
1,688,539,-116,-8339
1,689,534,-113,-8352
1,690,531,-110,-8375
1,691,528,-110,-8363
1,692,533,-112,-8356
1,693,537,-105,-8351
1,694,535,-110,-8352
1,695,532,-97,-8355
1,696,535,-101,-8370
1,697,527,-98,-8370
1,698,521,-104,-8379
1,699,526,-101,-8363
1,700,528,-99,-8370
1,701,531,-108,-8358
1,702,540,-101,-8363
1,703,541,-117,-8357
1,704,553,-117,-8355
1,705,553,-117,-8356
1,706,567,-109,-8355
1,707,563,-112,-8345
1,708,558,-111,-8342
1,709,547,-105,-8332
1,710,537,-99,-8358
1,711,522,-110,-8360
1,712,529,-106,-8348
1,713,524,-115,-8345
1,714,513,-112,-8361
1,715,508,-108,-8350
1,716,515,-110,-8354
1,717,506,-107,-8355
1,718,512,-111,-8334
1,719,520,-115,-8340
1,720,523,-99,-8353
1,721,519,-95,-8352
1,722,550,-97,-8325
1,723,556,-94,-8345
1,724,566,-92,-8358
1,725,556,-87,-8366
1,726,563,-104,-8354
1,727,567,-107,-8359
1,728,554,-107,-8353
1,729,553,-106,-8362
1,730,540,-94,-8353
1,731,536,-96,-8339
1,732,532,-97,-8329
1,733,547,-97,-8337
1,734,544,-101,-8348
1,735,537,-100,-8359
1,736,526,-103,-8350
1,737,527,-102,-8345
1,738,525,-102,-8334
1,739,535,-102,-8347
1,740,534,-109,-8347
1,741,545,-115,-8369
1,742,559,-100,-8362
1,743,555,-113,-8354
1,744,562,-114,-8354
1,745,564,-115,-8340
1,746,571,-116,-8324
1,747,571,-124,-8349
1,748,569,-109,-8386
1,749,569,-102,-8378
1,750,545,-113,-8361
1,751,534,-123,-8364
1,752,544,-107,-8355
1,753,546,-92,-8352
1,754,525,-104,-8353
1,755,520,-101,-8383
1,756,531,-79,-8382
1,757,527,-86,-8375
1,758,517,-105,-8354
1,759,536,-107,-8351
1,760,563,-92,-8343
1,761,558,-93,-8340
1,762,558,-115,-8339
1,763,563,-114,-8343
1,764,549,-104,-8341
1,765,537,-88,-8316
1,766,533,-80,-8317
1,767,533,-92,-8336
1,768,530,-86,-8355
1,769,522,-81,-8365
1,770,533,-80,-8360
1,771,539,-102,-8354
1,772,553,-103,-8339
1,773,548,-101,-8312
1,774,544,-100,-8328
1,775,553,-100,-8324
1,776,558,-100,-8328
1,777,556,-102,-8334
1,778,542,-101,-8318
1,779,542,-93,-8341
1,780,530,-81,-8330
1,781,527,-82,-8324
1,782,540,-80,-8338
1,783,533,-88,-8354
1,784,545,-94,-8349
1,785,549,-90,-8344
1,786,567,-98,-8344
1,787,555,-98,-8344
1,788,565,-93,-8352
1,789,558,-88,-8345
1,790,555,-88,-8336
1,791,552,-89,-8339
1,792,525,-83,-8335
1,793,522,-75,-8318
1,794,529,-89,-8327
1,795,525,-90,-8349
1,796,522,-101,-8366
1,797,533,-108,-8362
1,798,546,-104,-8354
1,799,551,-93,-8341
1,800,537,-84,-8341
1,801,536,-81,-8324
1,802,530,-78,-8356
1,803,531,-94,-8358
1,804,526,-83,-8336
1,805,539,-99,-8363
1,806,565,-103,-8357
1,807,570,-93,-8362
1,808,568,-108,-8359
1,809,558,-115,-8360
1,810,555,-105,-8351
1,811,541,-91,-8327
1,812,530,-98,-8322
1,813,553,-102,-8340
1,814,558,-109,-8354
1,815,551,-102,-8363
1,816,553,-92,-8358
1,817,540,-85,-8340
1,818,538,-84,-8339
1,819,513,-79,-8311
1,820,509,-87,-8306
1,821,509,-106,-8347
1,822,501,-98,-8366
1,823,526,-95,-8357
1,824,543,-97,-8357
1,825,550,-104,-8352
1,826,561,-98,-8333
1,827,573,-101,-8323
1,828,563,-96,-8339
1,829,574,-104,-8344
1,830,573,-116,-8345
1,831,573,-121,-8371
1,832,567,-117,-8368
1,833,546,-113,-8344
1,834,536,-108,-8327
1,835,519,-86,-8343
1,836,495,-90,-8340
1,837,497,-97,-8351
1,838,501,-93,-8346
1,839,492,-79,-8357
1,840,487,-82,-8372
1,841,509,-87,-8356
1,842,531,-96,-8330
1,843,544,-95,-8307
1,844,552,-102,-8290
1,845,557,-102,-8303
1,846,570,-98,-8334
1,847,594,-99,-8351
1,848,581,-85,-8357
1,849,574,-80,-8336
1,850,566,-84,-8313
1,851,551,-96,-8299
1,852,553,-121,-8309
1,853,568,-131,-8342
1,854,577,-135,-8365
1,855,558,-133,-8400
1,856,561,-115,-8408
1,857,546,-78,-8334
1,858,518,-80,-8298
1,859,499,-86,-8291
1,860,520,-80,-8352
1,861,545,-92,-8360
1,862,530,-127,-8413
1,863,534,-107,-8450
1,864,541,-84,-8407
1,865,518,-88,-8305
1,866,504,-96,-8265
1,867,513,-88,-8270
1,868,548,-87,-8319
1,869,578,-110,-8353
1,870,590,-105,-8383
1,871,587,-100,-8405
1,872,571,-122,-8406
1,873,560,-117,-8352
1,874,558,-102,-8315
1,875,549,-112,-8317
1,876,551,-101,-8376
1,877,577,-78,-8371
1,878,540,-94,-8342
1,879,502,-119,-8371
1,880,500,-97,-8404
1,881,518,-73,-8368
1,882,489,-84,-8313
1,883,485,-106,-8336
1,884,529,-66,-8366
1,885,532,-71,-8333
1,886,497,-112,-8303
1,887,522,-132,-8319
1,888,540,-104,-8325
1,889,547,-116,-8349
1,890,564,-127,-8359
1,891,579,-110,-8352
1,892,579,-101,-8312
1,893,546,-105,-8306
1,894,528,-99,-8299
1,895,534,-115,-8287
1,896,525,-134,-8319
1,897,540,-123,-8381
1,898,564,-107,-8390
1,899,554,-102,-8372
1,900,538,-84,-8348
1,901,512,-65,-8310
1,902,499,-76,-8292
1,903,501,-102,-8282
1,904,510,-115,-8291
1,905,519,-121,-8356
1,906,517,-114,-8392
1,907,539,-106,-8382
1,908,544,-94,-8346
1,909,536,-90,-8332
1,910,555,-82,-8333
1,911,564,-88,-8331
1,912,577,-123,-8324
1,913,579,-146,-8352
1,914,571,-138,-8382
1,915,552,-138,-8355
1,916,546,-130,-8349
1,917,545,-106,-8332
1,918,537,-90,-8332
1,919,530,-80,-8354
1,920,531,-75,-8351
1,921,551,-78,-8353
1,922,528,-94,-8355
1,923,511,-112,-8341
1,924,514,-113,-8332
1,925,516,-112,-8317
1,926,512,-94,-8336
1,927,533,-84,-8350
1,928,553,-83,-8349
1,929,570,-90,-8331
1,930,569,-86,-8339
1,931,574,-96,-8356
1,932,570,-108,-8341
1,933,560,-106,-8332
1,934,555,-98,-8328
1,935,551,-113,-8358
1,936,555,-117,-8336
1,937,548,-112,-8344
1,938,536,-110,-8339
1,939,532,-108,-8339
1,940,525,-100,-8341
1,941,509,-85,-8356
1,942,505,-94,-8352
1,943,501,-105,-8345
1,944,508,-105,-8360
1,945,506,-105,-8353
1,946,505,-101,-8359
1,947,525,-115,-8360
1,948,521,-111,-8353
1,949,524,-103,-8364
1,950,526,-95,-8353
1,951,548,-98,-8337
1,952,559,-110,-8325
1,953,538,-106,-8347
1,954,548,-114,-8368
1,955,541,-107,-8349
1,956,544,-91,-8342
1,957,551,-92,-8354
1,958,544,-103,-8362
1,959,543,-107,-8357
1,960,528,-105,-8348
1,961,510,-104,-8333
1,962,508,-113,-8340
1,963,512,-115,-8337
1,964,517,-108,-8338
1,965,528,-109,-8357
1,966,526,-100,-8373
1,967,519,-93,-8386
1,968,525,-81,-8370
1,969,519,-80,-8350
1,970,512,-90,-8338
1,971,515,-96,-8332
1,972,532,-95,-8340
1,973,538,-97,-8376
1,974,548,-94,-8377
1,975,551,-89,-8355
1,976,553,-91,-8331
1,977,542,-96,-8313
1,978,537,-97,-8315
1,979,544,-97,-8336
1,980,566,-102,-8360
1,981,578,-109,-8380
1,982,581,-103,-8389
1,983,544,-72,-8360
1,984,509,-78,-8327
1,985,487,-87,-8310
1,986,487,-93,-8303
1,987,505,-85,-8312
1,988,529,-109,-8354
1,989,558,-109,-8394
1,990,561,-105,-8386
1,991,554,-102,-8364
1,992,546,-99,-8324
1,993,540,-101,-8307
1,994,514,-117,-8299
1,995,509,-108,-8327
1,996,533,-105,-8354
1,997,533,-95,-8398
1,998,530,-86,-8393
1,999,524,-74,-8376
1,1000,513,-69,-8341
1,1001,518,-82,-8317
1,1002,529,-102,-8310
1,1003,556,-106,-8328
1,1004,566,-124,-8360
1,1005,560,-126,-8372
1,1006,548,-122,-8366
1,1007,537,-114,-8350
1,1008,538,-91,-8341
1,1009,546,-78,-8357
1,1010,540,-80,-8353
1,1011,538,-77,-8352
1,1012,545,-83,-8355
1,1013,543,-99,-8363
1,1014,541,-110,-8364
1,1015,537,-114,-8349
1,1016,543,-94,-8346
1,1017,546,-88,-8318
1,1018,558,-89,-8327
1,1019,548,-99,-8341
1,1020,531,-110,-8351
1,1021,527,-113,-8347
1,1022,529,-106,-8343
1,1023,529,-95,-8332
1,1024,536,-102,-8341
1,1025,535,-97,-8352
1,1026,553,-98,-8362
1,1027,564,-91,-8360
1,1028,548,-94,-8347
1,1029,547,-106,-8348
1,1030,554,-113,-8351
1,1031,547,-105,-8349
1,1032,555,-114,-8360
1,1033,547,-101,-8366
1,1034,526,-80,-8387
1,1035,528,-83,-8380
1,1036,535,-82,-8370
1,1037,522,-75,-8371
1,1038,514,-81,-8354
1,1039,516,-89,-8358
1,1040,514,-94,-8347
1,1041,528,-110,-8341
1,1042,527,-111,-8323
1,1043,536,-103,-8316
1,1044,538,-114,-8309
1,1045,540,-127,-8322
1,1046,544,-115,-8330
1,1047,540,-99,-8339
1,1048,533,-89,-8358
1,1049,544,-92,-8366
1,1050,556,-103,-8390
1,1051,567,-105,-8356
1,1052,560,-114,-8334
1,1053,570,-107,-8351
1,1054,571,-115,-8323
1,1055,544,-115,-8327
1,1056,530,-136,-8322
1,1057,527,-127,-8330
1,1058,520,-121,-8323
1,1059,521,-112,-8346
1,1060,519,-105,-8359
1,1061,510,-94,-8364
1,1062,529,-90,-8349
1,1063,519,-99,-8313
1,1064,535,-110,-8328
1,1065,537,-127,-8335
1,1066,543,-142,-8335
1,1067,540,-155,-8329
1,1068,548,-135,-8348
1,1069,549,-128,-8349
1,1070,559,-120,-8356
1,1071,559,-121,-8354
1,1072,557,-105,-8359
1,1073,545,-100,-8370
1,1074,532,-104,-8369
1,1075,529,-107,-8346
1,1076,522,-121,-8351
1,1077,524,-134,-8337
1,1078,520,-132,-8342
1,1079,535,-106,-8344
1,1080,540,-98,-8333
1,1081,528,-103,-8355
1,1082,513,-101,-8357
1,1083,523,-103,-8373
1,1084,535,-108,-8366
1,1085,538,-99,-8383
1,1086,551,-90,-8388
1,1087,559,-93,-8373
1,1088,560,-100,-8352
1,1089,554,-97,-8344
1,1090,562,-113,-8331
1,1091,562,-112,-8316
1,1092,550,-117,-8316
1,1093,553,-110,-8344
1,1094,548,-98,-8357
1,1095,556,-92,-8353
1,1096,547,-80,-8341
1,1097,530,-70,-8335
1,1098,520,-67,-8332
1,1099,514,-56,-8341
1,1100,515,-62,-8365
1,1101,518,-83,-8351
1,1102,529,-91,-8323
1,1103,533,-84,-8336
1,1104,546,-98,-8355
1,1105,543,-101,-8350
1,1106,540,-104,-8330
1,1107,539,-96,-8354
1,1108,545,-103,-8377
1,1109,549,-112,-8384
1,1110,545,-105,-8373
1,1111,542,-100,-8348
1,1112,541,-98,-8340
1,1113,552,-85,-8330
1,1114,564,-82,-8320
1,1115,576,-90,-8317
1,1116,578,-93,-8343
1,1117,554,-98,-8355
1,1118,562,-114,-8376
1,1119,549,-98,-8380
1,1120,535,-93,-8371
1,1121,520,-95,-8374
1,1122,521,-87,-8369
1,1123,512,-85,-8366
1,1124,503,-92,-8358
1,1125,496,-104,-8370
1,1126,492,-104,-8365
1,1127,489,-114,-8362
1,1128,509,-116,-8340
1,1129,529,-109,-8338
1,1130,535,-107,-8354
1,1131,542,-114,-8352
1,1132,543,-124,-8360
1,1133,534,-114,-8356
1,1134,533,-118,-8325
1,1135,539,-120,-8345
1,1136,541,-116,-8350
1,1137,547,-110,-8356
1,1138,556,-111,-8355
1,1139,556,-114,-8354
1,1140,552,-104,-8337
1,1141,556,-102,-8323
1,1142,534,-98,-8328
1,1143,515,-108,-8333
1,1144,509,-113,-8342
1,1145,512,-98,-8344
1,1146,507,-94,-8353
1,1147,512,-94,-8353
1,1148,520,-79,-8354
1,1149,522,-66,-8349
1,1150,528,-84,-8366
1,1151,540,-98,-8365
1,1152,555,-119,-8358
1,1153,567,-123,-8326
1,1154,566,-119,-8334
1,1155,570,-120,-8339
1,1156,573,-120,-8327
1,1157,576,-125,-8318
1,1158,563,-111,-8328
1,1159,570,-108,-8343
1,1160,563,-104,-8356
1,1161,547,-104,-8370
1,1162,530,-93,-8380
1,1163,533,-77,-8364
1,1164,533,-76,-8346
1,1165,527,-82,-8340
1,1166,526,-85,-8349
1,1167,533,-94,-8351
1,1168,534,-92,-8347
1,1169,536,-98,-8342
1,1170,546,-95,-8328
1,1171,542,-93,-8335
1,1172,531,-98,-8331
1,1173,540,-81,-8332
1,1174,552,-89,-8323
1,1175,559,-103,-8333
1,1176,561,-101,-8354
1,1177,562,-110,-8342
1,1178,568,-108,-8332
1,1179,557,-101,-8333
1,1180,545,-107,-8339
1,1181,546,-101,-8344
1,1182,532,-99,-8348
1,1183,522,-99,-8329
1,1184,529,-108,-8326
1,1185,525,-107,-8332
1,1186,523,-107,-8344
1,1187,518,-97,-8341
1,1188,523,-99,-8347
1,1189,522,-99,-8354
1,1190,533,-94,-8344
1,1191,521,-98,-8356
1,1192,520,-90,-8346
1,1193,509,-95,-8334
1,1194,538,-104,-8353
1,1195,534,-99,-8341
1,1196,527,-97,-8336
1,1197,539,-93,-8344
1,1198,544,-108,-8340
1,1199,556,-96,-8344
1,1200,549,-89,-8330
1,1201,538,-91,-8341
1,1202,543,-88,-8351
1,1203,539,-86,-8360
1,1204,543,-87,-8360
1,1205,540,-79,-8357
1,1206,537,-85,-8359
1,1207,541,-86,-8349
1,1208,532,-84,-8362
1,1209,530,-83,-8359
1,1210,531,-87,-8348
1,1211,527,-95,-8341
1,1212,512,-100,-8322
1,1213,514,-88,-8341
1,1214,533,-101,-8334
1,1215,547,-111,-8317
1,1216,544,-107,-8330
1,1217,551,-98,-8346
1,1218,550,-114,-8348
1,1219,558,-108,-8359
1,1220,555,-107,-8348
1,1221,551,-108,-8345
1,1222,548,-97,-8348
1,1223,554,-94,-8351
1,1224,547,-85,-8347
1,1225,529,-95,-8359
1,1226,521,-89,-8352
1,1227,525,-83,-8357
1,1228,526,-98,-8346
1,1229,520,-95,-8349
1,1230,523,-90,-8351
1,1231,522,-97,-8336
1,1232,521,-103,-8351
1,1233,538,-92,-8341
1,1234,538,-89,-8330
1,1235,542,-86,-8334
1,1236,549,-86,-8336
1,1237,549,-107,-8339
1,1238,542,-117,-8355
1,1239,561,-119,-8343
1,1240,551,-108,-8341
1,1241,547,-97,-8338
1,1242,553,-102,-8338
1,1243,552,-108,-8350
1,1244,543,-125,-8342
1,1245,550,-117,-8318
1,1246,554,-118,-8325
1,1247,540,-111,-8330
1,1248,531,-115,-8335
1,1249,534,-114,-8335
1,1250,540,-110,-8349
1,1251,529,-110,-8352
1,1252,530,-108,-8352
1,1253,526,-105,-8356
1,1254,529,-97,-8332
1,1255,524,-82,-8333
1,1256,528,-105,-8330
1,1257,539,-116,-8343
1,1258,542,-109,-8355
1,1259,553,-107,-8337
1,1260,551,-111,-8328
1,1261,558,-102,-8319
1,1262,560,-107,-8318
1,1263,562,-100,-8322
1,1264,552,-100,-8347
1,1265,551,-101,-8332
1,1266,536,-102,-8310
1,1267,531,-98,-8320
1,1268,528,-100,-8328
1,1269,518,-99,-8351
1,1270,533,-107,-8353
1,1271,534,-94,-8350
1,1272,538,-94,-8370
1,1273,536,-95,-8367
1,1274,539,-106,-8358
1,1275,550,-112,-8369
1,1276,558,-115,-8367
1,1277,555,-123,-8349
1,1278,540,-112,-8339
1,1279,544,-119,-8342
1,1280,548,-121,-8353
1,1281,550,-116,-8340
1,1282,551,-111,-8348
1,1283,553,-103,-8351
1,1284,548,-104,-8347
1,1285,553,-91,-8327
1,1286,540,-93,-8324
1,1287,542,-83,-8310
1,1288,539,-92,-8322
1,1289,540,-115,-8343
1,1290,546,-107,-8333
1,1291,547,-97,-8327
1,1292,541,-83,-8345
1,1293,540,-69,-8350
1,1294,537,-76,-8342
1,1295,537,-83,-8353
1,1296,538,-85,-8340
1,1297,542,-89,-8334
1,1298,544,-88,-8345
1,1299,539,-97,-8345
1,1300,545,-108,-8352
1,1301,558,-108,-8347
1,1302,553,-123,-8345
1,1303,549,-126,-8349
1,1304,555,-110,-8349
1,1305,552,-110,-8359
1,1306,542,-113,-8371
1,1307,541,-100,-8376
1,1308,532,-109,-8369
1,1309,541,-92,-8346
1,1310,541,-109,-8323
1,1311,541,-100,-8332
1,1312,529,-88,-8335
1,1313,521,-97,-8320
1,1314,537,-115,-8347
1,1315,540,-117,-8373
1,1316,542,-110,-8374
1,1317,542,-108,-8361
1,1318,545,-113,-8349
1,1319,545,-109,-8330
1,1320,542,-110,-8306
1,1321,543,-90,-8298
1,1322,556,-99,-8336
1,1323,554,-96,-8366
1,1324,563,-100,-8365
1,1325,557,-100,-8368
1,1326,544,-85,-8341
1,1327,532,-84,-8330
1,1328,534,-83,-8327
1,1329,537,-81,-8316
1,1330,527,-91,-8324
1,1331,534,-105,-8338
1,1332,531,-104,-8330
1,1333,540,-99,-8328
1,1334,540,-106,-8333
1,1335,526,-106,-8316
1,1336,527,-105,-8308
1,1337,533,-103,-8319
1,1338,538,-91,-8326
1,1339,542,-101,-8331
1,1340,565,-92,-8335
1,1341,560,-106,-8332
1,1342,553,-108,-8343
1,1343,538,-91,-8337
1,1344,526,-104,-8337
1,1345,533,-112,-8352
1,1346,540,-114,-8358
1,1347,549,-117,-8355
1,1348,560,-106,-8360
1,1349,565,-94,-8340
1,1350,559,-86,-8335
1,1351,558,-84,-8343
1,1352,556,-95,-8330
1,1353,548,-93,-8334
1,1354,552,-104,-8338
1,1355,550,-102,-8339
1,1356,544,-118,-8333
1,1357,547,-116,-8341
1,1358,549,-114,-8368
1,1359,537,-102,-8348
1,1360,542,-110,-8337
1,1361,556,-110,-8328
1,1362,552,-107,-8318
1,1363,562,-102,-8311
1,1364,560,-87,-8328
1,1365,550,-101,-8337
1,1366,541,-104,-8362
1,1367,536,-111,-8370
1,1368,537,-117,-8355
1,1369,530,-117,-8332
1,1370,520,-105,-8324
1,1371,519,-100,-8329
1,1372,523,-103,-8346
1,1373,518,-99,-8368
1,1374,533,-97,-8392
1,1375,532,-103,-8391
1,1376,530,-108,-8364
1,1377,527,-110,-8341
1,1378,519,-101,-8330
1,1379,538,-102,-8343
1,1380,536,-91,-8350
1,1381,546,-93,-8333
1,1382,544,-95,-8353
1,1383,546,-86,-8339
1,1384,531,-96,-8329
1,1385,524,-99,-8337
1,1386,517,-105,-8345
1,1387,529,-118,-8343
1,1388,541,-122,-8367
1,1389,558,-115,-8339
1,1390,560,-109,-8342
1,1391,543,-101,-8352
1,1392,541,-109,-8345
1,1393,540,-115,-8339
1,1394,534,-107,-8320
1,1395,532,-99,-8315
1,1396,537,-106,-8321
1,1397,542,-109,-8348
1,1398,546,-106,-8352
1,1399,551,-99,-8349
1,1400,550,-112,-8335
1,1401,544,-115,-8337
1,1402,534,-105,-8328
1,1403,527,-103,-8316
1,1404,526,-103,-8320
1,1405,532,-101,-8334
1,1406,531,-102,-8362
1,1407,542,-101,-8366
1,1408,534,-101,-8351
1,1409,527,-99,-8358
1,1410,528,-94,-8362
1,1411,539,-91,-8344
1,1412,530,-89,-8355
1,1413,537,-98,-8352
1,1414,541,-114,-8342
1,1415,533,-124,-8330
1,1416,539,-108,-8330
1,1417,537,-87,-8347
1,1418,536,-93,-8350
1,1419,539,-98,-8344
1,1420,531,-100,-8348
1,1421,521,-110,-8345
1,1422,523,-114,-8339
1,1423,536,-107,-8331
1,1424,559,-110,-8348
1,1425,551,-106,-8357
1,1426,547,-104,-8333
1,1427,546,-106,-8329
1,1428,549,-94,-8344
1,1429,549,-102,-8352
1,1430,534,-114,-8359
1,1431,533,-106,-8358
1,1432,541,-103,-8343
1,1433,528,-79,-8333
1,1434,542,-86,-8338
1,1435,542,-97,-8332
1,1436,544,-112,-8317
1,1437,539,-99,-8317
1,1438,546,-110,-8319
1,1439,538,-106,-8340
1,1440,543,-110,-8341
1,1441,554,-99,-8333
1,1442,548,-104,-8331
1,1443,536,-100,-8325
1,1444,530,-106,-8355
1,1445,540,-108,-8337
1,1446,557,-108,-8321
1,1447,552,-110,-8338
1,1448,548,-104,-8360
1,1449,543,-108,-8346
1,1450,531,-115,-8339
1,1451,522,-114,-8342
1,1452,511,-109,-8338
1,1453,524,-106,-8323
1,1454,532,-105,-8319
1,1455,535,-106,-8333
1,1456,526,-101,-8341
1,1457,534,-96,-8353
1,1458,543,-94,-8351
1,1459,550,-97,-8351
1,1460,546,-99,-8360
1,1461,538,-101,-8363
1,1462,533,-100,-8360
1,1463,535,-104,-8359
1,1464,536,-107,-8358
1,1465,536,-120,-8366
1,1466,534,-114,-8352
1,1467,549,-112,-8339
1,1468,546,-106,-8327
1,1469,533,-103,-8346
1,1470,536,-104,-8353
1,1471,527,-104,-8356
1,1472,534,-105,-8350
1,1473,525,-106,-8355
1,1474,532,-114,-8339
1,1475,534,-113,-8362
1,1476,542,-117,-8369
1,1477,535,-108,-8365
1,1478,551,-109,-8362
1,1479,557,-98,-8362
1,1480,547,-103,-8334
1,1481,543,-104,-8309
1,1482,544,-109,-8310
1,1483,553,-116,-8310
1,1484,559,-100,-8320
1,1485,549,-102,-8351
1,1486,568,-109,-8370
1,1487,548,-103,-8362
1,1488,543,-92,-8352
1,1489,537,-88,-8335
1,1490,538,-92,-8339
1,1491,538,-96,-8345
1,1492,539,-99,-8335
1,1493,529,-106,-8346
1,1494,525,-107,-8353
1,1495,529,-108,-8349
1,1496,523,-108,-8342
1,1497,522,-105,-8357
1,1498,516,-103,-8355
1,1499,530,-93,-8346
1,1500,531,-119,-8355
1,1501,535,-120,-8347
1,1502,542,-116,-8353
1,1503,537,-121,-8350
1,1504,535,-102,-8338
1,1505,545,-101,-8342
1,1506,543,-101,-8349
1,1507,553,-112,-8363
1,1508,544,-106,-8359
1,1509,542,-107,-8346
1,1510,543,-116,-8360
1,1511,538,-106,-8366
1,1512,550,-104,-8349
1,1513,540,-115,-8330
1,1514,540,-106,-8334
1,1515,553,-102,-8341
1,1516,544,-112,-8360
1,1517,526,-124,-8368
1,1518,520,-124,-8354
1,1519,533,-121,-8352
1,1520,523,-113,-8343
1,1521,531,-107,-8356
1,1522,525,-110,-8342
1,1523,528,-108,-8334
1,1524,531,-103,-8344
1,1525,529,-108,-8358
1,1526,525,-111,-8344
1,1527,530,-115,-8344
1,1528,533,-116,-8323
1,1529,532,-98,-8337
1,1530,526,-99,-8327
1,1531,539,-102,-8344
1,1532,543,-102,-8339
1,1533,543,-108,-8328
1,1534,540,-98,-8334
1,1535,546,-107,-8350
1,1536,524,-91,-8351
1,1537,528,-89,-8343
1,1538,544,-93,-8341
1,1539,545,-104,-8338
1,1540,536,-121,-8334
1,1541,524,-115,-8358
1,1542,534,-101,-8353
1,1543,527,-94,-8348
1,1544,544,-109,-8359
1,1545,541,-106,-8349
1,1546,537,-105,-8359
1,1547,535,-101,-8357
1,1548,537,-103,-8351
1,1549,536,-100,-8328
1,1550,535,-111,-8327
1,1551,542,-118,-8347
1,1552,537,-117,-8354
1,1553,543,-104,-8369
1,1554,557,-94,-8359
1,1555,557,-98,-8335
1,1556,555,-105,-8325
1,1557,561,-98,-8345
1,1558,568,-96,-8336
1,1559,564,-108,-8341
1,1560,561,-104,-8345
1,1561,550,-94,-8321
1,1562,546,-87,-8318
1,1563,548,-103,-8320
1,1564,545,-106,-8316
1,1565,552,-101,-8321
1,1566,558,-100,-8311
1,1567,550,-107,-8329
1,1568,545,-95,-8329
1,1569,539,-99,-8337
1,1570,542,-98,-8338
1,1571,538,-96,-8348
1,1572,540,-96,-8337
1,1573,539,-92,-8342
1,1574,539,-100,-8348
1,1575,547,-106,-8342
1,1576,535,-108,-8337
1,1577,538,-104,-8350
1,1578,528,-99,-8362
1,1579,524,-92,-8363
1,1580,535,-101,-8357
1,1581,555,-102,-8365
1,1582,555,-109,-8346
1,1583,539,-114,-8343
1,1584,543,-122,-8346
1,1585,542,-115,-8339
1,1586,538,-110,-8349
1,1587,536,-109,-8352
1,1588,540,-105,-8365
1,1589,542,-92,-8352
1,1590,554,-88,-8363
1,1591,548,-92,-8363
1,1592,545,-97,-8358
1,1593,553,-97,-8354
1,1594,550,-92,-8343
1,1595,540,-86,-8331
1,1596,527,-95,-8363
1,1597,538,-91,-8348
1,1598,550,-104,-8347
1,1599,560,-100,-8338
1,1600,560,-93,-8345
1,1601,544,-99,-8353
1,1602,533,-95,-8359
1,1603,532,-91,-8354
1,1604,530,-83,-8364
1,1605,533,-81,-8344
1,1606,537,-91,-8340
1,1607,534,-83,-8333
1,1608,543,-87,-8350
1,1609,546,-82,-8344
1,1610,540,-94,-8343
1,1611,536,-93,-8341
1,1612,530,-88,-8354
1,1613,524,-85,-8355
1,1614,524,-93,-8366
1,1615,535,-97,-8371
1,1616,540,-102,-8370
1,1617,541,-97,-8367
1,1618,543,-105,-8359
1,1619,540,-100,-8357
1,1620,544,-113,-8338
1,1621,539,-98,-8339
1,1622,535,-73,-8326
1,1623,543,-91,-8333
1,1624,551,-103,-8343
1,1625,549,-101,-8355
1,1626,552,-104,-8367
1,1627,542,-105,-8363
1,1628,532,-89,-8360
1,1629,533,-100,-8345
1,1630,529,-104,-8362
1,1631,521,-101,-8367
1,1632,527,-98,-8359
1,1633,525,-103,-8348
1,1634,528,-97,-8348
1,1635,537,-100,-8341
1,1636,549,-107,-8319
1,1637,547,-106,-8328
1,1638,552,-101,-8313
1,1639,543,-91,-8324
1,1640,544,-96,-8323
1,1641,539,-105,-8325
1,1642,533,-98,-8328
1,1643,542,-109,-8338
1,1644,543,-106,-8337
1,1645,535,-108,-8341
1,1646,534,-107,-8334
1,1647,540,-101,-8313
1,1648,542,-98,-8324
1,1649,538,-101,-8316
1,1650,535,-107,-8313
1,1651,529,-104,-8342
1,1652,522,-108,-8346
1,1653,521,-103,-8338
1,1654,537,-107,-8327
1,1655,543,-108,-8339
1,1656,540,-104,-8337
1,1657,549,-108,-8349
1,1658,557,-96,-8337
1,1659,541,-93,-8324
1,1660,535,-107,-8329
1,1661,537,-110,-8336
1,1662,530,-107,-8339
1,1663,540,-95,-8353
1,1664,531,-108,-8356
1,1665,534,-106,-8356
1,1666,537,-109,-8340
1,1667,525,-113,-8347
1,1668,525,-110,-8335
1,1669,528,-103,-8346
1,1670,531,-103,-8341
1,1671,536,-110,-8341
1,1672,547,-110,-8342
1,1673,543,-105,-8328
1,1674,540,-94,-8328
1,1675,534,-93,-8323
1,1676,533,-98,-8328
1,1677,539,-108,-8330
1,1678,531,-112,-8333
1,1679,544,-110,-8337
1,1680,562,-107,-8329
1,1681,561,-113,-8360
1,1682,559,-103,-8361
1,1683,561,-99,-8360
1,1684,569,-86,-8365
1,1685,556,-88,-8362
1,1686,548,-103,-8361
1,1687,548,-104,-8352
1,1688,542,-114,-8331
1,1689,543,-127,-8318
1,1690,548,-126,-8306
1,1691,555,-117,-8354
1,1692,544,-114,-8333
1,1693,544,-120,-8341
1,1694,549,-114,-8344
1,1695,542,-109,-8353
1,1696,539,-110,-8362
1,1697,526,-109,-8346
1,1698,535,-109,-8330
1,1699,548,-107,-8344
1,1700,549,-115,-8334
1,1701,554,-115,-8342
1,1702,552,-100,-8339
1,1703,542,-94,-8336
1,1704,539,-94,-8347
1,1705,545,-100,-8345
1,1706,556,-86,-8347
1,1707,552,-88,-8359
1,1708,549,-92,-8367
1,1709,544,-95,-8363
1,1710,532,-92,-8348
1,1711,539,-96,-8331
1,1712,538,-102,-8340
1,1713,537,-93,-8339
1,1714,536,-87,-8334
1,1715,543,-89,-8349
1,1716,541,-99,-8349
1,1717,541,-107,-8342
1,1718,553,-98,-8333
1,1719,543,-101,-8333
1,1720,541,-96,-8313
1,1721,542,-107,-8318
1,1722,536,-115,-8339
1,1723,526,-113,-8328
1,1724,524,-96,-8330
1,1725,533,-101,-8345
1,1726,542,-103,-8342
1,1727,553,-118,-8341
1,1728,544,-115,-8333
1,1729,542,-123,-8348
1,1730,541,-120,-8353
1,1731,534,-110,-8353
1,1732,536,-103,-8348
1,1733,544,-106,-8347
1,1734,551,-107,-8355
1,1735,550,-98,-8369
1,1736,543,-90,-8364
1,1737,529,-83,-8337
1,1738,521,-105,-8334
1,1739,526,-113,-8332
1,1740,534,-116,-8324
1,1741,534,-111,-8355
1,1742,537,-103,-8345
1,1743,533,-100,-8345
1,1744,543,-92,-8356
1,1745,553,-99,-8347
1,1746,547,-104,-8346
1,1747,546,-99,-8337
1,1748,532,-94,-8345
1,1749,538,-101,-8338
1,1750,535,-92,-8352
1,1751,539,-83,-8337
1,1752,543,-95,-8342
1,1753,538,-100,-8324
1,1754,536,-93,-8326
1,1755,535,-114,-8353
1,1756,535,-102,-8339
1,1757,535,-105,-8338
1,1758,535,-103,-8333
1,1759,541,-107,-8352
1,1760,540,-104,-8345
1,1761,554,-110,-8336
1,1762,555,-117,-8321
1,1763,549,-110,-8336
1,1764,547,-101,-8329
1,1765,538,-115,-8342
1,1766,529,-119,-8347
1,1767,539,-124,-8340
1,1768,544,-111,-8341
1,1769,538,-106,-8336
1,1770,534,-99,-8337
1,1771,531,-88,-8346
1,1772,538,-84,-8347
1,1773,538,-100,-8343
1,1774,544,-104,-8336
1,1775,548,-96,-8334
1,1776,547,-107,-8335
1,1777,549,-113,-8329
1,1778,549,-100,-8350
1,1779,546,-97,-8357
1,1780,527,-99,-8347
1,1781,530,-90,-8340
1,1782,533,-94,-8339
1,1783,526,-93,-8339
1,1784,525,-91,-8340
1,1785,534,-96,-8358
1,1786,539,-98,-8349
1,1787,555,-89,-8346
1,1788,552,-87,-8376
1,1789,552,-101,-8353
1,1790,553,-112,-8352
1,1791,541,-100,-8339
1,1792,556,-103,-8345
1,1793,542,-105,-8341
1,1794,553,-102,-8351
1,1795,556,-101,-8358
1,1796,554,-97,-8348
1,1797,549,-95,-8353
1,1798,534,-93,-8353
1,1799,522,-104,-8355
1,1800,528,-118,-8335
1,1801,520,-111,-8332
1,1802,520,-105,-8353
1,1803,516,-105,-8353
1,1804,514,-96,-8329
1,1805,526,-102,-8331
1,1806,534,-106,-8334
1,1807,544,-96,-8359
1,1808,553,-94,-8352
1,1809,551,-87,-8328
1,1810,552,-90,-8324
1,1811,551,-84,-8323
1,1812,558,-109,-8325
1,1813,555,-113,-8321
1,1814,543,-110,-8332
1,1815,546,-111,-8348
1,1816,547,-107,-8336
1,1817,556,-107,-8346
1,1818,552,-100,-8349
1,1819,550,-97,-8346
1,1820,553,-96,-8346
1,1821,544,-84,-8341
1,1822,526,-86,-8346
1,1823,519,-90,-8361
1,1824,516,-94,-8359
1,1825,515,-94,-8350
1,1826,516,-96,-8338
1,1827,534,-96,-8340
1,1828,548,-91,-8327
1,1829,556,-84,-8341
1,1830,557,-88,-8331
1,1831,549,-90,-8335
1,1832,550,-94,-8335
1,1833,556,-110,-8337
1,1834,566,-114,-8332
1,1835,569,-97,-8323
1,1836,568,-102,-8333
1,1837,544,-101,-8344
1,1838,549,-111,-8345
1,1839,553,-98,-8349
1,1840,555,-87,-8340
1,1841,554,-98,-8342
1,1842,554,-98,-8355
1,1843,546,-96,-8343
1,1844,541,-94,-8349
1,1845,552,-96,-8343
1,1846,549,-91,-8334
1,1847,534,-92,-8361
1,1848,532,-95,-8358
1,1849,548,-96,-8328
1,1850,550,-88,-8307
1,1851,548,-77,-8338
1,1852,548,-86,-8336
1,1853,548,-104,-8347
1,1854,546,-107,-8347
1,1855,542,-102,-8341
1,1856,539,-96,-8359
1,1857,535,-113,-8364
1,1858,536,-91,-8350
1,1859,543,-86,-8358
1,1860,547,-91,-8366
1,1861,556,-91,-8354
1,1862,546,-103,-8340
1,1863,537,-104,-8331
1,1864,525,-112,-8339
1,1865,535,-109,-8351
1,1866,533,-89,-8346
1,1867,534,-91,-8339
1,1868,523,-85,-8349
1,1869,520,-90,-8365
1,1870,528,-86,-8362
1,1871,536,-85,-8359
1,1872,542,-87,-8356
1,1873,555,-102,-8360
1,1874,548,-115,-8340
1,1875,551,-106,-8362
1,1876,546,-122,-8367
1,1877,551,-124,-8353
1,1878,543,-111,-8342
1,1879,549,-105,-8330
1,1880,539,-105,-8312
1,1881,542,-102,-8325
1,1882,540,-108,-8353
1,1883,540,-92,-8353
1,1884,539,-91,-8347
1,1885,522,-91,-8346
1,1886,506,-98,-8347
1,1887,505,-93,-8359
1,1888,514,-86,-8348
1,1889,524,-86,-8349
1,1890,524,-98,-8356
1,1891,533,-96,-8358
1,1892,544,-106,-8367
1,1893,548,-107,-8373
1,1894,535,-117,-8331
1,1895,523,-121,-8316
1,1896,528,-122,-8310
1,1897,534,-118,-8311
1,1898,531,-106,-8354
1,1899,531,-101,-8378
1,1900,545,-74,-8387
1,1901,521,-75,-8340
1,1902,512,-84,-8339
1,1903,522,-81,-8318
1,1904,528,-110,-8327
1,1905,502,-118,-8345
1,1906,528,-101,-8378
1,1907,553,-81,-8370
1,1908,547,-84,-8351
1,1909,531,-78,-8336
1,1910,538,-62,-8309
1,1911,532,-70,-8296
1,1912,532,-85,-8298
1,1913,552,-97,-8337
1,1914,571,-107,-8374
1,1915,571,-97,-8377
1,1916,559,-84,-8352
1,1917,562,-79,-8321
1,1918,550,-83,-8289
1,1919,542,-103,-8282
1,1920,557,-117,-8323
1,1921,577,-115,-8358
1,1922,564,-111,-8381
1,1923,527,-129,-8373
1,1924,522,-115,-8359
1,1925,521,-94,-8326
1,1926,510,-86,-8306
1,1927,524,-90,-8328
1,1928,531,-103,-8345
1,1929,531,-106,-8371
1,1930,539,-113,-8379
1,1931,532,-124,-8386
1,1932,538,-130,-8365
1,1933,534,-128,-8336
1,1934,534,-129,-8327
1,1935,533,-114,-8324
1,1936,554,-105,-8331
1,1937,570,-93,-8348
1,1938,574,-102,-8355
1,1939,561,-105,-8372
1,1940,558,-107,-8364
1,1941,544,-98,-8329
1,1942,525,-107,-8326
1,1943,522,-111,-8339
1,1944,535,-105,-8359
1,1945,548,-101,-8359
1,1946,540,-104,-8353
1,1947,538,-102,-8360
1,1948,534,-101,-8354
1,1949,526,-104,-8348
1,1950,519,-103,-8319
1,1951,520,-105,-8329
1,1952,538,-102,-8316
1,1953,549,-100,-8318
1,1954,554,-85,-8340
1,1955,568,-94,-8347
1,1956,566,-88,-8341
1,1957,553,-88,-8322
1,1958,535,-95,-8316
1,1959,535,-93,-8330
1,1960,543,-98,-8328
1,1961,541,-96,-8343
1,1962,534,-97,-8356
1,1963,545,-101,-8356
1,1964,543,-118,-8358
1,1965,539,-103,-8349
1,1966,524,-93,-8353
1,1967,524,-98,-8331
1,1968,522,-108,-8303
1,1969,527,-102,-8298
1,1970,528,-105,-8322
1,1971,518,-101,-8331
1,1972,528,-99,-8348
1,1973,550,-96,-8346
1,1974,553,-86,-8348
1,1975,546,-89,-8338
1,1976,538,-79,-8343
1,1977,517,-83,-8335
1,1978,529,-95,-8335
1,1979,531,-99,-8342
1,1980,534,-99,-8360
1,1981,537,-95,-8357
1,1982,547,-98,-8359
1,1983,559,-103,-8364
1,1984,553,-101,-8359
1,1985,548,-99,-8346
1,1986,540,-99,-8338
1,1987,542,-114,-8342
1,1988,546,-117,-8339
1,1989,546,-111,-8351
1,1990,552,-100,-8362
1,1991,547,-100,-8375
1,1992,529,-88,-8351
1,1993,531,-102,-8353
1,1994,541,-99,-8358
1,1995,547,-95,-8339
1,1996,557,-84,-8348
1,1997,553,-101,-8355
1,1998,548,-112,-8353
1,1999,547,-114,-8356
1,2000,539,-107,-8345
1,2001,541,-102,-8338
1,2002,534,-125,-8336
1,2003,523,-111,-8348
1,2004,509,-106,-8349
1,2005,523,-113,-8347
1,2006,530,-120,-8354
1,2007,535,-106,-8363
1,2008,529,-88,-8359
1,2009,534,-90,-8347
1,2010,539,-102,-8348
1,2011,547,-94,-8329
1,2012,549,-92,-8329
1,2013,553,-104,-8329
1,2014,534,-115,-8351
1,2015,547,-110,-8339
1,2016,561,-101,-8322
1,2017,547,-93,-8315
1,2018,543,-104,-8302
1,2019,553,-112,-8310
1,2020,553,-108,-8331
1,2021,550,-100,-8341
1,2022,539,-96,-8334
1,2023,535,-93,-8339
1,2024,526,-92,-8340
1,2025,516,-87,-8331
1,2026,527,-87,-8344
1,2027,528,-94,-8344
1,2028,531,-96,-8339
1,2029,537,-110,-8335
1,2030,536,-110,-8345
1,2031,540,-92,-8343
1,2032,542,-94,-8332
1,2033,539,-97,-8323
1,2034,540,-86,-8329
1,2035,543,-87,-8329
1,2036,527,-79,-8341
1,2037,527,-86,-8330
1,2038,543,-98,-8330
1,2039,546,-104,-8320
1,2040,550,-104,-8309
1,2041,541,-95,-8324
1,2042,543,-91,-8326
1,2043,545,-101,-8340
1,2044,547,-105,-8341
1,2045,537,-99,-8353
1,2046,555,-99,-8345
1,2047,566,-95,-8348
1,2048,544,-114,-8356
1,2049,537,-130,-8351
1,2050,535,-114,-8361
1,2051,533,-110,-8362
1,2052,538,-102,-8372
1,2053,539,-118,-8359
1,2054,556,-107,-8346
1,2055,548,-106,-8362
1,2056,537,-104,-8372
1,2057,539,-107,-8363
1,2058,542,-109,-8362
1,2059,552,-112,-8372
1,2060,552,-103,-8376
1,2061,535,-113,-8348
1,2062,536,-116,-8357
1,2063,544,-118,-8362
1,2064,550,-106,-8363
1,2065,547,-101,-8363
1,2066,557,-99,-8345
1,2067,558,-99,-8334
1,2068,548,-94,-8351
1,2069,540,-106,-8358
1,2070,535,-110,-8349
1,2071,537,-102,-8362
1,2072,541,-103,-8359
1,2073,544,-104,-8348
1,2074,541,-109,-8359
1,2075,535,-117,-8351
1,2076,528,-118,-8347
1,2077,535,-122,-8351
1,2078,547,-115,-8347
1,2079,544,-114,-8340
1,2080,543,-106,-8326
1,2081,542,-117,-8321
1,2082,556,-107,-8334
1,2083,546,-106,-8348
1,2084,551,-113,-8352
1,2085,553,-107,-8353
1,2086,539,-110,-8357
1,2087,542,-104,-8350
1,2088,552,-99,-8365
1,2089,554,-103,-8353
1,2090,553,-97,-8353
1,2091,552,-88,-8359
1,2092,555,-95,-8353
1,2093,555,-94,-8361
1,2094,536,-93,-8356
1,2095,532,-110,-8334
1,2096,533,-106,-8333
1,2097,545,-106,-8328
1,2098,547,-110,-8336
1,2099,543,-109,-8357
1,2100,545,-108,-8360
1,2101,554,-104,-8352
1,2102,552,-93,-8344
1,2103,542,-105,-8352
1,2104,540,-104,-8360
1,2105,539,-110,-8358
1,2106,547,-106,-8359
1,2107,544,-113,-8347
1,2108,539,-104,-8337
1,2109,541,-94,-8342
1,2110,531,-90,-8349
1,2111,527,-94,-8344
1,2112,535,-86,-8336
1,2113,531,-86,-8344
1,2114,533,-96,-8351
1,2115,542,-109,-8352
1,2116,532,-113,-8354
1,2117,530,-112,-8347
1,2118,518,-113,-8340
1,2119,518,-109,-8324
1,2120,520,-101,-8306
1,2121,522,-89,-8319
1,2122,539,-84,-8333
1,2123,535,-88,-8366
1,2124,544,-106,-8356
1,2125,544,-100,-8359
1,2126,544,-109,-8354
1,2127,545,-107,-8347
1,2128,541,-98,-8324
1,2129,534,-108,-8325
1,2130,534,-98,-8334
1,2131,536,-100,-8348
1,2132,533,-88,-8365
1,2133,538,-88,-8371
1,2134,539,-89,-8344
1,2135,528,-102,-8330
1,2136,527,-102,-8327
1,2137,537,-105,-8327
1,2138,548,-89,-8325
1,2139,551,-95,-8338
1,2140,541,-116,-8342
1,2141,547,-116,-8352
1,2142,537,-112,-8335
1,2143,537,-103,-8321
1,2144,540,-105,-8311
1,2145,535,-85,-8334
1,2146,541,-82,-8341
1,2147,547,-99,-8372
1,2148,547,-99,-8373
1,2149,545,-90,-8370
1,2150,532,-89,-8359
1,2151,529,-104,-8339
1,2152,526,-108,-8333
1,2153,542,-117,-8331
1,2154,564,-125,-8332
1,2155,558,-128,-8358
1,2156,560,-119,-8365
1,2157,563,-115,-8383
1,2158,555,-94,-8375
1,2159,538,-95,-8352
1,2160,529,-95,-8345
1,2161,531,-103,-8352
1,2162,545,-108,-8357
1,2163,555,-107,-8371
1,2164,564,-97,-8360
1,2165,557,-98,-8362
1,2166,561,-101,-8368
1,2167,550,-97,-8357
1,2168,536,-96,-8341
1,2169,540,-96,-8347
1,2170,543,-99,-8345
1,2171,547,-115,-8364
1,2172,548,-109,-8350
1,2173,543,-100,-8351
1,2174,548,-93,-8340
1,2175,547,-92,-8327
1,2176,539,-96,-8331
1,2177,537,-100,-8348
1,2178,531,-103,-8340
1,2179,540,-118,-8346
1,2180,539,-118,-8347
1,2181,545,-113,-8342
1,2182,549,-104,-8346
1,2183,549,-101,-8342
1,2184,541,-91,-8331
1,2185,523,-92,-8328
1,2186,528,-98,-8328
1,2187,522,-120,-8327
1,2188,533,-121,-8332
1,2189,545,-108,-8349
1,2190,555,-116,-8365
1,2191,549,-112,-8344
1,2192,546,-106,-8341
1,2193,540,-117,-8328
1,2194,538,-119,-8329
1,2195,529,-109,-8325
1,2196,531,-98,-8344
1,2197,542,-95,-8347
1,2198,545,-100,-8340
1,2199,548,-88,-8327
1,2200,540,-76,-8338
1,2201,536,-82,-8350
1,2202,528,-88,-8343
1,2203,540,-85,-8354
1,2204,537,-102,-8367
1,2205,533,-105,-8369
1,2206,526,-100,-8373
1,2207,537,-98,-8359
1,2208,542,-104,-8346
1,2209,521,-96,-8346
1,2210,520,-115,-8348
1,2211,524,-110,-8355
1,2212,524,-103,-8357
1,2213,525,-98,-8366
1,2214,528,-96,-8375
1,2215,540,-105,-8361
1,2216,531,-105,-8348
1,2217,524,-101,-8338
1,2218,536,-97,-8331
1,2219,532,-109,-8335
1,2220,521,-113,-8349
1,2221,526,-117,-8351
1,2222,546,-107,-8365
1,2223,552,-101,-8367
1,2224,555,-115,-8336
1,2225,549,-113,-8335
1,2226,548,-101,-8341
1,2227,546,-105,-8348
1,2228,530,-97,-8351
1,2229,535,-99,-8351
1,2230,543,-114,-8351
1,2231,540,-109,-8349
1,2232,537,-116,-8354
1,2233,548,-105,-8366
1,2234,544,-107,-8355
1,2235,546,-98,-8349
1,2236,554,-87,-8334
1,2237,563,-87,-8351
1,2238,550,-94,-8353
1,2239,551,-99,-8354
1,2240,548,-108,-8358
1,2241,547,-115,-8360
1,2242,542,-119,-8355
1,2243,540,-111,-8332
1,2244,545,-119,-8342
1,2245,548,-121,-8353
1,2246,552,-121,-8350
1,2247,550,-113,-8357
1,2248,537,-92,-8342
1,2249,536,-89,-8340
1,2250,541,-92,-8331
1,2251,534,-83,-8340
1,2252,545,-87,-8349
1,2253,537,-97,-8343
1,2254,536,-100,-8338
1,2255,539,-104,-8331
1,2256,532,-96,-8309
1,2257,539,-98,-8316
1,2258,542,-100,-8335
1,2259,540,-104,-8361
1,2260,542,-98,-8360
1,2261,542,-99,-8354
1,2262,534,-90,-8350
1,2263,547,-95,-8347
1,2264,549,-96,-8338
1,2265,548,-99,-8343
1,2266,550,-88,-8364
1,2267,557,-84,-8355
1,2268,555,-91,-8345
1,2269,550,-105,-8335
1,2270,539,-104,-8327
1,2271,539,-97,-8336
1,2272,548,-111,-8332
1,2273,540,-109,-8347
1,2274,539,-98,-8338
1,2275,531,-87,-8341
1,2276,530,-94,-8339
1,2277,538,-89,-8349
1,2278,545,-86,-8344
1,2279,541,-88,-8348
1,2280,547,-97,-8348
1,2281,554,-93,-8320
1,2282,547,-92,-8328
1,2283,537,-105,-8357
1,2284,537,-102,-8355
1,2285,536,-93,-8363
1,2286,535,-86,-8361
1,2287,523,-92,-8353
1,2288,532,-100,-8353
1,2289,540,-98,-8355
1,2290,541,-88,-8370
1,2291,540,-89,-8383
1,2292,552,-103,-8381
1,2293,544,-104,-8356
1,2294,534,-99,-8356
1,2295,533,-104,-8356
1,2296,549,-104,-8364
1,2297,544,-109,-8339
1,2298,544,-117,-8348
1,2299,545,-112,-8356
1,2300,540,-97,-8349
1,2301,548,-107,-8347
1,2302,558,-107,-8356
1,2303,551,-94,-8346
1,2304,541,-99,-8327
1,2305,541,-102,-8325
1,2306,543,-99,-8350
1,2307,535,-106,-8346
1,2308,547,-96,-8350
1,2309,545,-94,-8352
1,2310,536,-94,-8351
1,2311,533,-98,-8348
1,2312,534,-91,-8329
1,2313,534,-95,-8325
1,2314,537,-98,-8324
1,2315,535,-94,-8341
1,2316,547,-107,-8340
1,2317,544,-101,-8348
1,2318,550,-97,-8343
1,2319,548,-104,-8346
1,2320,541,-96,-8349
1,2321,545,-98,-8353
1,2322,527,-103,-8361
1,2323,532,-112,-8358
1,2324,535,-107,-8361
1,2325,529,-92,-8342
1,2326,531,-89,-8347
1,2327,531,-100,-8351
1,2328,548,-99,-8350
1,2329,545,-97,-8347
1,2330,534,-116,-8349
1,2331,532,-117,-8353
1,2332,529,-122,-8349
1,2333,522,-121,-8348
1,2334,537,-117,-8342
1,2335,536,-114,-8336
1,2336,543,-118,-8337
1,2337,551,-120,-8337
1,2338,542,-107,-8349
1,2339,538,-103,-8325
1,2340,536,-90,-8329
1,2341,550,-87,-8347
1,2342,527,-104,-8362
1,2343,534,-101,-8344
1,2344,530,-96,-8320
1,2345,536,-98,-8321
1,2346,530,-109,-8338
1,2347,531,-103,-8355
1,2348,533,-109,-8360
1,2349,548,-101,-8350
1,2350,555,-102,-8353
1,2351,554,-95,-8326
1,2352,561,-113,-8317
1,2353,550,-107,-8323
1,2354,553,-97,-8360
1,2355,553,-109,-8359
1,2356,555,-114,-8343
1,2357,545,-104,-8360
1,2358,539,-104,-8360
1,2359,541,-106,-8341
1,2360,541,-108,-8332
1,2361,542,-105,-8337
1,2362,548,-97,-8357
1,2363,549,-97,-8349
1,2364,542,-114,-8337
1,2365,532,-107,-8337
1,2366,540,-106,-8329
1,2367,533,-115,-8338
1,2368,534,-117,-8342
1,2369,539,-109,-8336
1,2370,529,-114,-8350
1,2371,525,-115,-8351
1,2372,522,-113,-8344
1,2373,527,-104,-8336
1,2374,538,-104,-8329
1,2375,534,-103,-8339
1,2376,539,-92,-8356
1,2377,532,-100,-8356
1,2378,533,-111,-8335
1,2379,534,-105,-8355
1,2380,536,-112,-8347
1,2381,546,-103,-8346
1,2382,554,-99,-8321
1,2383,549,-93,-8335
1,2384,546,-90,-8330
1,2385,541,-96,-8336
1,2386,541,-103,-8327
1,2387,543,-95,-8350
1,2388,529,-98,-8338
1,2389,517,-102,-8339
1,2390,517,-97,-8350
1,2391,514,-99,-8356
1,2392,524,-95,-8358
1,2393,526,-90,-8348
1,2394,541,-100,-8352
1,2395,551,-99,-8369
1,2396,556,-101,-8360
1,2397,558,-101,-8355
1,2398,563,-109,-8362
1,2399,557,-110,-8365
1,2400,557,-102,-8362
1,2401,560,-90,-8358
1,2402,552,-92,-8351
1,2403,544,-88,-8348
1,2404,527,-90,-8346
1,2405,520,-88,-8357
1,2406,511,-91,-8375
1,2407,515,-96,-8355
1,2408,513,-98,-8373
1,2409,522,-100,-8355
1,2410,537,-104,-8358
1,2411,537,-100,-8367
1,2412,540,-98,-8361
1,2413,536,-104,-8351
1,2414,546,-103,-8360
1,2415,537,-103,-8343
1,2416,525,-107,-8346
1,2417,532,-109,-8343
1,2418,541,-97,-8329
1,2419,547,-97,-8346
1,2420,546,-94,-8344
1,2421,553,-93,-8357
1,2422,557,-110,-8369
1,2423,561,-110,-8366
1,2424,555,-111,-8342
1,2425,547,-111,-8342
1,2426,537,-101,-8316
1,2427,529,-111,-8312
1,2428,546,-118,-8328
1,2429,546,-112,-8346
1,2430,542,-120,-8366
1,2431,530,-104,-8372
1,2432,537,-99,-8365
1,2433,535,-105,-8360
1,2434,542,-114,-8357
1,2435,544,-111,-8358
1,2436,555,-107,-8362
1,2437,560,-115,-8378
1,2438,563,-102,-8361
1,2439,562,-103,-8351
1,2440,551,-113,-8348
1,2441,556,-111,-8347
1,2442,553,-110,-8343
1,2443,548,-105,-8350
1,2444,532,-109,-8361
1,2445,536,-104,-8346
1,2446,529,-107,-8352
1,2447,531,-112,-8342
1,2448,539,-115,-8344
1,2449,547,-112,-8355
1,2450,539,-114,-8339
1,2451,523,-129,-8343
1,2452,539,-121,-8357
1,2453,536,-119,-8360
1,2454,529,-116,-8361
1,2455,522,-115,-8360
1,2456,518,-105,-8360
1,2457,524,-98,-8336
1,2458,527,-94,-8345
1,2459,527,-88,-8347
1,2460,544,-93,-8364
1,2461,543,-96,-8368
1,2462,544,-97,-8343
1,2463,547,-104,-8346
1,2464,554,-94,-8342
1,2465,557,-103,-8346
1,2466,559,-104,-8353
1,2467,548,-99,-8361
1,2468,554,-95,-8351
1,2469,543,-99,-8364
1,2470,544,-99,-8355
1,2471,543,-97,-8346
1,2472,549,-111,-8346
1,2473,544,-113,-8345
1,2474,543,-104,-8319
1,2475,542,-98,-8327
1,2476,547,-94,-8325
1,2477,538,-93,-8333
1,2478,539,-107,-8327
1,2479,543,-108,-8343
1,2480,544,-116,-8334
1,2481,550,-119,-8343
1,2482,557,-111,-8346
1,2483,556,-110,-8334
1,2484,543,-114,-8345
1,2485,542,-118,-8334
1,2486,546,-116,-8330
1,2487,542,-116,-8337
1,2488,541,-107,-8333
1,2489,539,-102,-8326
1,2490,525,-93,-8345
1,2491,526,-80,-8359
1,2492,522,-86,-8361
1,2493,525,-101,-8353
1,2494,522,-113,-8352
1,2495,535,-110,-8350
1,2496,521,-105,-8357
1,2497,524,-107,-8342
2,0,549,-100,-8354
2,1,538,-107,-8356
2,2,519,-115,-8343
2,3,518,-100,-8345
2,4,515,-102,-8354
2,5,528,-101,-8339
2,6,525,-107,-8341
2,7,543,-108,-8354
2,8,550,-113,-8352
2,9,554,-110,-8367
2,10,558,-103,-8383
2,11,558,-101,-8359
2,12,552,-99,-8355
2,13,532,-101,-8352
2,14,527,-110,-8340
2,15,534,-120,-8343
2,16,536,-135,-8340
2,17,528,-130,-8331
2,18,533,-111,-8337
2,19,536,-99,-8349
2,20,530,-89,-8343
2,21,523,-94,-8345
2,22,522,-109,-8336
2,23,521,-119,-8339
2,24,522,-109,-8336
2,25,539,-105,-8325
2,26,544,-109,-8336
2,27,542,-110,-8331
2,28,536,-97,-8338
2,29,548,-89,-8341
2,30,558,-97,-8335
2,31,550,-100,-8344
2,32,535,-100,-8346
2,33,540,-97,-8339
2,34,545,-97,-8326
2,35,552,-114,-8328
2,36,553,-115,-8326
2,37,554,-120,-8333
2,38,547,-123,-8331
2,39,547,-125,-8343
2,40,538,-113,-8333
2,41,534,-110,-8343
2,42,532,-116,-8347
2,43,525,-119,-8369
2,44,526,-125,-8351
2,45,538,-120,-8344
2,46,547,-102,-8328
2,47,543,-103,-8313
2,48,537,-107,-8329
2,49,533,-93,-8351
2,50,541,-101,-8327
2,51,541,-118,-8322
2,52,538,-115,-8331
2,53,542,-120,-8338
2,54,555,-121,-8319
2,55,548,-119,-8319
2,56,556,-109,-8334
2,57,557,-107,-8344
2,58,560,-102,-8331
2,59,562,-98,-8322
2,60,560,-101,-8330
2,61,545,-107,-8338
2,62,549,-106,-8353
2,63,549,-89,-8367
2,64,558,-96,-8355
2,65,555,-98,-8352
2,66,552,-105,-8350
2,67,538,-109,-8367
2,68,540,-107,-8358
2,69,538,-101,-8352
2,70,534,-103,-8343
2,71,530,-100,-8338
2,72,551,-93,-8339
2,73,563,-89,-8324
2,74,550,-91,-8321
2,75,548,-102,-8319
2,76,543,-93,-8324
2,77,553,-99,-8317
2,78,545,-96,-8327
2,79,535,-99,-8332
2,80,545,-85,-8344
2,81,537,-97,-8355
2,82,541,-107,-8352
2,83,533,-102,-8340
2,84,540,-101,-8328
2,85,543,-98,-8311
2,86,527,-112,-8332
2,87,527,-112,-8356
2,88,526,-105,-8357
2,89,522,-99,-8350
2,90,531,-94,-8334
2,91,538,-97,-8335
2,92,534,-93,-8349
2,93,536,-97,-8345
2,94,540,-107,-8339
2,95,550,-113,-8309
2,96,546,-116,-8321
2,97,539,-106,-8350
2,98,548,-127,-8355
2,99,558,-116,-8359
2,100,558,-102,-8351
2,101,552,-88,-8355
2,102,552,-83,-8346
2,103,562,-80,-8346
2,104,563,-85,-8344
2,105,549,-85,-8359
2,106,534,-82,-8351
2,107,532,-95,-8354
2,108,539,-116,-8332
2,109,540,-123,-8337
2,110,538,-114,-8345
2,111,533,-113,-8357
2,112,540,-114,-8352
2,113,535,-97,-8368
2,114,554,-94,-8354
2,115,555,-96,-8339
2,116,542,-104,-8342
2,117,539,-110,-8344
2,118,545,-105,-8342
2,119,533,-101,-8350
2,120,538,-113,-8345
2,121,535,-106,-8339
2,122,545,-109,-8332
2,123,557,-105,-8332
2,124,558,-114,-8343
2,125,547,-125,-8352
2,126,550,-114,-8345
2,127,534,-108,-8331
2,128,544,-106,-8338
2,129,538,-111,-8350
2,130,541,-96,-8349
2,131,545,-91,-8362
2,132,554,-111,-8351
2,133,541,-118,-8344
2,134,540,-118,-8332
2,135,532,-109,-8339
2,136,536,-97,-8342
2,137,543,-102,-8361
2,138,549,-100,-8352
2,139,553,-112,-8333
2,140,552,-106,-8329
2,141,535,-109,-8332
2,142,523,-110,-8350
2,143,522,-110,-8357
2,144,529,-111,-8355
2,145,542,-104,-8351
2,146,537,-106,-8348
2,147,538,-110,-8343
2,148,542,-103,-8335
2,149,536,-105,-8344
2,150,520,-100,-8342
2,151,530,-96,-8360
2,152,535,-97,-8374
2,153,527,-90,-8369
2,154,533,-91,-8383
2,155,530,-95,-8362
2,156,531,-106,-8356
2,157,535,-109,-8353
2,158,526,-94,-8341
2,159,535,-103,-8343
2,160,535,-105,-8342
2,161,524,-99,-8340
2,162,524,-89,-8339
2,163,531,-92,-8342
2,164,543,-88,-8325
2,165,542,-90,-8321
2,166,546,-111,-8321
2,167,563,-112,-8331
2,168,550,-103,-8335
2,169,543,-105,-8346
2,170,550,-98,-8344
2,171,539,-85,-8341
2,172,546,-92,-8337
2,173,541,-95,-8347
2,174,540,-87,-8344
2,175,535,-83,-8332
2,176,543,-100,-8327
2,177,533,-113,-8345
2,178,526,-106,-8335
2,179,532,-101,-8346
2,180,544,-100,-8332
2,181,543,-99,-8338
2,182,558,-96,-8349
2,183,556,-99,-8346
2,184,555,-89,-8360
2,185,557,-99,-8349
2,186,547,-98,-8344
2,187,535,-102,-8353
2,188,542,-101,-8349
2,189,539,-108,-8341
2,190,546,-120,-8343
2,191,543,-122,-8348
2,192,548,-133,-8361
2,193,539,-141,-8358
2,194,526,-126,-8343
2,195,534,-121,-8351
2,196,534,-100,-8344
2,197,533,-99,-8335
2,198,533,-101,-8341
2,199,535,-103,-8341
2,200,530,-99,-8354
2,201,539,-110,-8349
2,202,551,-100,-8354
2,203,555,-104,-8350
2,204,553,-113,-8353
2,205,556,-125,-8335
2,206,554,-120,-8339
2,207,546,-120,-8355
2,208,553,-104,-8319
2,209,548,-102,-8334
2,210,535,-107,-8354
2,211,534,-106,-8363
2,212,536,-101,-8372
2,213,529,-104,-8385
2,214,533,-102,-8363
2,215,530,-103,-8348
2,216,533,-94,-8350
2,217,529,-100,-8352
2,218,527,-104,-8358
2,219,529,-117,-8348
2,220,527,-124,-8345
2,221,538,-130,-8344
2,222,534,-124,-8352
2,223,540,-114,-8346
2,224,547,-116,-8349
2,225,544,-119,-8348
2,226,543,-104,-8340
2,227,556,-98,-8333
2,228,561,-113,-8355
2,229,558,-119,-8350
2,230,562,-109,-8338
2,231,562,-109,-8336
2,232,555,-120,-8330
2,233,544,-134,-8346
2,234,535,-127,-8339
2,235,528,-113,-8345
2,236,544,-102,-8337
2,237,538,-100,-8335
2,238,539,-97,-8332
2,239,529,-108,-8334
2,240,531,-99,-8346
2,241,531,-98,-8336
2,242,523,-80,-8337
2,243,540,-84,-8340
2,244,544,-95,-8340
2,245,530,-94,-8330
2,246,544,-98,-8328
2,247,539,-92,-8347
2,248,529,-90,-8343
2,249,551,-99,-8336
2,250,548,-95,-8332
2,251,557,-88,-8338
2,252,555,-95,-8340
2,253,551,-101,-8328
2,254,541,-91,-8319
2,255,542,-81,-8315
2,256,554,-95,-8328
2,257,559,-94,-8349
2,258,553,-104,-8349
2,259,549,-103,-8350
2,260,551,-105,-8356
2,261,546,-93,-8365
2,262,549,-98,-8353
2,263,554,-100,-8340
2,264,559,-110,-8348
2,265,559,-108,-8357
2,266,558,-104,-8355
2,267,546,-96,-8343
2,268,544,-77,-8342
2,269,544,-89,-8352
2,270,531,-90,-8361
2,271,529,-88,-8354
2,272,540,-92,-8350
2,273,548,-97,-8340
2,274,543,-99,-8333
2,275,544,-107,-8344
2,276,535,-108,-8352
2,277,547,-111,-8344
2,278,556,-107,-8337
2,279,550,-99,-8337
2,280,550,-104,-8344
2,281,540,-105,-8326
2,282,540,-103,-8334
2,283,552,-104,-8338
2,284,560,-109,-8350
2,285,556,-114,-8362
2,286,556,-112,-8345
2,287,542,-105,-8353
2,288,534,-96,-8336
2,289,535,-102,-8353
2,290,526,-102,-8370
2,291,538,-98,-8358
2,292,538,-98,-8351
2,293,532,-106,-8360
2,294,532,-106,-8366
2,295,532,-101,-8377
2,296,536,-111,-8349
2,297,532,-110,-8335
2,298,538,-107,-8333
2,299,553,-103,-8348
2,300,546,-107,-8359
2,301,543,-101,-8351
2,302,540,-99,-8352
2,303,529,-93,-8358
2,304,538,-90,-8364
2,305,547,-91,-8345
2,306,562,-102,-8343
2,307,549,-101,-8343
2,308,543,-98,-8338
2,309,530,-111,-8347
2,310,535,-111,-8345
2,311,529,-112,-8348
2,312,538,-109,-8347
2,313,543,-101,-8346
2,314,547,-91,-8347
2,315,541,-102,-8338
2,316,532,-96,-8347
2,317,537,-91,-8338
2,318,535,-92,-8331
2,319,545,-89,-8352
2,320,546,-96,-8336
2,321,547,-101,-8342
2,322,555,-108,-8367
2,323,566,-110,-8370
2,324,552,-105,-8365
2,325,547,-95,-8373
2,326,540,-103,-8367
2,327,537,-109,-8344
2,328,531,-111,-8351
2,329,525,-112,-8352
2,330,531,-109,-8364
2,331,541,-99,-8357
2,332,532,-103,-8356
2,333,540,-96,-8338
2,334,548,-100,-8346
2,335,556,-96,-8364
2,336,546,-107,-8355
2,337,542,-115,-8370
2,338,542,-113,-8371
2,339,530,-117,-8390
2,340,536,-103,-8364
2,341,537,-92,-8361
2,342,534,-95,-8353
2,343,543,-110,-8353
2,344,542,-109,-8356
2,345,542,-98,-8350
2,346,534,-88,-8325
2,347,521,-101,-8326
2,348,528,-103,-8335
2,349,533,-103,-8326
2,350,532,-93,-8336
2,351,538,-89,-8349
2,352,552,-90,-8352
2,353,542,-93,-8350
2,354,539,-101,-8352
2,355,543,-98,-8350
2,356,533,-108,-8357
2,357,527,-105,-8344
2,358,525,-110,-8363
2,359,522,-91,-8370
2,360,524,-93,-8363
2,361,531,-104,-8364
2,362,544,-109,-8362
2,363,568,-117,-8341
2,364,558,-123,-8359
2,365,552,-123,-8359
2,366,542,-122,-8365
2,367,551,-109,-8365
2,368,552,-123,-8376
2,369,527,-119,-8389
2,370,528,-123,-8362
2,371,536,-130,-8343
2,372,533,-126,-8366
2,373,526,-114,-8360
2,374,531,-106,-8348
2,375,540,-99,-8340
2,376,547,-106,-8333
2,377,545,-94,-8339
2,378,541,-102,-8326
2,379,534,-102,-8316
2,380,550,-108,-8326
2,381,553,-97,-8342
2,382,548,-86,-8362
2,383,536,-91,-8365
2,384,534,-88,-8349
2,385,535,-84,-8343
2,386,546,-87,-8359
2,387,548,-88,-8352
2,388,546,-81,-8345
2,389,536,-90,-8340
2,390,531,-96,-8354
2,391,529,-96,-8359
2,392,529,-90,-8357
2,393,527,-91,-8347
2,394,524,-91,-8338
2,395,527,-97,-8336
2,396,542,-102,-8351
2,397,550,-102,-8368
2,398,545,-109,-8353
2,399,535,-113,-8357
2,400,540,-118,-8362
2,401,543,-120,-8351
2,402,539,-124,-8345
2,403,545,-119,-8343
2,404,544,-116,-8347
2,405,544,-103,-8332
2,406,548,-100,-8328
2,407,553,-93,-8331
2,408,549,-88,-8337
2,409,545,-96,-8356
2,410,537,-102,-8371
2,411,537,-99,-8385
2,412,537,-94,-8378
2,413,534,-88,-8357
2,414,531,-91,-8348
2,415,530,-94,-8328
2,416,530,-100,-8321
2,417,532,-120,-8331
2,418,525,-116,-8344
2,419,535,-104,-8341
2,420,545,-100,-8359
2,421,541,-107,-8334
2,422,528,-104,-8331
2,423,537,-96,-8325
2,424,551,-106,-8316
2,425,560,-116,-8322
2,426,552,-112,-8329
2,427,556,-113,-8328
2,428,559,-99,-8339
2,429,552,-108,-8353
2,430,553,-99,-8362
2,431,546,-99,-8348
2,432,531,-96,-8337
2,433,534,-94,-8338
2,434,537,-93,-8363
2,435,542,-86,-8354
2,436,540,-98,-8352
2,437,538,-98,-8351
2,438,530,-89,-8356
2,439,532,-94,-8361
2,440,525,-107,-8339
2,441,527,-110,-8342
2,442,530,-104,-8347
2,443,544,-105,-8344
2,444,550,-109,-8341
2,445,542,-111,-8339
2,446,557,-111,-8337
2,447,553,-128,-8343
2,448,551,-117,-8352
2,449,555,-116,-8355
2,450,548,-115,-8336
2,451,556,-121,-8357
2,452,547,-113,-8400
2,453,547,-103,-8371
2,454,547,-104,-8357
2,455,551,-112,-8352
2,456,549,-110,-8361
2,457,551,-102,-8361
2,458,546,-103,-8329
2,459,538,-110,-8328
2,460,522,-104,-8337
2,461,514,-108,-8336
2,462,532,-104,-8349
2,463,542,-105,-8350
2,464,545,-91,-8348
2,465,539,-101,-8328
2,466,536,-91,-8343
2,467,543,-85,-8345
2,468,543,-98,-8337
2,469,549,-105,-8337
2,470,552,-119,-8343
2,471,549,-112,-8348
2,472,560,-113,-8335
2,473,559,-117,-8338
2,474,551,-119,-8335
2,475,552,-117,-8347
2,476,546,-102,-8338
2,477,543,-89,-8348
2,478,539,-100,-8343
2,479,539,-101,-8343
2,480,541,-106,-8344
2,481,538,-95,-8344
2,482,535,-109,-8351
2,483,542,-111,-8349
2,484,534,-109,-8345
2,485,536,-112,-8353
2,486,540,-115,-8365
2,487,534,-103,-8364
2,488,539,-102,-8367
2,489,532,-98,-8365
2,490,533,-92,-8347
2,491,523,-94,-8330
2,492,524,-99,-8332
2,493,533,-96,-8337
2,494,522,-101,-8334
2,495,539,-102,-8326
2,496,543,-100,-8335
2,497,536,-99,-8325
2,498,536,-91,-8322
2,499,539,-92,-8334
2,500,541,-98,-8333
2,501,528,-119,-8327
2,502,531,-117,-8343
2,503,536,-112,-8355
2,504,535,-115,-8365
2,505,542,-110,-8367
2,506,540,-110,-8356
2,507,544,-112,-8349
2,508,555,-105,-8338
2,509,558,-110,-8347
2,510,555,-117,-8355
2,511,550,-124,-8330
2,512,547,-136,-8323
2,513,546,-135,-8326
2,514,542,-124,-8324
2,515,531,-116,-8325
2,516,532,-100,-8338
2,517,540,-89,-8335
2,518,550,-86,-8324
2,519,554,-85,-8333
2,520,545,-98,-8353
2,521,536,-104,-8351
2,522,534,-101,-8360
2,523,538,-105,-8362
2,524,554,-106,-8357
2,525,539,-115,-8356
2,526,532,-118,-8347
2,527,542,-110,-8364
2,528,546,-102,-8355
2,529,547,-105,-8360
2,530,541,-107,-8352
2,531,548,-107,-8343
2,532,550,-96,-8357
2,533,554,-109,-8356
2,534,553,-107,-8353
2,535,550,-103,-8342
2,536,556,-104,-8331
2,537,552,-101,-8319
2,538,548,-104,-8327
2,539,554,-105,-8315
2,540,551,-106,-8324
2,541,548,-113,-8343
2,542,537,-104,-8350
2,543,533,-93,-8356
2,544,526,-95,-8374
2,545,533,-106,-8379
2,546,541,-105,-8367
2,547,552,-113,-8355
2,548,548,-116,-8325
2,549,543,-104,-8339
2,550,537,-108,-8343
2,551,541,-101,-8341
2,552,542,-106,-8341
2,553,539,-99,-8332
2,554,545,-90,-8343
2,555,546,-90,-8336
2,556,538,-106,-8342
2,557,534,-90,-8343
2,558,544,-90,-8335
2,559,547,-85,-8334
2,560,551,-96,-8347
2,561,545,-97,-8335
2,562,541,-104,-8324
2,563,537,-108,-8323
2,564,542,-107,-8335
2,565,533,-93,-8354
2,566,536,-100,-8360
2,567,533,-108,-8375
2,568,527,-106,-8359
2,569,528,-107,-8345
2,570,535,-119,-8333
2,571,538,-112,-8330
2,572,523,-102,-8330
2,573,532,-95,-8347
2,574,540,-98,-8342
2,575,554,-84,-8339
2,576,556,-89,-8349
2,577,550,-86,-8366
2,578,541,-85,-8369
2,579,539,-93,-8372
2,580,536,-94,-8365
2,581,529,-88,-8352
2,582,537,-90,-8365
2,583,529,-82,-8370
2,584,532,-93,-8352
2,585,535,-82,-8330
2,586,533,-102,-8322
2,587,538,-98,-8333
2,588,540,-101,-8343
2,589,530,-95,-8341
2,590,532,-97,-8337
2,591,534,-96,-8339
2,592,527,-101,-8358
2,593,530,-103,-8355
2,594,536,-109,-8358
2,595,540,-109,-8351
2,596,545,-108,-8347
2,597,541,-101,-8340
2,598,543,-115,-8341
2,599,548,-117,-8359
2,600,546,-111,-8348
2,601,539,-103,-8337
2,602,540,-106,-8328
2,603,550,-104,-8327
2,604,546,-89,-8328
2,605,542,-79,-8331
2,606,539,-81,-8341
2,607,546,-86,-8335
2,608,537,-87,-8334
2,609,534,-98,-8321
2,610,536,-113,-8336
2,611,546,-113,-8347
2,612,555,-110,-8345
2,613,540,-102,-8332
2,614,547,-110,-8334
2,615,541,-103,-8333
2,616,541,-111,-8332
2,617,556,-107,-8337
2,618,557,-99,-8347
2,619,547,-85,-8334
2,620,539,-91,-8329
2,621,536,-98,-8332
2,622,533,-99,-8337
2,623,531,-102,-8332
2,624,539,-91,-8335
2,625,536,-95,-8336
2,626,537,-110,-8323
2,627,545,-102,-8315
2,628,554,-121,-8336
2,629,551,-109,-8320
2,630,546,-100,-8322
2,631,543,-99,-8330
2,632,537,-104,-8357
2,633,538,-88,-8370
2,634,545,-76,-8379
2,635,549,-83,-8367
2,636,533,-84,-8357
2,637,521,-85,-8371
2,638,529,-97,-8365
2,639,523,-96,-8366
2,640,523,-101,-8361
2,641,521,-99,-8358
2,642,509,-103,-8370
2,643,522,-90,-8382
2,644,533,-85,-8371
2,645,538,-80,-8382
2,646,544,-107,-8397
2,647,533,-107,-8376
2,648,535,-105,-8356
2,649,531,-105,-8346
2,650,537,-108,-8358
2,651,540,-103,-8357
2,652,545,-93,-8365
2,653,553,-88,-8360
2,654,546,-92,-8371
2,655,544,-116,-8372
2,656,536,-114,-8364
2,657,545,-108,-8381
2,658,537,-103,-8367
2,659,534,-101,-8356
2,660,539,-109,-8349
2,661,547,-108,-8336
2,662,549,-96,-8334
2,663,548,-82,-8324
2,664,544,-81,-8326
2,665,543,-97,-8328
2,666,541,-108,-8337
2,667,544,-111,-8349
2,668,544,-107,-8353
2,669,540,-104,-8330
2,670,542,-117,-8339
2,671,531,-117,-8350
2,672,531,-116,-8333
2,673,539,-101,-8330
2,674,542,-98,-8330
2,675,542,-93,-8332
2,676,548,-84,-8324
2,677,558,-87,-8334
2,678,554,-90,-8354
2,679,544,-88,-8338
2,680,545,-99,-8342
2,681,547,-102,-8343
2,682,538,-101,-8349
2,683,547,-103,-8353
2,684,547,-95,-8353
2,685,540,-94,-8347
2,686,544,-114,-8355
2,687,555,-109,-8350
2,688,552,-109,-8350
2,689,542,-102,-8338
2,690,531,-96,-8337
2,691,529,-101,-8334
2,692,526,-100,-8322
2,693,526,-96,-8318
2,694,536,-99,-8314
2,695,531,-102,-8328
2,696,529,-107,-8339
2,697,528,-107,-8349
2,698,530,-94,-8343
2,699,528,-76,-8328
2,700,548,-82,-8340
2,701,542,-97,-8334
2,702,533,-108,-8336
2,703,525,-92,-8345
2,704,543,-95,-8350
2,705,560,-104,-8330
2,706,551,-102,-8329
2,707,550,-98,-8328
2,708,552,-96,-8349
2,709,542,-97,-8343
2,710,534,-94,-8332
2,711,533,-94,-8333
2,712,538,-93,-8341
2,713,540,-100,-8344
2,714,532,-98,-8333
2,715,537,-107,-8328
2,716,538,-112,-8336
2,717,542,-99,-8343
2,718,544,-95,-8344
2,719,539,-103,-8357
2,720,537,-121,-8346
2,721,541,-109,-8342
2,722,533,-112,-8348
2,723,535,-108,-8357
2,724,547,-109,-8347
2,725,554,-110,-8351
2,726,556,-114,-8352
2,727,558,-108,-8339
2,728,553,-120,-8337
2,729,539,-106,-8326
2,730,538,-102,-8333
2,731,534,-101,-8344
2,732,541,-95,-8349
2,733,541,-87,-8353
2,734,533,-95,-8336
2,735,527,-102,-8332
2,736,529,-99,-8345
2,737,531,-106,-8323
2,738,528,-109,-8322
2,739,537,-100,-8338
2,740,544,-100,-8343
2,741,534,-96,-8359
2,742,536,-99,-8367
2,743,543,-84,-8368
2,744,535,-96,-8366
2,745,523,-94,-8366
2,746,530,-96,-8350
2,747,542,-93,-8355
2,748,541,-84,-8351
2,749,546,-92,-8347
2,750,547,-87,-8355
2,751,553,-84,-8353
2,752,546,-90,-8341
2,753,540,-91,-8329
2,754,527,-109,-8333
2,755,524,-108,-8333
2,756,537,-103,-8343
2,757,531,-95,-8344
2,758,531,-94,-8351
2,759,534,-101,-8353
2,760,555,-110,-8346
2,761,551,-95,-8335
2,762,548,-104,-8340
2,763,563,-97,-8340
2,764,550,-97,-8333
2,765,544,-104,-8324
2,766,548,-102,-8328
2,767,543,-99,-8350
2,768,552,-100,-8351
2,769,563,-87,-8354
2,770,559,-86,-8346
2,771,550,-92,-8373
2,772,551,-97,-8382
2,773,533,-89,-8344
2,774,538,-86,-8343
2,775,543,-85,-8333
2,776,543,-84,-8323
2,777,551,-103,-8316
2,778,530,-108,-8335
2,779,533,-103,-8327
2,780,541,-103,-8322
2,781,534,-97,-8347
2,782,539,-100,-8346
2,783,546,-96,-8330
2,784,536,-101,-8327
2,785,544,-107,-8314
2,786,548,-105,-8318
2,787,555,-103,-8316
2,788,545,-120,-8334
2,789,544,-115,-8343
2,790,542,-110,-8345
2,791,535,-118,-8345
2,792,525,-110,-8357
2,793,533,-109,-8369
2,794,539,-103,-8371
2,795,522,-103,-8339
2,796,518,-109,-8341
2,797,529,-100,-8335
2,798,533,-98,-8340
2,799,547,-100,-8334
2,800,548,-102,-8325
2,801,549,-76,-8326
2,802,546,-95,-8334
2,803,554,-98,-8328
2,804,543,-95,-8343
2,805,539,-104,-8338
2,806,539,-106,-8348
2,807,533,-94,-8349
2,808,549,-81,-8348
2,809,562,-88,-8335
2,810,551,-90,-8338
2,811,548,-101,-8333
2,812,530,-107,-8335
2,813,517,-106,-8341
2,814,519,-100,-8338
2,815,535,-101,-8344
2,816,555,-104,-8363
2,817,570,-93,-8351
2,818,556,-90,-8345
2,819,553,-95,-8350
2,820,557,-95,-8343
2,821,548,-94,-8339
2,822,554,-96,-8340
2,823,543,-104,-8343
2,824,550,-103,-8350
2,825,555,-97,-8347
2,826,557,-101,-8354
2,827,544,-109,-8353
2,828,553,-99,-8355
2,829,555,-98,-8354
2,830,561,-113,-8351
2,831,547,-110,-8346
2,832,539,-112,-8344
2,833,526,-107,-8333
2,834,545,-106,-8362
2,835,548,-109,-8363
2,836,542,-99,-8348
2,837,527,-88,-8361
2,838,527,-76,-8349
2,839,537,-74,-8335
2,840,542,-86,-8324
2,841,547,-99,-8336
2,842,529,-107,-8343
2,843,530,-106,-8335
2,844,541,-104,-8337
2,845,535,-112,-8337
2,846,529,-102,-8330
2,847,541,-105,-8347
2,848,539,-96,-8360
2,849,526,-80,-8353
2,850,541,-85,-8335
2,851,537,-91,-8348
2,852,548,-89,-8349
2,853,543,-92,-8344
2,854,541,-96,-8354
2,855,554,-100,-8370
2,856,548,-101,-8347
2,857,544,-101,-8370
2,858,545,-101,-8384
2,859,538,-93,-8364
2,860,534,-95,-8347
2,861,537,-92,-8319
2,862,537,-97,-8322
2,863,543,-98,-8339
2,864,539,-94,-8352
2,865,533,-95,-8356
2,866,529,-102,-8348
2,867,525,-109,-8343
2,868,528,-112,-8338
2,869,522,-101,-8353
2,870,530,-104,-8350
2,871,531,-92,-8322
2,872,536,-90,-8318
2,873,537,-96,-8329
2,874,539,-104,-8345
2,875,542,-97,-8354
2,876,543,-99,-8345
2,877,522,-99,-8344
2,878,527,-99,-8360
2,879,532,-96,-8350
2,880,522,-101,-8352
2,881,542,-105,-8343
2,882,546,-104,-8352
2,883,550,-94,-8346
2,884,555,-90,-8344
2,885,565,-95,-8336
2,886,574,-91,-8323
2,887,566,-92,-8336
2,888,561,-96,-8341
2,889,545,-89,-8358
2,890,555,-90,-8351
2,891,558,-94,-8335
2,892,556,-98,-8324
2,893,554,-95,-8308
2,894,555,-88,-8308
2,895,550,-94,-8318
2,896,538,-95,-8331
2,897,535,-99,-8328
2,898,530,-88,-8334
2,899,516,-94,-8326
2,900,529,-98,-8341
2,901,541,-83,-8351
2,902,538,-89,-8328
2,903,560,-88,-8333
2,904,557,-96,-8335
2,905,549,-94,-8330
2,906,547,-105,-8344
2,907,558,-105,-8328
2,908,548,-107,-8321
2,909,536,-92,-8320
2,910,538,-98,-8337
2,911,529,-100,-8333
2,912,543,-101,-8330
2,913,539,-100,-8327
2,914,539,-107,-8338
2,915,536,-108,-8338
2,916,534,-120,-8350
2,917,524,-108,-8337
2,918,510,-98,-8326
2,919,517,-98,-8351
2,920,527,-104,-8328
2,921,539,-103,-8315
2,922,535,-91,-8334
2,923,543,-87,-8346
2,924,551,-89,-8344
2,925,542,-97,-8349
2,926,544,-101,-8340
2,927,529,-93,-8347
2,928,543,-77,-8357
2,929,540,-83,-8346
2,930,534,-97,-8335
2,931,533,-108,-8346
2,932,533,-107,-8347
2,933,538,-110,-8356
2,934,552,-108,-8358
2,935,538,-113,-8348
2,936,534,-111,-8337
2,937,527,-113,-8338
2,938,521,-110,-8341
2,939,521,-122,-8337
2,940,524,-122,-8354
2,941,530,-129,-8347
2,942,539,-115,-8360
2,943,547,-111,-8374
2,944,559,-115,-8346
2,945,567,-112,-8352
2,946,561,-114,-8387
2,947,558,-125,-8381
2,948,556,-104,-8368
2,949,558,-104,-8365
2,950,545,-113,-8362
2,951,552,-102,-8364
2,952,556,-92,-8356
2,953,548,-89,-8348
2,954,540,-92,-8338
2,955,530,-94,-8336
2,956,536,-83,-8339
2,957,537,-92,-8351
2,958,525,-94,-8334
2,959,526,-82,-8329
2,960,534,-91,-8336
2,961,541,-98,-8338
2,962,551,-101,-8344
2,963,545,-97,-8362
2,964,538,-85,-8352
2,965,536,-104,-8371
2,966,538,-120,-8356
2,967,540,-107,-8339
2,968,550,-118,-8342
2,969,552,-125,-8334
2,970,551,-121,-8331
2,971,540,-112,-8313
2,972,541,-108,-8314
2,973,537,-96,-8331
2,974,534,-95,-8339
2,975,537,-88,-8347
2,976,537,-76,-8340
2,977,532,-81,-8329
2,978,532,-91,-8317
2,979,533,-103,-8334
2,980,538,-104,-8326
2,981,535,-95,-8344
2,982,538,-109,-8350
2,983,538,-96,-8340
2,984,529,-97,-8339
2,985,545,-94,-8339
2,986,543,-95,-8347
2,987,540,-101,-8326
2,988,550,-116,-8341
2,989,550,-122,-8355
2,990,548,-114,-8350
2,991,552,-111,-8341
2,992,551,-119,-8355
2,993,543,-113,-8368
2,994,529,-112,-8355
2,995,515,-103,-8353
2,996,524,-93,-8351
2,997,526,-102,-8360
2,998,531,-112,-8354
2,999,534,-120,-8352
2,1000,532,-115,-8356
2,1001,539,-116,-8353
2,1002,546,-118,-8331
2,1003,540,-111,-8329
2,1004,553,-107,-8346
2,1005,548,-111,-8336
2,1006,536,-107,-8337
2,1007,539,-109,-8331
2,1008,546,-111,-8318
2,1009,553,-123,-8330
2,1010,552,-114,-8340
2,1011,542,-119,-8337
2,1012,527,-106,-8329
2,1013,522,-93,-8337
2,1014,534,-104,-8340
2,1015,541,-104,-8343
2,1016,542,-86,-8335
2,1017,545,-87,-8336
2,1018,537,-79,-8361
2,1019,538,-87,-8353
2,1020,535,-94,-8346
2,1021,526,-92,-8346
2,1022,538,-94,-8357
2,1023,542,-88,-8349
2,1024,544,-87,-8340
2,1025,546,-88,-8342
2,1026,552,-81,-8347
2,1027,551,-84,-8353
2,1028,557,-102,-8359
2,1029,551,-111,-8346
2,1030,558,-100,-8338
2,1031,554,-106,-8348
2,1032,550,-106,-8356
2,1033,551,-99,-8355
2,1034,542,-98,-8338
2,1035,535,-104,-8331
2,1036,529,-108,-8345
2,1037,539,-94,-8342
2,1038,536,-96,-8325
2,1039,536,-84,-8331
2,1040,519,-84,-8340
2,1041,525,-93,-8340
2,1042,542,-104,-8335
2,1043,536,-107,-8338
2,1044,529,-107,-8350
2,1045,541,-112,-8340
2,1046,539,-115,-8358
2,1047,549,-110,-8386
2,1048,556,-116,-8390
2,1049,543,-115,-8374
2,1050,541,-116,-8348
2,1051,537,-110,-8343
2,1052,537,-109,-8333
2,1053,532,-114,-8345
2,1054,533,-109,-8355
2,1055,531,-113,-8334
2,1056,528,-110,-8332
2,1057,532,-95,-8344
2,1058,533,-93,-8332
2,1059,521,-95,-8342
2,1060,526,-97,-8340
2,1061,531,-103,-8346
2,1062,543,-110,-8348
2,1063,525,-97,-8361
2,1064,528,-95,-8355
2,1065,523,-89,-8345
2,1066,525,-85,-8343
2,1067,530,-103,-8341
2,1068,530,-97,-8345
2,1069,547,-92,-8325
2,1070,544,-80,-8326
2,1071,540,-89,-8338
2,1072,543,-109,-8361
2,1073,532,-111,-8346
2,1074,534,-96,-8336
2,1075,525,-102,-8332
2,1076,538,-106,-8345
2,1077,537,-100,-8345
2,1078,539,-99,-8329
2,1079,540,-99,-8321
2,1080,544,-89,-8338
2,1081,540,-96,-8357
2,1082,552,-89,-8359
2,1083,549,-91,-8339
2,1084,552,-95,-8335
2,1085,554,-91,-8350
2,1086,556,-93,-8342
2,1087,551,-99,-8348
2,1088,536,-102,-8347
2,1089,535,-103,-8365
2,1090,529,-103,-8367
2,1091,527,-104,-8339
2,1092,533,-91,-8323
2,1093,534,-100,-8341
2,1094,526,-106,-8353
2,1095,532,-104,-8365
2,1096,539,-112,-8341
2,1097,535,-107,-8356
2,1098,530,-96,-8358
2,1099,531,-96,-8348
2,1100,546,-97,-8344
2,1101,547,-108,-8357
2,1102,552,-108,-8360
2,1103,548,-100,-8344
2,1104,542,-101,-8354
2,1105,528,-90,-8356
2,1106,541,-84,-8364
2,1107,547,-91,-8360
2,1108,542,-98,-8369
2,1109,532,-104,-8352
2,1110,529,-99,-8324
2,1111,536,-94,-8324
2,1112,546,-101,-8345
2,1113,561,-104,-8347
2,1114,551,-90,-8347
2,1115,549,-97,-8343
2,1116,544,-110,-8347
2,1117,555,-91,-8338
2,1118,549,-93,-8357
2,1119,547,-97,-8347
2,1120,545,-103,-8346
2,1121,539,-89,-8343
2,1122,541,-93,-8347
2,1123,544,-97,-8350
2,1124,539,-102,-8329
2,1125,530,-102,-8335
2,1126,536,-113,-8334
2,1127,542,-112,-8341
2,1128,531,-108,-8356
2,1129,539,-122,-8347
2,1130,551,-130,-8351
2,1131,531,-104,-8337
2,1132,532,-88,-8356
2,1133,531,-80,-8345
2,1134,526,-81,-8351
2,1135,521,-84,-8351
2,1136,532,-93,-8333
2,1137,526,-94,-8343
2,1138,523,-95,-8348
2,1139,531,-104,-8354
2,1140,534,-111,-8346
2,1141,532,-106,-8352
2,1142,537,-90,-8348
2,1143,534,-89,-8350
2,1144,534,-95,-8371
2,1145,532,-114,-8363
2,1146,534,-107,-8371
2,1147,533,-92,-8360
2,1148,552,-105,-8351
2,1149,561,-107,-8350
2,1150,555,-111,-8347
2,1151,550,-99,-8348
2,1152,550,-80,-8345
2,1153,551,-93,-8344
2,1154,551,-93,-8346
2,1155,554,-90,-8335
2,1156,531,-80,-8330
2,1157,543,-84,-8336
2,1158,549,-93,-8329
2,1159,549,-104,-8320
2,1160,545,-101,-8311
2,1161,537,-107,-8332
2,1162,540,-91,-8323
2,1163,540,-89,-8320
2,1164,531,-95,-8328
2,1165,530,-86,-8348
2,1166,537,-93,-8364
2,1167,527,-95,-8350
2,1168,535,-100,-8352
2,1169,538,-95,-8361
2,1170,537,-91,-8369
2,1171,541,-104,-8352
2,1172,538,-110,-8339
2,1173,541,-103,-8335
2,1174,551,-112,-8336
2,1175,553,-112,-8336
2,1176,552,-104,-8345
2,1177,550,-105,-8337
2,1178,549,-90,-8344
2,1179,538,-96,-8341
2,1180,535,-104,-8343
2,1181,539,-110,-8333
2,1182,536,-110,-8325
2,1183,531,-103,-8335
2,1184,533,-106,-8340
2,1185,537,-100,-8331
2,1186,535,-103,-8326
2,1187,538,-95,-8337
2,1188,531,-98,-8341
2,1189,528,-99,-8343
2,1190,524,-91,-8337
2,1191,516,-81,-8337
2,1192,533,-89,-8339
2,1193,533,-87,-8348
2,1194,538,-93,-8339
2,1195,546,-95,-8341
2,1196,546,-101,-8350
2,1197,548,-101,-8338
2,1198,547,-97,-8340
2,1199,537,-100,-8330
2,1200,539,-104,-8318
2,1201,542,-99,-8344
2,1202,549,-109,-8350
2,1203,542,-102,-8335
2,1204,544,-95,-8324
2,1205,545,-100,-8347
2,1206,548,-101,-8348
2,1207,542,-85,-8336
2,1208,534,-95,-8337
2,1209,532,-93,-8345
2,1210,536,-106,-8366
2,1211,540,-107,-8362
2,1212,549,-124,-8355
2,1213,549,-106,-8340
2,1214,552,-96,-8351
2,1215,538,-104,-8326
2,1216,541,-100,-8332
2,1217,562,-97,-8343
2,1218,555,-103,-8360
2,1219,545,-113,-8372
2,1220,539,-113,-8370
2,1221,547,-104,-8362
2,1222,548,-101,-8364
2,1223,550,-103,-8347
2,1224,533,-95,-8346
2,1225,542,-96,-8350
2,1226,548,-104,-8331
2,1227,540,-105,-8338
2,1228,541,-104,-8329
2,1229,518,-99,-8322
2,1230,533,-112,-8328
2,1231,538,-115,-8333
2,1232,532,-101,-8328
2,1233,535,-101,-8320
2,1234,542,-99,-8326
2,1235,543,-102,-8341
2,1236,546,-110,-8335
2,1237,540,-107,-8343
2,1238,537,-109,-8351
2,1239,546,-119,-8357
2,1240,547,-113,-8353
2,1241,551,-103,-8341
2,1242,543,-108,-8344
2,1243,542,-109,-8357
2,1244,543,-103,-8344
2,1245,545,-108,-8347
2,1246,546,-105,-8334
2,1247,544,-100,-8338
2,1248,546,-104,-8340
2,1249,543,-105,-8342
2,1250,539,-104,-8342
2,1251,541,-104,-8357
2,1252,539,-100,-8364
2,1253,526,-97,-8355
2,1254,519,-81,-8344
2,1255,531,-76,-8353
2,1256,543,-86,-8341
2,1257,536,-87,-8338
2,1258,523,-102,-8351
2,1259,535,-95,-8339
2,1260,534,-95,-8328
2,1261,530,-108,-8344
2,1262,524,-102,-8349
2,1263,534,-99,-8347
2,1264,535,-108,-8355
2,1265,532,-105,-8347
2,1266,537,-108,-8374
2,1267,547,-119,-8376
2,1268,545,-121,-8382
2,1269,546,-109,-8381
2,1270,549,-101,-8345
2,1271,559,-104,-8352
2,1272,559,-112,-8353
2,1273,548,-115,-8339
2,1274,556,-105,-8344
2,1275,559,-109,-8351
2,1276,542,-108,-8360
2,1277,547,-96,-8365
2,1278,550,-96,-8354
2,1279,545,-93,-8358
2,1280,536,-80,-8359
2,1281,535,-83,-8353
2,1282,536,-102,-8353
2,1283,553,-103,-8365
2,1284,565,-102,-8341
2,1285,575,-104,-8337
2,1286,571,-99,-8332
2,1287,555,-99,-8350
2,1288,546,-88,-8356
2,1289,542,-96,-8353
2,1290,540,-109,-8347
2,1291,542,-116,-8347
2,1292,550,-105,-8343
2,1293,562,-103,-8335
2,1294,564,-93,-8349
2,1295,556,-88,-8351
2,1296,543,-97,-8345
2,1297,543,-108,-8351
2,1298,549,-107,-8338
2,1299,539,-98,-8326
2,1300,535,-98,-8335
2,1301,548,-105,-8347
2,1302,561,-104,-8339
2,1303,559,-102,-8349
2,1304,539,-95,-8368
2,1305,523,-95,-8364
2,1306,528,-102,-8371
2,1307,539,-94,-8364
2,1308,546,-85,-8342
2,1309,554,-95,-8325
2,1310,553,-105,-8325
2,1311,550,-112,-8333
2,1312,551,-110,-8340
2,1313,537,-103,-8344
2,1314,527,-103,-8332
2,1315,530,-100,-8333
2,1316,530,-91,-8338
2,1317,540,-102,-8347
2,1318,538,-105,-8343
2,1319,539,-108,-8327
2,1320,530,-106,-8339
2,1321,523,-101,-8337
2,1322,533,-95,-8360
2,1323,530,-95,-8360
2,1324,537,-103,-8349
2,1325,551,-106,-8353
2,1326,549,-100,-8352
2,1327,543,-100,-8349
2,1328,544,-111,-8360
2,1329,550,-93,-8358
2,1330,545,-87,-8341
2,1331,545,-90,-8341
2,1332,548,-96,-8348
2,1333,555,-98,-8363
2,1334,547,-90,-8356
2,1335,546,-97,-8355
2,1336,538,-94,-8348
2,1337,534,-113,-8335
2,1338,520,-119,-8337
2,1339,538,-119,-8343
2,1340,545,-116,-8339
2,1341,550,-111,-8347
2,1342,546,-113,-8344
2,1343,541,-110,-8342
2,1344,530,-107,-8346
2,1345,525,-101,-8352
2,1346,539,-105,-8356
2,1347,536,-113,-8360
2,1348,545,-114,-8353
2,1349,553,-111,-8351
2,1350,558,-106,-8331
2,1351,542,-102,-8342
2,1352,539,-102,-8357
2,1353,543,-102,-8356
2,1354,545,-100,-8342
2,1355,542,-99,-8336
2,1356,544,-93,-8320
2,1357,539,-102,-8329
2,1358,534,-104,-8325
2,1359,557,-106,-8346
2,1360,552,-99,-8339
2,1361,547,-109,-8338
2,1362,533,-101,-8324
2,1363,533,-108,-8338
2,1364,547,-107,-8352
2,1365,541,-102,-8344
2,1366,547,-91,-8332
2,1367,558,-93,-8321
2,1368,553,-101,-8326
2,1369,559,-92,-8321
2,1370,559,-91,-8327
2,1371,546,-95,-8319
2,1372,548,-103,-8338
2,1373,550,-100,-8338
2,1374,543,-109,-8335
2,1375,537,-117,-8349
2,1376,532,-118,-8355
2,1377,531,-110,-8352
2,1378,535,-102,-8359
2,1379,532,-116,-8373
2,1380,530,-114,-8366
2,1381,530,-98,-8346
2,1382,534,-109,-8357
2,1383,526,-113,-8353
2,1384,517,-120,-8344
2,1385,520,-114,-8352
2,1386,535,-101,-8350
2,1387,526,-97,-8337
2,1388,530,-97,-8328
2,1389,537,-97,-8336
2,1390,542,-93,-8338
2,1391,536,-96,-8332
2,1392,547,-103,-8334
2,1393,545,-95,-8324
2,1394,561,-105,-8331
2,1395,548,-98,-8340
2,1396,537,-89,-8345
2,1397,524,-97,-8334
2,1398,526,-103,-8339
2,1399,538,-101,-8342
2,1400,543,-105,-8346
2,1401,539,-111,-8354
2,1402,551,-100,-8337
2,1403,546,-90,-8344
2,1404,542,-92,-8364
2,1405,527,-100,-8371
2,1406,549,-98,-8372
2,1407,551,-106,-8371
2,1408,554,-117,-8369
2,1409,552,-101,-8357
2,1410,533,-91,-8336
2,1411,551,-83,-8351
2,1412,551,-86,-8351
2,1413,537,-94,-8337
2,1414,536,-99,-8319
2,1415,546,-96,-8333
2,1416,528,-95,-8324
2,1417,538,-102,-8334
2,1418,539,-105,-8338
2,1419,540,-96,-8361
2,1420,535,-104,-8343
2,1421,536,-116,-8347
2,1422,535,-113,-8346
2,1423,539,-115,-8342
2,1424,534,-114,-8351
2,1425,538,-106,-8347
2,1426,537,-91,-8340
2,1427,537,-98,-8343
2,1428,553,-113,-8328
2,1429,557,-112,-8325
2,1430,549,-109,-8331
2,1431,545,-114,-8330
2,1432,533,-115,-8337
2,1433,527,-109,-8338
2,1434,539,-97,-8344
2,1435,545,-104,-8325
2,1436,554,-102,-8343
2,1437,546,-93,-8353
2,1438,536,-100,-8351
2,1439,529,-112,-8337
2,1440,551,-105,-8341
2,1441,553,-110,-8330
2,1442,545,-114,-8347
2,1443,539,-98,-8347
2,1444,540,-102,-8334
2,1445,557,-109,-8337
2,1446,544,-112,-8325
2,1447,550,-106,-8313
2,1448,544,-104,-8327
2,1449,550,-98,-8336
2,1450,547,-104,-8334
2,1451,541,-109,-8333
2,1452,539,-106,-8337
2,1453,549,-94,-8351
2,1454,548,-100,-8346
2,1455,539,-119,-8333
2,1456,531,-114,-8348
2,1457,528,-103,-8352
2,1458,528,-99,-8356
2,1459,530,-93,-8352
2,1460,536,-87,-8347
2,1461,543,-93,-8353
2,1462,538,-90,-8342
2,1463,542,-93,-8346
2,1464,548,-100,-8354
2,1465,550,-116,-8357
2,1466,554,-118,-8355
2,1467,549,-124,-8353
2,1468,533,-117,-8339
2,1469,531,-113,-8342
2,1470,532,-97,-8346
2,1471,531,-97,-8343
2,1472,544,-99,-8337
2,1473,546,-101,-8334
2,1474,549,-102,-8348
2,1475,543,-109,-8351
2,1476,549,-101,-8365
2,1477,556,-89,-8353
2,1478,548,-91,-8343
2,1479,540,-100,-8331
2,1480,538,-107,-8327
2,1481,549,-114,-8318
2,1482,555,-110,-8305
2,1483,549,-96,-8316
2,1484,547,-90,-8340
2,1485,556,-88,-8349
2,1486,564,-100,-8342
2,1487,549,-100,-8337
2,1488,548,-95,-8357
2,1489,539,-100,-8367
2,1490,540,-102,-8360
2,1491,541,-93,-8347
2,1492,544,-79,-8336
2,1493,536,-87,-8358
2,1494,527,-102,-8345
2,1495,517,-107,-8353
2,1496,533,-112,-8361
2,1497,541,-111,-8342
2,1498,535,-98,-8344
2,1499,530,-110,-8334
2,1500,536,-115,-8322
2,1501,530,-111,-8308
2,1502,545,-104,-8312
2,1503,548,-112,-8321
2,1504,540,-102,-8328
2,1505,534,-93,-8339
2,1506,532,-83,-8344
2,1507,530,-105,-8341
2,1508,541,-104,-8346
2,1509,549,-98,-8347
2,1510,549,-97,-8343
2,1511,539,-97,-8359
2,1512,537,-94,-8350
2,1513,540,-98,-8330
2,1514,546,-97,-8349
2,1515,558,-103,-8347
2,1516,552,-107,-8353
2,1517,534,-105,-8329
2,1518,532,-101,-8326
2,1519,534,-100,-8321
2,1520,540,-102,-8322
2,1521,549,-101,-8339
2,1522,542,-93,-8332
2,1523,546,-97,-8330
2,1524,540,-93,-8345
2,1525,528,-92,-8337
2,1526,521,-89,-8336
2,1527,530,-84,-8339
2,1528,532,-92,-8343
2,1529,550,-102,-8342
2,1530,549,-106,-8346
2,1531,547,-93,-8342
2,1532,539,-95,-8348
2,1533,537,-84,-8337
2,1534,540,-91,-8335
2,1535,547,-94,-8337
2,1536,548,-85,-8350
2,1537,546,-93,-8352
2,1538,551,-96,-8349
2,1539,547,-98,-8345
2,1540,547,-89,-8348
2,1541,547,-84,-8339
2,1542,548,-96,-8340
2,1543,546,-110,-8333
2,1544,541,-103,-8337
2,1545,532,-103,-8348
2,1546,544,-101,-8348
2,1547,554,-101,-8328
2,1548,551,-101,-8326
2,1549,544,-105,-8339
2,1550,541,-102,-8339
2,1551,537,-100,-8345
2,1552,534,-92,-8347
2,1553,551,-86,-8356
2,1554,550,-80,-8368
2,1555,540,-88,-8343
2,1556,544,-89,-8361
2,1557,543,-87,-8349
2,1558,547,-85,-8328
2,1559,555,-96,-8349
2,1560,542,-103,-8359
2,1561,535,-108,-8353
2,1562,523,-102,-8352
2,1563,540,-117,-8354
2,1564,538,-115,-8347
2,1565,535,-118,-8365
2,1566,525,-88,-8371
2,1567,527,-88,-8364
2,1568,527,-90,-8348
2,1569,536,-108,-8352
2,1570,539,-109,-8355
2,1571,552,-103,-8335
2,1572,539,-102,-8328
2,1573,539,-91,-8365
2,1574,530,-104,-8366
2,1575,528,-104,-8345
2,1576,532,-100,-8338
2,1577,542,-94,-8339
2,1578,540,-104,-8329
2,1579,543,-97,-8319
2,1580,537,-101,-8339
2,1581,539,-105,-8337
2,1582,540,-106,-8343
2,1583,547,-103,-8342
2,1584,545,-102,-8346
2,1585,537,-99,-8350
2,1586,526,-93,-8361
2,1587,534,-102,-8366
2,1588,530,-96,-8342
2,1589,534,-96,-8342
2,1590,544,-107,-8334
2,1591,534,-109,-8335
2,1592,539,-119,-8348
2,1593,545,-99,-8340
2,1594,545,-113,-8339
2,1595,551,-110,-8347
2,1596,547,-110,-8367
2,1597,545,-108,-8345
2,1598,553,-114,-8332
2,1599,541,-112,-8319
2,1600,539,-118,-8345
2,1601,537,-105,-8337
2,1602,536,-97,-8350
2,1603,539,-84,-8363
2,1604,544,-84,-8363
2,1605,540,-80,-8350
2,1606,533,-90,-8344
2,1607,536,-97,-8345
2,1608,535,-98,-8350
2,1609,534,-95,-8364
2,1610,523,-100,-8348
2,1611,532,-110,-8344
2,1612,535,-120,-8335
2,1613,536,-121,-8327
2,1614,539,-117,-8314
2,1615,541,-111,-8316
2,1616,558,-103,-8341
2,1617,559,-111,-8347
2,1618,552,-108,-8339
2,1619,549,-102,-8355
2,1620,539,-96,-8368
2,1621,537,-98,-8366
2,1622,544,-110,-8348
2,1623,543,-105,-8333
2,1624,533,-104,-8349
2,1625,532,-94,-8346
2,1626,531,-104,-8355
2,1627,536,-102,-8351
2,1628,532,-105,-8346
2,1629,527,-101,-8344
2,1630,520,-104,-8344
2,1631,517,-108,-8334
2,1632,520,-109,-8336
2,1633,529,-114,-8345
2,1634,532,-113,-8338
2,1635,536,-103,-8346
2,1636,532,-102,-8346
2,1637,535,-108,-8348
2,1638,537,-114,-8347
2,1639,542,-113,-8346
2,1640,536,-123,-8362
2,1641,532,-115,-8334
2,1642,520,-100,-8335
2,1643,518,-99,-8342
2,1644,527,-99,-8344
2,1645,529,-94,-8345
2,1646,536,-99,-8337
2,1647,530,-81,-8355
2,1648,527,-86,-8343
2,1649,543,-94,-8329
2,1650,542,-98,-8325
2,1651,539,-100,-8329
2,1652,543,-95,-8330
2,1653,543,-96,-8356
2,1654,543,-92,-8357
2,1655,540,-92,-8357
2,1656,554,-101,-8333
2,1657,541,-100,-8362
2,1658,531,-93,-8359
2,1659,536,-90,-8354
2,1660,547,-93,-8344
2,1661,544,-101,-8337
2,1662,546,-93,-8344
2,1663,556,-93,-8349
2,1664,555,-91,-8349
2,1665,556,-88,-8340
2,1666,552,-105,-8320
2,1667,543,-114,-8315
2,1668,553,-114,-8318
2,1669,544,-113,-8329
2,1670,528,-102,-8329
2,1671,535,-98,-8332
2,1672,537,-94,-8335
2,1673,537,-102,-8348
2,1674,533,-105,-8333
2,1675,531,-109,-8337
2,1676,534,-110,-8334
2,1677,525,-97,-8352
2,1678,540,-94,-8364
2,1679,534,-93,-8354
2,1680,530,-95,-8352
2,1681,536,-79,-8351
2,1682,539,-85,-8324
2,1683,546,-83,-8346
2,1684,545,-86,-8351
2,1685,543,-78,-8351
2,1686,541,-85,-8360
2,1687,539,-93,-8346
2,1688,532,-90,-8346
2,1689,531,-89,-8361
2,1690,528,-88,-8367
2,1691,535,-87,-8345
2,1692,532,-99,-8335
2,1693,538,-99,-8318
2,1694,557,-87,-8331
2,1695,552,-87,-8357
2,1696,554,-86,-8355
2,1697,561,-91,-8351
2,1698,561,-94,-8349
2,1699,548,-93,-8333
2,1700,545,-98,-8325
2,1701,543,-92,-8340
2,1702,550,-104,-8370
2,1703,553,-105,-8354
2,1704,539,-89,-8340
2,1705,529,-91,-8334
2,1706,535,-97,-8332
2,1707,538,-103,-8323
2,1708,536,-97,-8330
2,1709,520,-93,-8331
2,1710,531,-101,-8341
2,1711,531,-106,-8347
2,1712,528,-100,-8365
2,1713,527,-105,-8349
2,1714,529,-112,-8358
2,1715,543,-99,-8369
2,1716,544,-92,-8357
2,1717,549,-77,-8381
2,1718,561,-81,-8372
2,1719,556,-98,-8363
2,1720,541,-100,-8360
2,1721,546,-98,-8349
2,1722,544,-101,-8331
2,1723,539,-105,-8339
2,1724,539,-97,-8322
2,1725,545,-102,-8329
2,1726,541,-97,-8342
2,1727,545,-108,-8358
2,1728,537,-102,-8360
2,1729,553,-106,-8353
2,1730,569,-106,-8352
2,1731,565,-102,-8349
2,1732,560,-106,-8347
2,1733,560,-113,-8344
2,1734,560,-108,-8321
2,1735,557,-98,-8308
2,1736,539,-103,-8322
2,1737,554,-109,-8325
2,1738,543,-107,-8340
2,1739,534,-97,-8352
2,1740,528,-105,-8364
2,1741,556,-113,-8353
2,1742,558,-113,-8352
2,1743,546,-116,-8346
2,1744,550,-113,-8345
2,1745,536,-102,-8342
2,1746,535,-100,-8329
2,1747,546,-118,-8327
2,1748,547,-114,-8340
2,1749,557,-108,-8339
2,1750,550,-109,-8343
2,1751,556,-105,-8345
2,1752,557,-98,-8344
2,1753,557,-91,-8347
2,1754,548,-113,-8337
2,1755,555,-115,-8336
2,1756,567,-116,-8325
2,1757,577,-105,-8314
2,1758,562,-102,-8320
2,1759,565,-102,-8335
2,1760,555,-94,-8328
2,1761,550,-100,-8327
2,1762,536,-95,-8337
2,1763,542,-96,-8343
2,1764,555,-111,-8358
2,1765,556,-100,-8342
2,1766,555,-106,-8329
2,1767,544,-106,-8305
2,1768,539,-96,-8303
2,1769,540,-99,-8334
2,1770,539,-103,-8345
2,1771,532,-101,-8354
2,1772,541,-90,-8351
2,1773,548,-95,-8354
2,1774,553,-107,-8357
2,1775,555,-102,-8345
2,1776,554,-89,-8352
2,1777,567,-91,-8347
2,1778,567,-96,-8366
2,1779,555,-96,-8374
2,1780,533,-94,-8362
2,1781,524,-106,-8366
2,1782,548,-112,-8349
2,1783,552,-100,-8322
2,1784,547,-100,-8326
2,1785,551,-103,-8329
2,1786,538,-107,-8327
2,1787,535,-107,-8327
2,1788,542,-108,-8323
2,1789,527,-109,-8327
2,1790,531,-117,-8325
2,1791,542,-117,-8324
2,1792,534,-115,-8325
2,1793,538,-91,-8336
2,1794,543,-91,-8340
2,1795,535,-94,-8339
2,1796,537,-103,-8346
2,1797,545,-102,-8348
2,1798,546,-114,-8349
2,1799,552,-95,-8342
2,1800,551,-100,-8360
2,1801,545,-92,-8353
2,1802,547,-112,-8344
2,1803,547,-102,-8343
2,1804,545,-107,-8333
2,1805,540,-103,-8342
2,1806,543,-97,-8350
2,1807,545,-91,-8347
2,1808,550,-91,-8352
2,1809,530,-106,-8354
2,1810,526,-108,-8356
2,1811,532,-105,-8355
2,1812,542,-101,-8364
2,1813,538,-89,-8355
2,1814,542,-88,-8353
2,1815,546,-83,-8336
2,1816,552,-95,-8337
2,1817,547,-92,-8343
2,1818,550,-105,-8352
2,1819,545,-104,-8333
2,1820,538,-110,-8332
2,1821,543,-106,-8340
2,1822,538,-103,-8345
2,1823,539,-111,-8365
2,1824,549,-98,-8365
2,1825,548,-95,-8331
2,1826,557,-95,-8312
2,1827,562,-103,-8334
2,1828,566,-105,-8352
2,1829,563,-105,-8360
2,1830,550,-108,-8367
2,1831,535,-96,-8369
2,1832,527,-96,-8365
2,1833,519,-95,-8364
2,1834,517,-102,-8371
2,1835,528,-109,-8350
2,1836,522,-121,-8349
2,1837,528,-108,-8367
2,1838,540,-113,-8352
2,1839,548,-110,-8349
2,1840,545,-104,-8344
2,1841,542,-106,-8344
2,1842,550,-104,-8332
2,1843,541,-92,-8333
2,1844,543,-107,-8350
2,1845,535,-106,-8340
2,1846,528,-95,-8320
2,1847,542,-102,-8328
2,1848,546,-116,-8345
2,1849,565,-114,-8341
2,1850,540,-114,-8338
2,1851,531,-113,-8337
2,1852,525,-95,-8322
2,1853,525,-82,-8339
2,1854,532,-80,-8353
2,1855,519,-87,-8349
2,1856,525,-85,-8347
2,1857,527,-79,-8335
2,1858,528,-96,-8350
2,1859,520,-102,-8359
2,1860,508,-90,-8350
2,1861,518,-93,-8337
2,1862,534,-94,-8343
2,1863,534,-89,-8348
2,1864,533,-85,-8359
2,1865,530,-97,-8363
2,1866,540,-108,-8353
2,1867,546,-104,-8344
2,1868,542,-98,-8325
2,1869,540,-99,-8348
2,1870,536,-109,-8348
2,1871,554,-103,-8377
2,1872,540,-102,-8393
2,1873,543,-125,-8377
2,1874,547,-116,-8363
2,1875,543,-109,-8350
2,1876,542,-95,-8331
2,1877,536,-102,-8341
2,1878,530,-106,-8331
2,1879,531,-105,-8356
2,1880,524,-112,-8356
2,1881,520,-108,-8360
2,1882,535,-104,-8342
2,1883,550,-110,-8335
2,1884,543,-106,-8352
2,1885,535,-110,-8359
2,1886,527,-105,-8354
2,1887,522,-100,-8361
2,1888,533,-104,-8356
2,1889,543,-98,-8345
2,1890,550,-103,-8321
2,1891,552,-107,-8327
2,1892,554,-113,-8340
2,1893,553,-107,-8355
2,1894,544,-113,-8355
2,1895,529,-96,-8343
2,1896,528,-108,-8340
2,1897,539,-112,-8354
2,1898,548,-112,-8356
2,1899,544,-101,-8363
2,1900,539,-102,-8354
2,1901,542,-101,-8363
2,1902,533,-101,-8358
2,1903,514,-98,-8346
2,1904,510,-104,-8347
2,1905,523,-91,-8323
2,1906,533,-98,-8320
2,1907,552,-116,-8311
2,1908,548,-117,-8321
2,1909,547,-99,-8334
2,1910,539,-99,-8327
2,1911,537,-103,-8329
2,1912,551,-97,-8335
2,1913,551,-101,-8342
2,1914,544,-100,-8337
2,1915,537,-97,-8325
2,1916,545,-101,-8344
2,1917,547,-100,-8336
2,1918,549,-102,-8323
2,1919,551,-93,-8330
2,1920,553,-90,-8354
2,1921,561,-104,-8364
2,1922,561,-91,-8365
2,1923,553,-102,-8351
2,1924,542,-117,-8334
2,1925,549,-100,-8347
2,1926,536,-106,-8354
2,1927,532,-96,-8357
2,1928,538,-108,-8369
2,1929,532,-112,-8374
2,1930,530,-109,-8355
2,1931,545,-112,-8340
2,1932,551,-109,-8337
2,1933,544,-99,-8349
2,1934,542,-96,-8340
2,1935,538,-95,-8341
2,1936,527,-94,-8331
2,1937,529,-97,-8326
2,1938,530,-103,-8330
2,1939,535,-90,-8320
2,1940,549,-89,-8332
2,1941,540,-100,-8321
2,1942,550,-96,-8324
2,1943,548,-91,-8330
2,1944,550,-86,-8326
2,1945,546,-90,-8336
2,1946,532,-98,-8324
2,1947,517,-104,-8307
2,1948,506,-90,-8311
2,1949,512,-97,-8311
2,1950,525,-102,-8320
2,1951,536,-112,-8319
2,1952,532,-119,-8328
2,1953,535,-116,-8334
2,1954,543,-116,-8346
2,1955,540,-123,-8345
2,1956,542,-114,-8339
2,1957,535,-109,-8334
2,1958,546,-115,-8356
2,1959,538,-112,-8357
2,1960,538,-105,-8366
2,1961,537,-102,-8351
2,1962,532,-105,-8367
2,1963,535,-105,-8347
2,1964,528,-101,-8337
2,1965,537,-100,-8326
2,1966,542,-106,-8345
2,1967,540,-122,-8359
2,1968,553,-112,-8371
2,1969,539,-91,-8340
2,1970,526,-93,-8334
2,1971,527,-97,-8329
2,1972,538,-96,-8332
2,1973,544,-95,-8344
2,1974,527,-94,-8339
2,1975,522,-103,-8347
2,1976,532,-99,-8342
2,1977,550,-99,-8346
2,1978,548,-99,-8330
2,1979,558,-92,-8333
2,1980,561,-90,-8339
2,1981,551,-92,-8333
2,1982,554,-106,-8339
2,1983,538,-103,-8336
2,1984,535,-107,-8343
2,1985,540,-97,-8345
2,1986,543,-101,-8339
2,1987,532,-102,-8325
2,1988,540,-88,-8348
2,1989,550,-100,-8334
2,1990,538,-110,-8317
2,1991,544,-101,-8343
2,1992,553,-97,-8356
2,1993,544,-99,-8359
2,1994,547,-110,-8346
2,1995,547,-116,-8338
2,1996,552,-102,-8343
2,1997,536,-102,-8318
2,1998,543,-95,-8310
2,1999,532,-92,-8334
2,2000,541,-109,-8338
2,2001,541,-114,-8348
2,2002,550,-106,-8353
2,2003,543,-102,-8348
2,2004,541,-113,-8350
2,2005,551,-106,-8341
2,2006,553,-97,-8338
2,2007,546,-87,-8338
2,2008,541,-80,-8356
2,2009,536,-87,-8350
2,2010,530,-104,-8364
2,2011,527,-102,-8371
2,2012,531,-95,-8371
2,2013,530,-108,-8353
2,2014,547,-120,-8339
2,2015,551,-112,-8334
2,2016,531,-94,-8342
2,2017,538,-94,-8355
2,2018,541,-87,-8348
2,2019,533,-83,-8360
2,2020,519,-89,-8346
2,2021,527,-100,-8352
2,2022,541,-116,-8349
2,2023,539,-139,-8350
2,2024,529,-130,-8342
2,2025,516,-112,-8335
2,2026,522,-117,-8324
2,2027,525,-111,-8325
2,2028,529,-104,-8331
2,2029,534,-90,-8331
2,2030,540,-95,-8356
2,2031,530,-107,-8347
2,2032,533,-105,-8358
2,2033,541,-103,-8348
2,2034,545,-100,-8327
2,2035,563,-104,-8328
2,2036,548,-100,-8335
2,2037,547,-95,-8329
2,2038,559,-107,-8346
2,2039,573,-109,-8337
2,2040,553,-109,-8348
2,2041,535,-119,-8345
2,2042,523,-114,-8349
2,2043,525,-95,-8347
2,2044,526,-93,-8349
2,2045,533,-108,-8343
2,2046,532,-111,-8342
2,2047,531,-105,-8342
2,2048,529,-94,-8346
2,2049,511,-97,-8367
2,2050,516,-93,-8360
2,2051,536,-102,-8347
2,2052,531,-91,-8326
2,2053,529,-101,-8329
2,2054,544,-104,-8326
2,2055,547,-114,-8326
2,2056,536,-111,-8343
2,2057,541,-105,-8337
2,2058,536,-99,-8338
2,2059,539,-91,-8329
2,2060,533,-95,-8340
2,2061,539,-106,-8344
2,2062,537,-101,-8342
2,2063,534,-96,-8361
2,2064,525,-98,-8368
2,2065,537,-94,-8344
2,2066,537,-102,-8355
2,2067,539,-100,-8348
2,2068,525,-94,-8332
2,2069,516,-102,-8339
2,2070,525,-94,-8342
2,2071,524,-91,-8337
2,2072,525,-88,-8327
2,2073,526,-102,-8332
2,2074,538,-101,-8353
2,2075,550,-105,-8363
2,2076,542,-99,-8343
2,2077,539,-99,-8340
2,2078,540,-92,-8329
2,2079,543,-83,-8329
2,2080,541,-91,-8337
2,2081,540,-84,-8332
2,2082,527,-80,-8317
2,2083,516,-97,-8321
2,2084,524,-106,-8325
2,2085,524,-108,-8326
2,2086,533,-112,-8335
2,2087,527,-100,-8335
2,2088,523,-96,-8345
2,2089,536,-98,-8343
2,2090,543,-102,-8335
2,2091,547,-103,-8334
2,2092,537,-103,-8328
2,2093,533,-104,-8319
2,2094,533,-88,-8343
2,2095,533,-85,-8341
2,2096,530,-83,-8336
2,2097,546,-79,-8349
2,2098,549,-81,-8352
2,2099,560,-94,-8361
2,2100,548,-89,-8359
2,2101,541,-99,-8348
2,2102,538,-104,-8337
2,2103,548,-110,-8335
2,2104,546,-105,-8357
2,2105,552,-105,-8359
2,2106,555,-98,-8365
2,2107,547,-104,-8365
2,2108,545,-113,-8350
2,2109,546,-114,-8347
2,2110,553,-115,-8342
2,2111,560,-106,-8338
2,2112,548,-110,-8349
2,2113,553,-116,-8360
2,2114,548,-119,-8370
2,2115,552,-116,-8355
2,2116,559,-109,-8336
2,2117,548,-104,-8334
2,2118,551,-102,-8335
2,2119,543,-93,-8358
2,2120,527,-93,-8353
2,2121,519,-94,-8354
2,2122,537,-91,-8335
2,2123,542,-99,-8337
2,2124,534,-100,-8342
2,2125,530,-94,-8328
2,2126,533,-108,-8336
2,2127,540,-115,-8364
2,2128,550,-120,-8356
2,2129,536,-113,-8343
2,2130,534,-107,-8352
2,2131,541,-96,-8349
2,2132,541,-100,-8340
2,2133,551,-104,-8347
2,2134,552,-103,-8339
2,2135,527,-103,-8349
2,2136,540,-101,-8357
2,2137,552,-99,-8330
2,2138,539,-100,-8316
2,2139,533,-103,-8328
2,2140,538,-108,-8339
2,2141,547,-112,-8331
2,2142,552,-111,-8329
2,2143,545,-100,-8340
2,2144,534,-95,-8344
2,2145,538,-94,-8359
2,2146,536,-99,-8359
2,2147,543,-103,-8357
2,2148,547,-100,-8326
2,2149,556,-106,-8320
2,2150,545,-102,-8317
2,2151,544,-104,-8324
2,2152,543,-104,-8343
2,2153,532,-109,-8351
2,2154,523,-98,-8345
2,2155,538,-84,-8350
2,2156,539,-93,-8347
2,2157,532,-101,-8362
2,2158,537,-100,-8347
2,2159,544,-95,-8346
2,2160,541,-94,-8341
2,2161,547,-95,-8343
2,2162,539,-103,-8341
2,2163,533,-96,-8334
2,2164,529,-100,-8342
2,2165,532,-95,-8338
2,2166,545,-97,-8341
2,2167,561,-97,-8340
2,2168,553,-103,-8347
2,2169,547,-113,-8334
2,2170,543,-116,-8339
2,2171,544,-123,-8353
2,2172,536,-112,-8365
2,2173,549,-109,-8355
2,2174,552,-109,-8351
2,2175,566,-98,-8327
2,2176,561,-97,-8321
2,2177,545,-99,-8326
2,2178,537,-109,-8337
2,2179,520,-115,-8338
2,2180,539,-108,-8342
2,2181,540,-108,-8341
2,2182,539,-115,-8348
2,2183,547,-109,-8358
2,2184,543,-121,-8359
2,2185,562,-96,-8359
2,2186,567,-89,-8352
2,2187,567,-84,-8345
2,2188,557,-93,-8331
2,2189,564,-97,-8332
2,2190,562,-102,-8323
2,2191,560,-100,-8326
2,2192,552,-97,-8341
2,2193,555,-103,-8345
2,2194,536,-95,-8351
2,2195,540,-111,-8343
2,2196,544,-117,-8337
2,2197,549,-115,-8321
2,2198,555,-105,-8315
2,2199,545,-113,-8327
2,2200,539,-112,-8333
2,2201,540,-109,-8358
2,2202,543,-107,-8348
2,2203,542,-105,-8336
2,2204,537,-98,-8329
2,2205,530,-97,-8344
2,2206,538,-94,-8346
2,2207,540,-102,-8333
2,2208,546,-107,-8341
2,2209,537,-100,-8338
2,2210,537,-94,-8348
2,2211,537,-96,-8358
2,2212,527,-87,-8350
2,2213,526,-84,-8345
2,2214,522,-100,-8343
2,2215,519,-110,-8337
2,2216,537,-112,-8340
2,2217,542,-107,-8340
2,2218,553,-104,-8343
2,2219,540,-110,-8339
2,2220,542,-105,-8343
2,2221,541,-106,-8343
2,2222,539,-101,-8341
2,2223,556,-88,-8336
2,2224,552,-99,-8332
2,2225,548,-102,-8342
2,2226,541,-109,-8340
2,2227,530,-99,-8337
2,2228,534,-96,-8340
2,2229,542,-94,-8341
2,2230,541,-99,-8336
2,2231,538,-114,-8342
2,2232,535,-113,-8343
2,2233,539,-108,-8337
2,2234,539,-105,-8328
2,2235,544,-117,-8335
2,2236,532,-118,-8338
2,2237,530,-117,-8345
2,2238,534,-116,-8341
2,2239,533,-116,-8331
2,2240,534,-136,-8335
2,2241,538,-131,-8343
2,2242,541,-133,-8351
2,2243,537,-129,-8349
2,2244,553,-119,-8353
2,2245,556,-119,-8354
2,2246,541,-121,-8361
2,2247,534,-107,-8337
2,2248,537,-108,-8342
2,2249,535,-103,-8347
2,2250,538,-100,-8351
2,2251,530,-97,-8345
2,2252,532,-107,-8324
2,2253,521,-98,-8346
2,2254,524,-97,-8353
2,2255,543,-100,-8346
2,2256,536,-102,-8353
2,2257,535,-110,-8346
2,2258,540,-113,-8322
2,2259,539,-107,-8322
2,2260,531,-103,-8323
2,2261,526,-95,-8324
2,2262,531,-107,-8312
2,2263,538,-110,-8313
2,2264,541,-104,-8290
2,2265,543,-115,-8306
2,2266,552,-115,-8317
2,2267,552,-126,-8326
2,2268,551,-116,-8329
2,2269,544,-113,-8334
2,2270,545,-108,-8351
2,2271,544,-110,-8358
2,2272,538,-108,-8342
2,2273,540,-118,-8336
2,2274,536,-112,-8366
2,2275,538,-98,-8346
2,2276,540,-99,-8337
2,2277,532,-100,-8339
2,2278,539,-103,-8340
2,2279,553,-107,-8323
2,2280,549,-99,-8341
2,2281,535,-102,-8337
2,2282,539,-89,-8333
2,2283,542,-96,-8339
2,2284,554,-96,-8327
2,2285,540,-108,-8326
2,2286,542,-112,-8330
2,2287,550,-111,-8361
2,2288,546,-126,-8338
2,2289,539,-122,-8339
2,2290,546,-120,-8336
2,2291,542,-125,-8336
2,2292,541,-102,-8346
2,2293,543,-110,-8335
2,2294,553,-114,-8339
2,2295,544,-114,-8341
2,2296,550,-114,-8348
2,2297,547,-103,-8348
2,2298,535,-112,-8347
2,2299,535,-114,-8349
2,2300,542,-112,-8357
2,2301,546,-111,-8356
2,2302,553,-106,-8345
2,2303,536,-117,-8332
2,2304,530,-106,-8343
2,2305,523,-94,-8334
2,2306,525,-102,-8355
2,2307,536,-116,-8351
2,2308,539,-117,-8362
2,2309,535,-131,-8361
2,2310,539,-132,-8358
2,2311,536,-119,-8356
2,2312,554,-109,-8357
2,2313,545,-100,-8356
2,2314,540,-105,-8357
2,2315,545,-105,-8353
2,2316,541,-101,-8354
2,2317,543,-107,-8336
2,2318,524,-105,-8333
2,2319,523,-91,-8344
2,2320,530,-79,-8329
2,2321,530,-85,-8338
2,2322,521,-96,-8342
2,2323,539,-99,-8327
2,2324,538,-94,-8329
2,2325,539,-102,-8328
2,2326,536,-109,-8346
2,2327,544,-111,-8360
2,2328,556,-104,-8361
2,2329,558,-89,-8366
2,2330,545,-109,-8357
2,2331,537,-114,-8333
2,2332,527,-112,-8334
2,2333,533,-104,-8330
2,2334,542,-104,-8340
2,2335,544,-105,-8349
2,2336,551,-98,-8361
2,2337,552,-110,-8325
2,2338,547,-122,-8326
2,2339,539,-110,-8326
2,2340,536,-108,-8345
2,2341,529,-106,-8346
2,2342,531,-103,-8353
2,2343,529,-103,-8337
2,2344,540,-116,-8343
2,2345,546,-111,-8358
2,2346,543,-110,-8351
2,2347,552,-104,-8345
2,2348,542,-107,-8351
2,2349,541,-123,-8357
2,2350,533,-116,-8353
2,2351,524,-107,-8347
2,2352,527,-97,-8347
2,2353,536,-92,-8349
2,2354,542,-90,-8338
2,2355,550,-93,-8339
2,2356,541,-98,-8340
2,2357,540,-94,-8339
2,2358,545,-107,-8349
2,2359,539,-114,-8353
2,2360,540,-111,-8360
2,2361,538,-110,-8343
2,2362,540,-116,-8337
2,2363,527,-118,-8329
2,2364,533,-109,-8334
2,2365,555,-91,-8325
2,2366,558,-75,-8341
2,2367,540,-74,-8355
2,2368,541,-89,-8358
2,2369,543,-89,-8345
2,2370,538,-90,-8347
2,2371,547,-81,-8376
2,2372,531,-81,-8374
2,2373,532,-91,-8356
2,2374,537,-93,-8353
2,2375,526,-106,-8353
2,2376,539,-102,-8364
2,2377,541,-102,-8371
2,2378,537,-118,-8380
2,2379,546,-117,-8356
2,2380,554,-115,-8353
2,2381,552,-104,-8346
2,2382,552,-112,-8349
2,2383,532,-118,-8346
2,2384,541,-109,-8348
2,2385,546,-112,-8352
2,2386,550,-115,-8334
2,2387,537,-121,-8328
2,2388,530,-117,-8334
2,2389,534,-111,-8375
2,2390,550,-116,-8359
2,2391,539,-108,-8352
2,2392,528,-112,-8342
2,2393,537,-106,-8341
2,2394,532,-99,-8340
2,2395,531,-108,-8335
2,2396,541,-107,-8332
2,2397,539,-111,-8335
2,2398,544,-100,-8373
2,2399,545,-81,-8383
2,2400,537,-83,-8361
2,2401,534,-79,-8363
2,2402,543,-83,-8357
2,2403,539,-96,-8357
2,2404,551,-99,-8352
2,2405,542,-106,-8340
2,2406,533,-96,-8350
2,2407,536,-108,-8346
2,2408,530,-110,-8345
2,2409,532,-106,-8341
2,2410,536,-105,-8357
2,2411,551,-104,-8356
2,2412,546,-96,-8362
2,2413,546,-105,-8369
2,2414,538,-109,-8364
2,2415,550,-106,-8361
2,2416,558,-102,-8351
2,2417,556,-89,-8352
2,2418,552,-85,-8350
2,2419,542,-93,-8355
2,2420,541,-111,-8351
2,2421,547,-105,-8337
2,2422,534,-111,-8341
2,2423,530,-106,-8337
2,2424,542,-98,-8338
2,2425,534,-97,-8330
2,2426,538,-101,-8339
2,2427,537,-100,-8339
2,2428,552,-90,-8351
2,2429,536,-91,-8348
2,2430,546,-94,-8344
2,2431,540,-95,-8351
2,2432,548,-91,-8352
2,2433,550,-96,-8351
2,2434,540,-92,-8353
2,2435,543,-74,-8364
2,2436,535,-82,-8353
2,2437,543,-98,-8360
2,2438,553,-101,-8358
2,2439,551,-108,-8365
2,2440,555,-111,-8357
2,2441,559,-94,-8350
2,2442,549,-94,-8339
2,2443,540,-104,-8334
2,2444,521,-95,-8355
2,2445,526,-79,-8350
2,2446,515,-79,-8349
2,2447,527,-92,-8330
2,2448,533,-99,-8309
2,2449,534,-97,-8320
2,2450,539,-105,-8320
2,2451,530,-104,-8316
2,2452,525,-113,-8336
2,2453,536,-112,-8355
2,2454,545,-123,-8365
2,2455,557,-122,-8352
2,2456,549,-115,-8352
2,2457,544,-100,-8350
2,2458,536,-98,-8334
2,2459,535,-99,-8316
2,2460,535,-91,-8316
2,2461,544,-104,-8340
2,2462,535,-113,-8353
2,2463,536,-114,-8336
2,2464,535,-117,-8351
2,2465,544,-122,-8342
2,2466,539,-116,-8343
2,2467,538,-106,-8342
2,2468,528,-102,-8338
2,2469,545,-112,-8341
2,2470,533,-108,-8329
2,2471,532,-114,-8307
2,2472,532,-110,-8322
2,2473,539,-103,-8330
2,2474,531,-86,-8317
2,2475,521,-87,-8328
2,2476,524,-93,-8346
2,2477,529,-95,-8324
2,2478,537,-95,-8332
2,2479,550,-94,-8339
2,2480,563,-89,-8327
2,2481,552,-110,-8326
2,2482,555,-109,-8361
2,2483,551,-110,-8360
2,2484,541,-112,-8359
2,2485,540,-116,-8354
2,2486,535,-112,-8349
2,2487,530,-105,-8341
2,2488,529,-99,-8344
2,2489,544,-91,-8341
2,2490,549,-94,-8352
2,2491,540,-83,-8356
2,2492,538,-89,-8348
2,2493,544,-97,-8339
2,2494,543,-97,-8344
2,2495,538,-102,-8343
2,2496,532,-107,-8337
2,2497,533,-103,-8347
3,0,524,-90,-8349
3,1,538,-86,-8355
3,2,539,-88,-8355
3,3,542,-88,-8347
3,4,546,-90,-8341
3,5,548,-105,-8363
3,6,541,-113,-8358
3,7,545,-114,-8351
3,8,538,-107,-8351
3,9,541,-103,-8349
3,10,546,-108,-8370
3,11,531,-109,-8367
3,12,529,-113,-8357
3,13,530,-108,-8335
3,14,540,-99,-8353
3,15,545,-103,-8368
3,16,534,-103,-8357
3,17,536,-101,-8344
3,18,538,-99,-8342
3,19,529,-103,-8360
3,20,536,-99,-8347
3,21,521,-102,-8371
3,22,537,-110,-8382
3,23,536,-114,-8373
3,24,537,-102,-8361
3,25,530,-103,-8357
3,26,530,-100,-8343
3,27,539,-110,-8325
3,28,544,-125,-8327
3,29,544,-129,-8326
3,30,535,-118,-8348
3,31,522,-113,-8355
3,32,525,-104,-8352
3,33,538,-102,-8370
3,34,536,-96,-8369
3,35,543,-94,-8361
3,36,547,-99,-8345
3,37,556,-97,-8351
3,38,561,-101,-8347
3,39,551,-116,-8350
3,40,551,-121,-8344
3,41,527,-124,-8336
3,42,518,-107,-8332
3,43,519,-97,-8329
3,44,543,-91,-8340
3,45,546,-85,-8375
3,46,539,-101,-8367
3,47,541,-97,-8348
3,48,533,-90,-8351
3,49,538,-96,-8342
3,50,534,-103,-8339
3,51,549,-110,-8327
3,52,545,-116,-8333
3,53,548,-108,-8335
3,54,554,-108,-8336
3,55,551,-91,-8350
3,56,552,-90,-8351
3,57,545,-93,-8341
3,58,530,-87,-8322
3,59,543,-88,-8330
3,60,542,-84,-8351
3,61,539,-91,-8339
3,62,532,-108,-8316
3,63,538,-109,-8316
3,64,546,-116,-8316
3,65,548,-105,-8325
3,66,542,-101,-8333
3,67,548,-84,-8334
3,68,561,-89,-8340
3,69,555,-97,-8350
3,70,548,-110,-8336
3,71,545,-107,-8352
3,72,545,-106,-8346
3,73,537,-99,-8363
3,74,533,-103,-8341
3,75,542,-100,-8344
3,76,530,-102,-8359
3,77,520,-102,-8348
3,78,517,-101,-8361
3,79,533,-102,-8363
3,80,540,-88,-8372
3,81,539,-84,-8374
3,82,536,-97,-8364
3,83,541,-98,-8360
3,84,548,-103,-8349
3,85,551,-94,-8356
3,86,541,-93,-8356
3,87,535,-93,-8355
3,88,542,-104,-8342
3,89,547,-113,-8338
3,90,542,-91,-8349
3,91,543,-90,-8355
3,92,540,-96,-8345
3,93,543,-92,-8346
3,94,538,-85,-8347
3,95,540,-84,-8347
3,96,548,-80,-8347
3,97,540,-90,-8336
3,98,525,-93,-8342
3,99,537,-83,-8334
3,100,540,-86,-8342
3,101,517,-92,-8341
3,102,521,-91,-8344
3,103,524,-91,-8341
3,104,546,-90,-8344
3,105,558,-87,-8338
3,106,555,-98,-8331
3,107,559,-91,-8344
3,108,558,-94,-8332
3,109,541,-96,-8326
3,110,538,-105,-8333
3,111,544,-108,-8353
3,112,536,-89,-8347
3,113,534,-75,-8355
3,114,522,-76,-8364
3,115,516,-76,-8358
3,116,527,-89,-8349
3,117,534,-96,-8339
3,118,532,-102,-8339
3,119,532,-93,-8344
3,120,536,-90,-8350
3,121,543,-89,-8342
3,122,540,-86,-8338
3,123,545,-92,-8338
3,124,563,-97,-8335
3,125,558,-91,-8333
3,126,560,-85,-8337
3,127,563,-61,-8338
3,128,560,-29,-8342
3,129,568,9,-8319
3,130,566,26,-8329
3,131,568,38,-8354
3,132,586,31,-8366
3,133,603,20,-8364
3,134,616,13,-8359
3,135,634,1,-8343
3,136,648,-16,-8320
3,137,664,-32,-8302
3,138,657,-54,-8276
3,139,639,-94,-8286
3,140,610,-125,-8329
3,141,609,-144,-8355
3,142,587,-156,-8371
3,143,559,-171,-8373
3,144,509,-178,-8345
3,145,475,-174,-8314
3,146,458,-173,-8298
3,147,432,-165,-8306
3,148,418,-174,-8330
3,149,397,-175,-8344
3,150,371,-193,-8371
3,151,381,-211,-8370
3,152,401,-216,-8382
3,153,424,-227,-8384
3,154,446,-235,-8358
3,155,465,-242,-8355
3,156,483,-257,-8337
3,157,498,-251,-8313
3,158,524,-228,-8325
3,159,545,-177,-8338
3,160,570,-133,-8371
3,161,578,-80,-8395
3,162,577,-40,-8391
3,163,585,-15,-8405
3,164,570,3,-8382
3,165,548,-3,-8354
3,166,552,-30,-8343
3,167,569,-85,-8316
3,168,580,-108,-8285
3,169,588,-122,-8309
3,170,594,-154,-8345
3,171,611,-185,-8350
3,172,625,-195,-8363
3,173,610,-187,-8363
3,174,592,-158,-8326
3,175,564,-145,-8327
3,176,521,-117,-8319
3,177,501,-92,-8330
3,178,488,-69,-8336
3,179,454,-28,-8326
3,180,421,-16,-8341
3,181,407,-6,-8345
3,182,427,2,-8352
3,183,441,4,-8340
3,184,473,0,-8318
3,185,518,-9,-8318
3,186,559,-43,-8315
3,187,601,-59,-8332
3,188,651,-80,-8366
3,189,672,-105,-8383
3,190,690,-146,-8385
3,191,690,-183,-8381
3,192,668,-179,-8359
3,193,636,-162,-8338
3,194,619,-135,-8346
3,195,584,-123,-8338
3,196,545,-110,-8350
3,197,507,-88,-8355
3,198,464,-73,-8355
3,199,421,-42,-8327
3,200,403,-27,-8325
3,201,406,-16,-8336
3,202,423,-23,-8334
3,203,444,-17,-8323
3,204,489,-19,-8331
3,205,531,-38,-8340
3,206,566,-64,-8324
3,207,595,-101,-8327
3,208,630,-135,-8342
3,209,645,-173,-8369
3,210,648,-204,-8400
3,211,644,-209,-8400
3,212,639,-215,-8385
3,213,611,-196,-8341
3,214,594,-192,-8352
3,215,585,-181,-8351
3,216,564,-151,-8353
3,217,529,-131,-8383
3,218,485,-94,-8373
3,219,451,-78,-8355
3,220,428,-61,-8354
3,221,420,-46,-8363
3,222,409,-36,-8334
3,223,418,-29,-8342
3,224,444,-33,-8351
3,225,485,-48,-8321
3,226,512,-66,-8301
3,227,535,-88,-8289
3,228,563,-109,-8303
3,229,591,-132,-8336
3,230,629,-156,-8350
3,231,649,-162,-8362
3,232,654,-154,-8374
3,233,639,-154,-8366
3,234,633,-155,-8347
3,235,606,-147,-8363
3,236,572,-140,-8380
3,237,556,-127,-8383
3,238,531,-120,-8379
3,239,508,-93,-8363
3,240,474,-63,-8350
3,241,459,-43,-8335
3,242,455,-27,-8333
3,243,463,-17,-8321
3,244,465,-23,-8323
3,245,471,-14,-8310
3,246,502,-42,-8322
3,247,523,-58,-8316
3,248,539,-65,-8308
3,249,569,-77,-8312
3,250,603,-93,-8339
3,251,623,-115,-8349
3,252,639,-125,-8363
3,253,643,-122,-8365
3,254,635,-123,-8363
3,255,621,-124,-8348
3,256,599,-119,-8341
3,257,579,-112,-8342
3,258,561,-116,-8345
3,259,536,-109,-8346
3,260,520,-91,-8336
3,261,509,-66,-8343
3,262,497,-64,-8346
3,263,493,-79,-8334
3,264,486,-75,-8346
3,265,493,-76,-8348
3,266,503,-89,-8345
3,267,518,-99,-8343
3,268,537,-98,-8335
3,269,547,-116,-8346
3,270,552,-122,-8340
3,271,546,-123,-8340
3,272,546,-132,-8330
3,273,558,-132,-8347
3,274,554,-140,-8350
3,275,549,-142,-8366
3,276,553,-126,-8365
3,277,550,-122,-8334
3,278,543,-116,-8329
3,279,522,-116,-8324
3,280,524,-111,-8342
3,281,522,-113,-8353
3,282,518,-114,-8358
3,283,500,-115,-8365
3,284,509,-112,-8360
3,285,518,-112,-8345
3,286,507,-106,-8351
3,287,516,-113,-8359
3,288,516,-118,-8349
3,289,533,-113,-8348
3,290,552,-118,-8353
3,291,567,-112,-8343
3,292,577,-110,-8323
3,293,579,-104,-8319
3,294,574,-112,-8325
3,295,565,-115,-8342
3,296,569,-112,-8352
3,297,571,-101,-8341
3,298,555,-93,-8351
3,299,560,-95,-8344
3,300,547,-88,-8351
3,301,543,-96,-8363
3,302,542,-96,-8362
3,303,544,-85,-8362
3,304,537,-96,-8341
3,305,535,-83,-8345
3,306,546,-79,-8343
3,307,541,-85,-8351
3,308,533,-89,-8352
3,309,518,-80,-8362
3,310,515,-74,-8354
3,311,532,-74,-8356
3,312,531,-82,-8348
3,313,539,-94,-8337
3,314,555,-104,-8356
3,315,561,-103,-8356
3,316,572,-108,-8326
3,317,575,-107,-8333
3,318,575,-95,-8336
3,319,572,-89,-8347
3,320,563,-102,-8345
3,321,545,-103,-8347
3,322,534,-109,-8361
3,323,521,-106,-8358
3,324,514,-106,-8358
3,325,504,-99,-8367
3,326,521,-96,-8362
3,327,520,-102,-8347
3,328,518,-103,-8343
3,329,506,-98,-8345
3,330,510,-87,-8347
3,331,530,-104,-8358
3,332,537,-112,-8353
3,333,533,-125,-8360
3,334,542,-123,-8352
3,335,544,-119,-8362
3,336,548,-113,-8353
3,337,547,-113,-8355
3,338,551,-111,-8335
3,339,536,-103,-8315
3,340,537,-117,-8333
3,341,542,-134,-8325
3,342,541,-132,-8335
3,343,544,-125,-8328
3,344,545,-114,-8329
3,345,530,-109,-8353
3,346,531,-101,-8327
3,347,533,-103,-8329
3,348,532,-94,-8323
3,349,537,-95,-8331
3,350,533,-101,-8353
3,351,521,-103,-8354
3,352,514,-101,-8355
3,353,535,-87,-8347
3,354,538,-98,-8346
3,355,548,-96,-8341
3,356,559,-88,-8327
3,357,556,-91,-8328
3,358,559,-90,-8349
3,359,561,-87,-8361
3,360,567,-96,-8358
3,361,550,-103,-8345
3,362,549,-89,-8339
3,363,544,-88,-8337
3,364,541,-84,-8356
3,365,535,-85,-8343
3,366,543,-87,-8352
3,367,528,-94,-8342
3,368,537,-97,-8351
3,369,528,-100,-8335
3,370,523,-90,-8335
3,371,527,-90,-8331
3,372,543,-76,-8341
3,373,534,-83,-8339
3,374,527,-98,-8336
3,375,532,-92,-8351
3,376,534,-82,-8343
3,377,540,-70,-8331
3,378,551,-79,-8329
3,379,537,-94,-8337
3,380,541,-95,-8347
3,381,540,-106,-8337
3,382,538,-115,-8335
3,383,535,-105,-8332
3,384,536,-108,-8340
3,385,544,-106,-8338
3,386,535,-100,-8348
3,387,540,-95,-8340
3,388,544,-96,-8332
3,389,537,-90,-8313
3,390,529,-101,-8331
3,391,522,-111,-8330
3,392,534,-113,-8342
3,393,542,-125,-8359
3,394,541,-128,-8367
3,395,536,-124,-8348
3,396,534,-117,-8342
3,397,551,-120,-8338
3,398,549,-128,-8333
3,399,552,-126,-8334
3,400,553,-132,-8351
3,401,556,-122,-8365
3,402,567,-124,-8356
3,403,554,-106,-8357
3,404,547,-99,-8366
3,405,537,-100,-8358
3,406,530,-103,-8358
3,407,528,-101,-8355
3,408,532,-97,-8363
3,409,532,-101,-8361
3,410,529,-105,-8350
3,411,522,-97,-8344
3,412,512,-88,-8346
3,413,526,-86,-8346
3,414,519,-88,-8325
3,415,527,-94,-8320
3,416,521,-101,-8344
3,417,527,-104,-8352
3,418,528,-109,-8357
3,419,528,-96,-8343
3,420,536,-112,-8322
3,421,552,-114,-8332
3,422,539,-111,-8349
3,423,544,-107,-8361
3,424,546,-109,-8342
3,425,557,-115,-8354
3,426,563,-112,-8361
3,427,559,-108,-8357
3,428,547,-90,-8333
3,429,560,-86,-8326
3,430,549,-78,-8328
3,431,537,-87,-8342
3,432,529,-83,-8357
3,433,537,-99,-8335
3,434,523,-95,-8327
3,435,530,-94,-8344
3,436,541,-107,-8349
3,437,530,-112,-8355
3,438,529,-110,-8332
3,439,519,-101,-8328
3,440,517,-92,-8320
3,441,516,-89,-8330
3,442,518,-95,-8342
3,443,536,-96,-8342
3,444,556,-96,-8338
3,445,560,-100,-8350
3,446,560,-110,-8357
3,447,564,-100,-8356
3,448,560,-104,-8348
3,449,548,-101,-8350
3,450,545,-107,-8364
3,451,545,-118,-8339
3,452,551,-111,-8338
3,453,537,-117,-8355
3,454,529,-113,-8352
3,455,532,-124,-8345
3,456,531,-131,-8354
3,457,525,-116,-8355
3,458,531,-110,-8363
3,459,531,-113,-8373
3,460,523,-115,-8368
3,461,532,-123,-8355
3,462,537,-125,-8345
3,463,540,-113,-8358
3,464,547,-120,-8346
3,465,546,-118,-8345
3,466,545,-111,-8336
3,467,544,-117,-8321
3,468,547,-109,-8325
3,469,558,-122,-8337
3,470,562,-118,-8351
3,471,549,-118,-8349
3,472,561,-98,-8349
3,473,566,-92,-8340
3,474,561,-96,-8341
3,475,552,-102,-8342
3,476,539,-110,-8360
3,477,533,-105,-8360
3,478,521,-89,-8354
3,479,522,-88,-8355
3,480,530,-88,-8348
3,481,535,-101,-8352
3,482,539,-95,-8341
3,483,544,-91,-8325
3,484,532,-104,-8307
3,485,541,-105,-8306
3,486,547,-96,-8316
3,487,531,-98,-8342
3,488,539,-94,-8346
3,489,525,-102,-8340
3,490,530,-99,-8342
3,491,520,-96,-8339
3,492,515,-87,-8344
3,493,525,-97,-8337
3,494,516,-101,-8327
3,495,505,-94,-8335
3,496,519,-100,-8357
3,497,527,-101,-8345
3,498,530,-110,-8341
3,499,535,-106,-8355
3,500,541,-109,-8358
3,501,533,-110,-8344
3,502,537,-99,-8356
3,503,540,-104,-8350
3,504,536,-101,-8335
3,505,530,-91,-8326
3,506,527,-99,-8331
3,507,515,-104,-8349
3,508,525,-98,-8354
3,509,543,-98,-8343
3,510,539,-92,-8363
3,511,538,-79,-8350
3,512,534,-98,-8333
3,513,546,-97,-8324
3,514,546,-102,-8345
3,515,535,-103,-8331
3,516,532,-111,-8343
3,517,527,-107,-8356
3,518,526,-110,-8376
3,519,521,-102,-8362
3,520,534,-96,-8351
3,521,534,-91,-8357
3,522,527,-107,-8354
3,523,520,-112,-8361
3,524,528,-109,-8357
3,525,530,-115,-8340
3,526,531,-112,-8325
3,527,536,-110,-8333
3,528,543,-123,-8345
3,529,549,-118,-8351
3,530,541,-113,-8335
3,531,540,-113,-8327
3,532,547,-103,-8351
3,533,544,-106,-8354
3,534,540,-105,-8373
3,535,542,-98,-8352
3,536,540,-107,-8336
3,537,529,-112,-8329
3,538,530,-107,-8329
3,539,539,-115,-8333
3,540,533,-117,-8343
3,541,536,-106,-8339
3,542,538,-113,-8348
3,543,555,-105,-8342
3,544,549,-88,-8340
3,545,555,-91,-8336
3,546,550,-88,-8327
3,547,535,-98,-8329
3,548,536,-108,-8331
3,549,534,-113,-8339
3,550,527,-108,-8327
3,551,528,-98,-8331
3,552,544,-90,-8339
3,553,544,-94,-8348
3,554,543,-94,-8350
3,555,545,-82,-8356
3,556,547,-87,-8347
3,557,538,-92,-8351
3,558,536,-98,-8349
3,559,529,-102,-8341
3,560,520,-99,-8329
3,561,532,-96,-8335
3,562,540,-94,-8351
3,563,545,-106,-8354
3,564,549,-92,-8350
3,565,534,-84,-8343
3,566,535,-86,-8335
3,567,546,-92,-8337
3,568,533,-85,-8331
3,569,542,-88,-8346
3,570,537,-84,-8346
3,571,534,-96,-8340
3,572,539,-104,-8349
3,573,538,-109,-8360
3,574,533,-107,-8367
3,575,545,-112,-8366
3,576,538,-114,-8361
3,577,544,-115,-8355
3,578,535,-111,-8348
3,579,537,-108,-8336
3,580,540,-103,-8320
3,581,539,-111,-8319
3,582,542,-109,-8314
3,583,544,-106,-8327
3,584,540,-108,-8324
3,585,539,-103,-8330
3,586,540,-98,-8354
3,587,533,-107,-8362
3,588,540,-92,-8335
3,589,544,-91,-8340
3,590,536,-91,-8345
3,591,537,-98,-8343
3,592,528,-104,-8342
3,593,527,-104,-8337
3,594,525,-110,-8330
3,595,525,-106,-8326
3,596,534,-102,-8324
3,597,533,-105,-8340
3,598,535,-101,-8333
3,599,537,-90,-8336
3,600,530,-90,-8330
3,601,527,-107,-8324
3,602,531,-108,-8324
3,603,546,-98,-8339
3,604,548,-86,-8338
3,605,556,-87,-8333
3,606,560,-73,-8340
3,607,548,-87,-8321
3,608,546,-86,-8332
3,609,548,-86,-8325
3,610,534,-85,-8338
3,611,538,-78,-8359
3,612,544,-95,-8351
3,613,542,-117,-8334
3,614,546,-109,-8334
3,615,540,-120,-8350
3,616,544,-115,-8345
3,617,532,-122,-8351
3,618,534,-122,-8354
3,619,538,-105,-8344
3,620,537,-93,-8349
3,621,535,-84,-8336
3,622,533,-89,-8335
3,623,533,-90,-8336
3,624,541,-105,-8332
3,625,536,-105,-8347
3,626,537,-102,-8350
3,627,546,-91,-8355
3,628,558,-93,-8343
3,629,547,-87,-8316
3,630,543,-79,-8331
3,631,544,-86,-8338
3,632,535,-88,-8340
3,633,533,-92,-8330
3,634,530,-92,-8353
3,635,523,-82,-8372
3,636,532,-88,-8379
3,637,535,-98,-8355
3,638,533,-107,-8331
3,639,534,-102,-8338
3,640,553,-103,-8349
3,641,562,-103,-8350
3,642,563,-117,-8354
3,643,556,-121,-8358
3,644,553,-117,-8344
3,645,555,-113,-8327
3,646,551,-103,-8335
3,647,546,-101,-8335
3,648,548,-103,-8334
3,649,553,-106,-8330
3,650,551,-104,-8333
3,651,552,-112,-8342
3,652,550,-112,-8341
3,653,553,-107,-8356
3,654,556,-102,-8356
3,655,540,-109,-8353
3,656,527,-109,-8377
3,657,541,-102,-8376
3,658,544,-112,-8371
3,659,547,-111,-8360
3,660,536,-110,-8361
3,661,523,-113,-8373
3,662,533,-106,-8360
3,663,541,-107,-8372
3,664,549,-106,-8351
3,665,541,-116,-8347
3,666,541,-130,-8333
3,667,550,-124,-8335
3,668,562,-119,-8349
3,669,558,-118,-8333
3,670,559,-111,-8334
3,671,561,-106,-8354
3,672,561,-109,-8344
3,673,557,-113,-8345
3,674,543,-105,-8342
3,675,534,-112,-8360
3,676,536,-106,-8372
3,677,542,-102,-8361
3,678,535,-101,-8365
3,679,532,-100,-8354
3,680,522,-104,-8359
3,681,520,-97,-8347
3,682,525,-96,-8346
3,683,536,-91,-8345
3,684,538,-85,-8350
3,685,538,-98,-8369
3,686,549,-108,-8381
3,687,551,-120,-8368
3,688,550,-117,-8360
3,689,559,-105,-8370
3,690,563,-107,-8363
3,691,554,-108,-8342
3,692,552,-109,-8337
3,693,549,-109,-8332
3,694,543,-108,-8337
3,695,543,-104,-8351
3,696,542,-106,-8340
3,697,541,-105,-8342
3,698,532,-104,-8350
3,699,522,-106,-8355
3,700,528,-93,-8351
3,701,532,-87,-8362
3,702,533,-96,-8375
3,703,537,-105,-8360
3,704,547,-113,-8347
3,705,555,-115,-8345
3,706,557,-111,-8350
3,707,553,-96,-8330
3,708,555,-101,-8321
3,709,555,-104,-8330
3,710,557,-100,-8325
3,711,544,-92,-8308
3,712,527,-85,-8306
3,713,513,-98,-8334
3,714,523,-104,-8337
3,715,536,-105,-8332
3,716,525,-110,-8330
3,717,528,-109,-8333
3,718,543,-116,-8316
3,719,537,-121,-8324
3,720,534,-116,-8332
3,721,542,-100,-8340
3,722,548,-113,-8344
3,723,542,-115,-8327
3,724,541,-121,-8334
3,725,534,-113,-8360
3,726,537,-98,-8346
3,727,540,-87,-8358
3,728,540,-96,-8356
3,729,549,-93,-8347
3,730,554,-92,-8367
3,731,551,-97,-8364
3,732,552,-89,-8354
3,733,564,-95,-8343
3,734,549,-102,-8342
3,735,542,-107,-8349
3,736,538,-100,-8349
3,737,547,-95,-8351
3,738,549,-92,-8362
3,739,539,-88,-8328
3,740,530,-94,-8334
3,741,523,-91,-8330
3,742,527,-94,-8351
3,743,530,-86,-8354
3,744,534,-93,-8344
3,745,542,-93,-8349
3,746,550,-92,-8346
3,747,548,-83,-8348
3,748,548,-83,-8350
3,749,553,-94,-8351
3,750,549,-95,-8342
3,751,543,-111,-8351
3,752,532,-114,-8349
3,753,540,-117,-8352
3,754,543,-105,-8359
3,755,533,-88,-8361
3,756,531,-89,-8369
3,757,524,-95,-8367
3,758,526,-109,-8357
3,759,540,-108,-8351
3,760,538,-94,-8344
3,761,544,-93,-8337
3,762,547,-89,-8352
3,763,544,-85,-8361
3,764,536,-92,-8374
3,765,535,-100,-8349
3,766,532,-97,-8344
3,767,533,-98,-8335
3,768,542,-104,-8342
3,769,542,-99,-8354
3,770,550,-94,-8318
3,771,558,-92,-8316
3,772,556,-101,-8316
3,773,554,-105,-8322
3,774,558,-88,-8337
3,775,551,-95,-8344
3,776,550,-100,-8335
3,777,551,-107,-8335
3,778,538,-106,-8342
3,779,541,-104,-8342
3,780,533,-98,-8344
3,781,530,-91,-8341
3,782,525,-84,-8324
3,783,526,-83,-8317
3,784,525,-100,-8323
3,785,531,-95,-8343
3,786,530,-99,-8353
3,787,530,-106,-8356
3,788,531,-115,-8341
3,789,535,-116,-8334
3,790,532,-110,-8353
3,791,529,-105,-8354
3,792,542,-93,-8359
3,793,549,-85,-8350
3,794,550,-97,-8353
3,795,549,-103,-8362
3,796,542,-111,-8352
3,797,541,-106,-8362
3,798,541,-103,-8357
3,799,529,-100,-8366
3,800,536,-94,-8369
3,801,539,-101,-8365
3,802,534,-102,-8364
3,803,540,-113,-8350
3,804,546,-99,-8333
3,805,536,-87,-8336
3,806,533,-89,-8348
3,807,538,-92,-8352
3,808,546,-96,-8334
3,809,554,-93,-8337
3,810,552,-93,-8328
3,811,546,-106,-8355
3,812,550,-101,-8361
3,813,557,-94,-8364
3,814,564,-92,-8369
3,815,559,-104,-8360
3,816,554,-105,-8344
3,817,563,-102,-8346
3,818,560,-100,-8345
3,819,549,-94,-8316
3,820,551,-88,-8318
3,821,545,-94,-8320
3,822,551,-104,-8324
3,823,549,-111,-8324
3,824,541,-99,-8328
3,825,533,-108,-8319
3,826,531,-112,-8333
3,827,540,-113,-8331
3,828,541,-111,-8335
3,829,545,-111,-8328
3,830,542,-120,-8329
3,831,556,-110,-8337
3,832,554,-96,-8347
3,833,550,-104,-8346
3,834,540,-102,-8343
3,835,547,-96,-8348
3,836,555,-111,-8360
3,837,547,-127,-8345
3,838,548,-118,-8343
3,839,542,-112,-8329
3,840,536,-109,-8360
3,841,537,-120,-8352
3,842,543,-127,-8341
3,843,553,-112,-8341
3,844,534,-109,-8330
3,845,531,-111,-8343
3,846,520,-108,-8355
3,847,535,-103,-8338
3,848,536,-111,-8346
3,849,520,-125,-8364
3,850,537,-117,-8351
3,851,537,-104,-8338
3,852,529,-114,-8342
3,853,528,-107,-8348
3,854,533,-105,-8333
3,855,534,-107,-8336
3,856,545,-105,-8340
3,857,550,-108,-8338
3,858,534,-119,-8351
3,859,524,-121,-8341
3,860,517,-123,-8334
3,861,514,-117,-8349
3,862,518,-119,-8357
3,863,529,-112,-8349
3,864,537,-109,-8345
3,865,541,-108,-8341
3,866,548,-114,-8328
3,867,539,-107,-8323
3,868,531,-106,-8330
3,869,525,-106,-8348
3,870,530,-113,-8343
3,871,536,-101,-8354
3,872,547,-112,-8355
3,873,547,-116,-8342
3,874,544,-107,-8350
3,875,552,-110,-8355
3,876,551,-123,-8347
3,877,541,-113,-8355
3,878,540,-102,-8344
3,879,538,-95,-8347
3,880,531,-99,-8336
3,881,537,-95,-8326
3,882,539,-107,-8354
3,883,535,-97,-8373
3,884,541,-83,-8378
3,885,538,-88,-8356
3,886,541,-93,-8332
3,887,542,-89,-8319
3,888,544,-88,-8308
3,889,547,-83,-8335
3,890,547,-88,-8345
3,891,535,-93,-8348
3,892,554,-97,-8351
3,893,553,-96,-8355
3,894,549,-93,-8334
3,895,556,-90,-8318
3,896,562,-88,-8336
3,897,551,-98,-8345
3,898,541,-116,-8342
3,899,540,-131,-8332
3,900,546,-126,-8344
3,901,553,-116,-8358
3,902,552,-112,-8346
3,903,552,-114,-8334
3,904,549,-114,-8326
3,905,547,-116,-8335
3,906,547,-116,-8346
3,907,539,-122,-8355
3,908,533,-117,-8347
3,909,540,-105,-8343
3,910,534,-111,-8354
3,911,534,-100,-8350
3,912,529,-99,-8337
3,913,530,-105,-8327
3,914,523,-93,-8335
3,915,527,-94,-8334
3,916,536,-117,-8325
3,917,550,-132,-8348
3,918,553,-125,-8349
3,919,544,-113,-8362
3,920,545,-119,-8359
3,921,544,-107,-8348
3,922,539,-98,-8346
3,923,528,-101,-8351
3,924,522,-93,-8357
3,925,511,-94,-8351
3,926,522,-101,-8367
3,927,525,-110,-8347
3,928,527,-109,-8330
3,929,527,-105,-8327
3,930,534,-102,-8345
3,931,538,-104,-8352
3,932,545,-105,-8339
3,933,544,-98,-8340
3,934,553,-94,-8346
3,935,553,-87,-8368
3,936,547,-85,-8366
3,937,558,-97,-8358
3,938,563,-98,-8347
3,939,555,-98,-8334
3,940,543,-106,-8338
3,941,533,-104,-8364
3,942,545,-98,-8367
3,943,553,-98,-8344
3,944,545,-102,-8336
3,945,538,-96,-8336
3,946,545,-100,-8350
3,947,550,-100,-8341
3,948,551,-102,-8339
3,949,544,-105,-8345
3,950,530,-91,-8350
3,951,537,-92,-8351
3,952,537,-98,-8354
3,953,536,-95,-8346
3,954,543,-90,-8326
3,955,537,-76,-8333
3,956,543,-85,-8326
3,957,538,-85,-8342
3,958,531,-82,-8357
3,959,545,-88,-8366
3,960,548,-99,-8345
3,961,566,-98,-8339
3,962,559,-109,-8362
3,963,555,-112,-8357
3,964,533,-93,-8342
3,965,526,-93,-8327
3,966,533,-102,-8328
3,967,525,-91,-8329
3,968,523,-93,-8365
3,969,528,-89,-8361
3,970,534,-88,-8356
3,971,522,-96,-8336
3,972,517,-102,-8343
3,973,521,-102,-8352
3,974,532,-95,-8336
3,975,534,-101,-8351
3,976,535,-102,-8350
3,977,548,-106,-8352
3,978,551,-106,-8359
3,979,545,-105,-8370
3,980,541,-96,-8347
3,981,534,-102,-8332
3,982,541,-112,-8334
3,983,544,-125,-8354
3,984,542,-127,-8357
3,985,535,-114,-8348
3,986,539,-103,-8352
3,987,542,-112,-8357
3,988,534,-109,-8349
3,989,534,-114,-8344
3,990,530,-112,-8344
3,991,531,-120,-8341
3,992,529,-111,-8351
3,993,538,-105,-8353
3,994,546,-104,-8340
3,995,554,-102,-8348
3,996,542,-97,-8344
3,997,545,-104,-8355
3,998,540,-108,-8355
3,999,556,-102,-8343
3,1000,552,-104,-8338
3,1001,557,-105,-8345
3,1002,553,-99,-8351
3,1003,537,-97,-8348
3,1004,525,-103,-8350
3,1005,525,-97,-8336
3,1006,537,-101,-8329
3,1007,546,-107,-8334
3,1008,549,-108,-8353
3,1009,542,-117,-8347
3,1010,548,-110,-8326
3,1011,543,-101,-8327
3,1012,539,-102,-8343
3,1013,536,-113,-8357
3,1014,528,-104,-8358
3,1015,524,-113,-8371
3,1016,544,-109,-8372
3,1017,539,-99,-8359
3,1018,543,-99,-8367
3,1019,546,-106,-8368
3,1020,543,-102,-8361
3,1021,533,-101,-8350
3,1022,539,-100,-8361
3,1023,530,-101,-8372
3,1024,527,-105,-8349
3,1025,531,-89,-8338
3,1026,539,-99,-8352
3,1027,549,-87,-8350
3,1028,550,-96,-8334
3,1029,551,-103,-8335
3,1030,555,-96,-8338
3,1031,540,-99,-8337
3,1032,525,-105,-8352
3,1033,519,-100,-8362
3,1034,515,-89,-8346
3,1035,514,-85,-8342
3,1036,532,-85,-8338
3,1037,530,-93,-8361
3,1038,536,-76,-8359
3,1039,541,-78,-8347
3,1040,536,-74,-8342
3,1041,534,-87,-8361
3,1042,533,-102,-8351
3,1043,549,-101,-8348
3,1044,553,-105,-8354
3,1045,554,-98,-8337
3,1046,555,-99,-8327
3,1047,553,-95,-8336
3,1048,553,-89,-8351
3,1049,556,-91,-8351
3,1050,558,-113,-8344
3,1051,560,-118,-8339
3,1052,557,-109,-8319
3,1053,552,-107,-8321
3,1054,554,-92,-8342
3,1055,539,-102,-8351
3,1056,527,-102,-8349
3,1057,517,-97,-8363
3,1058,525,-91,-8355
3,1059,534,-104,-8350
3,1060,538,-102,-8363
3,1061,545,-92,-8360
3,1062,551,-95,-8366
3,1063,558,-90,-8347
3,1064,556,-94,-8348
3,1065,556,-92,-8348
3,1066,547,-84,-8345
3,1067,543,-94,-8344
3,1068,553,-89,-8335
3,1069,554,-97,-8310
3,1070,555,-96,-8309
3,1071,554,-89,-8337
3,1072,558,-93,-8343
3,1073,555,-95,-8349
3,1074,558,-95,-8347
3,1075,551,-97,-8333
3,1076,551,-80,-8339
3,1077,544,-87,-8356
3,1078,539,-94,-8361
3,1079,536,-91,-8361
3,1080,531,-96,-8353
3,1081,543,-89,-8350
3,1082,546,-82,-8345
3,1083,540,-83,-8335
3,1084,543,-92,-8327
3,1085,541,-97,-8311
3,1086,541,-100,-8321
3,1087,536,-115,-8332
3,1088,526,-113,-8335
3,1089,540,-98,-8342
3,1090,538,-86,-8338
3,1091,536,-95,-8350
3,1092,538,-90,-8349
3,1093,538,-95,-8345
3,1094,535,-100,-8325
3,1095,526,-92,-8327
3,1096,530,-98,-8331
3,1097,534,-99,-8352
3,1098,530,-113,-8356
3,1099,528,-113,-8358
3,1100,531,-109,-8347
3,1101,540,-100,-8336
3,1102,538,-112,-8346
3,1103,532,-102,-8354
3,1104,534,-107,-8353
3,1105,530,-117,-8357
3,1106,528,-120,-8345
3,1107,526,-120,-8332
3,1108,533,-112,-8329
3,1109,543,-101,-8322
3,1110,538,-95,-8344
3,1111,524,-96,-8365
3,1112,536,-110,-8351
3,1113,550,-107,-8343
3,1114,554,-89,-8341
3,1115,542,-95,-8352
3,1116,536,-96,-8349
3,1117,532,-102,-8339
3,1118,536,-107,-8321
3,1119,534,-107,-8324
3,1120,544,-104,-8322
3,1121,546,-103,-8326
3,1122,543,-95,-8329
3,1123,532,-101,-8332
3,1124,536,-107,-8321
3,1125,541,-96,-8315
3,1126,541,-98,-8326
3,1127,528,-106,-8333
3,1128,530,-106,-8347
3,1129,531,-118,-8323
3,1130,523,-120,-8342
3,1131,529,-112,-8342
3,1132,549,-102,-8336
3,1133,550,-97,-8350
3,1134,549,-101,-8353
3,1135,545,-99,-8336
3,1136,540,-104,-8348
3,1137,539,-102,-8349
3,1138,546,-109,-8339
3,1139,548,-115,-8332
3,1140,528,-107,-8336
3,1141,532,-110,-8354
3,1142,547,-95,-8354
3,1143,540,-99,-8344
3,1144,542,-98,-8336
3,1145,552,-107,-8342
3,1146,547,-111,-8344
3,1147,554,-118,-8332
3,1148,562,-109,-8361
3,1149,547,-97,-8375
3,1150,541,-100,-8368
3,1151,542,-104,-8374
3,1152,537,-90,-8372
3,1153,538,-100,-8356
3,1154,554,-96,-8343
3,1155,542,-91,-8340
3,1156,531,-89,-8341
3,1157,536,-93,-8345
3,1158,545,-106,-8325
3,1159,542,-115,-8324
3,1160,550,-100,-8321
3,1161,536,-104,-8326
3,1162,542,-102,-8336
3,1163,549,-97,-8330
3,1164,539,-91,-8336
3,1165,544,-94,-8332
3,1166,545,-85,-8344
3,1167,550,-92,-8369
3,1168,555,-89,-8372
3,1169,546,-97,-8354
3,1170,540,-107,-8349
3,1171,530,-103,-8362
3,1172,537,-95,-8346
3,1173,540,-98,-8343
3,1174,547,-112,-8352
3,1175,563,-109,-8360
3,1176,557,-87,-8342
3,1177,548,-88,-8326
3,1178,546,-98,-8330
3,1179,535,-110,-8336
3,1180,527,-106,-8342
3,1181,529,-100,-8347
3,1182,535,-108,-8361
3,1183,529,-109,-8355
3,1184,518,-93,-8350
3,1185,529,-94,-8351
3,1186,532,-102,-8346
3,1187,526,-103,-8342
3,1188,535,-93,-8341
3,1189,544,-86,-8340
3,1190,541,-82,-8346
3,1191,538,-83,-8333
3,1192,533,-91,-8338
3,1193,540,-95,-8344
3,1194,539,-93,-8342
3,1195,546,-83,-8351
3,1196,543,-78,-8348
3,1197,552,-80,-8340
3,1198,555,-89,-8338
3,1199,552,-96,-8346
3,1200,553,-102,-8342
3,1201,555,-96,-8324
3,1202,543,-90,-8341
3,1203,548,-104,-8360
3,1204,543,-109,-8353
3,1205,550,-106,-8349
3,1206,534,-97,-8337
3,1207,540,-102,-8337
3,1208,551,-102,-8328
3,1209,548,-105,-8334
3,1210,545,-102,-8346
3,1211,540,-93,-8347
3,1212,542,-94,-8359
3,1213,534,-105,-8377
3,1214,531,-95,-8376
3,1215,521,-107,-8350
3,1216,524,-105,-8333
3,1217,523,-104,-8346
3,1218,535,-116,-8331
3,1219,549,-118,-8326
3,1220,544,-126,-8328
3,1221,538,-120,-8330
3,1222,535,-115,-8357
3,1223,536,-103,-8362
3,1224,527,-106,-8356
3,1225,513,-101,-8333
3,1226,528,-111,-8348
3,1227,540,-110,-8347
3,1228,537,-101,-8360
3,1229,528,-99,-8369
3,1230,532,-96,-8355
3,1231,543,-101,-8368
3,1232,546,-105,-8362
3,1233,551,-89,-8368
3,1234,548,-96,-8360
3,1235,559,-103,-8349
3,1236,554,-107,-8379
3,1237,552,-104,-8379
3,1238,555,-113,-8360
3,1239,557,-109,-8327
3,1240,555,-114,-8341
3,1241,550,-111,-8350
3,1242,540,-93,-8359
3,1243,533,-80,-8356
3,1244,525,-97,-8359
3,1245,541,-97,-8342
3,1246,553,-88,-8353
3,1247,555,-88,-8366
3,1248,541,-85,-8376
3,1249,543,-99,-8355
3,1250,543,-101,-8347
3,1251,547,-114,-8342
3,1252,539,-103,-8340
3,1253,536,-99,-8364
3,1254,533,-94,-8346
3,1255,529,-97,-8324
3,1256,539,-105,-8323
3,1257,532,-92,-8331
3,1258,535,-90,-8331
3,1259,537,-86,-8338
3,1260,536,-91,-8322
3,1261,533,-89,-8330
3,1262,540,-101,-8333
3,1263,545,-108,-8310
3,1264,543,-101,-8312
3,1265,544,-102,-8306
3,1266,543,-96,-8313
3,1267,533,-98,-8326
3,1268,531,-95,-8327
3,1269,534,-96,-8329
3,1270,535,-100,-8326
3,1271,546,-108,-8343
3,1272,548,-109,-8346
3,1273,548,-107,-8351
3,1274,544,-109,-8363
3,1275,545,-102,-8329
3,1276,541,-97,-8324
3,1277,539,-98,-8346
3,1278,531,-97,-8349
3,1279,538,-105,-8363
3,1280,537,-101,-8356
3,1281,539,-91,-8344
3,1282,537,-92,-8344
3,1283,539,-85,-8340
3,1284,534,-93,-8346
3,1285,522,-96,-8351
3,1286,531,-106,-8343
3,1287,535,-116,-8342
3,1288,547,-109,-8346
3,1289,552,-108,-8351
3,1290,555,-101,-8349
3,1291,541,-98,-8357
3,1292,533,-103,-8351
3,1293,541,-121,-8347
3,1294,551,-128,-8343
3,1295,556,-117,-8356
3,1296,556,-102,-8347
3,1297,561,-102,-8346
3,1298,559,-114,-8359
3,1299,541,-110,-8373
3,1300,542,-112,-8387
3,1301,542,-89,-8362
3,1302,533,-86,-8343
3,1303,529,-102,-8357
3,1304,541,-120,-8360
3,1305,547,-136,-8365
3,1306,544,-112,-8365
3,1307,545,-99,-8352
3,1308,541,-96,-8342
3,1309,549,-112,-8347
3,1310,556,-111,-8354
3,1311,556,-101,-8362
3,1312,558,-89,-8358
3,1313,563,-79,-8335
3,1314,555,-101,-8313
3,1315,555,-94,-8323
3,1316,536,-101,-8331
3,1317,528,-97,-8331
3,1318,536,-85,-8343
3,1319,544,-80,-8372
3,1320,549,-78,-8358
3,1321,549,-96,-8340
3,1322,548,-102,-8334
3,1323,548,-98,-8336
3,1324,542,-96,-8344
3,1325,536,-98,-8355
3,1326,526,-97,-8344
3,1327,528,-102,-8335
3,1328,534,-115,-8335
3,1329,540,-112,-8348
3,1330,536,-107,-8346
3,1331,543,-102,-8348
3,1332,542,-101,-8340
3,1333,554,-107,-8345
3,1334,558,-112,-8350
3,1335,544,-106,-8348
3,1336,529,-102,-8348
3,1337,536,-110,-8346
3,1338,540,-115,-8334
3,1339,537,-122,-8329
3,1340,539,-103,-8341
3,1341,533,-91,-8354
3,1342,538,-99,-8367
3,1343,545,-105,-8340
3,1344,541,-115,-8347
3,1345,534,-108,-8345
3,1346,535,-110,-8342
3,1347,547,-101,-8354
3,1348,553,-104,-8352
3,1349,555,-107,-8350
3,1350,547,-108,-8337
3,1351,529,-101,-8341
3,1352,532,-107,-8351
3,1353,544,-105,-8337
3,1354,527,-103,-8338
3,1355,524,-95,-8326
3,1356,531,-95,-8329
3,1357,535,-89,-8342
3,1358,530,-98,-8365
3,1359,528,-103,-8364
3,1360,531,-94,-8357
3,1361,536,-95,-8359
3,1362,545,-102,-8360
3,1363,531,-110,-8357
3,1364,528,-110,-8362
3,1365,537,-109,-8352
3,1366,536,-106,-8340
3,1367,533,-111,-8343
3,1368,534,-115,-8356
3,1369,523,-121,-8349
3,1370,525,-114,-8345
3,1371,534,-116,-8337
3,1372,537,-118,-8338
3,1373,544,-115,-8354
3,1374,549,-108,-8339
3,1375,556,-105,-8338
3,1376,545,-114,-8328
3,1377,539,-98,-8329
3,1378,540,-85,-8335
3,1379,545,-90,-8339
3,1380,541,-101,-8349
3,1381,536,-102,-8349
3,1382,554,-95,-8349
3,1383,549,-89,-8341
3,1384,547,-87,-8326
3,1385,547,-89,-8345
3,1386,551,-91,-8334
3,1387,560,-94,-8325
3,1388,561,-93,-8330
3,1389,562,-87,-8347
3,1390,553,-92,-8328
3,1391,551,-95,-8336
3,1392,553,-85,-8338
3,1393,546,-91,-8345
3,1394,549,-90,-8361
3,1395,542,-82,-8347
3,1396,547,-89,-8343
3,1397,547,-82,-8335
3,1398,546,-95,-8325
3,1399,551,-93,-8334
3,1400,539,-88,-8335
3,1401,543,-80,-8358
3,1402,535,-81,-8372
3,1403,533,-79,-8354
3,1404,544,-77,-8334
3,1405,551,-81,-8338
3,1406,541,-93,-8336
3,1407,537,-90,-8342
3,1408,543,-94,-8352
3,1409,535,-96,-8349
3,1410,523,-94,-8361
3,1411,526,-80,-8361
3,1412,524,-81,-8367
3,1413,527,-89,-8363
3,1414,521,-100,-8356
3,1415,499,-103,-8364
3,1416,508,-114,-8354
3,1417,509,-124,-8350
3,1418,531,-117,-8341
3,1419,547,-114,-8351
3,1420,535,-117,-8364
3,1421,522,-120,-8353
3,1422,532,-117,-8348
3,1423,532,-125,-8346
3,1424,530,-111,-8333
3,1425,528,-104,-8339
3,1426,542,-105,-8343
3,1427,547,-104,-8340
3,1428,546,-102,-8361
3,1429,547,-104,-8348
3,1430,544,-117,-8331
3,1431,548,-110,-8352
3,1432,536,-113,-8357
3,1433,537,-106,-8365
3,1434,542,-109,-8353
3,1435,541,-107,-8343
3,1436,534,-119,-8335
3,1437,531,-111,-8313
3,1438,539,-103,-8326
3,1439,531,-85,-8340
3,1440,524,-104,-8342
3,1441,527,-114,-8351
3,1442,526,-105,-8358
3,1443,539,-94,-8363
3,1444,549,-93,-8362
3,1445,543,-88,-8351
3,1446,543,-92,-8327
3,1447,538,-95,-8311
3,1448,543,-84,-8314
3,1449,549,-89,-8332
3,1450,544,-91,-8341
3,1451,539,-93,-8340
3,1452,531,-89,-8331
3,1453,520,-89,-8333
3,1454,515,-94,-8317
3,1455,510,-101,-8329
3,1456,512,-97,-8331
3,1457,515,-91,-8345
3,1458,528,-93,-8344
3,1459,533,-92,-8344
3,1460,530,-102,-8335
3,1461,513,-105,-8344
3,1462,522,-107,-8350
3,1463,526,-104,-8354
3,1464,533,-106,-8365
3,1465,527,-101,-8354
3,1466,529,-94,-8355
3,1467,539,-107,-8353
3,1468,539,-102,-8366
3,1469,537,-101,-8348
3,1470,542,-93,-8352
3,1471,541,-89,-8354
3,1472,527,-103,-8354
3,1473,538,-114,-8350
3,1474,548,-119,-8350
3,1475,550,-111,-8333
3,1476,540,-116,-8318
3,1477,549,-118,-8323
3,1478,547,-114,-8317
3,1479,537,-106,-8351
3,1480,524,-98,-8339
3,1481,533,-98,-8337
3,1482,528,-106,-8343
3,1483,541,-104,-8344
3,1484,546,-101,-8344
3,1485,552,-93,-8334
3,1486,542,-94,-8330
3,1487,543,-101,-8320
3,1488,541,-106,-8334
3,1489,534,-109,-8339
3,1490,534,-107,-8331
3,1491,537,-105,-8351
3,1492,534,-112,-8364
3,1493,541,-113,-8353
3,1494,550,-100,-8339
3,1495,548,-105,-8346
3,1496,546,-112,-8337
3,1497,541,-95,-8323
3,1498,534,-93,-8318
3,1499,523,-91,-8312
3,1500,534,-84,-8329
3,1501,533,-85,-8345
3,1502,532,-87,-8365
3,1503,524,-96,-8368
3,1504,524,-92,-8351
3,1505,522,-91,-8358
3,1506,529,-86,-8366
3,1507,530,-86,-8365
3,1508,536,-100,-8350
3,1509,530,-105,-8355
3,1510,533,-114,-8351
3,1511,522,-104,-8336
3,1512,529,-110,-8333
3,1513,539,-112,-8335
3,1514,553,-110,-8336
3,1515,552,-109,-8330
3,1516,545,-99,-8335
3,1517,551,-95,-8348
3,1518,544,-89,-8353
3,1519,542,-90,-8345
3,1520,546,-91,-8357
3,1521,544,-93,-8356
3,1522,552,-92,-8350
3,1523,547,-88,-8348
3,1524,551,-99,-8352
3,1525,546,-105,-8329
3,1526,560,-87,-8341
3,1527,557,-91,-8342
3,1528,555,-97,-8354
3,1529,549,-93,-8345
3,1530,549,-94,-8321
3,1531,535,-101,-8329
3,1532,540,-109,-8340
3,1533,542,-116,-8347
3,1534,551,-114,-8360
3,1535,547,-114,-8362
3,1536,545,-112,-8356
3,1537,549,-111,-8352
3,1538,554,-113,-8340
3,1539,551,-112,-8342
3,1540,548,-95,-8343
3,1541,545,-85,-8341
3,1542,555,-91,-8341
3,1543,542,-104,-8356
3,1544,544,-95,-8368
3,1545,542,-103,-8354
3,1546,542,-118,-8367
3,1547,542,-105,-8369
3,1548,541,-104,-8369
3,1549,530,-98,-8354
3,1550,521,-99,-8354
3,1551,520,-94,-8357
3,1552,526,-102,-8354
3,1553,531,-110,-8341
3,1554,547,-111,-8366
3,1555,548,-113,-8360
3,1556,543,-107,-8357
3,1557,549,-97,-8351
3,1558,550,-108,-8344
3,1559,561,-100,-8337
3,1560,568,-77,-8345
3,1561,563,-84,-8343
3,1562,560,-91,-8338
3,1563,552,-89,-8335
3,1564,535,-93,-8317
3,1565,529,-91,-8321
3,1566,526,-88,-8334
3,1567,527,-91,-8355
3,1568,528,-95,-8344
3,1569,535,-99,-8361
3,1570,543,-91,-8368
3,1571,547,-93,-8366
3,1572,550,-94,-8356
3,1573,561,-95,-8348
3,1574,557,-106,-8345
3,1575,563,-109,-8351
3,1576,545,-105,-8372
3,1577,542,-114,-8374
3,1578,544,-100,-8365
3,1579,535,-108,-8348
3,1580,543,-107,-8348
3,1581,534,-102,-8354
3,1582,540,-98,-8356
3,1583,545,-94,-8346
3,1584,543,-89,-8345
3,1585,539,-99,-8349
3,1586,540,-102,-8326
3,1587,530,-103,-8339
3,1588,529,-108,-8354
3,1589,519,-104,-8368
3,1590,516,-101,-8356
3,1591,510,-101,-8359
3,1592,528,-109,-8358
3,1593,536,-110,-8352
3,1594,535,-104,-8348
3,1595,539,-111,-8367
3,1596,544,-112,-8368
3,1597,554,-104,-8369
3,1598,560,-96,-8355
3,1599,540,-96,-8336
3,1600,536,-94,-8334
3,1601,539,-95,-8319
3,1602,544,-103,-8317
3,1603,544,-94,-8321
3,1604,531,-100,-8330
3,1605,526,-95,-8335
3,1606,528,-101,-8327
3,1607,524,-103,-8321
3,1608,536,-99,-8306
3,1609,537,-103,-8330
3,1610,543,-97,-8355
3,1611,535,-94,-8353
3,1612,537,-112,-8329
3,1613,537,-116,-8331
3,1614,544,-108,-8347
3,1615,557,-112,-8343
3,1616,549,-106,-8361
3,1617,556,-116,-8351
3,1618,554,-127,-8335
3,1619,553,-111,-8342
3,1620,540,-94,-8340
3,1621,538,-99,-8347
3,1622,549,-97,-8342
3,1623,557,-104,-8338
3,1624,559,-91,-8341
3,1625,550,-109,-8340
3,1626,533,-105,-8344
3,1627,532,-103,-8348
3,1628,523,-102,-8350
3,1629,524,-102,-8341
3,1630,527,-93,-8342
3,1631,524,-105,-8338
3,1632,526,-100,-8343
3,1633,534,-88,-8337
3,1634,534,-102,-8329
3,1635,537,-100,-8340
3,1636,542,-93,-8340
3,1637,549,-94,-8344
3,1638,550,-105,-8322
3,1639,547,-91,-8341
3,1640,540,-91,-8331
3,1641,537,-94,-8331
3,1642,542,-97,-8355
3,1643,552,-101,-8376
3,1644,556,-104,-8361
3,1645,545,-93,-8365
3,1646,537,-94,-8356
3,1647,534,-104,-8348
3,1648,541,-107,-8339
3,1649,540,-100,-8341
3,1650,543,-95,-8339
3,1651,545,-101,-8340
3,1652,561,-104,-8356
3,1653,562,-112,-8365
3,1654,550,-122,-8370
3,1655,549,-114,-8353
3,1656,539,-103,-8333
3,1657,529,-113,-8330
3,1658,540,-118,-8335
3,1659,536,-106,-8339
3,1660,540,-98,-8330
3,1661,553,-99,-8341
3,1662,547,-102,-8345
3,1663,555,-104,-8356
3,1664,552,-102,-8346
3,1665,541,-110,-8352
3,1666,532,-106,-8363
3,1667,525,-92,-8343
3,1668,518,-101,-8331
3,1669,512,-103,-8351
3,1670,526,-110,-8359
3,1671,534,-122,-8367
3,1672,531,-121,-8374
3,1673,540,-113,-8360
3,1674,551,-101,-8349
3,1675,550,-115,-8335
3,1676,539,-112,-8332
3,1677,550,-107,-8337
3,1678,541,-103,-8343
3,1679,533,-99,-8339
3,1680,521,-109,-8335
3,1681,522,-113,-8329
3,1682,527,-104,-8349
3,1683,532,-100,-8360
3,1684,532,-106,-8362
3,1685,538,-101,-8357
3,1686,534,-104,-8355
3,1687,537,-101,-8371
3,1688,540,-112,-8353
3,1689,541,-119,-8351
3,1690,541,-118,-8364
3,1691,545,-112,-8359
3,1692,525,-98,-8347
3,1693,527,-97,-8335
3,1694,534,-120,-8364
3,1695,541,-108,-8359
3,1696,534,-107,-8347
3,1697,528,-117,-8331
3,1698,528,-107,-8336
3,1699,531,-109,-8354
3,1700,533,-106,-8353
3,1701,526,-102,-8342
3,1702,531,-104,-8340
3,1703,534,-93,-8333
3,1704,540,-93,-8321
3,1705,556,-102,-8342
3,1706,546,-105,-8360
3,1707,540,-117,-8347
3,1708,540,-108,-8352
3,1709,552,-103,-8357
3,1710,555,-105,-8350
3,1711,544,-109,-8347
3,1712,543,-114,-8325
3,1713,541,-117,-8335
3,1714,546,-116,-8329
3,1715,542,-117,-8332
3,1716,537,-105,-8338
3,1717,555,-108,-8327
3,1718,551,-123,-8311
3,1719,532,-116,-8327
3,1720,544,-116,-8341
3,1721,541,-112,-8340
3,1722,534,-113,-8353
3,1723,539,-105,-8348
3,1724,532,-98,-8339
3,1725,541,-82,-8350
3,1726,553,-93,-8353
3,1727,543,-106,-8371
3,1728,545,-118,-8369
3,1729,545,-124,-8342
3,1730,525,-114,-8342
3,1731,525,-108,-8340
3,1732,535,-95,-8340
3,1733,539,-101,-8340
3,1734,540,-110,-8339
3,1735,530,-99,-8361
3,1736,528,-94,-8358
3,1737,536,-83,-8354
3,1738,550,-89,-8361
3,1739,538,-97,-8340
3,1740,532,-109,-8330
3,1741,549,-96,-8346
3,1742,553,-93,-8335
3,1743,536,-94,-8327
3,1744,521,-86,-8334
3,1745,528,-85,-8361
3,1746,540,-85,-8357
3,1747,540,-99,-8337
3,1748,549,-104,-8318
3,1749,550,-95,-8338
3,1750,545,-93,-8345
3,1751,551,-90,-8347
3,1752,563,-94,-8363
3,1753,554,-106,-8364
3,1754,552,-97,-8348
3,1755,550,-100,-8354
3,1756,548,-96,-8368
3,1757,546,-89,-8346
3,1758,547,-104,-8339
3,1759,541,-101,-8339
3,1760,533,-89,-8333
3,1761,538,-103,-8327
3,1762,540,-101,-8307
3,1763,544,-102,-8335
3,1764,535,-110,-8330
3,1765,524,-96,-8324
3,1766,519,-90,-8330
3,1767,528,-99,-8332
3,1768,533,-93,-8341
3,1769,534,-93,-8355
3,1770,539,-91,-8367
3,1771,543,-99,-8364
3,1772,548,-102,-8344
3,1773,547,-96,-8352
3,1774,544,-103,-8346
3,1775,549,-95,-8354
3,1776,555,-85,-8357
3,1777,552,-89,-8355
3,1778,548,-95,-8338
3,1779,539,-107,-8336
3,1780,517,-91,-8346
3,1781,526,-87,-8345
3,1782,538,-86,-8355
3,1783,548,-95,-8350
3,1784,552,-90,-8355
3,1785,547,-99,-8358
3,1786,548,-111,-8347
3,1787,544,-109,-8351
3,1788,538,-98,-8347
3,1789,542,-91,-8340
3,1790,532,-94,-8335
3,1791,539,-106,-8339
3,1792,545,-117,-8359
3,1793,547,-112,-8355
3,1794,551,-109,-8339
3,1795,552,-112,-8342
3,1796,553,-104,-8349
3,1797,551,-111,-8337
3,1798,555,-126,-8324
3,1799,544,-116,-8349
3,1800,534,-105,-8361
3,1801,538,-95,-8367
3,1802,543,-98,-8353
3,1803,531,-99,-8329
3,1804,528,-95,-8335
3,1805,535,-100,-8350
3,1806,542,-107,-8348
3,1807,537,-104,-8342
3,1808,545,-90,-8355
3,1809,552,-100,-8353
3,1810,545,-93,-8337
3,1811,533,-98,-8355
3,1812,542,-108,-8358
3,1813,535,-110,-8348
3,1814,529,-117,-8349
3,1815,535,-118,-8332
3,1816,550,-122,-8328
3,1817,538,-108,-8354
3,1818,542,-107,-8359
3,1819,545,-111,-8348
3,1820,545,-108,-8359
3,1821,540,-103,-8354
3,1822,544,-101,-8351
3,1823,536,-113,-8331
3,1824,548,-100,-8339
3,1825,540,-106,-8327
3,1826,540,-102,-8327
3,1827,535,-95,-8303
3,1828,526,-95,-8320
3,1829,534,-95,-8327
3,1830,535,-99,-8309
3,1831,526,-108,-8316
3,1832,544,-97,-8325
3,1833,564,-99,-8337
3,1834,551,-106,-8348
3,1835,566,-108,-8339
3,1836,539,-107,-8335
3,1837,534,-91,-8323
3,1838,522,-91,-8338
3,1839,532,-99,-8332
3,1840,552,-116,-8334
3,1841,551,-103,-8335
3,1842,556,-99,-8332
3,1843,559,-100,-8341
3,1844,558,-93,-8319
3,1845,549,-93,-8329
3,1846,549,-102,-8347
3,1847,545,-105,-8343
3,1848,530,-90,-8334
3,1849,520,-92,-8350
3,1850,537,-103,-8351
3,1851,540,-106,-8355
3,1852,548,-97,-8345
3,1853,540,-97,-8348
3,1854,546,-95,-8331
3,1855,540,-95,-8322
3,1856,531,-102,-8330
3,1857,540,-109,-8324
3,1858,553,-107,-8337
3,1859,547,-114,-8337
3,1860,536,-115,-8329
3,1861,538,-101,-8316
3,1862,549,-105,-8324
3,1863,544,-107,-8316
3,1864,541,-98,-8330
3,1865,542,-105,-8346
3,1866,531,-111,-8350
3,1867,537,-104,-8326
3,1868,548,-109,-8328
3,1869,545,-94,-8326
3,1870,540,-88,-8336
3,1871,542,-73,-8337
3,1872,547,-80,-8344
3,1873,550,-92,-8330
3,1874,540,-87,-8340
3,1875,539,-91,-8356
3,1876,551,-101,-8356
3,1877,539,-109,-8367
3,1878,538,-119,-8348
3,1879,543,-106,-8333
3,1880,534,-94,-8331
3,1881,545,-87,-8343
3,1882,546,-97,-8346
3,1883,539,-106,-8336
3,1884,519,-109,-8334
3,1885,533,-107,-8348
3,1886,541,-102,-8348
3,1887,542,-87,-8357
3,1888,543,-99,-8344
3,1889,542,-97,-8354
3,1890,543,-92,-8351
3,1891,544,-96,-8331
3,1892,559,-99,-8329
3,1893,562,-100,-8348
3,1894,555,-105,-8347
3,1895,542,-105,-8340
3,1896,539,-112,-8338
3,1897,539,-107,-8349
3,1898,531,-103,-8348
3,1899,530,-104,-8359
3,1900,524,-91,-8356
3,1901,539,-100,-8346
3,1902,540,-88,-8338
3,1903,539,-91,-8335
3,1904,543,-91,-8335
3,1905,538,-95,-8334
3,1906,544,-88,-8335
3,1907,545,-94,-8341
3,1908,545,-93,-8347
3,1909,542,-106,-8350
3,1910,529,-114,-8325
3,1911,531,-111,-8322
3,1912,528,-117,-8333
3,1913,529,-116,-8350
3,1914,538,-121,-8342
3,1915,526,-111,-8330
3,1916,526,-118,-8316
3,1917,521,-103,-8306
3,1918,525,-102,-8324
3,1919,525,-95,-8353
3,1920,535,-99,-8330
3,1921,535,-103,-8325
3,1922,540,-99,-8332
3,1923,535,-104,-8337
3,1924,544,-101,-8344
3,1925,547,-101,-8339
3,1926,553,-99,-8337
3,1927,547,-91,-8330
3,1928,530,-90,-8322
3,1929,533,-94,-8322
3,1930,550,-105,-8329
3,1931,551,-103,-8347
3,1932,539,-116,-8338
3,1933,548,-111,-8322
3,1934,536,-107,-8327
3,1935,540,-104,-8333
3,1936,525,-93,-8316
3,1937,524,-97,-8330
3,1938,526,-108,-8311
3,1939,527,-127,-8310
3,1940,529,-108,-8323
3,1941,530,-103,-8321
3,1942,533,-112,-8340
3,1943,532,-111,-8347
3,1944,546,-99,-8345
3,1945,560,-91,-8339
3,1946,548,-98,-8352
3,1947,541,-106,-8361
3,1948,541,-105,-8352
3,1949,536,-112,-8359
3,1950,537,-109,-8352
3,1951,545,-115,-8349
3,1952,551,-126,-8351
3,1953,551,-109,-8346
3,1954,545,-110,-8334
3,1955,539,-106,-8353
3,1956,524,-104,-8344
3,1957,529,-100,-8332
3,1958,530,-99,-8342
3,1959,535,-105,-8355
3,1960,528,-104,-8363
3,1961,521,-111,-8338
3,1962,529,-115,-8340
3,1963,538,-114,-8343
3,1964,541,-122,-8355
3,1965,538,-106,-8346
3,1966,539,-98,-8332
3,1967,544,-100,-8349
3,1968,542,-115,-8351
3,1969,558,-110,-8365
3,1970,558,-106,-8354
3,1971,549,-98,-8337
3,1972,552,-94,-8357
3,1973,543,-103,-8360
3,1974,542,-99,-8354
3,1975,527,-94,-8347
3,1976,541,-92,-8353
3,1977,547,-106,-8351
3,1978,542,-109,-8348
3,1979,546,-97,-8332
3,1980,542,-107,-8332
3,1981,541,-100,-8359
3,1982,547,-104,-8357
3,1983,551,-103,-8346
3,1984,551,-112,-8323
3,1985,553,-101,-8307
3,1986,553,-97,-8321
3,1987,540,-104,-8329
3,1988,543,-116,-8322
3,1989,536,-119,-8318
3,1990,535,-132,-8331
3,1991,549,-118,-8328
3,1992,543,-114,-8344
3,1993,544,-100,-8362
3,1994,553,-101,-8354
3,1995,549,-97,-8347
3,1996,541,-92,-8337
3,1997,540,-93,-8342
3,1998,547,-86,-8343
3,1999,529,-98,-8353
3,2000,525,-108,-8357
3,2001,544,-113,-8364
3,2002,547,-115,-8345
3,2003,547,-111,-8335
3,2004,544,-95,-8339
3,2005,548,-97,-8337
3,2006,535,-108,-8331
3,2007,513,-109,-8323
3,2008,507,-104,-8324
3,2009,512,-106,-8324
3,2010,517,-102,-8339
3,2011,534,-102,-8359
3,2012,538,-103,-8368
3,2013,532,-108,-8367
3,2014,541,-99,-8357
3,2015,534,-98,-8338
3,2016,547,-90,-8329
3,2017,550,-90,-8344
3,2018,553,-96,-8349
3,2019,536,-95,-8339
3,2020,534,-103,-8342
3,2021,534,-105,-8336
3,2022,535,-106,-8340
3,2023,542,-108,-8334
3,2024,537,-99,-8338
3,2025,539,-95,-8344
3,2026,535,-106,-8348
3,2027,547,-113,-8341
3,2028,546,-118,-8345
3,2029,538,-127,-8335
3,2030,545,-114,-8337
3,2031,550,-118,-8346
3,2032,551,-125,-8355
3,2033,538,-119,-8344
3,2034,534,-102,-8346
3,2035,527,-109,-8334
3,2036,531,-109,-8336
3,2037,542,-113,-8338
3,2038,537,-113,-8346
3,2039,535,-127,-8340
3,2040,542,-127,-8342
3,2041,550,-123,-8350
3,2042,540,-107,-8352
3,2043,535,-101,-8355
3,2044,538,-108,-8357
3,2045,531,-95,-8350
3,2046,530,-100,-8348
3,2047,543,-96,-8359
3,2048,544,-105,-8353
3,2049,535,-112,-8344
3,2050,526,-114,-8348
3,2051,529,-109,-8352
3,2052,550,-103,-8339
3,2053,547,-102,-8345
3,2054,541,-108,-8354
3,2055,537,-103,-8338
3,2056,542,-97,-8343
3,2057,522,-95,-8350
3,2058,526,-100,-8342
3,2059,525,-93,-8332
3,2060,528,-96,-8323
3,2061,538,-107,-8329
3,2062,530,-107,-8338
3,2063,532,-98,-8346
3,2064,540,-102,-8348
3,2065,548,-104,-8347
3,2066,556,-112,-8349
3,2067,554,-102,-8341
3,2068,555,-92,-8363
3,2069,548,-101,-8350
3,2070,553,-111,-8337
3,2071,550,-108,-8338
3,2072,549,-113,-8343
3,2073,550,-107,-8366
3,2074,539,-105,-8364
3,2075,531,-104,-8354
3,2076,542,-104,-8355
3,2077,541,-103,-8370
3,2078,542,-99,-8363
3,2079,542,-84,-8356
3,2080,542,-82,-8343
3,2081,541,-87,-8351
3,2082,530,-108,-8352
3,2083,528,-111,-8347
3,2084,532,-106,-8348
3,2085,539,-104,-8351
3,2086,542,-96,-8349
3,2087,543,-87,-8345
3,2088,548,-82,-8335
3,2089,545,-92,-8327
3,2090,524,-96,-8343
3,2091,525,-111,-8359
3,2092,528,-126,-8391
3,2093,547,-121,-8376
3,2094,543,-106,-8396
3,2095,534,-104,-8387
3,2096,540,-110,-8377
3,2097,552,-99,-8381
3,2098,550,-108,-8371
3,2099,551,-108,-8388
3,2100,533,-91,-8368
3,2101,530,-94,-8341
3,2102,538,-101,-8329
3,2103,534,-107,-8328
3,2104,552,-111,-8322
3,2105,556,-103,-8353
3,2106,560,-96,-8358
3,2107,542,-104,-8359
3,2108,524,-104,-8369
3,2109,531,-99,-8361
3,2110,531,-118,-8358
3,2111,533,-115,-8363
3,2112,531,-112,-8349
3,2113,534,-119,-8349
3,2114,540,-110,-8352
3,2115,551,-102,-8370
3,2116,548,-96,-8356
3,2117,532,-99,-8360
3,2118,535,-104,-8366
3,2119,539,-101,-8367
3,2120,540,-103,-8362
3,2121,545,-102,-8346
3,2122,539,-110,-8333
3,2123,533,-110,-8341
3,2124,536,-98,-8350
3,2125,537,-107,-8333
3,2126,544,-117,-8338
3,2127,537,-110,-8329
3,2128,548,-116,-8328
3,2129,531,-102,-8341
3,2130,540,-101,-8332
3,2131,543,-104,-8329
3,2132,553,-106,-8342
3,2133,544,-102,-8343
3,2134,537,-107,-8346
3,2135,544,-113,-8351
3,2136,542,-102,-8324
3,2137,534,-109,-8331
3,2138,542,-117,-8341
3,2139,539,-114,-8328
3,2140,542,-112,-8331
3,2141,532,-116,-8313
3,2142,534,-119,-8336
3,2143,543,-112,-8334
3,2144,534,-111,-8332
3,2145,541,-111,-8321
3,2146,543,-104,-8325
3,2147,546,-111,-8356
3,2148,543,-109,-8353
3,2149,529,-108,-8361
3,2150,529,-100,-8375
3,2151,537,-107,-8364
3,2152,550,-100,-8340
3,2153,542,-108,-8336
3,2154,542,-123,-8346
3,2155,558,-115,-8355
3,2156,551,-120,-8361
3,2157,545,-123,-8348
3,2158,540,-111,-8365
3,2159,553,-98,-8367
3,2160,554,-89,-8346
3,2161,555,-92,-8348
3,2162,557,-101,-8356
3,2163,556,-98,-8349
3,2164,552,-101,-8357
3,2165,544,-105,-8378
3,2166,526,-96,-8379
3,2167,525,-98,-8362
3,2168,517,-99,-8348
3,2169,518,-113,-8346
3,2170,528,-113,-8343
3,2171,532,-107,-8351
3,2172,531,-100,-8354
3,2173,533,-93,-8360
3,2174,552,-96,-8360
3,2175,550,-91,-8342
3,2176,549,-101,-8348
3,2177,548,-103,-8345
3,2178,544,-97,-8352
3,2179,551,-79,-8358
3,2180,547,-87,-8359
3,2181,563,-98,-8343
3,2182,554,-101,-8310
3,2183,557,-103,-8309
3,2184,541,-93,-8337
3,2185,548,-107,-8348
3,2186,544,-109,-8360
3,2187,527,-107,-8342
3,2188,522,-107,-8340
3,2189,526,-100,-8357
3,2190,533,-95,-8365
3,2191,530,-102,-8350
3,2192,519,-94,-8373
3,2193,518,-94,-8367
3,2194,526,-96,-8355
3,2195,539,-109,-8357
3,2196,545,-118,-8347
3,2197,559,-119,-8352
3,2198,563,-120,-8354
3,2199,562,-108,-8360
3,2200,557,-107,-8343
3,2201,553,-107,-8346
3,2202,552,-102,-8353
3,2203,558,-116,-8344
3,2204,553,-123,-8348
3,2205,550,-133,-8354
3,2206,540,-115,-8347
3,2207,538,-110,-8338
3,2208,542,-106,-8346
3,2209,524,-96,-8353
3,2210,524,-93,-8347
3,2211,529,-78,-8337
3,2212,537,-82,-8339
3,2213,533,-84,-8340
3,2214,540,-92,-8352
3,2215,538,-91,-8350
3,2216,540,-102,-8348
3,2217,555,-102,-8363
3,2218,550,-106,-8352
3,2219,547,-104,-8340
3,2220,545,-104,-8345
3,2221,549,-106,-8356
3,2222,538,-112,-8358
3,2223,532,-111,-8371
3,2224,529,-95,-8371
3,2225,539,-96,-8346
3,2226,552,-104,-8337
3,2227,547,-110,-8341
3,2228,553,-113,-8323
3,2229,555,-117,-8338
3,2230,541,-112,-8339
3,2231,532,-114,-8354
3,2232,531,-89,-8338
3,2233,535,-90,-8335
3,2234,537,-104,-8327
3,2235,530,-92,-8356
3,2236,529,-101,-8337
3,2237,541,-114,-8339
3,2238,547,-113,-8349
3,2239,543,-104,-8348
3,2240,545,-111,-8334
3,2241,552,-109,-8334
3,2242,541,-106,-8356
3,2243,531,-97,-8349
3,2244,540,-97,-8345
3,2245,533,-98,-8362
3,2246,534,-95,-8353
3,2247,538,-98,-8315
3,2248,525,-102,-8323
3,2249,536,-93,-8328
3,2250,523,-97,-8328
3,2251,540,-89,-8339
3,2252,535,-81,-8336
3,2253,537,-77,-8348
3,2254,542,-80,-8342
3,2255,531,-88,-8340
3,2256,524,-105,-8352
3,2257,527,-114,-8363
3,2258,516,-115,-8349
3,2259,512,-113,-8339
3,2260,515,-115,-8346
3,2261,516,-109,-8337
3,2262,538,-113,-8346
3,2263,546,-114,-8345
3,2264,535,-114,-8347
3,2265,540,-126,-8356
3,2266,554,-120,-8343
3,2267,557,-116,-8335
3,2268,546,-111,-8347
3,2269,544,-114,-8344
3,2270,547,-120,-8337
3,2271,545,-108,-8334
3,2272,539,-106,-8368
3,2273,543,-103,-8349
3,2274,536,-108,-8346
3,2275,538,-100,-8362
3,2276,524,-99,-8356
3,2277,531,-108,-8344
3,2278,529,-116,-8325
3,2279,533,-121,-8328
3,2280,537,-117,-8336
3,2281,543,-108,-8343
3,2282,542,-92,-8349
3,2283,545,-89,-8355
3,2284,548,-103,-8352
3,2285,549,-104,-8377
3,2286,554,-116,-8354
3,2287,555,-111,-8347
3,2288,553,-103,-8339
3,2289,561,-99,-8345
3,2290,552,-109,-8341
3,2291,547,-117,-8342
3,2292,547,-111,-8347
3,2293,536,-115,-8333
3,2294,551,-115,-8318
3,2295,557,-99,-8337
3,2296,550,-106,-8355
3,2297,536,-89,-8351
3,2298,540,-83,-8347
3,2299,549,-90,-8342
3,2300,541,-94,-8337
3,2301,548,-93,-8355
3,2302,542,-94,-8374
3,2303,543,-107,-8377
3,2304,558,-98,-8350
3,2305,556,-97,-8336
3,2306,546,-89,-8345
3,2307,537,-81,-8348
3,2308,546,-88,-8355
3,2309,553,-94,-8334
3,2310,542,-99,-8327
3,2311,520,-95,-8333
3,2312,530,-98,-8340
3,2313,541,-97,-8360
3,2314,541,-101,-8361
3,2315,546,-99,-8368
3,2316,547,-95,-8345
3,2317,538,-97,-8353
3,2318,553,-103,-8356
3,2319,556,-114,-8344
3,2320,541,-104,-8352
3,2321,547,-105,-8367
3,2322,549,-92,-8371
3,2323,549,-91,-8342
3,2324,544,-98,-8317
3,2325,542,-95,-8321
3,2326,544,-101,-8312
3,2327,546,-106,-8321
3,2328,544,-107,-8323
3,2329,544,-105,-8331
3,2330,540,-116,-8340
3,2331,547,-109,-8323
3,2332,531,-104,-8323
3,2333,534,-102,-8316
3,2334,559,-88,-8326
3,2335,553,-77,-8331
3,2336,556,-98,-8309
3,2337,541,-105,-8316
3,2338,540,-110,-8327
3,2339,545,-109,-8325
3,2340,540,-109,-8330
3,2341,524,-101,-8341
3,2342,512,-101,-8360
3,2343,514,-92,-8337
3,2344,525,-103,-8337
3,2345,533,-99,-8352
3,2346,528,-110,-8359
3,2347,525,-107,-8365
3,2348,513,-110,-8337
3,2349,518,-109,-8336
3,2350,530,-98,-8342
3,2351,540,-97,-8330
3,2352,537,-97,-8314
3,2353,539,-99,-8309
3,2354,541,-100,-8306
3,2355,545,-105,-8332
3,2356,546,-100,-8346
3,2357,544,-107,-8341
3,2358,538,-111,-8336
3,2359,534,-110,-8334
3,2360,538,-116,-8345
3,2361,539,-96,-8348
3,2362,528,-95,-8365
3,2363,543,-103,-8361
3,2364,539,-102,-8349
3,2365,540,-92,-8359
3,2366,533,-97,-8374
3,2367,545,-100,-8376
3,2368,538,-100,-8369
3,2369,552,-111,-8356
3,2370,538,-112,-8338
3,2371,543,-109,-8355
3,2372,551,-103,-8351
3,2373,551,-104,-8341
3,2374,540,-97,-8340
3,2375,539,-94,-8329
3,2376,534,-86,-8343
3,2377,534,-92,-8333
3,2378,533,-96,-8304
3,2379,533,-113,-8328
3,2380,532,-97,-8343
3,2381,537,-104,-8349
3,2382,536,-99,-8358
3,2383,537,-109,-8356
3,2384,537,-98,-8355
3,2385,540,-105,-8356
3,2386,527,-102,-8341
3,2387,523,-103,-8355
3,2388,531,-108,-8370
3,2389,536,-105,-8358
3,2390,554,-106,-8351
3,2391,566,-110,-8333
3,2392,559,-97,-8320
3,2393,551,-99,-8313
3,2394,541,-104,-8312
3,2395,536,-111,-8314
3,2396,534,-110,-8318
3,2397,533,-114,-8324
3,2398,545,-108,-8324
3,2399,549,-115,-8331
3,2400,534,-113,-8338
3,2401,534,-108,-8343
3,2402,544,-121,-8331
3,2403,528,-117,-8320
3,2404,538,-113,-8315
3,2405,536,-110,-8337
3,2406,536,-109,-8332
3,2407,538,-101,-8335
3,2408,541,-109,-8333
3,2409,551,-109,-8340
3,2410,558,-112,-8333
3,2411,552,-100,-8345
3,2412,536,-107,-8347
3,2413,527,-106,-8333
3,2414,527,-106,-8351
3,2415,530,-114,-8351
3,2416,526,-115,-8343
3,2417,524,-104,-8337
3,2418,524,-78,-8339
3,2419,521,-93,-8353
3,2420,520,-94,-8364
3,2421,525,-94,-8354
3,2422,530,-101,-8341
3,2423,532,-111,-8351
3,2424,536,-93,-8360
3,2425,523,-91,-8345
3,2426,534,-100,-8338
3,2427,529,-104,-8344
3,2428,531,-100,-8344
3,2429,522,-102,-8339
3,2430,529,-100,-8346
3,2431,541,-92,-8346
3,2432,530,-85,-8325
3,2433,537,-88,-8334
3,2434,557,-82,-8323
3,2435,559,-81,-8340
3,2436,538,-103,-8350
3,2437,530,-98,-8362
3,2438,535,-89,-8353
3,2439,523,-98,-8349
3,2440,530,-91,-8347
3,2441,540,-100,-8338
3,2442,536,-92,-8324
3,2443,549,-103,-8322
3,2444,534,-103,-8325
3,2445,534,-110,-8322
3,2446,523,-116,-8339
3,2447,522,-117,-8347
3,2448,527,-102,-8353
3,2449,523,-95,-8341
3,2450,522,-89,-8344
3,2451,528,-88,-8341
3,2452,535,-105,-8346
3,2453,532,-116,-8343
3,2454,531,-113,-8338
3,2455,523,-101,-8343
3,2456,521,-91,-8353
3,2457,535,-84,-8354
3,2458,539,-98,-8368
3,2459,542,-102,-8362
3,2460,539,-106,-8361
3,2461,532,-89,-8355
3,2462,542,-79,-8350
3,2463,542,-93,-8353
3,2464,535,-104,-8333
3,2465,525,-103,-8320
3,2466,509,-96,-8336
3,2467,511,-95,-8343
3,2468,515,-97,-8338
3,2469,524,-105,-8333
3,2470,525,-106,-8320
3,2471,526,-95,-8335
3,2472,530,-99,-8344
3,2473,539,-104,-8336
3,2474,550,-112,-8341
3,2475,539,-107,-8355
3,2476,539,-111,-8358
3,2477,541,-109,-8366
3,2478,534,-105,-8352
3,2479,530,-101,-8333
3,2480,542,-101,-8343
3,2481,545,-112,-8339
3,2482,540,-116,-8344
3,2483,539,-118,-8350
3,2484,528,-108,-8345
3,2485,516,-110,-8345
3,2486,536,-108,-8331
3,2487,544,-110,-8328
3,2488,545,-107,-8337
3,2489,543,-102,-8355
3,2490,545,-96,-8363
3,2491,552,-102,-8350
3,2492,545,-94,-8357
3,2493,550,-85,-8354
3,2494,556,-105,-8332
3,2495,551,-104,-8344
3,2496,547,-98,-8347
3,2497,542,-97,-8336
4,0,532,-107,-8357
4,1,538,-115,-8366
4,2,542,-109,-8352
4,3,548,-103,-8363
4,4,543,-112,-8367
4,5,553,-110,-8365
4,6,546,-102,-8363
4,7,553,-106,-8363
4,8,550,-112,-8360
4,9,553,-106,-8350
4,10,554,-104,-8353
4,11,553,-104,-8348
4,12,552,-102,-8347
4,13,539,-104,-8344
4,14,543,-101,-8342
4,15,545,-101,-8346
4,16,534,-107,-8364
4,17,532,-114,-8357
4,18,540,-108,-8360
4,19,549,-107,-8351
4,20,540,-113,-8340
4,21,545,-116,-8330
4,22,529,-113,-8328
4,23,548,-97,-8339
4,24,560,-96,-8328
4,25,569,-101,-8340
4,26,554,-97,-8348
4,27,558,-89,-8331
4,28,554,-96,-8344
4,29,556,-82,-8365
4,30,537,-84,-8362
4,31,542,-82,-8343
4,32,541,-98,-8332
4,33,543,-112,-8337
4,34,541,-120,-8333
4,35,550,-114,-8348
4,36,549,-106,-8348
4,37,547,-103,-8356
4,38,555,-107,-8357
4,39,552,-107,-8332
4,40,562,-102,-8324
4,41,550,-104,-8343
4,42,554,-103,-8343
4,43,549,-91,-8345
4,44,547,-103,-8331
4,45,549,-113,-8350
4,46,542,-117,-8320
4,47,542,-113,-8322
4,48,531,-110,-8338
4,49,547,-103,-8352
4,50,549,-97,-8359
4,51,545,-94,-8349
4,52,548,-95,-8373
4,53,541,-101,-8364
4,54,554,-97,-8366
4,55,543,-90,-8370
4,56,546,-99,-8352
4,57,554,-98,-8346
4,58,565,-89,-8341
4,59,554,-83,-8334
4,60,539,-87,-8334
4,61,529,-113,-8338
4,62,535,-113,-8327
4,63,549,-114,-8336
4,64,544,-117,-8331
4,65,545,-113,-8348
4,66,543,-100,-8341
4,67,540,-95,-8331
4,68,546,-106,-8337
4,69,536,-99,-8339
4,70,532,-94,-8358
4,71,537,-98,-8364
4,72,543,-99,-8373
4,73,534,-102,-8367
4,74,525,-103,-8354
4,75,538,-102,-8339
4,76,550,-113,-8348
4,77,551,-117,-8342
4,78,554,-108,-8352
4,79,550,-107,-8348
4,80,559,-108,-8336
4,81,543,-110,-8332
4,82,531,-102,-8352
4,83,534,-111,-8346
4,84,542,-112,-8338
4,85,543,-117,-8351
4,86,532,-110,-8360
4,87,529,-95,-8352
4,88,534,-96,-8337
4,89,546,-97,-8343
4,90,547,-95,-8351
4,91,533,-105,-8354
4,92,534,-116,-8346
4,93,539,-109,-8342
4,94,534,-107,-8338
4,95,548,-113,-8331
4,96,543,-119,-8329
4,97,539,-119,-8344
4,98,526,-112,-8326
4,99,532,-108,-8324
4,100,535,-108,-8332
4,101,538,-99,-8342
4,102,546,-101,-8351
4,103,544,-96,-8351
4,104,543,-102,-8354
4,105,544,-104,-8363
4,106,542,-104,-8369
4,107,538,-91,-8373
4,108,523,-88,-8360
4,109,523,-88,-8343
4,110,527,-96,-8351
4,111,540,-93,-8338
4,112,557,-101,-8347
4,113,547,-105,-8349
4,114,548,-104,-8350
4,115,547,-104,-8352
4,116,546,-95,-8364
4,117,547,-92,-8373
4,118,548,-92,-8366
4,119,546,-98,-8353
4,120,540,-96,-8361
4,121,550,-95,-8366
4,122,544,-100,-8357
4,123,552,-106,-8338
4,124,546,-108,-8365
4,125,537,-109,-8373
4,126,530,-119,-8369
4,127,543,-123,-8353
4,128,539,-120,-8347
4,129,537,-117,-8350
4,130,544,-107,-8366
4,131,538,-108,-8353
4,132,537,-104,-8337
4,133,532,-98,-8322
4,134,537,-95,-8324
4,135,541,-114,-8337
4,136,536,-106,-8355
4,137,540,-115,-8351
4,138,538,-103,-8341
4,139,542,-113,-8351
4,140,556,-108,-8361
4,141,539,-99,-8350
4,142,550,-99,-8368
4,143,555,-107,-8349
4,144,561,-103,-8352
4,145,572,-96,-8355
4,146,559,-96,-8368
4,147,542,-121,-8353
4,148,537,-121,-8349
4,149,540,-110,-8338
4,150,531,-122,-8351
4,151,529,-121,-8361
4,152,529,-102,-8368
4,153,546,-100,-8376
4,154,549,-103,-8368
4,155,547,-102,-8361
4,156,552,-105,-8345
4,157,533,-101,-8332
4,158,538,-101,-8332
4,159,544,-104,-8329
4,160,544,-106,-8337
4,161,538,-98,-8342
4,162,543,-98,-8368
4,163,542,-90,-8376
4,164,548,-91,-8366
4,165,550,-103,-8381
4,166,547,-104,-8366
4,167,546,-107,-8348
4,168,551,-116,-8348
4,169,543,-107,-8334
4,170,543,-96,-8338
4,171,541,-86,-8348
4,172,534,-97,-8355
4,173,543,-96,-8360
4,174,541,-115,-8370
4,175,542,-126,-8370
4,176,542,-110,-8357
4,177,540,-113,-8347
4,178,540,-114,-8337
4,179,543,-104,-8342
4,180,524,-110,-8365
4,181,528,-106,-8362
4,182,528,-99,-8354
4,183,533,-109,-8374
4,184,530,-109,-8367
4,185,534,-106,-8356
4,186,532,-95,-8327
4,187,540,-107,-8339
4,188,541,-119,-8342
4,189,544,-109,-8345
4,190,554,-95,-8353
4,191,548,-101,-8364
4,192,541,-105,-8356
4,193,549,-100,-8373
4,194,546,-97,-8352
4,195,549,-97,-8366
4,196,547,-85,-8367
4,197,549,-90,-8365
4,198,556,-105,-8351
4,199,547,-101,-8358
4,200,552,-113,-8349
4,201,547,-110,-8355
4,202,544,-105,-8349
4,203,555,-110,-8337
4,204,546,-127,-8335
4,205,528,-130,-8338
4,206,532,-113,-8336
4,207,534,-103,-8330
4,208,539,-102,-8340
4,209,530,-100,-8340
4,210,531,-109,-8353
4,211,528,-107,-8369
4,212,518,-111,-8357
4,213,525,-105,-8354
4,214,541,-100,-8355
4,215,543,-109,-8358
4,216,545,-105,-8330
4,217,541,-100,-8332
4,218,542,-94,-8337
4,219,544,-95,-8341
4,220,532,-104,-8349
4,221,523,-106,-8355
4,222,539,-98,-8364
4,223,539,-100,-8374
4,224,524,-102,-8364
4,225,527,-101,-8358
4,226,536,-101,-8353
4,227,545,-96,-8348
4,228,539,-100,-8352
4,229,541,-102,-8364
4,230,540,-95,-8352
4,231,549,-111,-8357
4,232,540,-119,-8342
4,233,546,-115,-8342
4,234,548,-108,-8352
4,235,547,-106,-8339
4,236,543,-103,-8328
4,237,533,-110,-8330
4,238,525,-104,-8330
4,239,524,-106,-8349
4,240,524,-119,-8347
4,241,537,-124,-8345
4,242,547,-111,-8356
4,243,544,-104,-8341
4,244,537,-95,-8346
4,245,548,-90,-8369
4,246,533,-94,-8365
4,247,530,-88,-8361
4,248,531,-85,-8371
4,249,531,-86,-8353
4,250,540,-95,-8358
4,251,544,-88,-8347
4,252,559,-97,-8342
4,253,552,-102,-8351
4,254,562,-106,-8359
4,255,550,-101,-8355
4,256,537,-104,-8357
4,257,531,-98,-8367
4,258,532,-99,-8348
4,259,537,-99,-8343
4,260,544,-88,-8342
4,261,532,-90,-8350
4,262,523,-97,-8348
4,263,515,-100,-8342
4,264,525,-106,-8325
4,265,542,-104,-8335
4,266,540,-98,-8358
4,267,547,-96,-8353
4,268,552,-102,-8341
4,269,554,-107,-8344
4,270,550,-91,-8340
4,271,546,-108,-8348
4,272,544,-105,-8340
4,273,552,-116,-8368
4,274,546,-109,-8363
4,275,548,-106,-8350
4,276,549,-114,-8357
4,277,552,-108,-8343
4,278,545,-103,-8340
4,279,553,-95,-8350
4,280,546,-102,-8354
4,281,544,-97,-8357
4,282,524,-94,-8355
4,283,527,-93,-8347
4,284,529,-90,-8354
4,285,541,-95,-8345
4,286,535,-103,-8327
4,287,531,-112,-8310
4,288,540,-104,-8331
4,289,554,-103,-8327
4,290,558,-109,-8339
4,291,541,-101,-8343
4,292,538,-103,-8337
4,293,529,-108,-8348
4,294,525,-116,-8348
4,295,525,-120,-8341
4,296,523,-120,-8365
4,297,525,-115,-8377
4,298,527,-111,-8372
4,299,539,-124,-8354
4,300,534,-109,-8344
4,301,546,-106,-8337
4,302,535,-96,-8342
4,303,534,-108,-8345
4,304,536,-123,-8352
4,305,536,-122,-8351
4,306,539,-118,-8318
4,307,548,-115,-8324
4,308,543,-105,-8322
4,309,546,-100,-8318
4,310,541,-101,-8340
4,311,546,-113,-8337
4,312,540,-118,-8339
4,313,553,-117,-8352
4,314,552,-105,-8342
4,315,542,-90,-8341
4,316,549,-93,-8340
4,317,549,-87,-8339
4,318,541,-90,-8338
4,319,548,-100,-8363
4,320,536,-108,-8370
4,321,525,-104,-8370
4,322,531,-114,-8362
4,323,530,-108,-8342
4,324,527,-102,-8347
4,325,531,-110,-8346
4,326,536,-109,-8343
4,327,533,-118,-8322
4,328,533,-112,-8321
4,329,539,-110,-8332
4,330,555,-104,-8321
4,331,567,-109,-8335
4,332,558,-107,-8311
4,333,550,-110,-8321
4,334,544,-108,-8329
4,335,548,-112,-8347
4,336,558,-117,-8358
4,337,556,-113,-8364
4,338,556,-110,-8346
4,339,556,-95,-8353
4,340,548,-89,-8350
4,341,560,-98,-8356
4,342,550,-107,-8365
4,343,543,-103,-8352
4,344,552,-105,-8323
4,345,545,-107,-8330
4,346,540,-104,-8354
4,347,547,-77,-8349
4,348,544,-80,-8351
4,349,543,-84,-8343
4,350,540,-102,-8354
4,351,537,-105,-8357
4,352,535,-115,-8354
4,353,532,-114,-8352
4,354,530,-111,-8353
4,355,536,-99,-8354
4,356,541,-114,-8364
4,357,547,-119,-8370
4,358,542,-117,-8359
4,359,539,-97,-8344
4,360,555,-103,-8330
4,361,543,-105,-8338
4,362,535,-100,-8339
4,363,541,-100,-8349
4,364,541,-100,-8349
4,365,524,-99,-8340
4,366,523,-104,-8339
4,367,518,-93,-8340
4,368,524,-99,-8346
4,369,534,-106,-8346
4,370,545,-107,-8352
4,371,545,-103,-8349
4,372,540,-98,-8353
4,373,546,-99,-8335
4,374,540,-104,-8323
4,375,535,-97,-8325
4,376,531,-108,-8325
4,377,534,-103,-8330
4,378,547,-106,-8316
4,379,555,-94,-8319
4,380,546,-108,-8325
4,381,544,-108,-8332
4,382,535,-106,-8348
4,383,549,-106,-8369
4,384,543,-105,-8364
4,385,538,-112,-8340
4,386,544,-115,-8329
4,387,546,-100,-8348
4,388,532,-101,-8357
4,389,530,-113,-8365
4,390,538,-106,-8358
4,391,548,-97,-8359
4,392,541,-97,-8360
4,393,526,-98,-8359
4,394,534,-98,-8354
4,395,541,-106,-8345
4,396,541,-102,-8344
4,397,542,-105,-8338
4,398,537,-114,-8324
4,399,543,-117,-8340
4,400,544,-112,-8334
4,401,544,-107,-8338
4,402,534,-121,-8350
4,403,540,-114,-8350
4,404,544,-94,-8336
4,405,532,-86,-8337
4,406,526,-90,-8333
4,407,522,-96,-8321
4,408,532,-88,-8347
4,409,551,-88,-8348
4,410,539,-104,-8344
4,411,531,-98,-8333
4,412,531,-98,-8326
4,413,540,-105,-8318
4,414,545,-110,-8330
4,415,551,-118,-8338
4,416,542,-111,-8345
4,417,526,-102,-8345
4,418,526,-114,-8345
4,419,527,-122,-8342
4,420,534,-124,-8337
4,421,538,-110,-8349
4,422,545,-109,-8376
4,423,538,-107,-8361
4,424,530,-108,-8368
4,425,525,-116,-8363
4,426,535,-130,-8356
4,427,547,-119,-8367
4,428,529,-121,-8347
4,429,518,-116,-8345
4,430,520,-111,-8368
4,431,530,-119,-8365
4,432,524,-108,-8366
4,433,526,-110,-8348
4,434,533,-102,-8360
4,435,537,-117,-8361
4,436,545,-119,-8355
4,437,550,-113,-8350
4,438,535,-119,-8355
4,439,544,-128,-8365
4,440,543,-122,-8365
4,441,540,-109,-8363
4,442,536,-107,-8348
4,443,540,-112,-8344
4,444,558,-120,-8339
4,445,560,-106,-8329
4,446,552,-97,-8335
4,447,542,-107,-8314
4,448,538,-103,-8310
4,449,531,-96,-8299
4,450,521,-93,-8308
4,451,526,-86,-8325
4,452,538,-86,-8326
4,453,532,-86,-8330
4,454,527,-96,-8334
4,455,528,-110,-8341
4,456,527,-117,-8333
4,457,539,-117,-8350
4,458,539,-107,-8343
4,459,536,-123,-8338
4,460,544,-111,-8334
4,461,547,-112,-8346
4,462,554,-118,-8336
4,463,549,-121,-8334
4,464,551,-114,-8329
4,465,545,-122,-8364
4,466,531,-114,-8358
4,467,533,-111,-8348
4,468,534,-109,-8356
4,469,532,-112,-8367
4,470,533,-106,-8368
4,471,529,-106,-8344
4,472,530,-107,-8337
4,473,531,-104,-8335
4,474,541,-94,-8339
4,475,547,-105,-8339
4,476,538,-91,-8347
4,477,532,-87,-8330
4,478,518,-93,-8312
4,479,521,-101,-8309
4,480,529,-105,-8320
4,481,543,-101,-8336
4,482,543,-105,-8354
4,483,543,-95,-8353
4,484,530,-87,-8349
4,485,540,-94,-8341
4,486,549,-103,-8339
4,487,540,-91,-8329
4,488,542,-99,-8356
4,489,544,-99,-8358
4,490,538,-110,-8341
4,491,536,-97,-8345
4,492,540,-94,-8343
4,493,534,-104,-8330
4,494,531,-108,-8360
4,495,533,-104,-8357
4,496,536,-99,-8362
4,497,550,-112,-8377
4,498,548,-124,-8369
4,499,543,-126,-8339
4,500,540,-110,-8329
4,501,546,-110,-8326
4,502,565,-100,-8333
4,503,543,-97,-8333
4,504,537,-105,-8331
4,505,549,-99,-8328
4,506,540,-103,-8336
4,507,536,-102,-8346
4,508,537,-102,-8341
4,509,539,-109,-8323
4,510,545,-104,-8330
4,511,553,-97,-8320
4,512,536,-97,-8326
4,513,544,-107,-8327
4,514,543,-110,-8320
4,515,535,-97,-8336
4,516,541,-104,-8354
4,517,541,-109,-8364
4,518,544,-108,-8345
4,519,541,-111,-8342
4,520,544,-123,-8343
4,521,527,-115,-8341
4,522,538,-119,-8339
4,523,547,-111,-8322
4,524,553,-110,-8330
4,525,533,-116,-8332
4,526,523,-110,-8342
4,527,534,-120,-8338
4,528,543,-119,-8356
4,529,532,-119,-8341
4,530,536,-114,-8337
4,531,541,-109,-8334
4,532,538,-110,-8341
4,533,533,-111,-8347
4,534,532,-113,-8354
4,535,536,-107,-8352
4,536,536,-112,-8338
4,537,533,-116,-8331
4,538,543,-109,-8338
4,539,542,-103,-8327
4,540,540,-103,-8334
4,541,542,-103,-8337
4,542,546,-107,-8333
4,543,538,-93,-8346
4,544,532,-105,-8338
4,545,530,-101,-8351
4,546,524,-101,-8354
4,547,532,-109,-8349
4,548,538,-105,-8367
4,549,541,-111,-8356
4,550,530,-100,-8335
4,551,543,-91,-8343
4,552,534,-90,-8345
4,553,531,-90,-8358
4,554,532,-93,-8342
4,555,542,-92,-8329
4,556,546,-97,-8342
4,557,560,-96,-8358
4,558,553,-104,-8349
4,559,550,-107,-8327
4,560,545,-108,-8343
4,561,539,-110,-8332
4,562,541,-104,-8328
4,563,542,-102,-8336
4,564,542,-113,-8347
4,565,540,-113,-8334
4,566,541,-120,-8332
4,567,529,-121,-8334
4,568,528,-123,-8331
4,569,523,-115,-8337
4,570,524,-109,-8339
4,571,535,-97,-8329
4,572,537,-94,-8349
4,573,544,-90,-8346
4,574,538,-91,-8345
4,575,533,-108,-8360
4,576,536,-93,-8338
4,577,540,-95,-8338
4,578,541,-95,-8354
4,579,554,-105,-8350
4,580,548,-120,-8356
4,581,545,-128,-8346
4,582,537,-123,-8335
4,583,529,-119,-8346
4,584,543,-109,-8347
4,585,545,-93,-8350
4,586,551,-90,-8357
4,587,539,-83,-8360
4,588,545,-96,-8367
4,589,532,-110,-8350
4,590,537,-103,-8339
4,591,535,-107,-8345
4,592,542,-118,-8339
4,593,531,-114,-8338
4,594,540,-115,-8323
4,595,541,-108,-8337
4,596,551,-104,-8339
4,597,552,-102,-8333
4,598,554,-110,-8339
4,599,548,-105,-8338
4,600,532,-104,-8343
4,601,528,-108,-8344
4,602,527,-103,-8346
4,603,540,-99,-8337
4,604,553,-96,-8352
4,605,554,-94,-8359
4,606,562,-97,-8383
4,607,555,-102,-8365
4,608,527,-114,-8346
4,609,518,-116,-8328
4,610,527,-118,-8306
4,611,534,-116,-8312
4,612,538,-119,-8345
4,613,535,-122,-8350
4,614,545,-113,-8356
4,615,546,-105,-8351
4,616,533,-93,-8348
4,617,529,-103,-8353
4,618,535,-107,-8340
4,619,534,-92,-8325
4,620,532,-96,-8320
4,621,543,-100,-8329
4,622,551,-97,-8320
4,623,542,-100,-8321
4,624,538,-105,-8319
4,625,546,-100,-8319
4,626,541,-108,-8322
4,627,542,-108,-8328
4,628,537,-105,-8324
4,629,528,-107,-8340
4,630,530,-100,-8337
4,631,532,-89,-8334
4,632,540,-89,-8331
4,633,544,-82,-8344
4,634,524,-84,-8358
4,635,528,-89,-8363
4,636,531,-122,-8344
4,637,530,-133,-8366
4,638,534,-128,-8369
4,639,533,-111,-8358
4,640,533,-111,-8360
4,641,529,-110,-8359
4,642,527,-105,-8342
4,643,524,-111,-8348
4,644,531,-110,-8347
4,645,535,-100,-8345
4,646,536,-101,-8348
4,647,550,-111,-8362
4,648,552,-117,-8347
4,649,562,-110,-8344
4,650,552,-99,-8341
4,651,544,-92,-8343
4,652,556,-102,-8355
4,653,548,-107,-8351
4,654,548,-110,-8334
4,655,544,-113,-8319
4,656,544,-94,-8333
4,657,533,-91,-8353
4,658,550,-104,-8362
4,659,551,-110,-8363
4,660,551,-111,-8366
4,661,551,-102,-8366
4,662,543,-94,-8378
4,663,549,-106,-8371
4,664,560,-97,-8368
4,665,547,-89,-8359
4,666,545,-91,-8332
4,667,549,-107,-8340
4,668,550,-91,-8343
4,669,545,-102,-8341
4,670,549,-116,-8346
4,671,551,-114,-8362
4,672,546,-124,-8372
4,673,552,-125,-8359
4,674,557,-114,-8341
4,675,549,-88,-8331
4,676,547,-108,-8349
4,677,549,-111,-8347
4,678,551,-110,-8342
4,679,538,-108,-8351
4,680,543,-103,-8346
4,681,538,-103,-8354
4,682,544,-96,-8358
4,683,550,-100,-8347
4,684,554,-86,-8348
4,685,553,-92,-8346
4,686,552,-93,-8331
4,687,553,-95,-8320
4,688,541,-100,-8335
4,689,541,-93,-8335
4,690,549,-90,-8340
4,691,549,-94,-8349
4,692,552,-87,-8350
4,693,552,-82,-8353
4,694,563,-88,-8339
4,695,562,-101,-8333
4,696,541,-105,-8344
4,697,538,-103,-8346
4,698,537,-102,-8362
4,699,546,-108,-8366
4,700,548,-118,-8368
4,701,545,-109,-8348
4,702,551,-111,-8347
4,703,555,-104,-8343
4,704,563,-100,-8351
4,705,554,-94,-8357
4,706,556,-95,-8360
4,707,548,-96,-8358
4,708,532,-96,-8356
4,709,549,-107,-8359
4,710,543,-93,-8358
4,711,544,-78,-8358
4,712,549,-77,-8354
4,713,538,-91,-8337
4,714,537,-100,-8339
4,715,534,-114,-8332
4,716,526,-120,-8341
4,717,536,-124,-8345
4,718,536,-120,-8352
4,719,542,-106,-8359
4,720,545,-94,-8360
4,721,545,-103,-8362
4,722,547,-111,-8367
4,723,541,-118,-8344
4,724,522,-129,-8339
4,725,521,-127,-8335
4,726,529,-127,-8340
4,727,543,-130,-8334
4,728,543,-104,-8339
4,729,533,-87,-8342
4,730,526,-88,-8354
4,731,535,-96,-8354
4,732,533,-95,-8340
4,733,529,-93,-8331
4,734,526,-109,-8341
4,735,531,-116,-8347
4,736,529,-108,-8360
4,737,545,-109,-8339
4,738,546,-112,-8340
4,739,551,-113,-8355
4,740,551,-117,-8348
4,741,548,-122,-8353
4,742,558,-119,-8350
4,743,559,-118,-8365
4,744,537,-119,-8364
4,745,544,-122,-8346
4,746,553,-114,-8348
4,747,567,-99,-8351
4,748,569,-103,-8359
4,749,560,-120,-8348
4,750,544,-110,-8360
4,751,534,-112,-8347
4,752,527,-113,-8355
4,753,530,-114,-8351
4,754,531,-103,-8356
4,755,526,-113,-8356
4,756,529,-118,-8364
4,757,526,-110,-8382
4,758,537,-109,-8386
4,759,543,-108,-8373
4,760,540,-116,-8348
4,761,534,-110,-8339
4,762,544,-115,-8341
4,763,544,-111,-8343
4,764,543,-108,-8340
4,765,552,-105,-8334
4,766,560,-113,-8340
4,767,552,-109,-8356
4,768,547,-100,-8356
4,769,545,-112,-8362
4,770,542,-115,-8344
4,771,532,-119,-8344
4,772,538,-117,-8364
4,773,540,-116,-8346
4,774,524,-117,-8358
4,775,530,-120,-8364
4,776,540,-130,-8352
4,777,541,-123,-8345
4,778,543,-115,-8343
4,779,533,-110,-8344
4,780,541,-114,-8357
4,781,538,-116,-8361
4,782,535,-105,-8343
4,783,542,-101,-8325
4,784,532,-97,-8338
4,785,525,-102,-8342
4,786,532,-113,-8328
4,787,544,-113,-8340
4,788,553,-101,-8348
4,789,557,-99,-8348
4,790,557,-99,-8335
4,791,537,-103,-8329
4,792,531,-101,-8345
4,793,538,-107,-8367
4,794,532,-102,-8353
4,795,541,-103,-8367
4,796,547,-108,-8372
4,797,541,-101,-8360
4,798,549,-108,-8359
4,799,547,-107,-8337
4,800,557,-116,-8339
4,801,556,-112,-8343
4,802,546,-112,-8337
4,803,543,-113,-8351
4,804,531,-111,-8353
4,805,536,-101,-8351
4,806,546,-111,-8340
4,807,545,-99,-8336
4,808,553,-100,-8340
4,809,560,-94,-8339
4,810,539,-91,-8331
4,811,538,-85,-8328
4,812,539,-96,-8328
4,813,540,-106,-8332
4,814,533,-101,-8342
4,815,535,-109,-8344
4,816,542,-108,-8342
4,817,549,-112,-8336
4,818,542,-106,-8334
4,819,535,-95,-8340
4,820,540,-88,-8350
4,821,530,-99,-8358
4,822,535,-100,-8328
4,823,544,-103,-8340
4,824,540,-99,-8346
4,825,533,-98,-8344
4,826,529,-103,-8329
4,827,526,-99,-8340
4,828,534,-102,-8351
4,829,536,-113,-8341
4,830,541,-121,-8336
4,831,534,-109,-8323
4,832,527,-107,-8314
4,833,540,-107,-8305
4,834,550,-111,-8332
4,835,551,-93,-8335
4,836,545,-94,-8354
4,837,550,-98,-8340
4,838,564,-111,-8332
4,839,564,-121,-8320
4,840,569,-112,-8318
4,841,558,-102,-8336
4,842,554,-113,-8348
4,843,547,-118,-8367
4,844,544,-117,-8377
4,845,534,-106,-8372
4,846,539,-100,-8383
4,847,539,-98,-8369
4,848,545,-101,-8355
4,849,543,-101,-8347
4,850,538,-103,-8340
4,851,529,-102,-8342
4,852,523,-106,-8317
4,853,529,-99,-8327
4,854,529,-88,-8333
4,855,538,-101,-8335
4,856,532,-98,-8337
4,857,533,-106,-8327
4,858,534,-99,-8332
4,859,535,-97,-8331
4,860,537,-96,-8330
4,861,543,-98,-8319
4,862,547,-109,-8319
4,863,546,-123,-8314
4,864,546,-125,-8325
4,865,555,-123,-8337
4,866,549,-129,-8324
4,867,551,-123,-8330
4,868,545,-109,-8332
4,869,551,-99,-8350
4,870,554,-99,-8347
4,871,549,-111,-8362
4,872,539,-97,-8361
4,873,528,-92,-8360
4,874,519,-93,-8356
4,875,525,-94,-8349
4,876,529,-95,-8333
4,877,528,-104,-8327
4,878,528,-107,-8329
4,879,539,-112,-8319
4,880,543,-97,-8331
4,881,550,-88,-8315
4,882,543,-96,-8346
4,883,545,-104,-8356
4,884,547,-102,-8344
4,885,533,-93,-8338
4,886,530,-99,-8340
4,887,540,-98,-8353
4,888,541,-103,-8351
4,889,536,-102,-8352
4,890,544,-113,-8357
4,891,555,-103,-8365
4,892,565,-105,-8353
4,893,551,-103,-8366
4,894,545,-84,-8376
4,895,534,-93,-8379
4,896,529,-94,-8368
4,897,519,-98,-8353
4,898,538,-97,-8358
4,899,540,-95,-8353
4,900,529,-87,-8334
4,901,525,-93,-8352
4,902,527,-92,-8342
4,903,532,-100,-8346
4,904,536,-109,-8344
4,905,530,-116,-8340
4,906,526,-113,-8343
4,907,530,-116,-8334
4,908,548,-107,-8350
4,909,538,-105,-8341
4,910,540,-100,-8344
4,911,543,-112,-8357
4,912,535,-117,-8350
4,913,539,-118,-8367
4,914,542,-107,-8368
4,915,528,-105,-8354
4,916,528,-109,-8345
4,917,531,-104,-8350
4,918,527,-101,-8340
4,919,508,-91,-8363
4,920,510,-96,-8362
4,921,526,-88,-8345
4,922,542,-86,-8334
4,923,541,-91,-8334
4,924,541,-103,-8340
4,925,534,-102,-8343
4,926,541,-109,-8343
4,927,536,-102,-8328
4,928,525,-99,-8331
4,929,534,-102,-8330
4,930,542,-104,-8329
4,931,539,-104,-8335
4,932,541,-91,-8352
4,933,533,-98,-8359
4,934,538,-90,-8364
4,935,530,-95,-8358
4,936,536,-100,-8355
4,937,525,-90,-8357
4,938,539,-91,-8341
4,939,534,-97,-8338
4,940,542,-107,-8356
4,941,548,-111,-8369
4,942,550,-102,-8345
4,943,537,-99,-8325
4,944,533,-96,-8335
4,945,530,-96,-8338
4,946,540,-102,-8335
4,947,544,-106,-8337
4,948,541,-106,-8358
4,949,538,-99,-8376
4,950,553,-95,-8370
4,951,558,-102,-8349
4,952,559,-108,-8349
4,953,557,-112,-8356
4,954,558,-99,-8346
4,955,552,-102,-8327
4,956,533,-98,-8331
4,957,538,-100,-8325
4,958,546,-98,-8322
4,959,546,-98,-8329
4,960,557,-92,-8343
4,961,542,-103,-8353
4,962,538,-99,-8351
4,963,527,-101,-8365
4,964,538,-104,-8347
4,965,539,-112,-8347
4,966,529,-119,-8353
4,967,530,-110,-8349
4,968,533,-107,-8341
4,969,539,-107,-8350
4,970,534,-115,-8353
4,971,542,-114,-8348
4,972,555,-112,-8345
4,973,551,-128,-8338
4,974,562,-125,-8342
4,975,560,-117,-8354
4,976,542,-114,-8344
4,977,538,-99,-8355
4,978,551,-91,-8361
4,979,542,-97,-8371
4,980,541,-86,-8353
4,981,527,-88,-8352
4,982,536,-92,-8347
4,983,537,-99,-8357
4,984,548,-104,-8342
4,985,539,-109,-8328
4,986,533,-108,-8326
4,987,546,-106,-8343
4,988,557,-100,-8336
4,989,548,-91,-8353
4,990,554,-101,-8344
4,991,561,-97,-8336
4,992,560,-91,-8341
4,993,553,-90,-8333
4,994,545,-93,-8328
4,995,545,-100,-8343
4,996,546,-103,-8355
4,997,537,-91,-8359
4,998,543,-87,-8350
4,999,535,-76,-8358
4,1000,529,-87,-8374
4,1001,533,-90,-8358
4,1002,525,-93,-8345
4,1003,533,-102,-8342
4,1004,540,-102,-8339
4,1005,543,-95,-8333
4,1006,542,-102,-8342
4,1007,532,-108,-8320
4,1008,534,-111,-8320
4,1009,536,-110,-8337
4,1010,536,-106,-8347
4,1011,533,-108,-8359
4,1012,532,-119,-8341
4,1013,540,-112,-8355
4,1014,556,-112,-8340
4,1015,554,-108,-8352
4,1016,545,-115,-8352
4,1017,550,-115,-8339
4,1018,539,-126,-8338
4,1019,548,-122,-8339
4,1020,541,-114,-8343
4,1021,532,-122,-8343
4,1022,537,-123,-8366
4,1023,536,-112,-8358
4,1024,548,-97,-8368
4,1025,539,-85,-8373
4,1026,534,-93,-8364
4,1027,539,-93,-8354
4,1028,546,-96,-8335
4,1029,549,-104,-8334
4,1030,533,-119,-8358
4,1031,534,-109,-8350
4,1032,548,-113,-8353
4,1033,536,-115,-8342
4,1034,542,-103,-8349
4,1035,542,-104,-8333
4,1036,535,-88,-8348
4,1037,540,-87,-8364
4,1038,546,-101,-8356
4,1039,542,-108,-8336
4,1040,556,-115,-8337
4,1041,553,-108,-8354
4,1042,555,-111,-8345
4,1043,542,-116,-8339
4,1044,532,-98,-8348
4,1045,531,-89,-8368
4,1046,533,-99,-8390
4,1047,525,-94,-8380
4,1048,540,-102,-8368
4,1049,545,-89,-8344
4,1050,545,-76,-8321
4,1051,553,-79,-8330
4,1052,543,-72,-8338
4,1053,538,-61,-8344
4,1054,541,-53,-8345
4,1055,540,-57,-8346
4,1056,546,-47,-8359
4,1057,548,-52,-8357
4,1058,563,-59,-8363
4,1059,575,-64,-8345
4,1060,578,-69,-8344
4,1061,578,-79,-8331
4,1062,594,-93,-8341
4,1063,593,-108,-8318
4,1064,589,-129,-8330
4,1065,567,-137,-8350
4,1066,550,-143,-8356
4,1067,535,-144,-8353
4,1068,536,-144,-8372
4,1069,525,-140,-8376
4,1070,514,-147,-8367
4,1071,503,-150,-8351
4,1072,488,-157,-8349
4,1073,486,-155,-8344
4,1074,481,-164,-8344
4,1075,488,-147,-8361
4,1076,495,-146,-8357
4,1077,502,-136,-8362
4,1078,508,-105,-8358
4,1079,520,-89,-8362
4,1080,536,-85,-8359
4,1081,540,-77,-8364
4,1082,551,-87,-8355
4,1083,563,-99,-8353
4,1084,587,-117,-8342
4,1085,600,-128,-8338
4,1086,604,-125,-8330
4,1087,599,-126,-8295
4,1088,592,-129,-8290
4,1089,589,-133,-8321
4,1090,582,-138,-8341
4,1091,579,-135,-8360
4,1092,555,-126,-8371
4,1093,520,-124,-8390
4,1094,496,-105,-8361
4,1095,486,-95,-8342
4,1096,485,-89,-8349
4,1097,481,-88,-8351
4,1098,468,-84,-8351
4,1099,462,-82,-8351
4,1100,475,-94,-8363
4,1101,496,-103,-8365
4,1102,518,-109,-8390
4,1103,541,-110,-8387
4,1104,564,-111,-8361
4,1105,572,-132,-8329
4,1106,580,-137,-8343
4,1107,596,-146,-8335
4,1108,601,-147,-8339
4,1109,605,-156,-8351
4,1110,606,-152,-8356
4,1111,586,-134,-8349
4,1112,584,-125,-8358
4,1113,553,-119,-8350
4,1114,530,-98,-8339
4,1115,507,-88,-8348
4,1116,497,-98,-8342
4,1117,489,-88,-8352
4,1118,485,-84,-8355
4,1119,497,-69,-8368
4,1120,504,-73,-8337
4,1121,514,-81,-8337
4,1122,520,-98,-8360
4,1123,533,-96,-8353
4,1124,539,-92,-8343
4,1125,545,-106,-8327
4,1126,563,-106,-8325
4,1127,566,-110,-8325
4,1128,580,-128,-8340
4,1129,596,-126,-8359
4,1130,600,-110,-8341
4,1131,602,-106,-8352
4,1132,599,-102,-8351
4,1133,577,-89,-8334
4,1134,551,-86,-8336
4,1135,538,-81,-8357
4,1136,527,-74,-8374
4,1137,521,-72,-8371
4,1138,525,-80,-8361
4,1139,526,-91,-8356
4,1140,515,-98,-8339
4,1141,513,-98,-8356
4,1142,525,-97,-8347
4,1143,528,-92,-8338
4,1144,539,-100,-8339
4,1145,556,-117,-8323
4,1146,566,-118,-8324
4,1147,568,-110,-8327
4,1148,579,-103,-8319
4,1149,585,-109,-8307
4,1150,587,-109,-8320
4,1151,596,-105,-8311
4,1152,586,-113,-8329
4,1153,571,-120,-8344
4,1154,566,-122,-8342
4,1155,550,-132,-8358
4,1156,551,-127,-8345
4,1157,536,-118,-8362
4,1158,535,-115,-8353
4,1159,531,-89,-8375
4,1160,525,-66,-8370
4,1161,506,-75,-8344
4,1162,511,-87,-8336
4,1163,523,-90,-8363
4,1164,520,-92,-8360
4,1165,539,-95,-8354
4,1166,536,-97,-8358
4,1167,543,-110,-8344
4,1168,549,-115,-8344
4,1169,553,-107,-8331
4,1170,556,-114,-8340
4,1171,571,-132,-8346
4,1172,574,-125,-8356
4,1173,562,-111,-8343
4,1174,551,-114,-8343
4,1175,544,-104,-8323
4,1176,553,-111,-8317
4,1177,553,-116,-8346
4,1178,531,-112,-8337
4,1179,526,-112,-8335
4,1180,535,-118,-8351
4,1181,543,-101,-8358
4,1182,525,-94,-8363
4,1183,523,-100,-8384
4,1184,520,-85,-8378
4,1185,521,-87,-8357
4,1186,526,-88,-8356
4,1187,534,-96,-8343
4,1188,538,-96,-8348
4,1189,551,-111,-8329
4,1190,565,-111,-8343
4,1191,570,-104,-8331
4,1192,576,-117,-8333
4,1193,584,-101,-8332
4,1194,593,-101,-8337
4,1195,574,-112,-8327
4,1196,562,-96,-8333
4,1197,547,-98,-8344
4,1198,537,-94,-8349
4,1199,525,-101,-8352
4,1200,518,-99,-8348
4,1201,519,-100,-8341
4,1202,518,-109,-8356
4,1203,525,-103,-8352
4,1204,519,-93,-8365
4,1205,520,-91,-8354
4,1206,509,-92,-8346
4,1207,515,-99,-8362
4,1208,527,-98,-8364
4,1209,543,-88,-8355
4,1210,550,-95,-8344
4,1211,547,-104,-8355
4,1212,554,-115,-8362
4,1213,576,-105,-8349
4,1214,580,-109,-8338
4,1215,570,-122,-8312
4,1216,574,-119,-8326
4,1217,570,-122,-8323
4,1218,567,-117,-8326
4,1219,568,-112,-8332
4,1220,547,-101,-8330
4,1221,526,-100,-8350
4,1222,524,-100,-8353
4,1223,518,-101,-8357
4,1224,513,-95,-8363
4,1225,516,-97,-8350
4,1226,512,-102,-8351
4,1227,511,-117,-8343
4,1228,506,-130,-8354
4,1229,515,-122,-8346
4,1230,522,-131,-8338
4,1231,528,-133,-8346
4,1232,531,-124,-8332
4,1233,541,-124,-8336
4,1234,542,-128,-8357
4,1235,546,-117,-8348
4,1236,551,-116,-8339
4,1237,544,-118,-8332
4,1238,550,-113,-8336
4,1239,537,-101,-8345
4,1240,539,-91,-8340
4,1241,550,-87,-8342
4,1242,546,-96,-8344
4,1243,540,-88,-8340
4,1244,531,-91,-8346
4,1245,543,-100,-8342
4,1246,543,-109,-8344
4,1247,536,-104,-8338
4,1248,542,-98,-8333
4,1249,526,-99,-8331
4,1250,535,-98,-8323
4,1251,518,-86,-8323
4,1252,536,-97,-8326
4,1253,545,-88,-8334
4,1254,552,-93,-8342
4,1255,542,-95,-8334
4,1256,540,-100,-8343
4,1257,545,-95,-8339
4,1258,544,-108,-8326
4,1259,551,-107,-8329
4,1260,564,-108,-8349
4,1261,568,-102,-8338
4,1262,550,-100,-8334
4,1263,529,-101,-8350
4,1264,523,-111,-8352
4,1265,524,-118,-8342
4,1266,521,-114,-8335
4,1267,534,-107,-8340
4,1268,539,-95,-8344
4,1269,533,-96,-8344
4,1270,543,-87,-8348
4,1271,548,-90,-8342
4,1272,537,-97,-8339
4,1273,533,-93,-8337
4,1274,540,-91,-8342
4,1275,554,-88,-8345
4,1276,555,-100,-8324
4,1277,559,-105,-8318
4,1278,563,-105,-8326
4,1279,553,-116,-8334
4,1280,549,-109,-8332
4,1281,556,-111,-8325
4,1282,554,-100,-8331
4,1283,551,-114,-8335
4,1284,554,-107,-8352
4,1285,549,-112,-8367
4,1286,543,-102,-8351
4,1287,548,-97,-8349
4,1288,534,-95,-8353
4,1289,524,-91,-8339
4,1290,529,-100,-8349
4,1291,529,-107,-8345
4,1292,535,-99,-8349
4,1293,551,-100,-8346
4,1294,553,-105,-8353
4,1295,552,-108,-8352
4,1296,562,-120,-8354
4,1297,559,-111,-8336
4,1298,546,-98,-8331
4,1299,550,-103,-8325
4,1300,558,-105,-8326
4,1301,548,-107,-8331
4,1302,553,-109,-8341
4,1303,553,-111,-8335
4,1304,549,-109,-8341
4,1305,552,-101,-8344
4,1306,551,-103,-8349
4,1307,550,-127,-8348
4,1308,545,-120,-8368
4,1309,551,-105,-8369
4,1310,551,-89,-8363
4,1311,548,-95,-8358
4,1312,544,-93,-8346
4,1313,545,-100,-8348
4,1314,545,-96,-8340
4,1315,540,-86,-8333
4,1316,538,-87,-8338
4,1317,548,-82,-8332
4,1318,556,-82,-8332
4,1319,557,-95,-8356
4,1320,549,-115,-8355
4,1321,538,-112,-8359
4,1322,538,-106,-8346
4,1323,536,-102,-8353
4,1324,532,-90,-8347
4,1325,530,-79,-8353
4,1326,536,-85,-8354
4,1327,532,-95,-8349
4,1328,538,-97,-8341
4,1329,534,-93,-8343
4,1330,528,-101,-8364
4,1331,532,-106,-8369
4,1332,537,-98,-8371
4,1333,535,-79,-8349
4,1334,528,-83,-8321
4,1335,518,-85,-8333
4,1336,530,-82,-8336
4,1337,562,-109,-8338
4,1338,561,-91,-8344
4,1339,564,-89,-8340
4,1340,561,-95,-8337
4,1341,556,-90,-8335
4,1342,556,-95,-8333
4,1343,543,-117,-8320
4,1344,540,-124,-8303
4,1345,546,-129,-8327
4,1346,548,-132,-8339
4,1347,548,-117,-8339
4,1348,550,-106,-8332
4,1349,550,-96,-8345
4,1350,544,-89,-8333
4,1351,536,-89,-8332
4,1352,522,-96,-8333
4,1353,522,-104,-8364
4,1354,531,-104,-8369
4,1355,548,-97,-8365
4,1356,549,-84,-8343
4,1357,550,-83,-8346
4,1358,556,-94,-8326
4,1359,561,-96,-8320
4,1360,563,-84,-8337
4,1361,553,-90,-8342
4,1362,552,-95,-8346
4,1363,546,-93,-8360
4,1364,541,-89,-8339
4,1365,547,-95,-8339
4,1366,552,-94,-8342
4,1367,555,-112,-8345
4,1368,544,-113,-8343
4,1369,542,-124,-8343
4,1370,535,-134,-8337
4,1371,522,-121,-8336
4,1372,520,-119,-8336
4,1373,530,-114,-8337
4,1374,530,-108,-8311
4,1375,528,-95,-8312
4,1376,536,-89,-8341
4,1377,551,-82,-8338
4,1378,552,-86,-8344
4,1379,553,-96,-8363
4,1380,545,-106,-8361
4,1381,553,-114,-8348
4,1382,547,-126,-8354
4,1383,548,-117,-8347
4,1384,550,-105,-8336
4,1385,554,-100,-8361
4,1386,545,-97,-8354
4,1387,532,-89,-8361
4,1388,531,-83,-8345
4,1389,534,-83,-8355
4,1390,534,-98,-8342
4,1391,550,-109,-8338
4,1392,543,-101,-8339
4,1393,530,-105,-8347
4,1394,527,-107,-8366
4,1395,536,-106,-8354
4,1396,527,-114,-8358
4,1397,520,-111,-8344
4,1398,522,-94,-8356
4,1399,513,-94,-8332
4,1400,516,-99,-8339
4,1401,530,-101,-8348
4,1402,530,-98,-8335
4,1403,538,-88,-8346
4,1404,538,-92,-8352
4,1405,548,-110,-8359
4,1406,563,-108,-8357
4,1407,555,-106,-8356
4,1408,548,-99,-8364
4,1409,542,-90,-8366
4,1410,533,-82,-8352
4,1411,535,-86,-8358
4,1412,533,-95,-8354
4,1413,546,-92,-8346
4,1414,547,-88,-8338
4,1415,543,-87,-8340
4,1416,527,-89,-8349
4,1417,533,-85,-8343
4,1418,533,-103,-8357
4,1419,547,-99,-8356
4,1420,541,-96,-8350
4,1421,537,-93,-8362
4,1422,548,-92,-8354
4,1423,550,-88,-8364
4,1424,543,-96,-8366
4,1425,549,-94,-8344
4,1426,556,-95,-8341
4,1427,547,-105,-8332
4,1428,538,-109,-8342
4,1429,535,-102,-8349
4,1430,535,-105,-8352
4,1431,540,-98,-8357
4,1432,545,-100,-8332
4,1433,542,-101,-8324
4,1434,541,-115,-8325
4,1435,553,-99,-8317
4,1436,541,-108,-8336
4,1437,531,-105,-8336
4,1438,526,-104,-8351
4,1439,531,-104,-8343
4,1440,522,-118,-8331
4,1441,523,-107,-8324
4,1442,543,-98,-8343
4,1443,549,-108,-8342
4,1444,548,-110,-8320
4,1445,544,-119,-8317
4,1446,531,-117,-8341
4,1447,528,-107,-8357
4,1448,526,-108,-8347
4,1449,535,-114,-8350
4,1450,538,-120,-8365
4,1451,542,-119,-8348
4,1452,537,-127,-8355
4,1453,542,-124,-8363
4,1454,548,-112,-8347
4,1455,554,-103,-8341
4,1456,553,-103,-8338
4,1457,554,-96,-8328
4,1458,538,-100,-8329
4,1459,535,-99,-8326
4,1460,525,-98,-8323
4,1461,526,-108,-8341
4,1462,538,-103,-8373
4,1463,536,-89,-8359
4,1464,530,-78,-8377
4,1465,525,-78,-8358
4,1466,537,-87,-8331
4,1467,539,-101,-8314
4,1468,538,-92,-8315
4,1469,534,-97,-8320
4,1470,535,-98,-8325
4,1471,539,-98,-8349
4,1472,558,-97,-8354
4,1473,552,-114,-8352
4,1474,543,-112,-8342
4,1475,549,-97,-8332
4,1476,549,-94,-8328
4,1477,552,-89,-8342
4,1478,552,-83,-8354
4,1479,550,-77,-8356
4,1480,545,-78,-8343
4,1481,531,-94,-8327
4,1482,528,-115,-8325
4,1483,533,-112,-8329
4,1484,533,-110,-8340
4,1485,524,-105,-8341
4,1486,526,-98,-8336
4,1487,535,-98,-8349
4,1488,554,-100,-8360
4,1489,558,-109,-8364
4,1490,551,-104,-8364
4,1491,552,-97,-8344
4,1492,564,-92,-8333
4,1493,559,-80,-8340
4,1494,564,-86,-8353
4,1495,560,-94,-8348
4,1496,555,-94,-8344
4,1497,548,-95,-8361
4,1498,536,-98,-8361
4,1499,530,-101,-8372
4,1500,528,-109,-8361
4,1501,525,-108,-8339
4,1502,530,-107,-8347
4,1503,524,-97,-8350
4,1504,527,-99,-8341
4,1505,517,-105,-8349
4,1506,509,-99,-8344
4,1507,507,-97,-8340
4,1508,520,-112,-8343
4,1509,529,-112,-8341
4,1510,530,-114,-8332
4,1511,548,-111,-8313
4,1512,553,-106,-8306
4,1513,561,-106,-8315
4,1514,547,-119,-8331
4,1515,534,-118,-8335
4,1516,527,-110,-8344
4,1517,525,-110,-8364
4,1518,521,-110,-8366
4,1519,525,-112,-8384
4,1520,522,-106,-8366
4,1521,534,-102,-8355
4,1522,542,-107,-8363
4,1523,553,-113,-8382
4,1524,550,-104,-8363
4,1525,543,-93,-8360
4,1526,532,-79,-8372
4,1527,535,-74,-8383
4,1528,529,-78,-8361
4,1529,524,-72,-8350
4,1530,531,-83,-8332
4,1531,522,-92,-8327
4,1532,527,-99,-8339
4,1533,542,-100,-8333
4,1534,546,-103,-8330
4,1535,546,-99,-8337
4,1536,539,-104,-8346
4,1537,544,-103,-8341
4,1538,557,-113,-8340
4,1539,550,-116,-8362
4,1540,537,-113,-8360
4,1541,541,-103,-8356
4,1542,535,-94,-8354
4,1543,536,-108,-8337
4,1544,527,-101,-8349
4,1545,541,-118,-8344
4,1546,538,-108,-8348
4,1547,537,-96,-8331
4,1548,552,-91,-8350
4,1549,542,-90,-8367
4,1550,541,-91,-8353
4,1551,543,-95,-8361
4,1552,548,-82,-8352
4,1553,554,-92,-8329
4,1554,552,-96,-8303
4,1555,544,-97,-8318
4,1556,546,-103,-8314
4,1557,553,-125,-8330
4,1558,548,-125,-8340
4,1559,546,-126,-8332
4,1560,555,-116,-8336
4,1561,568,-114,-8332
4,1562,557,-107,-8341
4,1563,536,-97,-8338
4,1564,543,-99,-8338
4,1565,529,-107,-8343
4,1566,533,-102,-8366
4,1567,532,-101,-8366
4,1568,537,-108,-8369
4,1569,537,-118,-8366
4,1570,528,-125,-8376
4,1571,530,-114,-8375
4,1572,554,-97,-8380
4,1573,565,-104,-8363
4,1574,558,-105,-8366
4,1575,563,-108,-8356
4,1576,563,-110,-8354
4,1577,568,-108,-8355
4,1578,557,-105,-8363
4,1579,561,-111,-8378
4,1580,557,-116,-8356
4,1581,559,-110,-8342
4,1582,549,-100,-8338
4,1583,557,-103,-8336
4,1584,545,-114,-8333
4,1585,551,-124,-8349
4,1586,554,-112,-8359
4,1587,545,-103,-8366
4,1588,544,-102,-8342
4,1589,538,-97,-8330
4,1590,537,-108,-8332
4,1591,534,-107,-8330
4,1592,536,-111,-8340
4,1593,540,-93,-8330
4,1594,545,-98,-8321
4,1595,549,-127,-8333
4,1596,547,-117,-8325
4,1597,553,-101,-8314
4,1598,556,-98,-8325
4,1599,553,-103,-8317
4,1600,536,-115,-8336
4,1601,550,-124,-8343
4,1602,557,-120,-8351
4,1603,557,-106,-8362
4,1604,546,-99,-8353
4,1605,539,-103,-8340
4,1606,538,-115,-8344
4,1607,538,-109,-8328
4,1608,542,-96,-8348
4,1609,545,-110,-8352
4,1610,543,-113,-8355
4,1611,540,-116,-8342
4,1612,540,-99,-8359
4,1613,546,-98,-8346
4,1614,536,-117,-8351
4,1615,534,-125,-8356
4,1616,530,-132,-8341
4,1617,529,-124,-8329
4,1618,535,-113,-8346
4,1619,541,-109,-8359
4,1620,543,-101,-8355
4,1621,556,-102,-8354
4,1622,548,-107,-8341
4,1623,557,-111,-8352
4,1624,553,-112,-8336
4,1625,548,-112,-8349
4,1626,530,-105,-8336
4,1627,541,-103,-8333
4,1628,546,-116,-8340
4,1629,542,-117,-8346
4,1630,544,-106,-8345
4,1631,549,-98,-8349
4,1632,548,-118,-8352
4,1633,544,-119,-8344
4,1634,535,-116,-8339
4,1635,533,-118,-8333
4,1636,531,-110,-8345
4,1637,532,-96,-8332
4,1638,544,-96,-8347
4,1639,545,-91,-8318
4,1640,537,-96,-8317
4,1641,551,-97,-8329
4,1642,564,-103,-8333
4,1643,559,-101,-8331
4,1644,547,-109,-8353
4,1645,551,-105,-8363
4,1646,562,-104,-8350
4,1647,569,-101,-8343
4,1648,557,-98,-8342
4,1649,560,-101,-8349
4,1650,546,-92,-8338
4,1651,536,-92,-8336
4,1652,534,-110,-8358
4,1653,543,-108,-8335
4,1654,564,-92,-8341
4,1655,551,-104,-8369
4,1656,540,-107,-8349
4,1657,538,-101,-8337
4,1658,539,-107,-8325
4,1659,539,-107,-8325
4,1660,536,-116,-8337
4,1661,531,-116,-8354
4,1662,535,-111,-8365
4,1663,551,-105,-8357
4,1664,546,-105,-8349
4,1665,551,-100,-8345
4,1666,542,-96,-8339
4,1667,549,-112,-8344
4,1668,543,-129,-8338
4,1669,537,-122,-8326
4,1670,540,-106,-8339
4,1671,534,-94,-8350
4,1672,537,-83,-8351
4,1673,545,-94,-8345
4,1674,549,-88,-8338
4,1675,548,-83,-8338
4,1676,542,-93,-8341
4,1677,547,-95,-8349
4,1678,528,-99,-8337
4,1679,539,-98,-8331
4,1680,543,-93,-8332
4,1681,535,-99,-8347
4,1682,547,-112,-8344
4,1683,554,-122,-8329
4,1684,550,-121,-8324
4,1685,531,-112,-8339
4,1686,544,-98,-8359
4,1687,544,-99,-8348
4,1688,539,-108,-8349
4,1689,533,-99,-8349
4,1690,551,-83,-8337
4,1691,551,-80,-8326
4,1692,544,-83,-8325
4,1693,540,-86,-8356
4,1694,533,-94,-8362
4,1695,516,-96,-8355
4,1696,522,-105,-8344
4,1697,536,-102,-8358
4,1698,534,-93,-8346
4,1699,537,-99,-8329
4,1700,543,-105,-8354
4,1701,540,-103,-8360
4,1702,536,-109,-8357
4,1703,531,-106,-8339
4,1704,548,-99,-8348
4,1705,534,-94,-8350
4,1706,525,-95,-8354
4,1707,521,-99,-8350
4,1708,520,-101,-8341
4,1709,527,-100,-8347
4,1710,526,-102,-8366
4,1711,537,-95,-8367
4,1712,541,-92,-8376
4,1713,542,-99,-8378
4,1714,542,-102,-8358
4,1715,549,-89,-8350
4,1716,548,-96,-8329
4,1717,545,-107,-8333
4,1718,528,-101,-8348
4,1719,545,-100,-8352
4,1720,551,-92,-8338
4,1721,539,-97,-8318
4,1722,534,-102,-8336
4,1723,527,-103,-8346
4,1724,529,-95,-8327
4,1725,528,-87,-8323
4,1726,524,-95,-8302
4,1727,529,-79,-8321
4,1728,537,-90,-8327
4,1729,530,-85,-8333
4,1730,540,-106,-8347
4,1731,536,-92,-8330
4,1732,540,-103,-8318
4,1733,539,-114,-8332
4,1734,538,-120,-8334
4,1735,537,-130,-8336
4,1736,534,-124,-8334
4,1737,526,-108,-8339
4,1738,531,-99,-8314
4,1739,528,-100,-8324
4,1740,527,-104,-8336
4,1741,530,-97,-8337
4,1742,522,-96,-8321
4,1743,528,-105,-8323
4,1744,517,-96,-8318
4,1745,523,-86,-8329
4,1746,523,-107,-8329
4,1747,537,-101,-8334
4,1748,536,-90,-8342
4,1749,529,-102,-8327
4,1750,534,-111,-8324
4,1751,543,-91,-8311
4,1752,539,-105,-8309
4,1753,536,-110,-8318
4,1754,533,-117,-8315
4,1755,541,-106,-8339
4,1756,536,-98,-8346
4,1757,533,-110,-8345
4,1758,541,-100,-8341
4,1759,532,-95,-8351
4,1760,531,-96,-8342
4,1761,528,-95,-8344
4,1762,522,-97,-8341
4,1763,525,-95,-8330
4,1764,534,-96,-8331
4,1765,541,-97,-8329
4,1766,532,-102,-8331
4,1767,535,-107,-8331
4,1768,533,-115,-8340
4,1769,537,-110,-8318
4,1770,545,-100,-8327
4,1771,530,-100,-8333
4,1772,523,-90,-8358
4,1773,542,-99,-8350
4,1774,546,-105,-8373
4,1775,544,-105,-8361
4,1776,550,-108,-8356
4,1777,548,-115,-8344
4,1778,537,-108,-8350
4,1779,549,-114,-8331
4,1780,546,-105,-8345
4,1781,543,-109,-8344
4,1782,529,-99,-8326
4,1783,535,-94,-8329
4,1784,539,-94,-8326
4,1785,535,-89,-8339
4,1786,532,-93,-8347
4,1787,535,-89,-8352
4,1788,543,-105,-8349
4,1789,545,-113,-8345
4,1790,547,-96,-8331
4,1791,540,-103,-8328
4,1792,548,-113,-8327
4,1793,554,-118,-8340
4,1794,561,-126,-8333
4,1795,561,-122,-8321
4,1796,548,-112,-8334
4,1797,545,-108,-8342
4,1798,545,-103,-8343
4,1799,547,-108,-8352
4,1800,544,-102,-8355
4,1801,532,-103,-8353
4,1802,530,-101,-8362
4,1803,539,-108,-8366
4,1804,544,-115,-8355
4,1805,551,-114,-8356
4,1806,536,-112,-8361
4,1807,537,-105,-8366
4,1808,528,-104,-8366
4,1809,527,-111,-8337
4,1810,536,-115,-8331
4,1811,536,-109,-8323
4,1812,550,-99,-8330
4,1813,550,-106,-8338
4,1814,558,-110,-8344
4,1815,547,-116,-8337
4,1816,545,-112,-8332
4,1817,544,-108,-8335
4,1818,522,-99,-8338
4,1819,519,-104,-8339
4,1820,515,-93,-8347
4,1821,513,-82,-8339
4,1822,513,-89,-8347
4,1823,520,-97,-8345
4,1824,531,-108,-8358
4,1825,541,-132,-8352
4,1826,544,-126,-8328
4,1827,558,-113,-8329
4,1828,550,-110,-8332
4,1829,547,-113,-8348
4,1830,545,-108,-8348
4,1831,546,-101,-8347
4,1832,527,-104,-8335
4,1833,527,-113,-8330
4,1834,527,-97,-8314
4,1835,530,-100,-8313
4,1836,539,-95,-8323
4,1837,557,-98,-8345
4,1838,555,-89,-8344
4,1839,541,-102,-8346
4,1840,527,-111,-8319
4,1841,537,-107,-8343
4,1842,546,-97,-8344
4,1843,531,-96,-8343
4,1844,540,-108,-8347
4,1845,549,-91,-8372
4,1846,556,-83,-8353
4,1847,543,-92,-8343
4,1848,539,-105,-8321
4,1849,553,-103,-8340
4,1850,566,-105,-8345
4,1851,566,-101,-8351
4,1852,568,-98,-8334
4,1853,561,-101,-8340
4,1854,548,-108,-8333
4,1855,528,-112,-8331
4,1856,523,-120,-8347
4,1857,535,-111,-8361
4,1858,533,-90,-8372
4,1859,534,-74,-8382
4,1860,531,-90,-8388
4,1861,528,-92,-8376
4,1862,528,-98,-8338
4,1863,540,-115,-8338
4,1864,542,-130,-8340
4,1865,552,-124,-8336
4,1866,554,-111,-8364
4,1867,533,-109,-8376
4,1868,528,-80,-8362
4,1869,521,-69,-8353
4,1870,521,-84,-8340
4,1871,527,-79,-8344
4,1872,532,-80,-8363
4,1873,537,-98,-8377
4,1874,533,-112,-8362
4,1875,543,-110,-8344
4,1876,561,-107,-8327
4,1877,562,-114,-8335
4,1878,563,-130,-8337
4,1879,545,-122,-8337
4,1880,533,-109,-8349
4,1881,521,-110,-8368
4,1882,521,-110,-8365
4,1883,531,-83,-8357
4,1884,532,-75,-8354
4,1885,528,-77,-8333
4,1886,528,-82,-8345
4,1887,535,-92,-8323
4,1888,541,-98,-8330
4,1889,547,-99,-8339
4,1890,556,-105,-8326
4,1891,566,-102,-8330
4,1892,559,-109,-8337
4,1893,551,-95,-8325
4,1894,545,-95,-8333
4,1895,538,-93,-8346
4,1896,540,-107,-8341
4,1897,547,-95,-8350
4,1898,536,-99,-8341
4,1899,534,-108,-8323
4,1900,539,-118,-8332
4,1901,547,-118,-8326
4,1902,547,-122,-8344
4,1903,548,-121,-8354
4,1904,546,-119,-8327
4,1905,547,-109,-8329
4,1906,545,-98,-8359
4,1907,532,-89,-8369
4,1908,541,-90,-8341
4,1909,534,-91,-8340
4,1910,545,-85,-8332
4,1911,540,-85,-8325
4,1912,549,-92,-8318
4,1913,542,-89,-8317
4,1914,527,-87,-8333
4,1915,532,-113,-8336
4,1916,545,-114,-8340
4,1917,538,-130,-8337
4,1918,539,-116,-8342
4,1919,525,-106,-8321
4,1920,531,-99,-8317
4,1921,533,-95,-8333
4,1922,526,-98,-8345
4,1923,527,-100,-8346
4,1924,530,-106,-8334
4,1925,531,-110,-8337
4,1926,524,-105,-8353
4,1927,523,-108,-8330
4,1928,534,-110,-8331
4,1929,541,-102,-8348
4,1930,526,-97,-8352
4,1931,522,-99,-8359
4,1932,521,-91,-8366
4,1933,528,-78,-8356
4,1934,534,-78,-8360
4,1935,539,-88,-8350
4,1936,532,-85,-8348
4,1937,549,-98,-8342
4,1938,563,-101,-8349
4,1939,570,-92,-8340
4,1940,569,-87,-8337
4,1941,556,-89,-8317
4,1942,544,-94,-8316
4,1943,554,-98,-8330
4,1944,548,-99,-8335
4,1945,542,-92,-8335
4,1946,547,-99,-8317
4,1947,545,-96,-8340
4,1948,544,-78,-8342
4,1949,548,-69,-8340
4,1950,535,-78,-8337
4,1951,546,-79,-8338
4,1952,548,-84,-8350
4,1953,558,-107,-8364
4,1954,558,-105,-8361
4,1955,538,-103,-8350
4,1956,531,-107,-8358
4,1957,530,-99,-8350
4,1958,535,-96,-8346
4,1959,529,-89,-8348
4,1960,528,-104,-8353
4,1961,521,-92,-8359
4,1962,527,-106,-8357
4,1963,524,-104,-8365
4,1964,532,-104,-8368
4,1965,531,-95,-8363
4,1966,531,-84,-8347
4,1967,532,-82,-8353
4,1968,537,-91,-8327
4,1969,549,-103,-8350
4,1970,548,-99,-8350
4,1971,538,-97,-8338
4,1972,540,-102,-8336
4,1973,552,-100,-8333
4,1974,543,-93,-8344
4,1975,529,-94,-8341
4,1976,536,-106,-8336
4,1977,543,-92,-8323
4,1978,539,-105,-8315
4,1979,543,-115,-8304
4,1980,535,-100,-8315
4,1981,535,-104,-8313
4,1982,533,-108,-8323
4,1983,535,-105,-8341
4,1984,540,-98,-8342
4,1985,538,-92,-8330
4,1986,533,-94,-8315
4,1987,532,-103,-8305
4,1988,530,-93,-8313
4,1989,532,-104,-8334
4,1990,529,-104,-8347
4,1991,539,-105,-8340
4,1992,546,-91,-8363
4,1993,544,-93,-8354
4,1994,542,-93,-8331
4,1995,530,-101,-8336
4,1996,534,-100,-8335
4,1997,529,-100,-8354
4,1998,530,-111,-8352
4,1999,530,-105,-8354
4,2000,531,-97,-8355
4,2001,544,-101,-8367
4,2002,539,-84,-8335
4,2003,534,-84,-8337
4,2004,532,-88,-8346
4,2005,542,-108,-8341
4,2006,539,-116,-8352
4,2007,542,-119,-8362
4,2008,540,-97,-8341
4,2009,535,-85,-8341
4,2010,539,-87,-8325
4,2011,545,-85,-8313
4,2012,539,-102,-8288
4,2013,536,-111,-8313
4,2014,538,-101,-8334
4,2015,534,-108,-8346
4,2016,535,-113,-8338
4,2017,534,-115,-8332
4,2018,536,-100,-8322
4,2019,538,-94,-8343
4,2020,548,-102,-8350
4,2021,539,-99,-8352
4,2022,543,-105,-8337
4,2023,548,-100,-8338
4,2024,537,-101,-8346
4,2025,540,-109,-8359
4,2026,530,-114,-8352
4,2027,536,-114,-8342
4,2028,529,-101,-8335
4,2029,532,-101,-8350
4,2030,527,-100,-8345
4,2031,533,-101,-8355
4,2032,534,-107,-8366
4,2033,518,-118,-8362
4,2034,515,-112,-8362
4,2035,527,-107,-8365
4,2036,536,-97,-8356
4,2037,542,-99,-8357
4,2038,540,-105,-8347
4,2039,541,-99,-8358
4,2040,533,-108,-8358
4,2041,550,-104,-8368
4,2042,543,-109,-8353
4,2043,546,-107,-8341
4,2044,549,-98,-8337
4,2045,544,-109,-8328
4,2046,550,-107,-8335
4,2047,538,-110,-8346
4,2048,531,-109,-8338
4,2049,543,-107,-8322
4,2050,532,-94,-8350
4,2051,534,-90,-8347
4,2052,527,-87,-8325
4,2053,515,-94,-8308
4,2054,527,-92,-8319
4,2055,535,-100,-8332
4,2056,549,-93,-8349
4,2057,558,-99,-8364
4,2058,546,-94,-8366
4,2059,543,-93,-8370
4,2060,553,-95,-8362
4,2061,554,-96,-8350
4,2062,561,-95,-8334
4,2063,555,-97,-8340
4,2064,545,-94,-8361
4,2065,545,-108,-8364
4,2066,546,-100,-8364
4,2067,542,-95,-8354
4,2068,541,-100,-8336
4,2069,555,-100,-8329
4,2070,550,-97,-8335
4,2071,541,-101,-8338
4,2072,537,-96,-8338
4,2073,525,-89,-8343
4,2074,517,-92,-8350
4,2075,527,-97,-8343
4,2076,544,-110,-8324
4,2077,538,-101,-8343
4,2078,543,-104,-8350
4,2079,540,-93,-8342
4,2080,553,-94,-8343
4,2081,542,-97,-8336
4,2082,542,-97,-8342
4,2083,547,-100,-8346
4,2084,563,-97,-8350
4,2085,550,-94,-8351
4,2086,550,-75,-8342
4,2087,554,-81,-8344
4,2088,554,-94,-8337
4,2089,540,-100,-8345
4,2090,534,-107,-8348
4,2091,544,-98,-8352
4,2092,540,-91,-8361
4,2093,536,-98,-8370
4,2094,538,-98,-8353
4,2095,553,-94,-8354
4,2096,544,-87,-8372
4,2097,537,-79,-8386
4,2098,532,-90,-8364
4,2099,526,-87,-8357
4,2100,520,-95,-8363
4,2101,514,-98,-8350
4,2102,534,-85,-8350
4,2103,545,-85,-8327
4,2104,545,-93,-8340
4,2105,551,-92,-8356
4,2106,551,-96,-8357
4,2107,551,-102,-8360
4,2108,540,-93,-8346
4,2109,527,-101,-8340
4,2110,536,-98,-8356
4,2111,537,-98,-8352
4,2112,545,-92,-8353
4,2113,545,-94,-8352
4,2114,542,-89,-8364
4,2115,534,-88,-8354
4,2116,537,-84,-8340
4,2117,547,-88,-8342
4,2118,555,-90,-8341
4,2119,546,-99,-8351
4,2120,540,-110,-8349
4,2121,545,-121,-8360
4,2122,542,-122,-8336
4,2123,552,-110,-8340
4,2124,553,-107,-8345
4,2125,554,-115,-8340
4,2126,545,-106,-8349
4,2127,546,-101,-8359
4,2128,552,-107,-8342
4,2129,562,-112,-8351
4,2130,553,-127,-8342
4,2131,549,-129,-8348
4,2132,551,-102,-8346
4,2133,558,-92,-8356
4,2134,548,-100,-8365
4,2135,554,-90,-8368
4,2136,549,-98,-8371
4,2137,537,-102,-8380
4,2138,529,-110,-8370
4,2139,532,-111,-8356
4,2140,516,-104,-8340
4,2141,522,-101,-8341
4,2142,526,-104,-8351
4,2143,525,-114,-8351
4,2144,540,-105,-8349
4,2145,540,-99,-8343
4,2146,534,-99,-8346
4,2147,539,-106,-8344
4,2148,546,-118,-8353
4,2149,553,-104,-8356
4,2150,557,-91,-8356
4,2151,541,-100,-8354
4,2152,537,-98,-8358
4,2153,530,-99,-8350
4,2154,537,-110,-8326
4,2155,549,-109,-8329
4,2156,546,-107,-8341
4,2157,544,-108,-8339
4,2158,551,-93,-8332
4,2159,540,-112,-8334
4,2160,540,-114,-8335
4,2161,545,-98,-8343
4,2162,548,-115,-8349
4,2163,556,-109,-8347
4,2164,561,-107,-8366
4,2165,555,-95,-8367
4,2166,541,-85,-8352
4,2167,548,-85,-8340
4,2168,544,-93,-8325
4,2169,539,-107,-8329
4,2170,538,-114,-8344
4,2171,543,-117,-8358
4,2172,545,-110,-8378
4,2173,541,-107,-8366
4,2174,538,-88,-8357
4,2175,538,-90,-8353
4,2176,531,-106,-8349
4,2177,531,-111,-8346
4,2178,534,-104,-8338
4,2179,531,-109,-8334
4,2180,540,-105,-8349
4,2181,536,-102,-8356
4,2182,531,-103,-8350
4,2183,531,-96,-8348
4,2184,534,-98,-8327
4,2185,541,-106,-8322
4,2186,543,-96,-8330
4,2187,533,-98,-8342
4,2188,523,-106,-8346
4,2189,539,-105,-8355
4,2190,543,-100,-8357
4,2191,546,-105,-8356
4,2192,538,-99,-8366
4,2193,532,-88,-8365
4,2194,533,-86,-8364
4,2195,535,-86,-8352
4,2196,544,-88,-8344
4,2197,548,-93,-8336
4,2198,548,-92,-8346
4,2199,543,-96,-8342
4,2200,534,-100,-8338
4,2201,545,-103,-8337
4,2202,556,-102,-8343
4,2203,547,-105,-8367
4,2204,557,-104,-8362
4,2205,551,-89,-8355
4,2206,556,-90,-8348
4,2207,566,-95,-8341
4,2208,548,-98,-8341
4,2209,546,-102,-8331
4,2210,545,-106,-8338
4,2211,542,-109,-8354
4,2212,549,-115,-8348
4,2213,544,-104,-8344
4,2214,547,-99,-8337
4,2215,540,-98,-8346
4,2216,542,-98,-8364
4,2217,551,-100,-8352
4,2218,543,-93,-8335
4,2219,540,-95,-8342
4,2220,542,-102,-8342
4,2221,537,-118,-8329
4,2222,545,-120,-8332
4,2223,543,-112,-8340
4,2224,548,-110,-8352
4,2225,550,-100,-8350
4,2226,553,-97,-8348
4,2227,543,-95,-8339
4,2228,538,-96,-8355
4,2229,533,-107,-8354
4,2230,540,-104,-8341
4,2231,543,-100,-8334
4,2232,529,-103,-8348
4,2233,525,-102,-8345
4,2234,528,-106,-8358
4,2235,525,-109,-8359
4,2236,525,-115,-8366
4,2237,540,-109,-8373
4,2238,533,-104,-8369
4,2239,545,-94,-8358
4,2240,552,-102,-8363
4,2241,555,-97,-8332
4,2242,543,-104,-8335
4,2243,534,-105,-8342
4,2244,541,-87,-8356
4,2245,544,-98,-8363
4,2246,543,-100,-8354
4,2247,537,-91,-8336
4,2248,539,-94,-8331
4,2249,539,-107,-8337
4,2250,534,-104,-8330
4,2251,528,-111,-8320
4,2252,529,-107,-8338
4,2253,527,-103,-8357
4,2254,524,-99,-8354
4,2255,526,-101,-8339
4,2256,530,-98,-8350
4,2257,539,-103,-8347
4,2258,536,-95,-8353
4,2259,540,-102,-8343
4,2260,544,-99,-8347
4,2261,533,-94,-8340
4,2262,531,-90,-8339
4,2263,540,-93,-8319
4,2264,542,-91,-8330
4,2265,545,-103,-8335
4,2266,550,-103,-8342
4,2267,548,-85,-8360
4,2268,543,-98,-8371
4,2269,543,-102,-8353
4,2270,551,-104,-8335
4,2271,548,-120,-8328
4,2272,540,-115,-8334
4,2273,531,-110,-8334
4,2274,516,-110,-8326
4,2275,517,-118,-8326
4,2276,515,-112,-8324
4,2277,520,-103,-8339
4,2278,527,-86,-8349
4,2279,537,-83,-8341
4,2280,543,-87,-8334
4,2281,554,-92,-8366
4,2282,543,-100,-8379
4,2283,541,-85,-8367
4,2284,549,-90,-8334
4,2285,555,-105,-8318
4,2286,542,-110,-8321
4,2287,542,-109,-8323
4,2288,540,-109,-8318
4,2289,534,-111,-8328
4,2290,533,-109,-8338
4,2291,531,-116,-8336
4,2292,528,-125,-8356
4,2293,524,-115,-8361
4,2294,516,-120,-8351
4,2295,522,-127,-8355
4,2296,526,-122,-8351
4,2297,532,-113,-8362
4,2298,533,-111,-8355
4,2299,538,-107,-8347
4,2300,545,-104,-8338
4,2301,541,-104,-8360
4,2302,541,-101,-8368
4,2303,547,-100,-8371
4,2304,544,-103,-8361
4,2305,546,-89,-8355
4,2306,548,-90,-8359
4,2307,529,-97,-8360
4,2308,545,-98,-8354
4,2309,547,-94,-8347
4,2310,558,-102,-8325
4,2311,550,-106,-8313
4,2312,563,-102,-8330
4,2313,555,-100,-8342
4,2314,559,-109,-8343
4,2315,546,-106,-8349
4,2316,536,-103,-8343
4,2317,540,-102,-8352
4,2318,538,-110,-8346
4,2319,539,-117,-8342
4,2320,541,-113,-8342
4,2321,541,-103,-8335
4,2322,545,-107,-8351
4,2323,538,-103,-8353
4,2324,535,-96,-8339
4,2325,530,-97,-8336
4,2326,528,-102,-8336
4,2327,539,-105,-8337
4,2328,543,-116,-8344
4,2329,542,-112,-8342
4,2330,541,-104,-8354
4,2331,545,-106,-8355
4,2332,544,-114,-8355
4,2333,541,-100,-8357
4,2334,554,-95,-8346
4,2335,544,-107,-8349
4,2336,544,-111,-8356
4,2337,554,-113,-8351
4,2338,556,-110,-8360
4,2339,554,-108,-8363
4,2340,548,-100,-8361
4,2341,542,-89,-8362
4,2342,536,-90,-8364
4,2343,536,-101,-8357
4,2344,535,-97,-8356
4,2345,542,-90,-8352
4,2346,545,-92,-8334
4,2347,537,-100,-8352
4,2348,537,-94,-8325
4,2349,549,-98,-8323
4,2350,538,-102,-8315
4,2351,547,-93,-8330
4,2352,548,-108,-8332
4,2353,552,-99,-8345
4,2354,547,-91,-8335
4,2355,540,-98,-8339
4,2356,547,-100,-8347
4,2357,545,-102,-8359
4,2358,552,-113,-8357
4,2359,556,-101,-8368
4,2360,561,-92,-8346
4,2361,548,-107,-8340
4,2362,550,-101,-8341
4,2363,546,-103,-8356
4,2364,546,-111,-8350
4,2365,545,-94,-8355
4,2366,530,-101,-8350
4,2367,524,-103,-8344
4,2368,530,-104,-8335
4,2369,545,-107,-8354
4,2370,546,-110,-8354
4,2371,540,-108,-8363
4,2372,541,-109,-8341
4,2373,543,-109,-8333
4,2374,558,-110,-8330
4,2375,554,-119,-8350
4,2376,557,-117,-8343
4,2377,548,-119,-8342
4,2378,548,-122,-8350
4,2379,535,-118,-8336
4,2380,534,-111,-8355
4,2381,530,-112,-8359
4,2382,522,-108,-8336
4,2383,530,-99,-8334
4,2384,543,-99,-8326
4,2385,541,-103,-8322
4,2386,542,-108,-8342
4,2387,534,-110,-8350
4,2388,529,-102,-8339
4,2389,542,-97,-8343
4,2390,547,-108,-8352
4,2391,543,-105,-8359
4,2392,550,-105,-8365
4,2393,551,-98,-8387
4,2394,553,-104,-8375
4,2395,554,-101,-8355
4,2396,556,-109,-8350
4,2397,543,-112,-8334
4,2398,534,-107,-8331
4,2399,526,-119,-8336
4,2400,535,-111,-8341
4,2401,534,-103,-8357
4,2402,541,-106,-8351
4,2403,553,-99,-8356
4,2404,545,-91,-8369
4,2405,534,-92,-8351
4,2406,529,-99,-8344
4,2407,530,-93,-8353
4,2408,523,-95,-8349
4,2409,515,-96,-8344
4,2410,514,-114,-8344
4,2411,520,-118,-8336
4,2412,530,-120,-8333
4,2413,542,-107,-8336
4,2414,546,-90,-8344
4,2415,540,-78,-8354
4,2416,547,-97,-8354
4,2417,547,-95,-8354
4,2418,558,-98,-8338
4,2419,547,-107,-8327
4,2420,528,-101,-8331
4,2421,538,-107,-8353
4,2422,543,-106,-8356
4,2423,551,-110,-8352
4,2424,548,-109,-8333
4,2425,535,-111,-8352
4,2426,538,-98,-8348
4,2427,536,-106,-8331
4,2428,533,-104,-8365
4,2429,535,-106,-8350
4,2430,528,-97,-8345
4,2431,531,-92,-8346
4,2432,535,-92,-8349
4,2433,545,-91,-8341
4,2434,547,-89,-8327
4,2435,550,-81,-8341
4,2436,542,-79,-8344
4,2437,543,-82,-8337
4,2438,546,-77,-8368
4,2439,551,-77,-8375
4,2440,543,-101,-8384
4,2441,536,-105,-8372
4,2442,527,-95,-8357
4,2443,535,-107,-8341
4,2444,545,-106,-8342
4,2445,542,-99,-8343
4,2446,531,-94,-8341
4,2447,523,-93,-8345
4,2448,517,-97,-8339
4,2449,523,-102,-8357
4,2450,526,-107,-8376
4,2451,522,-109,-8379
4,2452,527,-117,-8360
4,2453,523,-103,-8359
4,2454,534,-105,-8357
4,2455,540,-107,-8366
4,2456,543,-110,-8375
4,2457,539,-109,-8357
4,2458,532,-96,-8355
4,2459,521,-103,-8355
4,2460,537,-111,-8356
4,2461,534,-107,-8340
4,2462,521,-111,-8346
4,2463,524,-114,-8355
4,2464,530,-106,-8345
4,2465,524,-103,-8334
4,2466,528,-100,-8338
4,2467,532,-96,-8352
4,2468,550,-100,-8356
4,2469,545,-104,-8356
4,2470,542,-96,-8329
4,2471,540,-83,-8323
4,2472,532,-80,-8316
4,2473,531,-97,-8323
4,2474,539,-102,-8343
4,2475,539,-96,-8349
4,2476,551,-86,-8346
4,2477,554,-84,-8348
4,2478,558,-92,-8350
4,2479,544,-96,-8343
4,2480,553,-108,-8332
4,2481,558,-107,-8344
4,2482,553,-100,-8356
4,2483,538,-94,-8358
4,2484,541,-97,-8354
4,2485,547,-98,-8354
4,2486,554,-87,-8355
4,2487,544,-75,-8346
4,2488,548,-86,-8324
4,2489,540,-86,-8333
4,2490,540,-88,-8349
4,2491,536,-99,-8341
4,2492,532,-102,-8334
4,2493,542,-93,-8325
4,2494,551,-108,-8334
4,2495,547,-113,-8342
4,2496,547,-110,-8340
4,2497,539,-112,-8345
5,0,524,-110,-8323
5,1,531,-117,-8324
5,2,521,-118,-8331
5,3,520,-113,-8364
5,4,526,-104,-8348
5,5,526,-95,-8335
5,6,528,-95,-8343
5,7,544,-99,-8346
5,8,542,-100,-8348
5,9,548,-107,-8356
5,10,540,-89,-8345
5,11,535,-88,-8355
5,12,544,-79,-8331
5,13,537,-75,-8326
5,14,540,-83,-8332
5,15,542,-78,-8342
5,16,539,-71,-8352
5,17,541,-88,-8345
5,18,552,-98,-8345
5,19,542,-101,-8349
5,20,527,-91,-8346
5,21,526,-102,-8349
5,22,537,-101,-8322
5,23,543,-101,-8334
5,24,535,-103,-8346
5,25,527,-103,-8336
5,26,529,-104,-8334
5,27,542,-103,-8340
5,28,537,-94,-8333
5,29,551,-93,-8328
5,30,544,-88,-8341
5,31,546,-97,-8337
5,32,545,-92,-8335
5,33,537,-98,-8348
5,34,540,-101,-8340
5,35,550,-97,-8322
5,36,552,-100,-8314
5,37,536,-116,-8327
5,38,543,-108,-8339
5,39,544,-110,-8366
5,40,536,-113,-8355
5,41,545,-111,-8335
5,42,543,-118,-8321
5,43,535,-111,-8316
5,44,533,-98,-8323
5,45,530,-91,-8337
5,46,530,-88,-8342
5,47,532,-88,-8332
5,48,534,-93,-8329
5,49,542,-96,-8341
5,50,539,-91,-8348
5,51,523,-95,-8349
5,52,515,-103,-8357
5,53,536,-99,-8357
5,54,539,-105,-8363
5,55,547,-113,-8349
5,56,541,-113,-8334
5,57,537,-107,-8330
5,58,543,-102,-8332
5,59,550,-88,-8348
5,60,549,-88,-8339
5,61,553,-94,-8351
5,62,551,-84,-8341
5,63,536,-97,-8328
5,64,533,-99,-8349
5,65,520,-99,-8340
5,66,531,-101,-8342
5,67,533,-106,-8335
5,68,527,-95,-8323
5,69,536,-93,-8346
5,70,550,-91,-8352
5,71,563,-103,-8352
5,72,558,-107,-8353
5,73,533,-102,-8363
5,74,531,-92,-8350
5,75,528,-104,-8367
5,76,526,-108,-8367
5,77,537,-100,-8357
5,78,540,-101,-8347
5,79,539,-95,-8349
5,80,531,-99,-8364
5,81,543,-94,-8360
5,82,539,-90,-8357
5,83,543,-94,-8349
5,84,558,-95,-8346
5,85,552,-87,-8346
5,86,548,-81,-8352
5,87,530,-82,-8365
5,88,535,-100,-8360
5,89,530,-100,-8348
5,90,528,-115,-8343
5,91,534,-119,-8332
5,92,536,-115,-8339
5,93,528,-98,-8356
5,94,538,-98,-8373
5,95,541,-106,-8354
5,96,537,-108,-8335
5,97,528,-95,-8328
5,98,533,-106,-8337
5,99,533,-111,-8347
5,100,536,-118,-8353
5,101,556,-110,-8344
5,102,554,-108,-8328
5,103,566,-113,-8318
5,104,555,-116,-8330
5,105,552,-105,-8364
5,106,545,-111,-8375
5,107,556,-94,-8377
5,108,548,-91,-8363
5,109,540,-92,-8356
5,110,558,-85,-8356
5,111,554,-82,-8361
5,112,542,-90,-8344
5,113,533,-103,-8338
5,114,543,-112,-8345
5,115,539,-95,-8354
5,116,535,-88,-8361
5,117,530,-89,-8367
5,118,536,-91,-8366
5,119,540,-88,-8360
5,120,545,-87,-8346
5,121,537,-93,-8323
5,122,538,-95,-8344
5,123,529,-86,-8359
5,124,536,-85,-8359
5,125,542,-86,-8363
5,126,534,-74,-8339
5,127,547,-90,-8333
5,128,542,-112,-8328
5,129,532,-117,-8344
5,130,535,-117,-8333
5,131,530,-110,-8335
5,132,544,-99,-8335
5,133,550,-99,-8351
5,134,543,-97,-8357
5,135,533,-92,-8328
5,136,524,-79,-8326
5,137,536,-84,-8353
5,138,525,-103,-8341
5,139,534,-113,-8353
5,140,547,-109,-8358
5,141,550,-117,-8342
5,142,544,-115,-8350
5,143,553,-114,-8350
5,144,544,-108,-8348
5,145,529,-106,-8337
5,146,543,-102,-8349
5,147,544,-100,-8335
5,148,545,-84,-8331
5,149,539,-94,-8339
5,150,538,-89,-8331
5,151,532,-95,-8326
5,152,542,-87,-8332
5,153,550,-90,-8315
5,154,535,-88,-8326
5,155,537,-94,-8329
5,156,538,-98,-8333
5,157,539,-88,-8318
5,158,535,-90,-8328
5,159,539,-90,-8353
5,160,537,-86,-8348
5,161,537,-92,-8356
5,162,548,-95,-8360
5,163,544,-106,-8354
5,164,550,-103,-8334
5,165,547,-87,-8355
5,166,546,-87,-8351
5,167,550,-96,-8343
5,168,549,-94,-8330
5,169,553,-90,-8324
5,170,551,-95,-8335
5,171,554,-103,-8344
5,172,555,-108,-8341
5,173,555,-101,-8343
5,174,546,-92,-8331
5,175,545,-89,-8316
5,176,547,-98,-8331
5,177,555,-108,-8344
5,178,547,-109,-8344
5,179,538,-109,-8339
5,180,546,-102,-8367
5,181,537,-103,-8364
5,182,528,-93,-8363
5,183,519,-96,-8355
5,184,523,-97,-8336
5,185,535,-102,-8344
5,186,540,-122,-8352
5,187,543,-115,-8336
5,188,546,-99,-8349
5,189,539,-103,-8360
5,190,523,-96,-8340
5,191,525,-101,-8332
5,192,527,-110,-8325
5,193,525,-105,-8331
5,194,523,-98,-8342
5,195,518,-111,-8336
5,196,529,-110,-8326
5,197,539,-105,-8301
5,198,535,-102,-8317
5,199,526,-110,-8319
5,200,539,-118,-8308
5,201,544,-106,-8318
5,202,539,-103,-8331
5,203,547,-105,-8341
5,204,563,-109,-8342
5,205,556,-102,-8354
5,206,551,-104,-8364
5,207,555,-90,-8362
5,208,562,-88,-8344
5,209,556,-93,-8336
5,210,545,-104,-8352
5,211,548,-100,-8332
5,212,546,-101,-8333
5,213,545,-107,-8333
5,214,538,-94,-8346
5,215,540,-87,-8344
5,216,534,-72,-8365
5,217,542,-87,-8365
5,218,544,-102,-8344
5,219,553,-105,-8350
5,220,559,-108,-8345
5,221,550,-103,-8327
5,222,550,-103,-8317
5,223,548,-103,-8313
5,224,554,-101,-8309
5,225,567,-114,-8319
5,226,568,-112,-8320
5,227,563,-98,-8332
5,228,550,-96,-8354
5,229,544,-105,-8357
5,230,547,-112,-8353
5,231,552,-87,-8342
5,232,542,-88,-8317
5,233,532,-99,-8323
5,234,546,-91,-8332
5,235,541,-91,-8323
5,236,540,-111,-8351
5,237,546,-123,-8351
5,238,559,-115,-8338
5,239,558,-111,-8351
5,240,563,-113,-8344
5,241,553,-115,-8338
5,242,553,-99,-8340
5,243,546,-94,-8339
5,244,542,-89,-8331
5,245,548,-92,-8320
5,246,543,-104,-8337
5,247,545,-96,-8337
5,248,544,-98,-8333
5,249,537,-101,-8331
5,250,538,-109,-8324
5,251,541,-111,-8327
5,252,538,-92,-8350
5,253,540,-78,-8367
5,254,530,-91,-8369
5,255,533,-86,-8364
5,256,537,-81,-8348
5,257,543,-72,-8349
5,258,545,-91,-8353
5,259,546,-95,-8340
5,260,539,-103,-8338
5,261,538,-98,-8357
5,262,539,-102,-8369
5,263,549,-96,-8355
5,264,544,-99,-8351
5,265,543,-98,-8357
5,266,533,-99,-8342
5,267,531,-103,-8344
5,268,543,-108,-8329
5,269,534,-117,-8322
5,270,536,-115,-8332
5,271,555,-112,-8346
5,272,556,-106,-8371
5,273,555,-114,-8356
5,274,556,-103,-8358
5,275,548,-93,-8348
5,276,553,-90,-8344
5,277,546,-90,-8334
5,278,538,-100,-8331
5,279,540,-115,-8341
5,280,550,-102,-8345
5,281,551,-107,-8342
5,282,544,-99,-8336
5,283,542,-108,-8326
5,284,546,-111,-8331
5,285,551,-111,-8331
5,286,559,-118,-8334
5,287,553,-125,-8325
5,288,552,-109,-8336
5,289,550,-102,-8349
5,290,554,-102,-8344
5,291,550,-109,-8358
5,292,545,-111,-8353
5,293,531,-120,-8342
5,294,551,-104,-8328
5,295,535,-102,-8351
5,296,542,-105,-8361
5,297,554,-104,-8350
5,298,547,-108,-8344
5,299,546,-99,-8332
5,300,551,-105,-8353
5,301,546,-114,-8363
5,302,546,-111,-8344
5,303,550,-113,-8337
5,304,564,-126,-8317
5,305,555,-118,-8315
5,306,559,-106,-8312
5,307,574,-100,-8322
5,308,553,-102,-8323
5,309,552,-100,-8324
5,310,550,-92,-8327
5,311,557,-99,-8344
5,312,539,-108,-8340
5,313,542,-108,-8340
5,314,534,-95,-8339
5,315,523,-112,-8348
5,316,530,-108,-8343
5,317,544,-122,-8329
5,318,553,-117,-8329
5,319,547,-123,-8336
5,320,551,-119,-8348
5,321,547,-98,-8344
5,322,548,-105,-8338
5,323,539,-100,-8331
5,324,534,-101,-8332
5,325,545,-104,-8336
5,326,539,-112,-8352
5,327,535,-103,-8356
5,328,539,-98,-8338
5,329,549,-93,-8325
5,330,549,-98,-8333
5,331,542,-107,-8346
5,332,534,-106,-8351
5,333,544,-92,-8344
5,334,555,-95,-8340
5,335,568,-102,-8336
5,336,561,-101,-8356
5,337,557,-93,-8357
5,338,554,-91,-8338
5,339,551,-89,-8365
5,340,540,-96,-8363
5,341,541,-107,-8355
5,342,537,-107,-8354
5,343,540,-107,-8343
5,344,530,-108,-8345
5,345,528,-102,-8365
5,346,536,-103,-8363
5,347,545,-111,-8351
5,348,540,-114,-8343
5,349,535,-100,-8336
5,350,533,-96,-8329
5,351,544,-108,-8311
5,352,553,-100,-8325
5,353,547,-90,-8332
5,354,540,-95,-8334
5,355,534,-105,-8320
5,356,537,-95,-8319
5,357,538,-95,-8307
5,358,532,-84,-8313
5,359,519,-78,-8333
5,360,527,-98,-8334
5,361,532,-103,-8333
5,362,528,-112,-8328
5,363,531,-98,-8351
5,364,539,-100,-8341
5,365,550,-103,-8339
5,366,546,-99,-8336
5,367,541,-83,-8340
5,368,533,-97,-8347
5,369,531,-101,-8339
5,370,539,-112,-8342
5,371,545,-105,-8344
5,372,542,-103,-8344
5,373,551,-116,-8347
5,374,555,-115,-8349
5,375,553,-111,-8352
5,376,541,-114,-8328
5,377,534,-110,-8320
5,378,539,-93,-8327
5,379,535,-87,-8353
5,380,547,-93,-8334
5,381,541,-99,-8337
5,382,545,-97,-8339
5,383,542,-88,-8329
5,384,545,-89,-8328
5,385,545,-96,-8340
5,386,538,-104,-8338
5,387,541,-119,-8349
5,388,535,-105,-8357
5,389,529,-103,-8352
5,390,534,-103,-8329
5,391,526,-101,-8328
5,392,529,-96,-8337
5,393,529,-98,-8346
5,394,528,-102,-8329
5,395,529,-99,-8319
5,396,525,-105,-8335
5,397,531,-104,-8332
5,398,541,-101,-8334
5,399,552,-100,-8332
5,400,548,-101,-8320
5,401,553,-99,-8346
5,402,549,-94,-8330
5,403,550,-102,-8343
5,404,552,-101,-8344
5,405,551,-105,-8335
5,406,556,-106,-8327
5,407,547,-104,-8326
5,408,537,-103,-8336
5,409,537,-104,-8331
5,410,548,-112,-8332
5,411,541,-113,-8315
5,412,551,-102,-8321
5,413,549,-100,-8349
5,414,536,-112,-8351
5,415,529,-124,-8355
5,416,541,-111,-8344
5,417,536,-108,-8350
5,418,542,-112,-8354
5,419,538,-124,-8346
5,420,536,-122,-8358
5,421,540,-109,-8362
5,422,547,-100,-8339
5,423,551,-99,-8333
5,424,540,-123,-8332
5,425,537,-123,-8336
5,426,542,-125,-8356
5,427,542,-115,-8350
5,428,545,-116,-8349
5,429,543,-120,-8346
5,430,545,-129,-8343
5,431,549,-103,-8354
5,432,536,-106,-8348
5,433,540,-100,-8338
5,434,542,-84,-8337
5,435,539,-91,-8325
5,436,528,-91,-8312
5,437,524,-85,-8321
5,438,532,-99,-8329
5,439,539,-90,-8354
5,440,536,-88,-8357
5,441,542,-100,-8354
5,442,553,-106,-8357
5,443,548,-110,-8337
5,444,548,-125,-8329
5,445,551,-108,-8326
5,446,553,-108,-8313
5,447,550,-109,-8318
5,448,548,-102,-8330
5,449,543,-117,-8334
5,450,543,-108,-8325
5,451,548,-110,-8336
5,452,550,-108,-8342
5,453,548,-94,-8337
5,454,539,-110,-8332
5,455,543,-110,-8335
5,456,549,-118,-8358
5,457,537,-111,-8352
5,458,549,-105,-8344
5,459,542,-96,-8339
5,460,528,-92,-8349
5,461,519,-85,-8343
5,462,517,-81,-8349
5,463,529,-93,-8341
5,464,535,-107,-8334
5,465,533,-116,-8338
5,466,540,-115,-8350
5,467,531,-111,-8359
5,468,533,-112,-8358
5,469,532,-111,-8344
5,470,540,-118,-8349
5,471,543,-106,-8340
5,472,535,-111,-8326
5,473,531,-113,-8329
5,474,553,-100,-8337
5,475,550,-97,-8334
5,476,540,-90,-8337
5,477,535,-94,-8335
5,478,523,-102,-8316
5,479,519,-118,-8314
5,480,531,-116,-8310
5,481,544,-107,-8333
5,482,530,-106,-8344
5,483,535,-118,-8347
5,484,533,-106,-8320
5,485,539,-114,-8325
5,486,529,-122,-8342
5,487,525,-115,-8345
5,488,546,-115,-8349
5,489,545,-103,-8355
5,490,541,-96,-8364
5,491,538,-109,-8377
5,492,550,-111,-8358
5,493,559,-96,-8362
5,494,552,-101,-8354
5,495,550,-116,-8351
5,496,553,-115,-8333
5,497,552,-124,-8351
5,498,545,-112,-8368
5,499,538,-108,-8356
5,500,525,-119,-8362
5,501,524,-122,-8359
5,502,525,-109,-8358
5,503,521,-106,-8346
5,504,523,-111,-8339
5,505,540,-98,-8333
5,506,553,-88,-8341
5,507,553,-95,-8344
5,508,547,-101,-8345
5,509,535,-102,-8327
5,510,534,-109,-8329
5,511,531,-105,-8335
5,512,539,-93,-8345
5,513,553,-96,-8342
5,514,559,-98,-8359
5,515,557,-97,-8356
5,516,550,-78,-8356
5,517,549,-94,-8343
5,518,553,-112,-8345
5,519,545,-103,-8334
5,520,541,-94,-8328
5,521,537,-104,-8313
5,522,528,-99,-8331
5,523,515,-104,-8353
5,524,510,-105,-8354
5,525,528,-120,-8344
5,526,536,-112,-8337
5,527,537,-93,-8348
5,528,538,-87,-8350
5,529,544,-85,-8346
5,530,535,-95,-8331
5,531,538,-109,-8350
5,532,539,-115,-8339
5,533,552,-116,-8346
5,534,552,-114,-8341
5,535,548,-106,-8335
5,536,541,-98,-8342
5,537,533,-95,-8336
5,538,537,-92,-8335
5,539,534,-96,-8336
5,540,529,-96,-8335
5,541,536,-101,-8328
5,542,542,-99,-8326
5,543,540,-90,-8343
5,544,546,-95,-8354
5,545,525,-96,-8373
5,546,524,-98,-8386
5,547,534,-97,-8380
5,548,534,-94,-8347
5,549,538,-102,-8333
5,550,540,-98,-8330
5,551,541,-100,-8325
5,552,540,-93,-8328
5,553,533,-99,-8324
5,554,530,-95,-8324
5,555,532,-99,-8309
5,556,535,-100,-8325
5,557,546,-109,-8341
5,558,534,-105,-8351
5,559,544,-105,-8354
5,560,543,-113,-8358
5,561,546,-106,-8352
5,562,549,-111,-8342
5,563,532,-110,-8321
5,564,533,-108,-8327
5,565,538,-95,-8343
5,566,542,-91,-8333
5,567,549,-83,-8334
5,568,540,-99,-8341
5,569,538,-97,-8353
5,570,538,-93,-8347
5,571,532,-94,-8350
5,572,535,-89,-8342
5,573,549,-100,-8329
5,574,555,-95,-8340
5,575,555,-111,-8361
5,576,557,-107,-8364
5,577,549,-104,-8337
5,578,548,-104,-8327
5,579,551,-87,-8324
5,580,549,-94,-8336
5,581,550,-93,-8338
5,582,545,-90,-8358
5,583,547,-93,-8378
5,584,551,-110,-8378
5,585,548,-113,-8352
5,586,542,-100,-8337
5,587,536,-94,-8340
5,588,547,-94,-8348
5,589,545,-110,-8354
5,590,535,-106,-8353
5,591,539,-98,-8354
5,592,548,-98,-8353
5,593,548,-105,-8342
5,594,536,-110,-8355
5,595,549,-110,-8357
5,596,548,-112,-8346
5,597,552,-113,-8342
5,598,535,-108,-8345
5,599,534,-111,-8350
5,600,524,-102,-8353
5,601,527,-113,-8352
5,602,518,-122,-8355
5,603,520,-121,-8346
5,604,520,-126,-8345
5,605,545,-114,-8360
5,606,542,-106,-8350
5,607,536,-120,-8333
5,608,538,-119,-8329
5,609,544,-108,-8317
5,610,544,-95,-8332
5,611,545,-88,-8339
5,612,550,-95,-8339
5,613,553,-106,-8326
5,614,547,-119,-8344
5,615,551,-98,-8334
5,616,547,-86,-8340
5,617,558,-86,-8344
5,618,553,-80,-8342
5,619,554,-89,-8340
5,620,546,-107,-8353
5,621,541,-107,-8353
5,622,537,-112,-8353
5,623,535,-108,-8343
5,624,538,-107,-8343
5,625,544,-113,-8347
5,626,543,-117,-8348
5,627,545,-107,-8350
5,628,557,-102,-8356
5,629,560,-110,-8367
5,630,556,-97,-8363
5,631,553,-106,-8349
5,632,555,-113,-8331
5,633,552,-127,-8335
5,634,542,-115,-8346
5,635,541,-103,-8348
5,636,548,-107,-8334
5,637,548,-108,-8323
5,638,543,-99,-8342
5,639,539,-93,-8343
5,640,547,-94,-8337
5,641,555,-107,-8338
5,642,548,-99,-8325
5,643,529,-103,-8325
5,644,534,-108,-8347
5,645,539,-107,-8327
5,646,534,-114,-8334
5,647,541,-115,-8333
5,648,546,-116,-8339
5,649,546,-93,-8355
5,650,550,-90,-8339
5,651,541,-91,-8360
5,652,544,-109,-8342
5,653,554,-88,-8341
5,654,547,-77,-8334
5,655,532,-85,-8336
5,656,527,-102,-8358
5,657,531,-117,-8367
5,658,534,-117,-8350
5,659,526,-111,-8338
5,660,533,-108,-8333
5,661,533,-92,-8340
5,662,539,-93,-8331
5,663,539,-105,-8325
5,664,533,-105,-8342
5,665,535,-106,-8342
5,666,533,-108,-8346
5,667,532,-105,-8346
5,668,530,-98,-8328
5,669,539,-103,-8320
5,670,545,-94,-8317
5,671,544,-99,-8343
5,672,538,-91,-8353
5,673,529,-107,-8364
5,674,525,-107,-8348
5,675,536,-119,-8332
5,676,541,-107,-8343
5,677,538,-102,-8362
5,678,555,-97,-8365
5,679,561,-87,-8349
5,680,558,-89,-8351
5,681,538,-99,-8331
5,682,528,-106,-8334
5,683,529,-124,-8335
5,684,532,-123,-8352
5,685,539,-107,-8350
5,686,536,-99,-8342
5,687,536,-88,-8329
5,688,536,-103,-8342
5,689,536,-101,-8325
5,690,540,-99,-8317
5,691,541,-105,-8329
5,692,539,-115,-8336
5,693,538,-119,-8348
5,694,547,-119,-8363
5,695,558,-106,-8353
5,696,564,-112,-8345
5,697,549,-97,-8328
5,698,535,-93,-8324
5,699,533,-94,-8306
5,700,528,-96,-8310
5,701,533,-90,-8309
5,702,535,-92,-8316
5,703,531,-104,-8319
5,704,526,-101,-8318
5,705,525,-98,-8320
5,706,525,-101,-8320
5,707,532,-98,-8351
5,708,529,-102,-8351
5,709,537,-120,-8371
5,710,540,-127,-8354
5,711,545,-116,-8333
5,712,544,-100,-8336
5,713,538,-105,-8354
5,714,539,-107,-8345
5,715,542,-93,-8339
5,716,550,-102,-8332
5,717,547,-111,-8352
5,718,535,-113,-8368
5,719,530,-105,-8368
5,720,539,-110,-8355
5,721,533,-115,-8355
5,722,528,-98,-8350
5,723,532,-100,-8349
5,724,536,-115,-8336
5,725,553,-113,-8352
5,726,539,-112,-8355
5,727,544,-104,-8371
5,728,537,-94,-8362
5,729,539,-103,-8359
5,730,551,-111,-8378
5,731,545,-98,-8361
5,732,542,-86,-8354
5,733,545,-78,-8349
5,734,548,-81,-8351
5,735,551,-76,-8355
5,736,547,-81,-8356
5,737,550,-93,-8359
5,738,542,-95,-8368
5,739,537,-95,-8371
5,740,537,-105,-8354
5,741,545,-97,-8339
5,742,543,-95,-8331
5,743,556,-96,-8328
5,744,552,-91,-8331
5,745,561,-99,-8322
5,746,567,-105,-8345
5,747,557,-93,-8364
5,748,555,-104,-8349
5,749,540,-107,-8342
5,750,538,-110,-8372
5,751,535,-114,-8352
5,752,549,-99,-8341
5,753,544,-89,-8353
5,754,544,-93,-8368
5,755,541,-95,-8362
5,756,527,-95,-8353
5,757,520,-88,-8358
5,758,515,-106,-8361
5,759,516,-113,-8360
5,760,528,-107,-8358
5,761,539,-108,-8358
5,762,546,-109,-8337
5,763,546,-114,-8329
5,764,542,-101,-8338
5,765,541,-90,-8341
5,766,541,-96,-8347
5,767,539,-105,-8350
5,768,541,-112,-8347
5,769,541,-107,-8348
5,770,538,-120,-8347
5,771,540,-118,-8357
5,772,547,-118,-8367
5,773,546,-112,-8349
5,774,532,-112,-8354
5,775,549,-118,-8356
5,776,553,-112,-8354
5,777,560,-109,-8350
5,778,561,-99,-8347
5,779,540,-99,-8345
5,780,528,-108,-8337
5,781,531,-107,-8327
5,782,542,-112,-8336
5,783,544,-106,-8318
5,784,533,-107,-8323
5,785,541,-113,-8328
5,786,546,-95,-8354
5,787,549,-92,-8369
5,788,548,-92,-8369
5,789,556,-102,-8358
5,790,548,-105,-8363
5,791,548,-109,-8364
5,792,546,-101,-8375
5,793,544,-106,-8370
5,794,551,-110,-8342
5,795,559,-98,-8339
5,796,553,-102,-8351
5,797,565,-107,-8349
5,798,538,-89,-8355
5,799,527,-96,-8344
5,800,531,-95,-8327
5,801,527,-93,-8339
5,802,526,-106,-8352
5,803,543,-106,-8349
5,804,552,-105,-8339
5,805,549,-111,-8347
5,806,543,-107,-8349
5,807,550,-114,-8346
5,808,545,-117,-8351
5,809,551,-103,-8334
5,810,545,-111,-8333
5,811,553,-102,-8340
5,812,532,-106,-8354
5,813,525,-112,-8357
5,814,534,-107,-8370
5,815,537,-107,-8374
5,816,527,-95,-8360
5,817,523,-88,-8354
5,818,539,-95,-8345
5,819,537,-102,-8340
5,820,535,-110,-8351
5,821,539,-99,-8349
5,822,537,-96,-8341
5,823,540,-95,-8328
5,824,543,-104,-8320
5,825,539,-98,-8322
5,826,541,-91,-8316
5,827,536,-102,-8326
5,828,531,-100,-8331
5,829,529,-107,-8346
5,830,531,-108,-8338
5,831,540,-98,-8349
5,832,537,-101,-8344
5,833,536,-107,-8346
5,834,541,-94,-8342
5,835,534,-90,-8328
5,836,518,-96,-8335
5,837,527,-94,-8354
5,838,546,-98,-8378
5,839,545,-102,-8365
5,840,535,-113,-8372
5,841,549,-108,-8347
5,842,541,-111,-8332
5,843,548,-100,-8332
5,844,541,-107,-8330
5,845,534,-92,-8347
5,846,545,-83,-8361
5,847,551,-97,-8353
5,848,537,-103,-8344
5,849,538,-109,-8328
5,850,542,-120,-8333
5,851,548,-116,-8344
5,852,537,-113,-8340
5,853,551,-108,-8325
5,854,541,-104,-8342
5,855,547,-94,-8342
5,856,542,-97,-8350
5,857,541,-97,-8351
5,858,544,-106,-8367
5,859,548,-122,-8349
5,860,548,-108,-8348
5,861,535,-112,-8338
5,862,533,-106,-8340
5,863,532,-119,-8338
5,864,528,-119,-8369
5,865,525,-119,-8365
5,866,526,-111,-8362
5,867,529,-108,-8350
5,868,529,-98,-8333
5,869,526,-103,-8343
5,870,526,-101,-8357
5,871,534,-102,-8351
5,872,525,-103,-8351
5,873,534,-110,-8342
5,874,545,-117,-8338
5,875,548,-120,-8333
5,876,548,-116,-8332
5,877,549,-119,-8332
5,878,544,-118,-8325
5,879,544,-112,-8319
5,880,543,-121,-8314
5,881,544,-124,-8335
5,882,547,-118,-8352
5,883,534,-119,-8361
5,884,534,-109,-8363
5,885,545,-114,-8363
5,886,537,-113,-8343
5,887,544,-102,-8365
5,888,541,-108,-8346
5,889,559,-110,-8341
5,890,557,-104,-8345
5,891,542,-102,-8343
5,892,536,-102,-8353
5,893,533,-106,-8340
5,894,532,-109,-8339
5,895,535,-103,-8352
5,896,544,-90,-8368
5,897,555,-102,-8359
5,898,564,-98,-8354
5,899,548,-91,-8364
5,900,550,-110,-8351
5,901,556,-109,-8346
5,902,555,-108,-8339
5,903,548,-104,-8354
5,904,557,-101,-8365
5,905,553,-106,-8344
5,906,542,-111,-8329
5,907,536,-100,-8343
5,908,534,-105,-8345
5,909,539,-100,-8350
5,910,543,-90,-8352
5,911,546,-97,-8351
5,912,537,-107,-8349
5,913,533,-106,-8376
5,914,538,-98,-8373
5,915,548,-108,-8377
5,916,552,-114,-8380
5,917,535,-111,-8376
5,918,537,-103,-8364
5,919,550,-99,-8347
5,920,548,-92,-8332
5,921,540,-107,-8343
5,922,542,-120,-8330
5,923,551,-110,-8344
5,924,547,-102,-8338
5,925,556,-100,-8349
5,926,554,-102,-8360
5,927,560,-102,-8349
5,928,546,-108,-8343
5,929,547,-117,-8328
5,930,549,-117,-8314
5,931,553,-111,-8321
5,932,552,-102,-8335
5,933,540,-98,-8335
5,934,547,-97,-8335
5,935,547,-107,-8313
5,936,537,-103,-8319
5,937,540,-93,-8313
5,938,544,-94,-8312
5,939,546,-99,-8317
5,940,541,-101,-8334
5,941,539,-112,-8322
5,942,539,-122,-8323
5,943,535,-112,-8328
5,944,541,-107,-8323
5,945,538,-104,-8324
5,946,532,-105,-8334
5,947,526,-98,-8353
5,948,530,-98,-8352
5,949,525,-104,-8344
5,950,532,-92,-8331
5,951,545,-99,-8328
5,952,542,-101,-8348
5,953,540,-101,-8353
5,954,541,-106,-8356
5,955,548,-104,-8348
5,956,543,-102,-8343
5,957,540,-103,-8348
5,958,552,-107,-8332
5,959,547,-111,-8347
5,960,547,-106,-8340
5,961,544,-102,-8347
5,962,546,-103,-8352
5,963,559,-107,-8343
5,964,555,-100,-8363
5,965,554,-100,-8364
5,966,562,-102,-8362
5,967,551,-120,-8352
5,968,540,-122,-8349
5,969,537,-117,-8366
5,970,540,-121,-8362
5,971,530,-113,-8358
5,972,531,-108,-8372
5,973,530,-110,-8373
5,974,542,-105,-8379
5,975,538,-99,-8364
5,976,533,-100,-8361
5,977,533,-93,-8347
5,978,547,-92,-8335
5,979,539,-108,-8346
5,980,548,-108,-8334
5,981,541,-107,-8322
5,982,543,-99,-8330
5,983,550,-111,-8343
5,984,537,-105,-8350
5,985,544,-91,-8355
5,986,545,-91,-8345
5,987,544,-78,-8331
5,988,535,-84,-8337
5,989,527,-91,-8346
5,990,534,-96,-8344
5,991,529,-105,-8358
5,992,534,-105,-8367
5,993,547,-100,-8369
5,994,541,-115,-8381
5,995,535,-109,-8350
5,996,544,-104,-8350
5,997,545,-100,-8358
5,998,541,-104,-8359
5,999,552,-106,-8346
5,1000,553,-116,-8346
5,1001,550,-111,-8352
5,1002,553,-89,-8355
5,1003,547,-94,-8348
5,1004,544,-105,-8347
5,1005,551,-111,-8342
5,1006,555,-105,-8350
5,1007,554,-106,-8342
5,1008,535,-104,-8341
5,1009,532,-98,-8331
5,1010,527,-114,-8351
5,1011,534,-106,-8352
5,1012,548,-107,-8349
5,1013,552,-102,-8347
5,1014,538,-111,-8336
5,1015,539,-107,-8339
5,1016,534,-113,-8346
5,1017,529,-117,-8333
5,1018,523,-121,-8343
5,1019,542,-98,-8346
5,1020,538,-104,-8350
5,1021,535,-114,-8335
5,1022,534,-115,-8322
5,1023,539,-109,-8321
5,1024,534,-110,-8332
5,1025,543,-110,-8337
5,1026,540,-113,-8346
5,1027,539,-112,-8345
5,1028,550,-113,-8339
5,1029,549,-111,-8355
5,1030,555,-114,-8331
5,1031,559,-121,-8321
5,1032,550,-132,-8326
5,1033,547,-118,-8330
5,1034,547,-105,-8330
5,1035,545,-90,-8329
5,1036,549,-95,-8350
5,1037,550,-98,-8350
5,1038,551,-96,-8344
5,1039,541,-91,-8342
5,1040,537,-90,-8336
5,1041,543,-87,-8333
5,1042,542,-87,-8331
5,1043,542,-96,-8340
5,1044,552,-104,-8341
5,1045,555,-103,-8353
5,1046,559,-102,-8344
5,1047,552,-107,-8334
5,1048,544,-106,-8335
5,1049,542,-94,-8346
5,1050,531,-91,-8339
5,1051,535,-99,-8331
5,1052,527,-96,-8328
5,1053,527,-92,-8344
5,1054,525,-96,-8363
5,1055,528,-101,-8352
5,1056,538,-106,-8350
5,1057,537,-97,-8350
5,1058,539,-101,-8330
5,1059,543,-101,-8351
5,1060,544,-108,-8349
5,1061,543,-103,-8331
5,1062,541,-93,-8335
5,1063,549,-99,-8354
5,1064,545,-92,-8350
5,1065,559,-97,-8350
5,1066,551,-88,-8343
5,1067,551,-89,-8340
5,1068,547,-93,-8345
5,1069,551,-88,-8351
5,1070,538,-104,-8361
5,1071,530,-104,-8345
5,1072,538,-103,-8349
5,1073,535,-114,-8357
5,1074,522,-113,-8357
5,1075,528,-105,-8337
5,1076,526,-94,-8346
5,1077,528,-95,-8338
5,1078,524,-92,-8321
5,1079,532,-88,-8326
5,1080,550,-96,-8325
5,1081,549,-102,-8326
5,1082,552,-96,-8333
5,1083,546,-105,-8335
5,1084,537,-102,-8341
5,1085,531,-98,-8336
5,1086,537,-104,-8331
5,1087,538,-108,-8335
5,1088,537,-95,-8339
5,1089,538,-100,-8331
5,1090,535,-118,-8341
5,1091,527,-106,-8345
5,1092,536,-93,-8350
5,1093,540,-107,-8342
5,1094,537,-91,-8342
5,1095,558,-96,-8344
5,1096,548,-96,-8336
5,1097,550,-102,-8340
5,1098,544,-102,-8350
5,1099,547,-99,-8358
5,1100,546,-103,-8354
5,1101,542,-97,-8364
5,1102,554,-109,-8364
5,1103,555,-113,-8355
5,1104,555,-122,-8356
5,1105,548,-126,-8355
5,1106,556,-118,-8349
5,1107,565,-114,-8361
5,1108,555,-121,-8349
5,1109,552,-111,-8344
5,1110,541,-110,-8366
5,1111,542,-107,-8358
5,1112,545,-110,-8371
5,1113,548,-111,-8375
5,1114,531,-106,-8367
5,1115,543,-104,-8358
5,1116,533,-103,-8349
5,1117,531,-103,-8314
5,1118,529,-107,-8328
5,1119,531,-111,-8340
5,1120,541,-105,-8331
5,1121,539,-110,-8323
5,1122,545,-109,-8320
5,1123,550,-105,-8325
5,1124,532,-95,-8336
5,1125,537,-93,-8333
5,1126,540,-107,-8341
5,1127,547,-107,-8346
5,1128,544,-111,-8353
5,1129,546,-119,-8342
5,1130,556,-109,-8351
5,1131,548,-98,-8367
5,1132,535,-99,-8365
5,1133,535,-108,-8357
5,1134,535,-111,-8333
5,1135,548,-128,-8326
5,1136,547,-129,-8334
5,1137,563,-114,-8354
5,1138,557,-109,-8358
5,1139,533,-100,-8349
5,1140,531,-103,-8345
5,1141,531,-100,-8344
5,1142,546,-107,-8363
5,1143,544,-100,-8347
5,1144,546,-103,-8359
5,1145,543,-99,-8369
5,1146,531,-91,-8367
5,1147,533,-87,-8346
5,1148,540,-71,-8334
5,1149,531,-83,-8349
5,1150,548,-93,-8365
5,1151,539,-101,-8361
5,1152,537,-93,-8342
5,1153,530,-85,-8364
5,1154,534,-101,-8374
5,1155,540,-107,-8380
5,1156,539,-110,-8354
5,1157,557,-104,-8346
5,1158,553,-98,-8340
5,1159,549,-96,-8332
5,1160,547,-98,-8321
5,1161,545,-99,-8333
5,1162,547,-106,-8343
5,1163,537,-110,-8345
5,1164,546,-109,-8336
5,1165,542,-93,-8327
5,1166,523,-105,-8340
5,1167,519,-113,-8334
5,1168,535,-106,-8331
5,1169,532,-101,-8335
5,1170,525,-104,-8338
5,1171,525,-110,-8341
5,1172,541,-98,-8336
5,1173,546,-101,-8336
5,1174,528,-104,-8349
5,1175,527,-109,-8333
5,1176,528,-102,-8349
5,1177,527,-97,-8346
5,1178,521,-102,-8345
5,1179,524,-106,-8344
5,1180,519,-104,-8317
5,1181,520,-104,-8320
5,1182,524,-100,-8331
5,1183,533,-98,-8323
5,1184,530,-92,-8339
5,1185,533,-94,-8337
5,1186,535,-99,-8339
5,1187,524,-97,-8338
5,1188,534,-101,-8340
5,1189,531,-100,-8335
5,1190,531,-109,-8344
5,1191,536,-110,-8345
5,1192,538,-115,-8355
5,1193,541,-105,-8358
5,1194,545,-108,-8360
5,1195,549,-106,-8361
5,1196,551,-101,-8363
5,1197,532,-108,-8361
5,1198,537,-103,-8350
5,1199,531,-97,-8332
5,1200,538,-101,-8336
5,1201,543,-96,-8339
5,1202,551,-111,-8316
5,1203,548,-115,-8329
5,1204,555,-103,-8351
5,1205,549,-110,-8359
5,1206,545,-107,-8355
5,1207,543,-96,-8343
5,1208,540,-102,-8341
5,1209,540,-110,-8345
5,1210,545,-92,-8328
5,1211,551,-85,-8345
5,1212,554,-93,-8340
5,1213,554,-98,-8349
5,1214,547,-109,-8330
5,1215,542,-113,-8339
5,1216,535,-120,-8355
5,1217,541,-111,-8359
5,1218,539,-104,-8347
5,1219,546,-99,-8345
5,1220,546,-102,-8335
5,1221,541,-96,-8339
5,1222,544,-91,-8342
5,1223,552,-101,-8350
5,1224,541,-111,-8348
5,1225,538,-107,-8358
5,1226,539,-110,-8350
5,1227,540,-103,-8365
5,1228,547,-102,-8357
5,1229,552,-104,-8339
5,1230,558,-109,-8338
5,1231,551,-119,-8338
5,1232,534,-123,-8323
5,1233,521,-128,-8312
5,1234,526,-118,-8308
5,1235,536,-119,-8313
5,1236,524,-104,-8332
5,1237,517,-99,-8336
5,1238,530,-100,-8354
5,1239,537,-104,-8360
5,1240,533,-98,-8358
5,1241,540,-89,-8340
5,1242,534,-89,-8336
5,1243,535,-86,-8335
5,1244,532,-96,-8340
5,1245,528,-101,-8337
5,1246,541,-113,-8345
5,1247,546,-112,-8356
5,1248,548,-110,-8354
5,1249,534,-122,-8336
5,1250,534,-118,-8337
5,1251,543,-107,-8334
5,1252,544,-101,-8344
5,1253,540,-111,-8355
5,1254,549,-111,-8340
5,1255,542,-103,-8331
5,1256,546,-104,-8316
5,1257,549,-110,-8317
5,1258,538,-104,-8322
5,1259,542,-101,-8327
5,1260,531,-100,-8344
5,1261,536,-100,-8351
5,1262,537,-108,-8340
5,1263,544,-115,-8342
5,1264,542,-111,-8334
5,1265,535,-104,-8336
5,1266,527,-103,-8324
5,1267,532,-99,-8330
5,1268,537,-100,-8338
5,1269,542,-98,-8340
5,1270,536,-91,-8336
5,1271,528,-96,-8336
5,1272,535,-98,-8333
5,1273,535,-104,-8313
5,1274,559,-99,-8322
5,1275,556,-102,-8321
5,1276,550,-116,-8339
5,1277,544,-110,-8348
5,1278,548,-106,-8347
5,1279,551,-98,-8341
5,1280,549,-95,-8344
5,1281,544,-100,-8325
5,1282,536,-104,-8316
5,1283,526,-118,-8313
5,1284,532,-118,-8308
5,1285,531,-110,-8309
5,1286,538,-117,-8316
5,1287,539,-105,-8317
5,1288,544,-100,-8325
5,1289,546,-104,-8341
5,1290,541,-111,-8337
5,1291,540,-110,-8319
5,1292,542,-103,-8327
5,1293,533,-103,-8349
5,1294,541,-109,-8344
5,1295,538,-102,-8326
5,1296,546,-98,-8310
5,1297,555,-102,-8318
5,1298,558,-102,-8327
5,1299,551,-113,-8336
5,1300,542,-120,-8357
5,1301,541,-111,-8343
5,1302,529,-95,-8337
5,1303,529,-95,-8339
5,1304,531,-107,-8327
5,1305,545,-117,-8336
5,1306,552,-119,-8357
5,1307,548,-104,-8361
5,1308,553,-97,-8355
5,1309,544,-97,-8344
5,1310,547,-93,-8354
5,1311,553,-104,-8354
5,1312,547,-119,-8366
5,1313,543,-121,-8351
5,1314,537,-117,-8332
5,1315,521,-94,-8343
5,1316,522,-94,-8333
5,1317,533,-98,-8325
5,1318,535,-103,-8328
5,1319,532,-113,-8326
5,1320,525,-115,-8342
5,1321,524,-108,-8355
5,1322,526,-98,-8374
5,1323,535,-97,-8363
5,1324,538,-101,-8358
5,1325,529,-94,-8353
5,1326,529,-94,-8347
5,1327,540,-96,-8334
5,1328,547,-110,-8319
5,1329,554,-120,-8342
5,1330,549,-109,-8348
5,1331,537,-116,-8351
5,1332,535,-127,-8354
5,1333,529,-105,-8356
5,1334,534,-94,-8347
5,1335,545,-94,-8348
5,1336,544,-93,-8353
5,1337,541,-104,-8345
5,1338,550,-92,-8348
5,1339,550,-101,-8367
5,1340,544,-103,-8367
5,1341,545,-100,-8363
5,1342,547,-104,-8347
5,1343,551,-105,-8339
5,1344,543,-115,-8338
5,1345,544,-107,-8338
5,1346,540,-110,-8365
5,1347,546,-109,-8347
5,1348,548,-114,-8346
5,1349,533,-116,-8335
5,1350,531,-105,-8356
5,1351,536,-105,-8360
5,1352,551,-102,-8351
5,1353,533,-120,-8345
5,1354,526,-134,-8337
5,1355,530,-130,-8339
5,1356,537,-106,-8370
5,1357,538,-86,-8357
5,1358,530,-84,-8350
5,1359,531,-86,-8364
5,1360,532,-99,-8358
5,1361,543,-103,-8350
5,1362,535,-103,-8336
5,1363,531,-105,-8335
5,1364,534,-108,-8361
5,1365,526,-93,-8346
5,1366,518,-97,-8341
5,1367,534,-102,-8333
5,1368,543,-99,-8351
5,1369,543,-115,-8352
5,1370,555,-104,-8349
5,1371,544,-103,-8342
5,1372,551,-108,-8351
5,1373,551,-104,-8345
5,1374,537,-105,-8347
5,1375,535,-112,-8341
5,1376,538,-106,-8336
5,1377,550,-99,-8335
5,1378,546,-106,-8341
5,1379,538,-120,-8320
5,1380,546,-105,-8316
5,1381,537,-100,-8317
5,1382,533,-103,-8335
5,1383,526,-102,-8324
5,1384,530,-88,-8337
5,1385,536,-88,-8347
5,1386,548,-95,-8350
5,1387,545,-96,-8353
5,1388,542,-94,-8340
5,1389,536,-97,-8356
5,1390,540,-99,-8370
5,1391,535,-106,-8356
5,1392,534,-101,-8375
5,1393,531,-109,-8355
5,1394,532,-103,-8343
5,1395,531,-97,-8332
5,1396,534,-99,-8330
5,1397,537,-107,-8343
5,1398,541,-105,-8337
5,1399,544,-112,-8346
5,1400,543,-112,-8351
5,1401,547,-104,-8349
5,1402,549,-102,-8340
5,1403,540,-106,-8364
5,1404,547,-92,-8354
5,1405,545,-85,-8352
5,1406,541,-95,-8349
5,1407,530,-97,-8351
5,1408,524,-104,-8356
5,1409,524,-110,-8352
5,1410,527,-106,-8344
5,1411,525,-86,-8354
5,1412,538,-87,-8361
5,1413,540,-87,-8349
5,1414,543,-86,-8330
5,1415,534,-93,-8353
5,1416,529,-85,-8365
5,1417,538,-87,-8344
5,1418,531,-101,-8324
5,1419,535,-103,-8322
5,1420,539,-97,-8337
5,1421,545,-97,-8351
5,1422,540,-109,-8346
5,1423,532,-106,-8339
5,1424,541,-119,-8321
5,1425,548,-123,-8326
5,1426,533,-119,-8350
5,1427,529,-121,-8357
5,1428,537,-118,-8351
5,1429,547,-104,-8350
5,1430,553,-102,-8358
5,1431,536,-96,-8351
5,1432,538,-106,-8347
5,1433,539,-100,-8344
5,1434,525,-89,-8343
5,1435,516,-101,-8338
5,1436,520,-102,-8350
5,1437,521,-96,-8353
5,1438,543,-95,-8343
5,1439,553,-92,-8350
5,1440,565,-89,-8340
5,1441,561,-95,-8332
5,1442,551,-93,-8320
5,1443,544,-105,-8322
5,1444,540,-104,-8344
5,1445,537,-92,-8352
5,1446,538,-93,-8347
5,1447,531,-97,-8357
5,1448,534,-109,-8351
5,1449,519,-112,-8350
5,1450,525,-108,-8349
5,1451,549,-102,-8345
5,1452,554,-104,-8332
5,1453,546,-101,-8340
5,1454,540,-107,-8339
5,1455,537,-101,-8345
5,1456,535,-93,-8350
5,1457,539,-90,-8334
5,1458,550,-92,-8341
5,1459,552,-92,-8339
5,1460,547,-93,-8343
5,1461,548,-92,-8340
5,1462,555,-103,-8336
5,1463,546,-109,-8345
5,1464,531,-102,-8346
5,1465,525,-108,-8349
5,1466,535,-103,-8332
5,1467,540,-100,-8348
5,1468,544,-98,-8335
5,1469,542,-96,-8322
5,1470,545,-93,-8320
5,1471,547,-90,-8336
5,1472,539,-99,-8341
5,1473,528,-102,-8357
5,1474,539,-95,-8379
5,1475,542,-88,-8364
5,1476,545,-92,-8354
5,1477,550,-95,-8350
5,1478,554,-94,-8355
5,1479,551,-99,-8349
5,1480,551,-93,-8340
5,1481,548,-91,-8346
5,1482,545,-101,-8348
5,1483,544,-116,-8356
5,1484,548,-125,-8353
5,1485,559,-123,-8345
5,1486,554,-113,-8346
5,1487,553,-117,-8329
5,1488,557,-122,-8339
5,1489,551,-109,-8352
5,1490,532,-94,-8355
5,1491,523,-93,-8346
5,1492,531,-93,-8357
5,1493,543,-89,-8317
5,1494,535,-91,-8315
5,1495,531,-105,-8321
5,1496,531,-114,-8327
5,1497,532,-111,-8344
5,1498,527,-101,-8350
5,1499,532,-93,-8348
5,1500,540,-85,-8356
5,1501,544,-94,-8354
5,1502,536,-112,-8344
5,1503,536,-93,-8351
5,1504,530,-88,-8361
5,1505,542,-81,-8356
5,1506,541,-76,-8357
5,1507,540,-90,-8350
5,1508,540,-95,-8331
5,1509,544,-103,-8338
5,1510,529,-95,-8330
5,1511,533,-96,-8354
5,1512,548,-92,-8359
5,1513,544,-88,-8367
5,1514,551,-109,-8334
5,1515,544,-113,-8336
5,1516,521,-118,-8340
5,1517,520,-111,-8345
5,1518,537,-94,-8354
5,1519,536,-88,-8351
5,1520,540,-109,-8347
5,1521,551,-109,-8360
5,1522,560,-108,-8359
5,1523,549,-97,-8355
5,1524,551,-89,-8355
5,1525,553,-85,-8360
5,1526,552,-90,-8356
5,1527,559,-99,-8352
5,1528,560,-111,-8352
5,1529,548,-103,-8369
5,1530,540,-103,-8382
5,1531,525,-94,-8387
5,1532,535,-82,-8373
5,1533,548,-76,-8367
5,1534,547,-90,-8362
5,1535,538,-85,-8357
5,1536,536,-94,-8343
5,1537,531,-111,-8342
5,1538,526,-121,-8333
5,1539,550,-122,-8339
5,1540,544,-118,-8340
5,1541,534,-116,-8350
5,1542,540,-107,-8353
5,1543,547,-111,-8335
5,1544,556,-103,-8338
5,1545,550,-107,-8346
5,1546,550,-99,-8350
5,1547,556,-97,-8356
5,1548,559,-96,-8331
5,1549,560,-97,-8332
5,1550,537,-82,-8336
5,1551,534,-80,-8349
5,1552,538,-94,-8355
5,1553,533,-107,-8354
5,1554,534,-103,-8365
5,1555,535,-100,-8350
5,1556,531,-99,-8338
5,1557,531,-101,-8355
5,1558,543,-103,-8338
5,1559,543,-102,-8327
5,1560,544,-107,-8333
5,1561,547,-99,-8343
5,1562,558,-77,-8334
5,1563,548,-91,-8340
5,1564,538,-97,-8349
5,1565,540,-106,-8358
5,1566,543,-100,-8344
5,1567,541,-97,-8344
5,1568,542,-104,-8342
5,1569,537,-90,-8331
5,1570,545,-88,-8332
5,1571,526,-87,-8332
5,1572,520,-97,-8342
5,1573,539,-94,-8355
5,1574,536,-98,-8352
5,1575,545,-102,-8350
5,1576,549,-101,-8345
5,1577,553,-102,-8339
5,1578,549,-98,-8344
5,1579,551,-104,-8338
5,1580,532,-114,-8339
5,1581,535,-105,-8355
5,1582,541,-96,-8345
5,1583,549,-93,-8356
5,1584,541,-92,-8350
5,1585,538,-99,-8351
5,1586,532,-99,-8357
5,1587,538,-103,-8352
5,1588,546,-101,-8345
5,1589,539,-97,-8337
5,1590,542,-92,-8353
5,1591,533,-103,-8336
5,1592,532,-94,-8345
5,1593,536,-92,-8354
5,1594,539,-92,-8348
5,1595,528,-103,-8339
5,1596,527,-110,-8335
5,1597,531,-103,-8327
5,1598,533,-86,-8310
5,1599,530,-89,-8341
5,1600,535,-84,-8340
5,1601,536,-91,-8350
5,1602,533,-90,-8355
5,1603,527,-100,-8338
5,1604,547,-102,-8341
5,1605,548,-101,-8324
5,1606,537,-102,-8335
5,1607,550,-98,-8348
5,1608,563,-87,-8342
5,1609,553,-93,-8330
5,1610,554,-101,-8324
5,1611,552,-99,-8331
5,1612,540,-99,-8346
5,1613,527,-104,-8350
5,1614,538,-106,-8345
5,1615,539,-101,-8346
5,1616,542,-111,-8335
5,1617,541,-96,-8344
5,1618,557,-99,-8342
5,1619,553,-99,-8325
5,1620,549,-105,-8323
5,1621,550,-105,-8338
5,1622,551,-118,-8358
5,1623,548,-104,-8350
5,1624,559,-92,-8348
5,1625,555,-85,-8347
5,1626,555,-96,-8355
5,1627,559,-100,-8358
5,1628,556,-115,-8344
5,1629,538,-114,-8339
5,1630,535,-103,-8345
5,1631,544,-88,-8342
5,1632,538,-100,-8346
5,1633,529,-94,-8326
5,1634,527,-95,-8338
5,1635,517,-98,-8352
5,1636,519,-100,-8343
5,1637,529,-83,-8348
5,1638,536,-88,-8331
5,1639,530,-95,-8314
5,1640,528,-109,-8319
5,1641,532,-111,-8336
5,1642,536,-103,-8343
5,1643,535,-104,-8344
5,1644,539,-109,-8328
5,1645,544,-97,-8330
5,1646,544,-109,-8328
5,1647,546,-112,-8332
5,1648,557,-107,-8341
5,1649,568,-105,-8354
5,1650,569,-108,-8356
5,1651,558,-109,-8352
5,1652,554,-92,-8353
5,1653,553,-95,-8360
5,1654,552,-95,-8354
5,1655,548,-87,-8363
5,1656,536,-102,-8358
5,1657,540,-93,-8342
5,1658,551,-104,-8334
5,1659,562,-106,-8344
5,1660,561,-102,-8338
5,1661,542,-105,-8334
5,1662,533,-110,-8351
5,1663,534,-113,-8375
5,1664,537,-110,-8369
5,1665,537,-106,-8349
5,1666,544,-92,-8355
5,1667,556,-91,-8356
5,1668,553,-94,-8345
5,1669,558,-94,-8341
5,1670,548,-99,-8336
5,1671,545,-97,-8345
5,1672,539,-97,-8340
5,1673,538,-107,-8344
5,1674,534,-105,-8354
5,1675,542,-97,-8342
5,1676,531,-91,-8339
5,1677,540,-85,-8361
5,1678,547,-93,-8355
5,1679,552,-101,-8343
5,1680,537,-98,-8350
5,1681,532,-98,-8359
5,1682,534,-100,-8374
5,1683,541,-94,-8360
5,1684,540,-88,-8353
5,1685,536,-99,-8346
5,1686,542,-110,-8330
5,1687,553,-101,-8326
5,1688,554,-103,-8329
5,1689,549,-94,-8339
5,1690,552,-108,-8359
5,1691,535,-100,-8358
5,1692,528,-100,-8355
5,1693,532,-98,-8351
5,1694,530,-107,-8358
5,1695,530,-113,-8324
5,1696,542,-101,-8318
5,1697,556,-106,-8331
5,1698,562,-108,-8328
5,1699,550,-104,-8343
5,1700,552,-105,-8342
5,1701,550,-108,-8352
5,1702,556,-105,-8369
5,1703,542,-101,-8349
5,1704,533,-92,-8344
5,1705,543,-89,-8354
5,1706,539,-95,-8363
5,1707,530,-99,-8356
5,1708,553,-101,-8355
5,1709,542,-104,-8331
5,1710,542,-102,-8334
5,1711,544,-93,-8342
5,1712,541,-92,-8337
5,1713,551,-88,-8339
5,1714,552,-88,-8355
5,1715,542,-91,-8358
5,1716,541,-96,-8359
5,1717,544,-100,-8356
5,1718,548,-85,-8361
5,1719,542,-97,-8358
5,1720,540,-113,-8357
5,1721,541,-108,-8351
5,1722,543,-99,-8328
5,1723,530,-92,-8321
5,1724,519,-91,-8335
5,1725,521,-90,-8329
5,1726,532,-96,-8353
5,1727,538,-100,-8359
5,1728,534,-111,-8381
5,1729,529,-116,-8365
5,1730,523,-111,-8348
5,1731,528,-96,-8349
5,1732,546,-97,-8353
5,1733,544,-107,-8359
5,1734,548,-101,-8340
5,1735,556,-110,-8354
5,1736,545,-112,-8357
5,1737,541,-107,-8366
5,1738,530,-95,-8353
5,1739,549,-96,-8354
5,1740,550,-92,-8346
5,1741,543,-106,-8339
5,1742,545,-109,-8336
5,1743,547,-102,-8345
5,1744,538,-113,-8350
5,1745,539,-109,-8355
5,1746,526,-99,-8362
5,1747,517,-90,-8350
5,1748,535,-100,-8334
5,1749,543,-107,-8339
5,1750,546,-113,-8331
5,1751,550,-117,-8363
5,1752,544,-121,-8361
5,1753,541,-113,-8362
5,1754,546,-108,-8351
5,1755,540,-107,-8343
5,1756,531,-91,-8330
5,1757,534,-86,-8321
5,1758,531,-89,-8335
5,1759,537,-90,-8345
5,1760,533,-90,-8348
5,1761,529,-95,-8351
5,1762,528,-101,-8353
5,1763,532,-96,-8337
5,1764,527,-101,-8346
5,1765,544,-103,-8365
5,1766,540,-96,-8367
5,1767,533,-100,-8361
5,1768,544,-111,-8357
5,1769,544,-107,-8351
5,1770,542,-97,-8343
5,1771,551,-92,-8340
5,1772,537,-104,-8352
5,1773,536,-102,-8366
5,1774,540,-92,-8348
5,1775,541,-96,-8338
5,1776,554,-104,-8328
5,1777,539,-104,-8338
5,1778,528,-108,-8351
5,1779,532,-106,-8347
5,1780,540,-101,-8349
5,1781,553,-93,-8328
5,1782,546,-92,-8327
5,1783,533,-92,-8338
5,1784,523,-94,-8349
5,1785,534,-91,-8319
5,1786,551,-89,-8321
5,1787,540,-99,-8333
5,1788,536,-109,-8328
5,1789,532,-97,-8328
5,1790,548,-99,-8329
5,1791,556,-97,-8345
5,1792,552,-108,-8327
5,1793,547,-106,-8320
5,1794,538,-114,-8327
5,1795,540,-106,-8342
5,1796,544,-100,-8325
5,1797,542,-96,-8344
5,1798,540,-95,-8341
5,1799,541,-96,-8349
5,1800,529,-109,-8351
5,1801,525,-108,-8347
5,1802,536,-107,-8342
5,1803,532,-104,-8358
5,1804,538,-100,-8363
5,1805,533,-96,-8376
5,1806,543,-95,-8364
5,1807,549,-108,-8350
5,1808,545,-116,-8339
5,1809,544,-114,-8334
5,1810,544,-111,-8348
5,1811,538,-108,-8354
5,1812,552,-118,-8346
5,1813,550,-114,-8353
5,1814,546,-100,-8357
5,1815,552,-104,-8361
5,1816,558,-108,-8352
5,1817,569,-121,-8347
5,1818,564,-117,-8345
5,1819,555,-113,-8351
5,1820,545,-106,-8324
5,1821,546,-93,-8324
5,1822,541,-94,-8320
5,1823,536,-98,-8309
5,1824,534,-108,-8311
5,1825,529,-117,-8337
5,1826,535,-108,-8331
5,1827,529,-101,-8324
5,1828,526,-102,-8317
5,1829,531,-112,-8319
5,1830,532,-109,-8351
5,1831,532,-107,-8341
5,1832,530,-102,-8351
5,1833,540,-95,-8349
5,1834,524,-97,-8357
5,1835,526,-85,-8356
5,1836,544,-85,-8344
5,1837,541,-91,-8341
5,1838,545,-97,-8344
5,1839,538,-96,-8343
5,1840,530,-101,-8349
5,1841,543,-110,-8333
5,1842,541,-97,-8328
5,1843,539,-94,-8343
5,1844,533,-114,-8356
5,1845,526,-118,-8337
5,1846,528,-114,-8335
5,1847,533,-100,-8336
5,1848,529,-105,-8323
5,1849,531,-100,-8344
5,1850,544,-107,-8337
5,1851,540,-110,-8335
5,1852,547,-104,-8341
5,1853,551,-99,-8351
5,1854,549,-98,-8349
5,1855,547,-94,-8349
5,1856,550,-97,-8352
5,1857,552,-88,-8342
5,1858,563,-90,-8345
5,1859,547,-106,-8344
5,1860,553,-105,-8353
5,1861,552,-98,-8343
5,1862,544,-97,-8328
5,1863,533,-104,-8334
5,1864,537,-104,-8336
5,1865,552,-104,-8341
5,1866,565,-96,-8362
5,1867,567,-95,-8362
5,1868,570,-94,-8356
5,1869,558,-105,-8352
5,1870,560,-101,-8363
5,1871,540,-101,-8357
5,1872,538,-105,-8355
5,1873,536,-100,-8347
5,1874,535,-99,-8352
5,1875,536,-108,-8348
5,1876,539,-100,-8343
5,1877,541,-107,-8338
5,1878,545,-103,-8336
5,1879,542,-115,-8337
5,1880,533,-125,-8332
5,1881,534,-113,-8352
5,1882,528,-114,-8356
5,1883,526,-105,-8353
5,1884,541,-107,-8347
5,1885,540,-103,-8351
5,1886,533,-111,-8345
5,1887,531,-110,-8345
5,1888,533,-114,-8337
5,1889,538,-112,-8328
5,1890,536,-103,-8336
5,1891,550,-98,-8356
5,1892,553,-101,-8346
5,1893,550,-99,-8342
5,1894,546,-106,-8355
5,1895,550,-111,-8359
5,1896,547,-111,-8372
5,1897,549,-101,-8367
5,1898,546,-95,-8364
5,1899,558,-97,-8354
5,1900,549,-96,-8361
5,1901,550,-100,-8351
5,1902,543,-93,-8351
5,1903,538,-91,-8352
5,1904,527,-95,-8349
5,1905,517,-81,-8354
5,1906,536,-87,-8361
5,1907,524,-99,-8358
5,1908,534,-98,-8361
5,1909,544,-96,-8354
5,1910,547,-97,-8340
5,1911,549,-97,-8332
5,1912,558,-87,-8341
5,1913,540,-84,-8338
5,1914,530,-79,-8351
5,1915,545,-84,-8354
5,1916,533,-91,-8363
5,1917,526,-102,-8366
5,1918,531,-99,-8377
5,1919,530,-104,-8358
5,1920,529,-110,-8337
5,1921,528,-107,-8333
5,1922,541,-104,-8324
5,1923,540,-91,-8330
5,1924,549,-73,-8337
5,1925,545,-83,-8343
5,1926,549,-90,-8335
5,1927,558,-87,-8355
5,1928,535,-79,-8346
5,1929,531,-89,-8334
5,1930,536,-92,-8340
5,1931,529,-97,-8343
5,1932,530,-90,-8338
5,1933,521,-104,-8339
5,1934,535,-109,-8355
5,1935,539,-112,-8355
5,1936,539,-115,-8352
5,1937,530,-106,-8345
5,1938,529,-97,-8346
5,1939,532,-86,-8353
5,1940,540,-83,-8351
5,1941,551,-94,-8340
5,1942,545,-101,-8351
5,1943,545,-100,-8339
5,1944,550,-116,-8337
5,1945,558,-113,-8340
5,1946,546,-118,-8338
5,1947,556,-108,-8348
5,1948,546,-113,-8361
5,1949,549,-91,-8370
5,1950,547,-94,-8348
5,1951,551,-94,-8354
5,1952,546,-102,-8352
5,1953,532,-108,-8347
5,1954,547,-114,-8347
5,1955,546,-105,-8325
5,1956,550,-105,-8345
5,1957,539,-107,-8372
5,1958,539,-100,-8359
5,1959,535,-94,-8352
5,1960,539,-96,-8363
5,1961,535,-105,-8361
5,1962,545,-96,-8347
5,1963,542,-88,-8344
5,1964,538,-86,-8342
5,1965,533,-92,-8340
5,1966,535,-89,-8326
5,1967,538,-99,-8329
5,1968,534,-103,-8341
5,1969,524,-100,-8354
5,1970,517,-94,-8356
5,1971,527,-94,-8356
5,1972,537,-100,-8357
5,1973,540,-110,-8346
5,1974,542,-106,-8349
5,1975,540,-104,-8357
5,1976,555,-97,-8337
5,1977,563,-103,-8346
5,1978,553,-110,-8356
5,1979,545,-102,-8356
5,1980,539,-99,-8362
5,1981,527,-109,-8343
5,1982,524,-96,-8341
5,1983,537,-103,-8348
5,1984,530,-101,-8350
5,1985,521,-97,-8353
5,1986,525,-96,-8356
5,1987,539,-101,-8361
5,1988,540,-94,-8371
5,1989,538,-100,-8368
5,1990,535,-99,-8361
5,1991,536,-111,-8344
5,1992,531,-108,-8344
5,1993,534,-113,-8346
5,1994,538,-120,-8349
5,1995,531,-114,-8342
5,1996,530,-107,-8330
5,1997,520,-102,-8337
5,1998,536,-94,-8359
5,1999,559,-107,-8337
5,2000,560,-106,-8341
5,2001,552,-91,-8352
5,2002,542,-82,-8343
5,2003,543,-82,-8334
5,2004,533,-88,-8330
5,2005,535,-87,-8342
5,2006,536,-90,-8329
5,2007,535,-89,-8331
5,2008,527,-82,-8348
5,2009,527,-79,-8352
5,2010,534,-87,-8344
5,2011,529,-91,-8341
5,2012,524,-92,-8316
5,2013,529,-80,-8335
5,2014,527,-88,-8329
5,2015,534,-88,-8321
5,2016,541,-97,-8322
5,2017,536,-97,-8331
5,2018,552,-98,-8347
5,2019,553,-103,-8358
5,2020,552,-111,-8343
5,2021,537,-98,-8350
5,2022,537,-93,-8355
5,2023,549,-104,-8352
5,2024,557,-103,-8342
5,2025,564,-102,-8344
5,2026,551,-109,-8362
5,2027,532,-120,-8351
5,2028,529,-111,-8330
5,2029,542,-102,-8308
5,2030,547,-106,-8305
5,2031,534,-106,-8313
5,2032,542,-97,-8340
5,2033,545,-99,-8344
5,2034,540,-93,-8325
5,2035,540,-109,-8322
5,2036,539,-105,-8312
5,2037,549,-90,-8321
5,2038,544,-102,-8352
5,2039,541,-96,-8349
5,2040,543,-94,-8327
5,2041,545,-105,-8340
5,2042,543,-119,-8354
5,2043,540,-133,-8361
5,2044,540,-135,-8360
5,2045,542,-128,-8361
5,2046,536,-113,-8371
5,2047,540,-108,-8361
5,2048,553,-104,-8336
5,2049,545,-92,-8330
5,2050,540,-75,-8337
5,2051,553,-95,-8323
5,2052,546,-106,-8322
5,2053,538,-120,-8337
5,2054,535,-108,-8354
5,2055,527,-104,-8353
5,2056,528,-101,-8349
5,2057,516,-93,-8350
5,2058,517,-96,-8352
5,2059,517,-87,-8337
5,2060,511,-90,-8336
5,2061,533,-102,-8332
5,2062,529,-115,-8337
5,2063,531,-123,-8342
5,2064,539,-122,-8324
5,2065,537,-112,-8335
5,2066,549,-102,-8345
5,2067,545,-102,-8347
5,2068,545,-107,-8336
5,2069,543,-102,-8344
5,2070,542,-109,-8360
5,2071,527,-101,-8368
5,2072,530,-104,-8380
5,2073,528,-111,-8379
5,2074,528,-110,-8363
5,2075,542,-114,-8345
5,2076,544,-107,-8343
5,2077,542,-92,-8348
5,2078,544,-104,-8349
5,2079,537,-104,-8353
5,2080,537,-108,-8342
5,2081,535,-105,-8333
5,2082,553,-99,-8342
5,2083,555,-113,-8351
5,2084,548,-102,-8340
5,2085,548,-94,-8336
5,2086,545,-108,-8330
5,2087,543,-124,-8326
5,2088,548,-115,-8343
5,2089,550,-107,-8341
5,2090,537,-97,-8346
5,2091,543,-96,-8338
5,2092,545,-93,-8343
5,2093,539,-100,-8345
5,2094,545,-111,-8347
5,2095,545,-111,-8351
5,2096,545,-100,-8350
5,2097,535,-85,-8344
5,2098,540,-78,-8349
5,2099,552,-82,-8354
5,2100,538,-76,-8350
5,2101,538,-85,-8332
5,2102,547,-87,-8333
5,2103,539,-93,-8326
5,2104,531,-95,-8329
5,2105,522,-98,-8325
5,2106,527,-105,-8346
5,2107,536,-100,-8322
5,2108,538,-103,-8322
5,2109,540,-103,-8323
5,2110,538,-103,-8340
5,2111,524,-97,-8345
5,2112,532,-108,-8352
5,2113,543,-109,-8350
5,2114,532,-109,-8349
5,2115,524,-109,-8362
5,2116,532,-92,-8348
5,2117,523,-104,-8355
5,2118,529,-117,-8356
5,2119,536,-112,-8349
5,2120,548,-100,-8332
5,2121,560,-108,-8333
5,2122,542,-102,-8333
5,2123,540,-99,-8329
5,2124,544,-92,-8321
5,2125,533,-87,-8321
5,2126,527,-86,-8334
5,2127,528,-101,-8337
5,2128,527,-111,-8343
5,2129,531,-116,-8344
5,2130,539,-120,-8342
5,2131,542,-117,-8326
5,2132,530,-110,-8336
5,2133,525,-111,-8355
5,2134,540,-96,-8352
5,2135,542,-91,-8333
5,2136,544,-106,-8331
5,2137,543,-110,-8346
5,2138,538,-117,-8327
5,2139,534,-107,-8331
5,2140,554,-110,-8339
5,2141,549,-103,-8340
5,2142,548,-89,-8341
5,2143,553,-94,-8333
5,2144,537,-104,-8334
5,2145,542,-111,-8351
5,2146,551,-107,-8356
5,2147,542,-109,-8351
5,2148,539,-100,-8357
5,2149,542,-99,-8360
5,2150,538,-108,-8350
5,2151,523,-109,-8346
5,2152,530,-112,-8343
5,2153,531,-106,-8363
5,2154,533,-105,-8353
5,2155,531,-105,-8364
5,2156,539,-103,-8381
5,2157,540,-96,-8366
5,2158,543,-100,-8353
5,2159,540,-91,-8343
5,2160,542,-89,-8342
5,2161,537,-88,-8331
5,2162,539,-87,-8338
5,2163,529,-96,-8327
5,2164,532,-93,-8323
5,2165,537,-100,-8315
5,2166,546,-101,-8338
5,2167,544,-97,-8342
5,2168,543,-95,-8345
5,2169,538,-83,-8324
5,2170,535,-90,-8325
5,2171,530,-92,-8332
5,2172,545,-98,-8338
5,2173,546,-117,-8343
5,2174,550,-99,-8352
5,2175,559,-96,-8362
5,2176,559,-98,-8346
5,2177,558,-106,-8355
5,2178,543,-114,-8350
5,2179,537,-110,-8346
5,2180,525,-105,-8349
5,2181,530,-112,-8346
5,2182,527,-110,-8351
5,2183,531,-101,-8342
5,2184,548,-100,-8329
5,2185,550,-91,-8333
5,2186,552,-87,-8326
5,2187,550,-104,-8334
5,2188,556,-109,-8336
5,2189,561,-95,-8344
5,2190,558,-100,-8340
5,2191,551,-89,-8340
5,2192,551,-84,-8344
5,2193,554,-89,-8357
5,2194,542,-101,-8367
5,2195,540,-97,-8376
5,2196,549,-101,-8366
5,2197,536,-110,-8365
5,2198,531,-117,-8355
5,2199,547,-133,-8347
5,2200,541,-111,-8348
5,2201,550,-111,-8353
5,2202,547,-102,-8346
5,2203,544,-95,-8362
5,2204,547,-89,-8374
5,2205,547,-93,-8358
5,2206,558,-89,-8357
5,2207,556,-94,-8353
5,2208,548,-99,-8350
5,2209,546,-100,-8361
5,2210,551,-105,-8351
5,2211,549,-112,-8355
5,2212,549,-115,-8351
5,2213,555,-104,-8346
5,2214,547,-102,-8349
5,2215,538,-90,-8354
5,2216,541,-91,-8347
5,2217,544,-96,-8359
5,2218,539,-108,-8349
5,2219,535,-111,-8354
5,2220,536,-126,-8335
5,2221,541,-113,-8326
5,2222,551,-105,-8330
5,2223,555,-94,-8337
5,2224,553,-103,-8331
5,2225,548,-109,-8330
5,2226,543,-107,-8351
5,2227,552,-114,-8347
5,2228,555,-108,-8340
5,2229,545,-101,-8327
5,2230,549,-111,-8320
5,2231,546,-108,-8320
5,2232,550,-99,-8339
5,2233,552,-116,-8347
5,2234,535,-113,-8346
5,2235,526,-114,-8329
5,2236,519,-113,-8334
5,2237,521,-109,-8336
5,2238,537,-99,-8341
5,2239,536,-99,-8342
5,2240,551,-105,-8347
5,2241,545,-111,-8342
5,2242,532,-113,-8324
5,2243,535,-113,-8360
5,2244,543,-116,-8362
5,2245,546,-119,-8350
5,2246,547,-114,-8367
5,2247,554,-93,-8351
5,2248,555,-90,-8365
5,2249,554,-103,-8339
5,2250,546,-101,-8330
5,2251,544,-109,-8340
5,2252,537,-118,-8349
5,2253,546,-115,-8352
5,2254,552,-115,-8342
5,2255,535,-107,-8363
5,2256,538,-103,-8365
5,2257,547,-106,-8346
5,2258,533,-117,-8326
5,2259,535,-116,-8329
5,2260,545,-115,-8341
5,2261,539,-114,-8337
5,2262,548,-114,-8355
5,2263,558,-98,-8368
5,2264,552,-96,-8348
5,2265,543,-93,-8329
5,2266,548,-92,-8337
5,2267,546,-95,-8351
5,2268,539,-106,-8356
5,2269,541,-100,-8337
5,2270,546,-105,-8339
5,2271,545,-101,-8310
5,2272,542,-95,-8327
5,2273,530,-92,-8349
5,2274,535,-101,-8350
5,2275,537,-106,-8361
5,2276,525,-103,-8351
5,2277,536,-95,-8357
5,2278,546,-105,-8356
5,2279,537,-102,-8360
5,2280,527,-99,-8347
5,2281,521,-98,-8330
5,2282,531,-96,-8337
5,2283,535,-83,-8343
5,2284,531,-81,-8336
5,2285,528,-91,-8316
5,2286,525,-99,-8327
5,2287,513,-108,-8349
5,2288,526,-114,-8349
5,2289,532,-108,-8345
5,2290,546,-116,-8346
5,2291,538,-99,-8348
5,2292,532,-91,-8353
5,2293,536,-107,-8361
5,2294,535,-100,-8353
5,2295,533,-96,-8342
5,2296,536,-100,-8346
5,2297,522,-91,-8343
5,2298,529,-103,-8345
5,2299,549,-93,-8339
5,2300,551,-85,-8357
5,2301,558,-90,-8343
5,2302,558,-103,-8334
5,2303,553,-111,-8338
5,2304,568,-110,-8343
5,2305,572,-100,-8349
5,2306,560,-106,-8355
5,2307,551,-96,-8359
5,2308,557,-97,-8356
5,2309,548,-105,-8360
5,2310,543,-111,-8363
5,2311,554,-114,-8366
5,2312,548,-118,-8373
5,2313,532,-117,-8354
5,2314,538,-110,-8353
5,2315,542,-116,-8377
5,2316,541,-105,-8375
5,2317,549,-89,-8351
5,2318,559,-94,-8356
5,2319,546,-104,-8359
5,2320,531,-111,-8342
5,2321,525,-126,-8344
5,2322,528,-124,-8348
5,2323,532,-119,-8335
5,2324,542,-118,-8351
5,2325,552,-118,-8338
5,2326,550,-116,-8345
5,2327,543,-99,-8327
5,2328,537,-98,-8336
5,2329,539,-105,-8336
5,2330,526,-106,-8336
5,2331,539,-111,-8344
5,2332,535,-112,-8344
5,2333,535,-107,-8342
5,2334,534,-113,-8345
5,2335,541,-106,-8348
5,2336,558,-114,-8353
5,2337,543,-111,-8340
5,2338,535,-120,-8338
5,2339,539,-112,-8334
5,2340,536,-98,-8336
5,2341,531,-111,-8347
5,2342,531,-120,-8353
5,2343,528,-120,-8347
5,2344,547,-115,-8363
5,2345,557,-102,-8362
5,2346,550,-98,-8343
5,2347,539,-97,-8353
5,2348,551,-98,-8373
5,2349,549,-102,-8365
5,2350,544,-104,-8359
5,2351,535,-102,-8361
5,2352,539,-102,-8362
5,2353,546,-110,-8339
5,2354,544,-103,-8348
5,2355,541,-106,-8354
5,2356,529,-127,-8348
5,2357,535,-115,-8357
5,2358,535,-106,-8363
5,2359,538,-101,-8353
5,2360,544,-99,-8363
5,2361,541,-105,-8349
5,2362,538,-97,-8345
5,2363,537,-101,-8365
5,2364,548,-112,-8350
5,2365,537,-107,-8349
5,2366,534,-105,-8343
5,2367,542,-110,-8363
5,2368,540,-108,-8355
5,2369,536,-108,-8362
5,2370,531,-106,-8360
5,2371,514,-102,-8352
5,2372,518,-105,-8356
5,2373,527,-102,-8352
5,2374,529,-98,-8342
5,2375,542,-93,-8336
5,2376,548,-100,-8340
5,2377,549,-95,-8345
5,2378,537,-111,-8350
5,2379,539,-116,-8359
5,2380,534,-110,-8359
5,2381,527,-104,-8361
5,2382,532,-108,-8347
5,2383,522,-105,-8344
5,2384,533,-103,-8339
5,2385,546,-85,-8364
5,2386,549,-98,-8384
5,2387,545,-97,-8371
5,2388,546,-101,-8343
5,2389,543,-104,-8340
5,2390,537,-113,-8340
5,2391,530,-107,-8345
5,2392,533,-110,-8332
5,2393,533,-106,-8336
5,2394,531,-99,-8367
5,2395,532,-92,-8371
5,2396,535,-113,-8351
5,2397,542,-107,-8341
5,2398,533,-103,-8344
5,2399,522,-106,-8335
5,2400,531,-108,-8334
5,2401,525,-99,-8330
5,2402,531,-102,-8334
5,2403,531,-104,-8335
5,2404,543,-107,-8323
5,2405,554,-113,-8333
5,2406,547,-110,-8341
5,2407,538,-109,-8333
5,2408,541,-118,-8337
5,2409,527,-104,-8341
5,2410,532,-98,-8325
5,2411,540,-89,-8333
5,2412,528,-101,-8328
5,2413,537,-109,-8345
5,2414,536,-98,-8353
5,2415,541,-103,-8343
5,2416,536,-106,-8334
5,2417,536,-99,-8320
5,2418,529,-89,-8346
5,2419,529,-91,-8351
5,2420,542,-101,-8343
5,2421,548,-112,-8340
5,2422,553,-105,-8344
5,2423,543,-90,-8353
5,2424,532,-95,-8337
5,2425,536,-95,-8349
5,2426,531,-96,-8348
5,2427,528,-97,-8355
5,2428,534,-108,-8353
5,2429,539,-106,-8334
5,2430,536,-99,-8326
5,2431,549,-98,-8325
5,2432,559,-99,-8330
5,2433,555,-90,-8331
5,2434,540,-93,-8333
5,2435,531,-95,-8340
5,2436,528,-98,-8334
5,2437,532,-114,-8335
5,2438,533,-96,-8339
5,2439,535,-103,-8346
5,2440,538,-107,-8340
5,2441,531,-113,-8340
5,2442,523,-109,-8341
5,2443,516,-109,-8340
5,2444,524,-94,-8343
5,2445,531,-98,-8341
5,2446,542,-99,-8326
5,2447,541,-98,-8349
5,2448,534,-90,-8350
5,2449,533,-94,-8347
5,2450,539,-103,-8341
5,2451,541,-106,-8331
5,2452,539,-107,-8331
5,2453,544,-102,-8349
5,2454,550,-94,-8357
5,2455,548,-107,-8349
5,2456,548,-100,-8347
5,2457,534,-105,-8342
5,2458,534,-101,-8334
5,2459,537,-103,-8341
5,2460,540,-114,-8347
5,2461,530,-112,-8333
5,2462,525,-99,-8345
5,2463,532,-100,-8352
5,2464,535,-104,-8343
5,2465,540,-104,-8332
5,2466,538,-112,-8340
5,2467,547,-108,-8342
5,2468,537,-101,-8350
5,2469,545,-105,-8349
5,2470,556,-95,-8345
5,2471,550,-92,-8325
5,2472,535,-100,-8345
5,2473,528,-102,-8334
5,2474,536,-91,-8339
5,2475,549,-92,-8326
5,2476,546,-97,-8314
5,2477,541,-104,-8321
5,2478,540,-109,-8336
5,2479,541,-96,-8340
5,2480,530,-95,-8341
5,2481,538,-88,-8342
5,2482,525,-93,-8344
5,2483,540,-96,-8339
5,2484,537,-104,-8351
5,2485,529,-106,-8358
5,2486,533,-106,-8353
5,2487,541,-110,-8336
5,2488,535,-118,-8317
5,2489,524,-115,-8332
5,2490,520,-99,-8345
5,2491,517,-113,-8353
5,2492,522,-103,-8337
5,2493,518,-107,-8322
5,2494,533,-97,-8321
5,2495,540,-93,-8344
5,2496,547,-92,-8352
5,2497,555,-93,-8346
6,0,542,-105,-8351
6,1,548,-111,-8354
6,2,546,-104,-8349
6,3,549,-98,-8359
6,4,540,-113,-8359
6,5,553,-109,-8359
6,6,547,-93,-8354
6,7,551,-102,-8361
6,8,550,-99,-8351
6,9,556,-94,-8365
6,10,561,-97,-8363
6,11,558,-95,-8366
6,12,554,-91,-8364
6,13,542,-106,-8353
6,14,529,-102,-8359
6,15,531,-101,-8355
6,16,527,-101,-8360
6,17,527,-101,-8367
6,18,528,-97,-8360
6,19,530,-98,-8349
6,20,534,-109,-8333
6,21,534,-112,-8332
6,22,542,-111,-8338
6,23,530,-109,-8353
6,24,535,-116,-8357
6,25,543,-112,-8378
6,26,547,-100,-8373
6,27,547,-101,-8363
6,28,557,-92,-8356
6,29,556,-97,-8365
6,30,555,-118,-8366
6,31,534,-113,-8354
6,32,548,-112,-8330
6,33,555,-113,-8335
6,34,546,-101,-8344
6,35,542,-91,-8356
6,36,538,-92,-8368
6,37,533,-91,-8359
6,38,535,-94,-8348
6,39,537,-83,-8354
6,40,544,-94,-8360
6,41,542,-104,-8363
6,42,546,-114,-8358
6,43,542,-111,-8330
6,44,549,-112,-8324
6,45,545,-103,-8333
6,46,532,-94,-8329
6,47,540,-98,-8321
6,48,557,-108,-8317
6,49,537,-106,-8328
6,50,532,-95,-8329
6,51,525,-86,-8325
6,52,536,-90,-8336
6,53,548,-82,-8344
6,54,543,-85,-8360
6,55,531,-81,-8359
6,56,545,-87,-8354
6,57,539,-96,-8341
6,58,543,-103,-8339
6,59,542,-102,-8334
6,60,530,-95,-8350
6,61,524,-92,-8350
6,62,519,-102,-8336
6,63,521,-112,-8335
6,64,531,-114,-8347
6,65,532,-106,-8346
6,66,527,-122,-8342
6,67,535,-110,-8360
6,68,544,-109,-8358
6,69,547,-119,-8344
6,70,538,-111,-8344
6,71,543,-116,-8348
6,72,546,-112,-8350
6,73,547,-106,-8355
6,74,536,-111,-8383
6,75,526,-125,-8375
6,76,517,-123,-8357
6,77,512,-108,-8351
6,78,518,-108,-8344
6,79,524,-103,-8333
6,80,522,-108,-8329
6,81,516,-107,-8326
6,82,527,-110,-8336
6,83,534,-96,-8344
6,84,550,-108,-8350
6,85,545,-121,-8356
6,86,547,-122,-8363
6,87,534,-111,-8370
6,88,519,-116,-8355
6,89,513,-99,-8344
6,90,517,-97,-8347
6,91,517,-102,-8352
6,92,529,-98,-8370
6,93,536,-95,-8362
6,94,541,-90,-8357
6,95,542,-100,-8362
6,96,531,-100,-8365
6,97,533,-100,-8354
6,98,539,-91,-8344
6,99,541,-97,-8341
6,100,539,-101,-8338
6,101,539,-97,-8332
6,102,544,-98,-8332
6,103,539,-88,-8332
6,104,534,-96,-8344
6,105,535,-102,-8337
6,106,531,-102,-8347
6,107,541,-99,-8366
6,108,547,-103,-8358
6,109,551,-103,-8366
6,110,553,-102,-8364
6,111,555,-129,-8352
6,112,545,-133,-8359
6,113,552,-121,-8356
6,114,545,-113,-8346
6,115,540,-112,-8348
6,116,543,-112,-8333
6,117,546,-114,-8335
6,118,537,-115,-8348
6,119,537,-106,-8342
6,120,529,-118,-8328
6,121,532,-96,-8334
6,122,532,-95,-8348
6,123,536,-98,-8339
6,124,544,-105,-8340
6,125,544,-98,-8338
6,126,535,-95,-8335
6,127,532,-109,-8333
6,128,534,-113,-8322
6,129,537,-117,-8320
6,130,543,-105,-8311
6,131,543,-91,-8320
6,132,542,-99,-8318
6,133,549,-117,-8326
6,134,542,-120,-8346
6,135,553,-109,-8353
6,136,551,-89,-8342
6,137,542,-96,-8350
6,138,536,-112,-8326
6,139,534,-103,-8329
6,140,536,-96,-8329
6,141,535,-98,-8341
6,142,539,-91,-8346
6,143,548,-92,-8352
6,144,558,-95,-8343
6,145,556,-97,-8325
6,146,555,-101,-8331
6,147,542,-114,-8326
6,148,534,-103,-8335
6,149,527,-99,-8337
6,150,535,-89,-8338
6,151,543,-98,-8341
6,152,549,-89,-8349
6,153,543,-83,-8357
6,154,534,-79,-8364
6,155,529,-83,-8345
6,156,522,-97,-8364
6,157,517,-90,-8354
6,158,528,-86,-8349
6,159,540,-81,-8360
6,160,540,-85,-8358
6,161,541,-105,-8370
6,162,540,-100,-8359
6,163,544,-93,-8363
6,164,549,-90,-8338
6,165,543,-92,-8331
6,166,536,-114,-8327
6,167,531,-122,-8335
6,168,536,-119,-8346
6,169,558,-112,-8349
6,170,556,-112,-8358
6,171,544,-106,-8340
6,172,530,-102,-8330
6,173,532,-100,-8337
6,174,528,-96,-8339
6,175,531,-107,-8332
6,176,534,-91,-8343
6,177,526,-91,-8337
6,178,527,-95,-8342
6,179,524,-99,-8342
6,180,533,-109,-8349
6,181,536,-105,-8349
6,182,548,-113,-8330
6,183,554,-112,-8338
6,184,556,-118,-8331
6,185,551,-132,-8324
6,186,561,-128,-8319
6,187,548,-114,-8334
6,188,547,-108,-8333
6,189,535,-106,-8323
6,190,535,-103,-8304
6,191,538,-105,-8327
6,192,544,-111,-8339
6,193,548,-119,-8339
6,194,535,-117,-8337
6,195,529,-114,-8329
6,196,538,-117,-8340
6,197,536,-102,-8340
6,198,551,-92,-8348
6,199,554,-93,-8339
6,200,545,-97,-8338
6,201,542,-98,-8339
6,202,537,-98,-8329
6,203,530,-104,-8328
6,204,541,-118,-8339
6,205,544,-120,-8362
6,206,542,-117,-8368
6,207,547,-115,-8363
6,208,549,-108,-8343
6,209,554,-113,-8341
6,210,556,-101,-8321
6,211,552,-109,-8354
6,212,550,-100,-8359
6,213,546,-110,-8369
6,214,543,-108,-8373
6,215,544,-105,-8353
6,216,548,-112,-8374
6,217,542,-107,-8362
6,218,550,-108,-8364
6,219,551,-102,-8364
6,220,545,-98,-8370
6,221,544,-103,-8374
6,222,539,-112,-8368
6,223,538,-110,-8348
6,224,538,-108,-8351
6,225,533,-102,-8359
6,226,536,-105,-8338
6,227,528,-95,-8339
6,228,517,-99,-8339
6,229,522,-104,-8342
6,230,533,-113,-8332
6,231,531,-94,-8329
6,232,533,-96,-8345
6,233,534,-93,-8342
6,234,526,-100,-8341
6,235,515,-101,-8345
6,236,526,-95,-8323
6,237,540,-108,-8332
6,238,537,-102,-8338
6,239,538,-102,-8359
6,240,529,-104,-8350
6,241,538,-101,-8356
6,242,547,-95,-8361
6,243,556,-102,-8347
6,244,558,-92,-8337
6,245,547,-84,-8328
6,246,539,-80,-8328
6,247,545,-76,-8336
6,248,527,-79,-8342
6,249,528,-82,-8326
6,250,533,-83,-8342
6,251,540,-101,-8341
6,252,531,-93,-8365
6,253,540,-91,-8358
6,254,538,-105,-8357
6,255,550,-106,-8339
6,256,558,-106,-8321
6,257,556,-103,-8329
6,258,536,-104,-8351
6,259,544,-106,-8360
6,260,541,-111,-8350
6,261,533,-111,-8337
6,262,538,-117,-8332
6,263,534,-96,-8335
6,264,541,-84,-8353
6,265,549,-87,-8354
6,266,553,-95,-8353
6,267,546,-93,-8335
6,268,542,-94,-8348
6,269,536,-92,-8353
6,270,545,-88,-8354
6,271,542,-96,-8338
6,272,530,-103,-8324
6,273,528,-109,-8325
6,274,530,-107,-8322
6,275,540,-97,-8327
6,276,545,-105,-8328
6,277,550,-100,-8319
6,278,540,-108,-8314
6,279,529,-106,-8333
6,280,531,-99,-8330
6,281,527,-99,-8331
6,282,527,-104,-8348
6,283,540,-104,-8346
6,284,557,-107,-8356
6,285,552,-98,-8347
6,286,550,-102,-8353
6,287,552,-102,-8360
6,288,543,-97,-8376
6,289,546,-98,-8359
6,290,542,-93,-8349
6,291,548,-101,-8350
6,292,549,-99,-8345
6,293,561,-100,-8336
6,294,539,-106,-8341
6,295,540,-111,-8354
6,296,543,-116,-8357
6,297,534,-112,-8357
6,298,533,-108,-8361
6,299,525,-103,-8351
6,300,512,-106,-8354
6,301,514,-105,-8357
6,302,530,-101,-8342
6,303,548,-106,-8329
6,304,563,-105,-8326
6,305,563,-105,-8334
6,306,566,-95,-8328
6,307,556,-91,-8329
6,308,549,-98,-8319
6,309,561,-98,-8346
6,310,553,-112,-8361
6,311,554,-106,-8350
6,312,548,-107,-8347
6,313,549,-106,-8345
6,314,554,-115,-8345
6,315,551,-111,-8340
6,316,544,-123,-8334
6,317,541,-112,-8347
6,318,527,-98,-8337
6,319,536,-97,-8340
6,320,528,-96,-8347
6,321,541,-97,-8358
6,322,538,-97,-8339
6,323,545,-97,-8349
6,324,549,-96,-8346
6,325,545,-102,-8341
6,326,545,-108,-8347
6,327,558,-100,-8342
6,328,551,-90,-8348
6,329,544,-104,-8351
6,330,543,-98,-8342
6,331,545,-110,-8358
6,332,538,-126,-8357
6,333,527,-109,-8344
6,334,533,-103,-8338
6,335,526,-105,-8349
6,336,519,-96,-8346
6,337,529,-97,-8339
6,338,529,-92,-8330
6,339,527,-90,-8328
6,340,543,-82,-8353
6,341,543,-84,-8338
6,342,542,-99,-8346
6,343,556,-113,-8335
6,344,564,-108,-8321
6,345,555,-110,-8339
6,346,544,-102,-8356
6,347,534,-91,-8358
6,348,551,-102,-8342
6,349,554,-94,-8340
6,350,547,-99,-8345
6,351,553,-92,-8345
6,352,541,-85,-8345
6,353,532,-92,-8348
6,354,527,-88,-8337
6,355,531,-103,-8334
6,356,534,-108,-8342
6,357,538,-109,-8350
6,358,531,-108,-8346
6,359,537,-101,-8332
6,360,543,-83,-8329
6,361,533,-91,-8330
6,362,533,-94,-8325
6,363,537,-92,-8351
6,364,544,-98,-8348
6,365,539,-89,-8336
6,366,541,-98,-8340
6,367,545,-91,-8362
6,368,539,-89,-8359
6,369,532,-98,-8359
6,370,534,-103,-8347
6,371,535,-105,-8339
6,372,535,-102,-8334
6,373,536,-92,-8337
6,374,546,-87,-8319
6,375,550,-90,-8338
6,376,555,-93,-8344
6,377,539,-86,-8344
6,378,524,-78,-8352
6,379,521,-74,-8349
6,380,509,-89,-8325
6,381,523,-95,-8322
6,382,533,-95,-8339
6,383,538,-101,-8320
6,384,544,-111,-8320
6,385,548,-111,-8333
6,386,565,-121,-8349
6,387,552,-115,-8336
6,388,547,-101,-8337
6,389,544,-103,-8339
6,390,550,-110,-8353
6,391,550,-112,-8346
6,392,561,-109,-8333
6,393,558,-115,-8335
6,394,549,-114,-8341
6,395,554,-107,-8340
6,396,542,-90,-8323
6,397,547,-86,-8331
6,398,548,-98,-8338
6,399,540,-97,-8349
6,400,527,-95,-8348
6,401,533,-102,-8340
6,402,534,-101,-8329
6,403,526,-118,-8328
6,404,523,-110,-8329
6,405,525,-101,-8333
6,406,522,-111,-8337
6,407,530,-109,-8333
6,408,532,-112,-8345
6,409,532,-114,-8340
6,410,531,-105,-8318
6,411,525,-104,-8322
6,412,519,-101,-8328
6,413,530,-113,-8347
6,414,537,-105,-8348
6,415,541,-100,-8358
6,416,529,-94,-8360
6,417,535,-96,-8348
6,418,539,-101,-8338
6,419,552,-102,-8339
6,420,558,-96,-8342
6,421,559,-105,-8346
6,422,567,-108,-8349
6,423,580,-111,-8350
6,424,577,-106,-8330
6,425,571,-103,-8336
6,426,546,-112,-8336
6,427,535,-98,-8350
6,428,540,-102,-8352
6,429,531,-93,-8365
6,430,520,-88,-8375
6,431,525,-78,-8363
6,432,523,-69,-8358
6,433,525,-84,-8373
6,434,534,-88,-8342
6,435,543,-85,-8342
6,436,541,-81,-8347
6,437,554,-89,-8337
6,438,553,-119,-8351
6,439,565,-123,-8341
6,440,561,-125,-8343
6,441,561,-120,-8326
6,442,567,-111,-8340
6,443,555,-106,-8344
6,444,538,-91,-8337
6,445,533,-82,-8347
6,446,529,-84,-8333
6,447,529,-86,-8332
6,448,533,-91,-8356
6,449,528,-94,-8362
6,450,522,-104,-8359
6,451,532,-99,-8372
6,452,529,-101,-8370
6,453,527,-100,-8345
6,454,537,-91,-8339
6,455,547,-85,-8333
6,456,554,-103,-8334
6,457,569,-118,-8326
6,458,559,-124,-8342
6,459,545,-112,-8351
6,460,538,-108,-8364
6,461,536,-115,-8366
6,462,526,-104,-8352
6,463,527,-101,-8343
6,464,528,-100,-8338
6,465,528,-86,-8339
6,466,517,-83,-8342
6,467,533,-92,-8330
6,468,526,-90,-8331
6,469,525,-111,-8336
6,470,527,-123,-8334
6,471,526,-130,-8324
6,472,529,-125,-8339
6,473,538,-112,-8358
6,474,541,-108,-8360
6,475,530,-101,-8367
6,476,520,-100,-8369
6,477,536,-95,-8340
6,478,545,-93,-8350
6,479,549,-105,-8339
6,480,553,-105,-8356
6,481,541,-102,-8367
6,482,537,-101,-8369
6,483,526,-101,-8364
6,484,522,-96,-8356
6,485,530,-86,-8341
6,486,515,-83,-8348
6,487,517,-106,-8352
6,488,526,-105,-8358
6,489,531,-101,-8369
6,490,539,-106,-8350
6,491,549,-102,-8351
6,492,566,-104,-8331
6,493,558,-112,-8325
6,494,555,-108,-8343
6,495,555,-91,-8355
6,496,545,-95,-8352
6,497,537,-94,-8359
6,498,543,-92,-8353
6,499,548,-97,-8355
6,500,545,-90,-8359
6,501,543,-88,-8359
6,502,546,-87,-8368
6,503,544,-102,-8365
6,504,536,-112,-8366
6,505,552,-113,-8371
6,506,566,-110,-8381
6,507,557,-106,-8370
6,508,545,-113,-8355
6,509,541,-109,-8350
6,510,547,-111,-8334
6,511,554,-106,-8334
6,512,548,-96,-8353
6,513,535,-99,-8357
6,514,539,-100,-8345
6,515,546,-87,-8353
6,516,542,-88,-8372
6,517,535,-93,-8368
6,518,534,-97,-8346
6,519,537,-102,-8347
6,520,548,-95,-8343
6,521,552,-111,-8347
6,522,546,-110,-8342
6,523,553,-100,-8339
6,524,552,-97,-8347
6,525,545,-108,-8329
6,526,528,-119,-8309
6,527,510,-117,-8319
6,528,514,-111,-8308
6,529,535,-107,-8338
6,530,555,-112,-8356
6,531,549,-112,-8336
6,532,533,-92,-8337
6,533,526,-86,-8317
6,534,532,-87,-8326
6,535,539,-94,-8328
6,536,546,-101,-8341
6,537,537,-96,-8360
6,538,526,-107,-8363
6,539,533,-104,-8349
6,540,527,-103,-8361
6,541,539,-94,-8352
6,542,541,-93,-8345
6,543,541,-92,-8352
6,544,555,-96,-8338
6,545,544,-95,-8346
6,546,545,-104,-8362
6,547,539,-105,-8376
6,548,549,-96,-8370
6,549,554,-85,-8369
6,550,550,-87,-8354
6,551,549,-99,-8362
6,552,546,-92,-8376
6,553,537,-90,-8372
6,554,540,-83,-8379
6,555,537,-99,-8348
6,556,532,-96,-8332
6,557,525,-104,-8339
6,558,538,-105,-8337
6,559,537,-108,-8328
6,560,534,-109,-8346
6,561,543,-115,-8347
6,562,539,-113,-8350
6,563,548,-125,-8362
6,564,550,-113,-8348
6,565,547,-105,-8358
6,566,547,-110,-8346
6,567,532,-107,-8353
6,568,542,-107,-8342
6,569,549,-123,-8342
6,570,546,-116,-8349
6,571,540,-116,-8330
6,572,551,-112,-8340
6,573,546,-107,-8343
6,574,536,-85,-8345
6,575,544,-78,-8357
6,576,537,-78,-8350
6,577,539,-77,-8346
6,578,533,-80,-8354
6,579,539,-88,-8338
6,580,538,-81,-8338
6,581,534,-89,-8323
6,582,543,-86,-8339
6,583,554,-93,-8338
6,584,560,-88,-8346
6,585,567,-108,-8357
6,586,566,-112,-8350
6,587,565,-107,-8340
6,588,563,-102,-8338
6,589,548,-104,-8340
6,590,537,-105,-8356
6,591,544,-99,-8340
6,592,540,-97,-8333
6,593,535,-106,-8356
6,594,528,-98,-8357
6,595,534,-98,-8343
6,596,538,-95,-8348
6,597,534,-98,-8352
6,598,537,-106,-8325
6,599,539,-109,-8329
6,600,531,-113,-8348
6,601,531,-108,-8353
6,602,517,-103,-8348
6,603,529,-94,-8358
6,604,534,-104,-8356
6,605,535,-106,-8333
6,606,533,-107,-8337
6,607,529,-99,-8337
6,608,533,-91,-8341
6,609,531,-97,-8354
6,610,532,-100,-8339
6,611,537,-107,-8338
6,612,539,-111,-8347
6,613,543,-105,-8339
6,614,540,-88,-8335
6,615,532,-98,-8329
6,616,539,-107,-8325
6,617,544,-111,-8352
6,618,540,-107,-8352
6,619,545,-112,-8355
6,620,555,-108,-8359
6,621,550,-108,-8371
6,622,536,-98,-8345
6,623,542,-96,-8339
6,624,519,-98,-8349
6,625,520,-103,-8338
6,626,533,-122,-8336
6,627,537,-120,-8342
6,628,533,-109,-8354
6,629,537,-105,-8354
6,630,536,-114,-8347
6,631,545,-100,-8335
6,632,543,-84,-8329
6,633,552,-97,-8348
6,634,538,-98,-8352
6,635,541,-99,-8350
6,636,539,-100,-8356
6,637,539,-98,-8347
6,638,534,-91,-8342
6,639,545,-85,-8346
6,640,550,-75,-8360
6,641,549,-82,-8354
6,642,549,-91,-8365
6,643,545,-100,-8357
6,644,544,-109,-8353
6,645,541,-112,-8334
6,646,532,-108,-8340
6,647,536,-110,-8346
6,648,527,-92,-8353
6,649,540,-94,-8351
6,650,548,-91,-8350
6,651,563,-108,-8347
6,652,555,-108,-8350
6,653,547,-111,-8338
6,654,538,-109,-8333
6,655,540,-109,-8331
6,656,545,-110,-8342
6,657,544,-101,-8359
6,658,546,-112,-8342
6,659,539,-105,-8340
6,660,560,-103,-8351
6,661,550,-101,-8374
6,662,550,-96,-8369
6,663,539,-100,-8372
6,664,536,-98,-8348
6,665,544,-109,-8329
6,666,549,-106,-8331
6,667,558,-102,-8334
6,668,550,-116,-8347
6,669,554,-113,-8357
6,670,546,-115,-8366
6,671,532,-115,-8348
6,672,524,-106,-8351
6,673,539,-92,-8350
6,674,543,-87,-8360
6,675,549,-96,-8340
6,676,553,-99,-8357
6,677,549,-104,-8355
6,678,544,-97,-8357
6,679,537,-96,-8337
6,680,539,-94,-8325
6,681,546,-93,-8345
6,682,548,-105,-8351
6,683,534,-99,-8357
6,684,534,-100,-8372
6,685,532,-112,-8361
6,686,541,-104,-8339
6,687,533,-108,-8333
6,688,535,-125,-8338
6,689,549,-121,-8341
6,690,561,-98,-8330
6,691,550,-88,-8357
6,692,549,-108,-8354
6,693,545,-117,-8354
6,694,526,-119,-8352
6,695,522,-109,-8359
6,696,519,-96,-8361
6,697,527,-84,-8359
6,698,537,-91,-8346
6,699,538,-96,-8351
6,700,554,-102,-8340
6,701,547,-104,-8335
6,702,539,-101,-8351
6,703,534,-110,-8335
6,704,541,-112,-8342
6,705,553,-110,-8344
6,706,558,-107,-8350
6,707,535,-100,-8340
6,708,534,-95,-8349
6,709,537,-96,-8352
6,710,519,-101,-8361
6,711,523,-95,-8364
6,712,520,-98,-8355
6,713,539,-104,-8357
6,714,525,-99,-8341
6,715,519,-99,-8352
6,716,520,-107,-8353
6,717,520,-105,-8345
6,718,523,-102,-8330
6,719,539,-105,-8309
6,720,545,-99,-8348
6,721,544,-94,-8337
6,722,555,-110,-8342
6,723,545,-115,-8352
6,724,542,-118,-8351
6,725,535,-116,-8344
6,726,536,-120,-8359
6,727,528,-106,-8358
6,728,529,-101,-8356
6,729,523,-93,-8364
6,730,531,-86,-8374
6,731,536,-86,-8358
6,732,538,-92,-8355
6,733,539,-103,-8342
6,734,541,-96,-8335
6,735,537,-103,-8350
6,736,535,-103,-8354
6,737,539,-95,-8355
6,738,538,-88,-8365
6,739,530,-86,-8354
6,740,536,-92,-8368
6,741,524,-85,-8361
6,742,513,-89,-8354
6,743,509,-75,-8343
6,744,525,-77,-8336
6,745,531,-99,-8339
6,746,538,-104,-8320
6,747,541,-90,-8346
6,748,534,-97,-8337
6,749,539,-103,-8328
6,750,539,-87,-8332
6,751,532,-97,-8340
6,752,533,-91,-8333
6,753,534,-102,-8339
6,754,528,-104,-8337
6,755,536,-103,-8347
6,756,547,-101,-8344
6,757,552,-102,-8341
6,758,547,-107,-8333
6,759,533,-119,-8343
6,760,530,-117,-8327
6,761,539,-111,-8323
6,762,540,-104,-8322
6,763,547,-107,-8325
6,764,547,-96,-8341
6,765,538,-103,-8329
6,766,529,-111,-8324
6,767,531,-105,-8346
6,768,540,-106,-8338
6,769,548,-109,-8322
6,770,552,-100,-8324
6,771,550,-106,-8329
6,772,545,-96,-8329
6,773,541,-101,-8331
6,774,547,-90,-8342
6,775,538,-97,-8348
6,776,547,-96,-8358
6,777,544,-87,-8357
6,778,557,-103,-8352
6,779,549,-108,-8345
6,780,544,-109,-8343
6,781,568,-115,-8340
6,782,569,-95,-8346
6,783,542,-91,-8327
6,784,539,-102,-8335
6,785,537,-107,-8342
6,786,539,-106,-8336
6,787,545,-98,-8327
6,788,553,-91,-8342
6,789,549,-93,-8348
6,790,557,-95,-8352
6,791,551,-102,-8330
6,792,529,-96,-8325
6,793,537,-96,-8318
6,794,541,-93,-8318
6,795,539,-95,-8332
6,796,540,-116,-8341
6,797,531,-130,-8346
6,798,540,-117,-8352
6,799,545,-115,-8353
6,800,535,-117,-8344
6,801,530,-112,-8353
6,802,533,-110,-8358
6,803,526,-111,-8360
6,804,531,-107,-8354
6,805,524,-119,-8355
6,806,532,-107,-8348
6,807,543,-104,-8346
6,808,544,-106,-8354
6,809,532,-106,-8353
6,810,536,-100,-8350
6,811,532,-105,-8334
6,812,532,-101,-8335
6,813,526,-99,-8323
6,814,530,-99,-8350
6,815,536,-111,-8351
6,816,539,-106,-8348
6,817,542,-101,-8333
6,818,545,-104,-8319
6,819,547,-100,-8350
6,820,543,-83,-8343
6,821,547,-90,-8341
6,822,549,-96,-8344
6,823,541,-84,-8359
6,824,551,-78,-8372
6,825,543,-81,-8361
6,826,545,-86,-8359
6,827,543,-111,-8349
6,828,538,-107,-8366
6,829,538,-115,-8370
6,830,548,-102,-8344
6,831,557,-105,-8340
6,832,551,-101,-8333
6,833,542,-99,-8337
6,834,542,-103,-8352
6,835,540,-118,-8360
6,836,541,-125,-8354
6,837,538,-115,-8342
6,838,538,-108,-8346
6,839,530,-95,-8360
6,840,535,-102,-8378
6,841,537,-110,-8365
6,842,548,-113,-8341
6,843,552,-106,-8344
6,844,553,-98,-8345
6,845,551,-93,-8355
6,846,558,-98,-8345
6,847,551,-101,-8359
6,848,544,-102,-8359
6,849,543,-108,-8346
6,850,536,-115,-8331
6,851,533,-114,-8329
6,852,535,-98,-8336
6,853,531,-97,-8348
6,854,514,-106,-8330
6,855,528,-110,-8317
6,856,525,-105,-8332
6,857,530,-104,-8347
6,858,520,-98,-8351
6,859,514,-91,-8359
6,860,529,-99,-8360
6,861,537,-96,-8374
6,862,534,-101,-8356
6,863,532,-117,-8359
6,864,551,-111,-8349
6,865,547,-104,-8350
6,866,530,-107,-8345
6,867,530,-117,-8332
6,868,529,-112,-8348
6,869,529,-106,-8352
6,870,538,-90,-8349
6,871,547,-83,-8337
6,872,546,-109,-8346
6,873,542,-109,-8364
6,874,544,-112,-8350
6,875,536,-89,-8344
6,876,531,-94,-8341
6,877,537,-97,-8357
6,878,545,-112,-8348
6,879,553,-107,-8352
6,880,546,-107,-8369
6,881,553,-88,-8377
6,882,555,-84,-8382
6,883,539,-98,-8373
6,884,537,-108,-8363
6,885,543,-97,-8353
6,886,548,-93,-8347
6,887,541,-96,-8353
6,888,555,-93,-8354
6,889,552,-96,-8367
6,890,554,-92,-8349
6,891,558,-89,-8352
6,892,553,-93,-8332
6,893,546,-107,-8307
6,894,538,-99,-8321
6,895,546,-96,-8341
6,896,544,-96,-8342
6,897,549,-114,-8339
6,898,549,-106,-8346
6,899,537,-109,-8346
6,900,546,-109,-8340
6,901,532,-114,-8331
6,902,533,-122,-8340
6,903,527,-110,-8338
6,904,543,-104,-8334
6,905,546,-117,-8337
6,906,549,-107,-8329
6,907,549,-99,-8334
6,908,532,-88,-8334
6,909,531,-98,-8342
6,910,529,-99,-8333
6,911,519,-98,-8349
6,912,536,-98,-8353
6,913,539,-95,-8349
6,914,536,-103,-8354
6,915,548,-97,-8352
6,916,555,-107,-8350
6,917,553,-111,-8352
6,918,541,-109,-8347
6,919,533,-105,-8349
6,920,530,-103,-8330
6,921,544,-115,-8327
6,922,550,-111,-8323
6,923,536,-102,-8328
6,924,529,-104,-8346
6,925,544,-98,-8356
6,926,548,-97,-8350
6,927,551,-99,-8371
6,928,538,-98,-8375
6,929,536,-111,-8356
6,930,540,-101,-8343
6,931,544,-96,-8357
6,932,546,-98,-8378
6,933,557,-101,-8355
6,934,553,-111,-8357
6,935,549,-106,-8359
6,936,538,-105,-8354
6,937,546,-87,-8337
6,938,540,-92,-8329
6,939,539,-99,-8358
6,940,541,-94,-8362
6,941,526,-81,-8362
6,942,526,-93,-8342
6,943,534,-85,-8347
6,944,531,-94,-8354
6,945,539,-90,-8365
6,946,550,-86,-8360
6,947,558,-91,-8352
6,948,551,-95,-8367
6,949,526,-112,-8362
6,950,532,-112,-8358
6,951,535,-112,-8354
6,952,533,-105,-8346
6,953,534,-92,-8361
6,954,546,-94,-8364
6,955,550,-97,-8349
6,956,542,-98,-8339
6,957,524,-98,-8352
6,958,524,-105,-8368
6,959,536,-107,-8349
6,960,527,-101,-8348
6,961,523,-95,-8361
6,962,529,-110,-8366
6,963,534,-103,-8347
6,964,534,-94,-8340
6,965,527,-98,-8329
6,966,530,-100,-8327
6,967,536,-104,-8328
6,968,543,-101,-8336
6,969,542,-106,-8342
6,970,537,-110,-8346
6,971,525,-122,-8354
6,972,534,-110,-8350
6,973,536,-106,-8333
6,974,532,-104,-8332
6,975,546,-89,-8333
6,976,545,-85,-8344
6,977,531,-82,-8348
6,978,530,-94,-8351
6,979,540,-100,-8359
6,980,538,-97,-8356
6,981,540,-108,-8356
6,982,544,-110,-8342
6,983,541,-112,-8343
6,984,538,-92,-8348
6,985,545,-105,-8339
6,986,549,-100,-8341
6,987,560,-105,-8333
6,988,546,-100,-8334
6,989,535,-106,-8346
6,990,535,-114,-8346
6,991,537,-117,-8339
6,992,548,-121,-8344
6,993,549,-110,-8360
6,994,542,-111,-8350
6,995,539,-102,-8320
6,996,528,-115,-8336
6,997,526,-122,-8323
6,998,530,-102,-8330
6,999,521,-105,-8321
6,1000,524,-109,-8328
6,1001,533,-113,-8333
6,1002,539,-118,-8338
6,1003,542,-115,-8335
6,1004,538,-117,-8331
6,1005,539,-110,-8332
6,1006,536,-107,-8337
6,1007,548,-102,-8332
6,1008,561,-100,-8326
6,1009,548,-106,-8331
6,1010,555,-98,-8328
6,1011,546,-101,-8331
6,1012,551,-102,-8348
6,1013,539,-123,-8345
6,1014,544,-122,-8338
6,1015,542,-108,-8339
6,1016,540,-108,-8336
6,1017,542,-106,-8346
6,1018,543,-100,-8352
6,1019,538,-114,-8347
6,1020,535,-101,-8359
6,1021,525,-103,-8334
6,1022,536,-111,-8337
6,1023,535,-102,-8328
6,1024,536,-100,-8332
6,1025,545,-102,-8349
6,1026,531,-99,-8345
6,1027,529,-100,-8338
6,1028,522,-102,-8336
6,1029,531,-88,-8333
6,1030,533,-98,-8343
6,1031,532,-96,-8343
6,1032,541,-80,-8327
6,1033,541,-87,-8332
6,1034,542,-93,-8347
6,1035,539,-96,-8356
6,1036,535,-86,-8352
6,1037,545,-95,-8338
6,1038,536,-108,-8340
6,1039,540,-108,-8337
6,1040,540,-95,-8325
6,1041,539,-86,-8323
6,1042,536,-83,-8320
6,1043,544,-99,-8332
6,1044,533,-97,-8338
6,1045,539,-93,-8334
6,1046,539,-93,-8343
6,1047,534,-102,-8352
6,1048,546,-111,-8353
6,1049,546,-101,-8350
6,1050,541,-108,-8343
6,1051,534,-104,-8347
6,1052,540,-101,-8362
6,1053,546,-98,-8361
6,1054,535,-88,-8365
6,1055,549,-98,-8360
6,1056,549,-98,-8360
6,1057,546,-93,-8359
6,1058,543,-89,-8343
6,1059,543,-97,-8358
6,1060,553,-109,-8372
6,1061,552,-108,-8346
6,1062,555,-109,-8347
6,1063,552,-107,-8358
6,1064,544,-108,-8356
6,1065,545,-108,-8330
6,1066,551,-108,-8321
6,1067,557,-97,-8331
6,1068,552,-101,-8326
6,1069,552,-102,-8338
6,1070,550,-89,-8342
6,1071,543,-82,-8360
6,1072,540,-79,-8362
6,1073,523,-90,-8339
6,1074,516,-95,-8352
6,1075,519,-102,-8371
6,1076,528,-110,-8368
6,1077,539,-116,-8366
6,1078,544,-109,-8370
6,1079,519,-110,-8356
6,1080,525,-107,-8358
6,1081,526,-110,-8353
6,1082,517,-106,-8357
6,1083,525,-105,-8351
6,1084,534,-102,-8352
6,1085,540,-117,-8350
6,1086,540,-115,-8336
6,1087,524,-107,-8331
6,1088,530,-110,-8347
6,1089,544,-111,-8354
6,1090,544,-99,-8347
6,1091,553,-117,-8337
6,1092,545,-104,-8339
6,1093,536,-92,-8363
6,1094,537,-100,-8361
6,1095,538,-109,-8357
6,1096,544,-103,-8346
6,1097,548,-121,-8346
6,1098,541,-114,-8344
6,1099,545,-105,-8362
6,1100,540,-105,-8344
6,1101,541,-118,-8352
6,1102,545,-120,-8351
6,1103,553,-117,-8355
6,1104,540,-110,-8354
6,1105,543,-118,-8346
6,1106,543,-117,-8363
6,1107,549,-106,-8370
6,1108,547,-116,-8360
6,1109,565,-109,-8348
6,1110,567,-102,-8340
6,1111,559,-96,-8332
6,1112,553,-95,-8336
6,1113,549,-107,-8337
6,1114,544,-116,-8343
6,1115,538,-116,-8348
6,1116,526,-113,-8336
6,1117,532,-110,-8344
6,1118,531,-113,-8336
6,1119,542,-101,-8344
6,1120,544,-105,-8335
6,1121,549,-111,-8327
6,1122,542,-104,-8341
6,1123,547,-113,-8334
6,1124,535,-99,-8331
6,1125,528,-103,-8356
6,1126,540,-98,-8358
6,1127,537,-104,-8343
6,1128,530,-99,-8338
6,1129,541,-113,-8329
6,1130,544,-118,-8346
6,1131,550,-114,-8342
6,1132,548,-119,-8347
6,1133,535,-106,-8345
6,1134,534,-105,-8353
6,1135,543,-102,-8350
6,1136,561,-107,-8355
6,1137,553,-101,-8341
6,1138,545,-92,-8349
6,1139,541,-94,-8349
6,1140,547,-93,-8342
6,1141,542,-92,-8339
6,1142,550,-101,-8336
6,1143,542,-96,-8332
6,1144,550,-101,-8356
6,1145,545,-92,-8356
6,1146,541,-105,-8332
6,1147,533,-109,-8333
6,1148,526,-115,-8349
6,1149,529,-120,-8338
6,1150,537,-131,-8354
6,1151,543,-121,-8339
6,1152,549,-114,-8337
6,1153,545,-110,-8344
6,1154,554,-102,-8347
6,1155,554,-106,-8347
6,1156,556,-118,-8344
6,1157,561,-123,-8359
6,1158,558,-112,-8355
6,1159,546,-100,-8339
6,1160,526,-109,-8339
6,1161,533,-111,-8343
6,1162,534,-103,-8341
6,1163,540,-103,-8343
6,1164,542,-105,-8343
6,1165,538,-105,-8329
6,1166,540,-104,-8333
6,1167,532,-102,-8352
6,1168,531,-110,-8367
6,1169,536,-111,-8369
6,1170,533,-108,-8358
6,1171,544,-110,-8350
6,1172,548,-113,-8351
6,1173,541,-127,-8350
6,1174,529,-119,-8344
6,1175,530,-114,-8325
6,1176,535,-104,-8325
6,1177,536,-93,-8342
6,1178,532,-88,-8342
6,1179,526,-98,-8332
6,1180,527,-98,-8339
6,1181,542,-94,-8341
6,1182,524,-95,-8343
6,1183,514,-101,-8349
6,1184,518,-96,-8336
6,1185,523,-80,-8318
6,1186,526,-90,-8317
6,1187,534,-93,-8340
6,1188,550,-103,-8348
6,1189,547,-99,-8338
6,1190,542,-100,-8350
6,1191,542,-101,-8363
6,1192,543,-107,-8358
6,1193,529,-104,-8348
6,1194,533,-90,-8357
6,1195,538,-93,-8344
6,1196,548,-103,-8367
6,1197,544,-85,-8370
6,1198,541,-74,-8374
6,1199,528,-96,-8374
6,1200,533,-102,-8367
6,1201,529,-104,-8371
6,1202,532,-103,-8377
6,1203,531,-112,-8377
6,1204,517,-106,-8371
6,1205,525,-108,-8345
6,1206,527,-106,-8338
6,1207,536,-109,-8345
6,1208,545,-105,-8358
6,1209,541,-93,-8345
6,1210,551,-102,-8341
6,1211,546,-117,-8340
6,1212,551,-124,-8349
6,1213,554,-118,-8355
6,1214,557,-105,-8348
6,1215,550,-95,-8357
6,1216,542,-90,-8340
6,1217,534,-103,-8329
6,1218,526,-105,-8346
6,1219,528,-102,-8340
6,1220,528,-97,-8320
6,1221,531,-88,-8332
6,1222,534,-92,-8340
6,1223,537,-107,-8348
6,1224,529,-105,-8336
6,1225,531,-100,-8349
6,1226,529,-102,-8359
6,1227,522,-96,-8358
6,1228,536,-93,-8368
6,1229,530,-86,-8361
6,1230,543,-98,-8368
6,1231,547,-97,-8365
6,1232,551,-103,-8351
6,1233,556,-101,-8340
6,1234,551,-117,-8335
6,1235,550,-112,-8327
6,1236,542,-105,-8325
6,1237,549,-104,-8341
6,1238,542,-94,-8354
6,1239,526,-98,-8362
6,1240,513,-101,-8358
6,1241,531,-104,-8344
6,1242,533,-101,-8346
6,1243,541,-107,-8333
6,1244,559,-103,-8328
6,1245,545,-103,-8334
6,1246,537,-100,-8340
6,1247,539,-100,-8340
6,1248,546,-107,-8330
6,1249,545,-99,-8333
6,1250,534,-96,-8342
6,1251,535,-102,-8341
6,1252,546,-95,-8352
6,1253,548,-92,-8346
6,1254,552,-100,-8331
6,1255,546,-97,-8337
6,1256,537,-92,-8327
6,1257,528,-102,-8337
6,1258,537,-107,-8330
6,1259,542,-112,-8329
6,1260,547,-121,-8326
6,1261,548,-115,-8328
6,1262,542,-109,-8355
6,1263,535,-103,-8344
6,1264,533,-107,-8371
6,1265,543,-105,-8377
6,1266,542,-87,-8351
6,1267,536,-87,-8345
6,1268,532,-94,-8337
6,1269,534,-111,-8340
6,1270,547,-108,-8340
6,1271,542,-109,-8329
6,1272,535,-115,-8329
6,1273,547,-116,-8344
6,1274,545,-107,-8347
6,1275,550,-95,-8341
6,1276,537,-93,-8355
6,1277,547,-102,-8352
6,1278,527,-105,-8362
6,1279,522,-101,-8351
6,1280,528,-89,-8353
6,1281,523,-97,-8335
6,1282,537,-97,-8334
6,1283,546,-103,-8309
6,1284,548,-114,-8315
6,1285,540,-119,-8316
6,1286,541,-114,-8343
6,1287,543,-101,-8355
6,1288,548,-107,-8370
6,1289,531,-111,-8374
6,1290,534,-112,-8363
6,1291,541,-97,-8356
6,1292,544,-94,-8358
6,1293,532,-99,-8367
6,1294,529,-107,-8363
6,1295,531,-103,-8362
6,1296,535,-113,-8366
6,1297,529,-115,-8361
6,1298,522,-116,-8349
6,1299,528,-124,-8352
6,1300,524,-121,-8341
6,1301,526,-107,-8342
6,1302,537,-110,-8358
6,1303,552,-116,-8359
6,1304,554,-112,-8355
6,1305,542,-99,-8356
6,1306,540,-94,-8358
6,1307,535,-99,-8353
6,1308,523,-102,-8343
6,1309,543,-99,-8347
6,1310,544,-97,-8335
6,1311,540,-104,-8345
6,1312,546,-117,-8344
6,1313,539,-114,-8369
6,1314,536,-115,-8361
6,1315,532,-105,-8339
6,1316,546,-106,-8350
6,1317,534,-104,-8359
6,1318,525,-101,-8352
6,1319,523,-109,-8366
6,1320,534,-114,-8364
6,1321,534,-104,-8351
6,1322,534,-116,-8338
6,1323,536,-120,-8348
6,1324,533,-107,-8355
6,1325,544,-101,-8340
6,1326,544,-104,-8352
6,1327,546,-101,-8359
6,1328,539,-98,-8354
6,1329,543,-100,-8341
6,1330,543,-83,-8347
6,1331,538,-94,-8356
6,1332,543,-109,-8371
6,1333,546,-115,-8366
6,1334,538,-113,-8346
6,1335,532,-115,-8341
6,1336,546,-105,-8342
6,1337,549,-108,-8339
6,1338,543,-96,-8331
6,1339,548,-111,-8332
6,1340,543,-102,-8340
6,1341,548,-95,-8339
6,1342,552,-94,-8346
6,1343,542,-96,-8337
6,1344,553,-93,-8332
6,1345,559,-97,-8340
6,1346,552,-100,-8339
6,1347,546,-98,-8341
6,1348,534,-108,-8333
6,1349,543,-110,-8338
6,1350,539,-109,-8336
6,1351,551,-102,-8334
6,1352,540,-100,-8331
6,1353,528,-100,-8332
6,1354,536,-101,-8344
6,1355,534,-102,-8347
6,1356,529,-97,-8373
6,1357,525,-100,-8350
6,1358,532,-106,-8348
6,1359,541,-118,-8361
6,1360,540,-109,-8351
6,1361,528,-102,-8356
6,1362,534,-103,-8338
6,1363,523,-100,-8336
6,1364,531,-90,-8352
6,1365,529,-92,-8352
6,1366,529,-100,-8361
6,1367,531,-103,-8363
6,1368,535,-97,-8360
6,1369,534,-101,-8368
6,1370,530,-111,-8367
6,1371,534,-113,-8369
6,1372,533,-113,-8359
6,1373,529,-106,-8367
6,1374,539,-99,-8365
6,1375,554,-93,-8376
6,1376,558,-96,-8355
6,1377,562,-108,-8344
6,1378,543,-112,-8335
6,1379,547,-119,-8345
6,1380,540,-115,-8349
6,1381,539,-103,-8339
6,1382,549,-105,-8339
6,1383,543,-110,-8328
6,1384,543,-111,-8330
6,1385,532,-102,-8346
