block,index,ax_raw,ay_raw,az_raw
1,0,-529,140,8119
1,1,-516,139,8099
1,2,-506,125,8109
1,3,-510,118,8116
1,4,-504,136,8138
1,5,-500,149,8143
1,6,-499,133,8147
1,7,-500,138,8139
1,8,-505,139,8118
1,9,-519,133,8113
1,10,-520,141,8109
1,11,-518,137,8109
1,12,-526,147,8120
1,13,-511,142,8113
1,14,-511,140,8099
1,15,-517,131,8105
1,16,-528,123,8113
1,17,-520,111,8114
1,18,-509,118,8120
1,19,-495,136,8132
1,20,-496,129,8134
1,21,-500,132,8123
1,22,-494,127,8122
1,23,-498,134,8133
1,24,-506,156,8128
1,25,-511,152,8123
1,26,-510,155,8131
1,27,-505,148,8128
1,28,-506,140,8131
1,29,-492,134,8129
1,30,-505,134,8115
1,31,-512,126,8119
1,32,-512,119,8139
1,33,-518,103,8120
1,34,-517,122,8129
1,35,-498,137,8145
1,36,-506,123,8128
1,37,-500,117,8136
1,38,-507,133,8131
1,39,-505,129,8128
1,40,-506,134,8128
1,41,-512,141,8129
1,42,-521,135,8116
1,43,-511,144,8116
1,44,-501,147,8110
1,45,-497,142,8093
1,46,-501,138,8098
1,47,-490,135,8106
1,48,-497,136,8116
1,49,-507,146,8108
1,50,-510,134,8118
1,51,-511,123,8104
1,52,-519,129,8109
1,53,-517,142,8134
1,54,-518,144,8123
1,55,-508,156,8116
1,56,-502,162,8128
1,57,-506,159,8132
1,58,-512,153,8134
1,59,-505,143,8131
1,60,-509,137,8130
1,61,-505,144,8127
1,62,-497,137,8126
1,63,-505,126,8120
1,64,-498,137,8109
1,65,-505,133,8113
1,66,-512,126,8105
1,67,-511,142,8109
1,68,-504,143,8104
1,69,-502,131,8124
1,70,-492,131,8118
1,71,-520,141,8134
1,72,-529,144,8127
1,73,-533,132,8122
1,74,-526,131,8113
1,75,-508,137,8091
1,76,-495,143,8115
1,77,-500,139,8130
1,78,-515,142,8146
1,79,-513,143,8140
1,80,-513,131,8129
1,81,-499,128,8129
1,82,-499,145,8125
1,83,-508,150,8141
1,84,-497,153,8123
1,85,-488,149,8116
1,86,-490,151,8101
1,87,-500,152,8095
1,88,-505,152,8106
1,89,-514,149,8084
1,90,-523,159,8085
1,91,-509,158,8110
1,92,-506,154,8122
1,93,-514,154,8125
1,94,-528,161,8138
1,95,-539,145,8132
1,96,-533,139,8112
1,97,-532,140,8090
1,98,-514,143,8079
1,99,-518,132,8086
1,100,-516,127,8092
1,101,-519,129,8105
1,102,-516,143,8107
1,103,-519,140,8112
1,104,-524,151,8105
1,105,-519,146,8101
1,106,-507,136,8115
1,107,-501,135,8122
1,108,-512,143,8123
1,109,-513,159,8117
1,110,-513,160,8123
1,111,-511,141,8116
1,112,-510,141,8132
1,113,-523,134,8130
1,114,-513,130,8123
1,115,-508,128,8135
1,116,-521,139,8122
1,117,-528,150,8102
1,118,-522,143,8094
1,119,-511,138,8098
1,120,-519,129,8114
1,121,-518,133,8137
1,122,-510,132,8124
1,123,-506,139,8128
1,124,-521,140,8140
1,125,-512,144,8127
1,126,-507,148,8119
1,127,-513,143,8119
1,128,-525,142,8138
1,129,-533,140,8139
1,130,-519,147,8143
1,131,-515,139,8123
1,132,-517,138,8111
1,133,-513,134,8120
1,134,-514,141,8133
1,135,-515,154,8125
1,136,-518,160,8116
1,137,-510,151,8117
1,138,-513,141,8106
1,139,-508,136,8117
1,140,-509,132,8107
1,141,-516,126,8112
1,142,-520,125,8130
1,143,-524,120,8122
1,144,-521,124,8120
1,145,-515,126,8127
1,146,-525,118,8111
1,147,-516,110,8108
1,148,-506,115,8115
1,149,-514,132,8107
1,150,-516,139,8096
1,151,-516,150,8107
1,152,-518,154,8104
1,153,-516,137,8111
1,154,-511,136,8110
1,155,-518,133,8130
1,156,-518,133,8133
1,157,-513,125,8125
1,158,-520,135,8122
1,159,-517,135,8111
1,160,-529,124,8106
1,161,-514,125,8113
1,162,-507,121,8121
1,163,-501,128,8111
1,164,-495,132,8104
1,165,-497,141,8113
1,166,-507,147,8108
1,167,-512,137,8115
1,168,-516,130,8113
1,169,-508,135,8106
1,170,-499,137,8121
1,171,-502,145,8109
1,172,-498,138,8093
1,173,-498,136,8097
1,174,-499,120,8122
1,175,-504,122,8135
1,176,-516,136,8135
1,177,-525,139,8141
1,178,-519,143,8133
1,179,-513,140,8149
1,180,-508,121,8134
1,181,-508,128,8125
1,182,-491,128,8130
1,183,-485,136,8116
1,184,-483,134,8108
1,185,-493,142,8114
1,186,-510,148,8123
1,187,-500,135,8118
1,188,-504,122,8111
1,189,-509,127,8118
1,190,-517,129,8114
1,191,-525,148,8119
1,192,-529,144,8129
1,193,-521,154,8133
1,194,-518,154,8129
1,195,-504,155,8130
1,196,-499,144,8115
1,197,-502,137,8114
1,198,-509,138,8102
1,199,-505,142,8121
1,200,-499,152,8135
1,201,-505,157,8142
1,202,-510,149,8135
1,203,-508,147,8131
1,204,-503,148,8137
1,205,-497,145,8138
1,206,-495,135,8119
1,207,-491,140,8108
1,208,-489,142,8093
1,209,-489,129,8100
1,210,-487,114,8099
1,211,-506,118,8098
1,212,-515,119,8093
1,213,-518,127,8097
1,214,-510,141,8092
1,215,-498,145,8104
1,216,-511,150,8126
1,217,-510,136,8118
1,218,-508,131,8128
1,219,-509,120,8129
1,220,-508,124,8132
1,221,-495,129,8136
1,222,-501,132,8148
1,223,-506,122,8157
1,224,-511,125,8141
1,225,-495,128,8132
1,226,-497,136,8127
1,227,-510,135,8132
1,228,-515,146,8129
1,229,-521,146,8137
1,230,-507,146,8135
1,231,-520,129,8112
1,232,-522,143,8110
1,233,-517,146,8104
1,234,-517,141,8106
1,235,-515,136,8110
1,236,-503,143,8124
1,237,-496,134,8120
1,238,-508,143,8117
1,239,-513,123,8128
1,240,-513,132,8130
1,241,-513,142,8123
1,242,-504,139,8137
1,243,-497,152,8127
1,244,-484,153,8134
1,245,-496,146,8135
1,246,-506,147,8126
1,247,-501,138,8121
1,248,-509,146,8117
1,249,-507,155,8112
1,250,-507,151,8090
1,251,-503,147,8096
1,252,-505,156,8107
1,253,-506,153,8108
1,254,-525,163,8104
1,255,-544,159,8111
1,256,-545,154,8114
1,257,-536,149,8116
1,258,-532,157,8113
1,259,-518,146,8110
1,260,-510,125,8103
1,261,-501,116,8101
1,262,-493,116,8104
1,263,-472,117,8106
1,264,-473,120,8117
1,265,-465,134,8117
1,266,-470,147,8126
1,267,-484,160,8113
1,268,-492,167,8113
1,269,-506,158,8111
1,270,-502,149,8118
1,271,-507,135,8109
1,272,-522,129,8114
1,273,-524,121,8115
1,274,-511,104,8117
1,275,-515,109,8123
1,276,-534,106,8127
1,277,-527,119,8134
1,278,-517,144,8144
1,279,-505,149,8124
1,280,-511,144,8131
1,281,-507,126,8130
1,282,-496,128,8122
1,283,-486,122,8122
1,284,-483,149,8119
1,285,-469,148,8125
1,286,-473,143,8133
1,287,-492,136,8133
1,288,-504,131,8136
1,289,-496,133,8125
1,290,-500,131,8130
1,291,-508,132,8139
1,292,-519,132,8129
1,293,-523,136,8129
1,294,-520,133,8126
1,295,-522,132,8134
1,296,-529,125,8137
1,297,-525,121,8120
1,298,-522,127,8098
1,299,-510,124,8115
1,300,-505,136,8117
1,301,-497,135,8134
1,302,-490,138,8122
1,303,-496,138,8107
1,304,-492,143,8125
1,305,-498,155,8100
1,306,-499,160,8103
1,307,-509,150,8120
1,308,-506,138,8126
1,309,-504,137,8111
1,310,-505,139,8096
1,311,-496,153,8097
1,312,-491,144,8114
1,313,-489,144,8116
1,314,-491,141,8111
1,315,-497,140,8117
1,316,-504,138,8131
1,317,-493,146,8132
1,318,-509,138,8102
1,319,-511,134,8106
1,320,-527,145,8124
1,321,-531,131,8117
1,322,-533,126,8096
1,323,-516,118,8097
1,324,-517,130,8101
1,325,-519,141,8105
1,326,-519,130,8109
1,327,-510,125,8121
1,328,-507,124,8136
1,329,-507,136,8121
1,330,-500,140,8124
1,331,-502,147,8127
1,332,-499,141,8110
1,333,-485,151,8112
1,334,-477,146,8112
1,335,-490,142,8101
1,336,-498,134,8100
1,337,-499,128,8113
1,338,-496,121,8119
1,339,-505,141,8117
1,340,-523,150,8138
1,341,-531,150,8120
1,342,-517,147,8119
1,343,-509,138,8113
1,344,-499,143,8109
1,345,-515,136,8107
1,346,-511,136,8085
1,347,-518,139,8108
1,348,-526,147,8116
1,349,-507,159,8116
1,350,-514,168,8111
1,351,-514,167,8111
1,352,-519,166,8127
1,353,-510,153,8140
1,354,-504,145,8130
1,355,-506,130,8115
1,356,-509,120,8116
1,357,-498,127,8123
1,358,-516,126,8139
1,359,-507,130,8137
1,360,-511,137,8123
1,361,-512,128,8119
1,362,-514,142,8124
1,363,-504,137,8123
1,364,-498,127,8113
1,365,-495,138,8116
1,366,-497,140,8122
1,367,-505,146,8132
1,368,-507,145,8116
1,369,-504,140,8105
1,370,-511,135,8105
1,371,-513,132,8132
1,372,-513,139,8125
1,373,-498,141,8134
1,374,-505,139,8139
1,375,-501,127,8118
1,376,-500,128,8106
1,377,-499,140,8106
1,378,-503,144,8116
1,379,-499,143,8131
1,380,-502,134,8111
1,381,-506,141,8132
1,382,-498,139,8158
1,383,-503,140,8132
1,384,-496,141,8117
1,385,-504,142,8102
1,386,-497,136,8099
1,387,-492,122,8096
1,388,-496,120,8110
1,389,-489,126,8120
1,390,-497,138,8121
1,391,-502,139,8128
1,392,-500,142,8128
1,393,-498,145,8124
1,394,-517,160,8113
1,395,-515,164,8132
1,396,-524,148,8129
1,397,-507,144,8152
1,398,-501,129,8157
1,399,-490,119,8154
1,400,-497,116,8153
1,401,-507,119,8126
1,402,-505,123,8095
1,403,-505,114,8085
1,404,-503,125,8095
1,405,-493,136,8106
1,406,-492,149,8144
1,407,-492,151,8164
1,408,-496,151,8141
1,409,-501,149,8106
1,410,-507,141,8091
1,411,-511,142,8098
1,412,-507,142,8106
1,413,-498,138,8141
1,414,-491,132,8174
1,415,-494,130,8169
1,416,-496,140,8163
1,417,-504,135,8124
1,418,-512,127,8102
1,419,-515,120,8092
1,420,-519,137,8098
1,421,-513,145,8133
1,422,-511,140,8167
1,423,-515,130,8167
1,424,-507,135,8128
1,425,-508,142,8104
1,426,-514,147,8089
1,427,-518,145,8086
1,428,-515,149,8101
1,429,-496,153,8142
1,430,-501,142,8165
1,431,-513,133,8166
1,432,-512,141,8139
1,433,-511,132,8104
1,434,-513,132,8082
1,435,-515,130,8105
1,436,-524,122,8133
1,437,-524,129,8147
1,438,-515,151,8161
1,439,-514,152,8143
1,440,-522,159,8125
1,441,-511,144,8101
1,442,-503,138,8095
1,443,-498,147,8112
1,444,-497,150,8141
1,445,-500,148,8157
1,446,-496,151,8138
1,447,-492,153,8129
1,448,-500,144,8121
1,449,-513,147,8109
1,450,-507,142,8108
1,451,-500,127,8107
1,452,-510,132,8114
1,453,-507,126,8107
1,454,-507,139,8109
1,455,-508,161,8101
1,456,-510,165,8102
1,457,-505,164,8102
1,458,-519,162,8095
1,459,-517,154,8111
1,460,-510,145,8114
1,461,-510,137,8122
1,462,-508,139,8138
1,463,-506,140,8146
1,464,-511,134,8126
1,465,-507,135,8109
1,466,-499,140,8095
1,467,-500,136,8096
1,468,-512,136,8114
1,469,-513,144,8131
1,470,-514,161,8129
1,471,-505,163,8135
1,472,-520,147,8121
1,473,-520,146,8125
1,474,-509,142,8123
1,475,-506,143,8122
1,476,-510,143,8121
1,477,-506,144,8134
1,478,-509,143,8129
1,479,-510,151,8123
1,480,-502,149,8126
1,481,-505,129,8120
1,482,-505,137,8113
1,483,-503,142,8112
1,484,-490,131,8103
1,485,-492,130,8112
1,486,-511,133,8113
1,487,-517,140,8116
1,488,-498,143,8100
1,489,-502,144,8110
1,490,-511,148,8119
1,491,-505,155,8118
1,492,-505,158,8108
1,493,-514,145,8112
1,494,-521,134,8109
1,495,-527,139,8106
1,496,-526,149,8087
1,497,-526,156,8101
1,498,-530,148,8126
1,499,-515,140,8126
1,500,-510,150,8117
1,501,-510,138,8098
1,502,-513,143,8098
1,503,-519,150,8105
1,504,-517,149,8110
1,505,-509,143,8115
1,506,-506,147,8115
1,507,-517,142,8121
1,508,-526,142,8118
1,509,-528,147,8121
1,510,-526,139,8133
1,511,-524,144,8139
1,512,-528,145,8137
1,513,-528,145,8138
1,514,-524,135,8111
1,515,-519,133,8100
1,516,-523,127,8112
1,517,-516,127,8103
1,518,-512,130,8110
1,519,-501,139,8128
1,520,-506,141,8116
1,521,-510,143,8121
1,522,-498,137,8114
1,523,-509,138,8091
1,524,-523,149,8102
1,525,-517,145,8116
1,526,-511,139,8124
1,527,-508,138,8108
1,528,-503,143,8113
1,529,-506,138,8123
1,530,-517,135,8125
1,531,-510,144,8126
1,532,-513,129,8129
1,533,-517,130,8133
1,534,-510,125,8132
1,535,-508,134,8114
1,536,-519,128,8104
1,537,-539,149,8113
1,538,-533,140,8124
1,539,-520,142,8137
1,540,-519,143,8138
1,541,-514,149,8119
1,542,-520,161,8106
1,543,-516,141,8115
1,544,-499,138,8105
1,545,-494,148,8130
1,546,-502,142,8147
1,547,-510,142,8134
1,548,-507,145,8120
1,549,-505,149,8113
1,550,-503,142,8103
1,551,-498,134,8106
1,552,-495,137,8099
1,553,-503,138,8118
1,554,-518,138,8126
1,555,-519,143,8115
1,556,-518,136,8129
1,557,-518,136,8150
1,558,-514,142,8138
1,559,-513,137,8124
1,560,-515,137,8127
1,561,-524,137,8150
1,562,-515,137,8143
1,563,-509,136,8136
1,564,-509,141,8153
1,565,-515,144,8150
1,566,-508,140,8133
1,567,-510,131,8139
1,568,-509,136,8136
1,569,-499,141,8120
1,570,-511,135,8104
1,571,-503,131,8104
1,572,-496,138,8110
1,573,-507,143,8112
1,574,-509,136,8111
1,575,-512,141,8113
1,576,-505,139,8114
1,577,-500,139,8113
1,578,-495,137,8110
1,579,-487,139,8113
1,580,-499,142,8112
1,581,-502,141,8116
1,582,-509,140,8120
1,583,-503,144,8110
1,584,-507,138,8111
1,585,-506,141,8118
1,586,-511,135,8110
1,587,-518,135,8119
1,588,-510,135,8105
1,589,-524,127,8120
1,590,-529,135,8116
1,591,-507,148,8131
1,592,-509,139,8134
1,593,-516,139,8117
1,594,-509,147,8118
1,595,-511,152,8114
1,596,-509,140,8088
1,597,-513,146,8102
1,598,-514,144,8116
1,599,-510,135,8124
1,600,-498,131,8132
1,601,-508,139,8146
1,602,-517,133,8148
1,603,-501,128,8135
1,604,-501,129,8128
1,605,-502,134,8119
1,606,-513,138,8110
1,607,-521,144,8117
1,608,-521,142,8117
1,609,-513,136,8109
1,610,-511,136,8124
1,611,-512,132,8131
1,612,-509,132,8131
1,613,-516,133,8139
1,614,-514,143,8127
1,615,-517,152,8141
1,616,-532,157,8128
1,617,-529,159,8111
1,618,-518,146,8115
1,619,-507,147,8125
1,620,-507,142,8116
1,621,-511,158,8128
1,622,-511,155,8117
1,623,-521,145,8117
1,624,-513,150,8101
1,625,-513,139,8126
1,626,-504,139,8144
1,627,-505,133,8142
1,628,-518,125,8129
1,629,-512,138,8121
1,630,-522,147,8129
1,631,-521,153,8130
1,632,-524,153,8114
1,633,-527,149,8122
1,634,-509,144,8123
1,635,-503,143,8135
1,636,-511,149,8147
1,637,-507,148,8141
1,638,-520,153,8140
1,639,-511,156,8123
1,640,-514,140,8130
1,641,-509,140,8116
1,642,-529,144,8103
1,643,-529,141,8111
1,644,-518,149,8118
1,645,-513,169,8122
1,646,-517,165,8105
1,647,-512,164,8119
1,648,-515,154,8130
1,649,-509,140,8128
1,650,-507,133,8106
1,651,-506,138,8119
1,652,-513,146,8122
1,653,-506,126,8136
1,654,-508,128,8150
1,655,-502,143,8127
1,656,-509,150,8105
1,657,-501,147,8111
1,658,-496,136,8123
1,659,-498,136,8132
1,660,-512,129,8105
1,661,-510,140,8124
1,662,-517,144,8128
1,663,-522,154,8138
1,664,-526,153,8134
1,665,-516,155,8132
1,666,-522,140,8115
1,667,-519,130,8104
1,668,-517,129,8107
1,669,-495,131,8099
1,670,-501,140,8122
1,671,-512,147,8127
1,672,-505,161,8130
1,673,-500,161,8129
1,674,-501,157,8124
1,675,-513,152,8106
1,676,-509,161,8110
1,677,-498,154,8105
1,678,-497,151,8104
1,679,-498,153,8113
1,680,-502,150,8132
1,681,-504,155,8124
1,682,-518,156,8103
1,683,-526,139,8103
1,684,-512,134,8097
1,685,-523,136,8115
1,686,-529,141,8118
1,687,-532,139,8128
1,688,-530,155,8136
1,689,-502,160,8127
1,690,-510,158,8124
1,691,-509,147,8107
1,692,-499,145,8111
1,693,-494,137,8110
1,694,-495,139,8108
1,695,-504,131,8106
1,696,-496,117,8095
1,697,-495,123,8112
1,698,-495,129,8127
1,699,-514,127,8123
1,700,-520,131,8124
1,701,-517,126,8131
1,702,-520,131,8133
1,703,-517,144,8120
1,704,-532,143,8106
1,705,-540,147,8117
1,706,-544,157,8103
1,707,-535,144,8116
1,708,-515,141,8111
1,709,-507,134,8108
1,710,-506,144,8112
1,711,-496,138,8113
1,712,-498,134,8122
1,713,-489,135,8117
1,714,-491,147,8113
1,715,-483,140,8113
1,716,-482,147,8121
1,717,-490,144,8109
1,718,-517,158,8121
1,719,-517,156,8143
1,720,-506,148,8144
1,721,-509,141,8147
1,722,-507,130,8139
1,723,-502,134,8121
1,724,-514,143,8129
1,725,-512,131,8129
1,726,-512,136,8140
1,727,-521,142,8147
1,728,-525,138,8132
1,729,-518,144,8123
1,730,-518,154,8132
1,731,-515,149,8131
1,732,-498,144,8115
1,733,-502,143,8110
1,734,-499,142,8100
1,735,-494,132,8104
1,736,-485,135,8131
1,737,-484,129,8125
1,738,-488,123,8131
1,739,-495,135,8131
1,740,-486,144,8132
1,741,-484,144,8130
1,742,-492,143,8137
1,743,-488,142,8140
1,744,-500,152,8132
1,745,-517,139,8128
1,746,-520,135,8127
1,747,-516,135,8134
1,748,-519,136,8119
1,749,-507,127,8109
1,750,-516,112,8113
1,751,-525,129,8112
1,752,-527,138,8125
1,753,-517,144,8125
1,754,-527,153,8125
1,755,-519,146,8128
1,756,-508,146,8129
1,757,-494,150,8131
1,758,-491,157,8127
1,759,-492,144,8111
1,760,-485,131,8115
1,761,-497,141,8131
1,762,-501,144,8132
1,763,-493,147,8135
1,764,-501,140,8132
1,765,-515,138,8120
1,766,-514,138,8126
1,767,-522,140,8128
1,768,-522,129,8124
1,769,-517,126,8132
1,770,-514,127,8129
1,771,-521,122,8122
1,772,-514,133,8130
1,773,-506,141,8122
1,774,-493,130,8130
1,775,-496,126,8120
1,776,-498,133,8122
1,777,-495,124,8125
1,778,-472,134,8118
1,779,-481,132,8122
1,780,-481,125,8099
1,781,-499,126,8090
1,782,-500,134,8091
1,783,-492,147,8114
1,784,-504,157,8124
1,785,-525,153,8137
1,786,-534,163,8129
1,787,-529,150,8136
1,788,-534,135,8126
1,789,-525,134,8121
1,790,-515,130,8132
1,791,-518,139,8140
1,792,-506,138,8140
1,793,-502,137,8144
1,794,-499,126,8143
1,795,-493,130,8126
1,796,-492,149,8131
1,797,-504,151,8126
1,798,-503,157,8117
1,799,-504,157,8104
1,800,-488,158,8130
1,801,-494,146,8135
1,802,-498,148,8137
1,803,-492,146,8142
1,804,-506,145,8121
1,805,-518,149,8113
1,806,-526,140,8110
1,807,-533,128,8125
1,808,-537,139,8137
1,809,-534,136,8141
1,810,-527,147,8124
1,811,-522,146,8104
1,812,-513,152,8088
1,813,-503,133,8088
1,814,-499,126,8099
1,815,-500,133,8113
1,816,-495,136,8122
1,817,-491,135,8143
1,818,-483,131,8124
1,819,-488,137,8118
1,820,-504,145,8104
1,821,-503,157,8112
1,822,-492,153,8121
1,823,-494,137,8109
1,824,-492,140,8122
1,825,-501,150,8128
1,826,-507,149,8121
1,827,-506,135,8116
1,828,-517,133,8124
1,829,-529,124,8130
1,830,-531,130,8137
1,831,-520,131,8141
1,832,-525,136,8147
1,833,-519,122,8148
1,834,-501,125,8141
1,835,-510,115,8132
1,836,-509,109,8118
1,837,-497,121,8119
1,838,-487,127,8128
1,839,-492,131,8117
1,840,-490,134,8129
1,841,-500,132,8141
1,842,-501,130,8147
1,843,-504,130,8145
1,844,-502,139,8151
1,845,-512,145,8139
1,846,-519,147,8131
1,847,-523,150,8131
1,848,-514,142,8123
1,849,-515,139,8114
1,850,-515,134,8120
1,851,-513,119,8115
1,852,-503,129,8104
1,853,-513,118,8113
1,854,-497,125,8137
1,855,-489,139,8135
1,856,-492,145,8125
1,857,-490,148,8137
1,858,-481,142,8147
1,859,-485,146,8127
1,860,-470,140,8139
1,861,-465,134,8134
1,862,-486,130,8116
1,863,-495,132,8105
1,864,-495,141,8106
1,865,-501,140,8098
1,866,-522,146,8125
1,867,-546,155,8118
1,868,-555,148,8126
1,869,-565,157,8104
1,870,-565,147,8109
1,871,-554,130,8108
1,872,-540,114,8121
1,873,-526,113,8132
1,874,-512,119,8140
1,875,-501,125,8130
1,876,-487,134,8122
1,877,-476,135,8119
1,878,-476,140,8110
1,879,-487,149,8125
1,880,-492,133,8115
1,881,-478,123,8116
1,882,-483,123,8125
1,883,-490,139,8127
1,884,-501,134,8133
1,885,-505,127,8136
1,886,-510,115,8139
1,887,-518,120,8139
1,888,-533,132,8131
1,889,-539,141,8120
1,890,-544,155,8122
1,891,-540,157,8121
1,892,-533,150,8115
1,893,-527,154,8105
1,894,-508,153,8107
1,895,-491,141,8118
1,896,-476,143,8124
1,897,-482,128,8128
1,898,-480,117,8119
1,899,-489,119,8106
1,900,-498,134,8108
1,901,-504,144,8115
1,902,-515,145,8086
1,903,-513,149,8096
1,904,-511,158,8103
1,905,-514,150,8108
1,906,-514,147,8105
1,907,-513,131,8108
1,908,-507,129,8110
1,909,-512,130,8120
1,910,-510,132,8127
1,911,-511,127,8134
1,912,-503,140,8138
1,913,-509,145,8122
1,914,-515,152,8113
1,915,-515,138,8118
1,916,-509,136,8130
1,917,-500,129,8132
1,918,-490,123,8131
1,919,-490,130,8119
1,920,-490,131,8119
1,921,-493,139,8131
1,922,-489,128,8132
1,923,-490,133,8136
1,924,-480,127,8129
1,925,-498,131,8113
1,926,-518,137,8114
1,927,-529,147,8110
1,928,-524,156,8110
1,929,-526,147,8093
1,930,-530,138,8109
1,931,-524,126,8120
1,932,-527,123,8121
1,933,-530,124,8118
1,934,-530,124,8122
1,935,-524,133,8119
1,936,-526,120,8121
1,937,-514,120,8129
1,938,-499,130,8163
1,939,-491,128,8141
1,940,-495,127,8138
1,941,-489,126,8129
1,942,-498,137,8116
1,943,-497,139,8134
1,944,-497,138,8134
1,945,-495,130,8137
1,946,-512,139,8130
1,947,-515,143,8125
1,948,-520,141,8120
1,949,-526,138,8132
1,950,-541,136,8136
1,951,-533,140,8123
1,952,-527,149,8137
1,953,-528,146,8140
1,954,-534,152,8139
1,955,-525,150,8129
1,956,-502,137,8129
1,957,-494,139,8122
1,958,-492,145,8143
1,959,-491,140,8143
1,960,-483,138,8134
1,961,-491,142,8128
1,962,-494,147,8125
1,963,-499,148,8119
1,964,-503,141,8135
1,965,-510,147,8129
1,966,-514,150,8147
1,967,-510,145,8144
1,968,-516,145,8161
1,969,-520,142,8144
1,970,-523,134,8129
1,971,-523,137,8120
1,972,-535,145,8111
1,973,-529,148,8132
1,974,-525,147,8141
1,975,-523,139,8114
1,976,-507,131,8119
1,977,-495,142,8124
1,978,-492,145,8110
1,979,-497,136,8113
1,980,-501,124,8121
1,981,-508,124,8117
1,982,-503,135,8115
1,983,-516,145,8133
1,984,-511,133,8119
1,985,-514,138,8108
1,986,-499,133,8133
1,987,-509,135,8142
1,988,-518,140,8133
1,989,-519,134,8121
1,990,-514,136,8113
1,991,-514,131,8107
1,992,-507,135,8116
1,993,-507,131,8110
1,994,-523,134,8104
1,995,-529,127,8107
1,996,-523,128,8107
1,997,-524,128,8099
1,998,-524,134,8092
1,999,-522,143,8104
1,1000,-515,143,8094
1,1001,-511,127,8098
1,1002,-511,135,8119
1,1003,-506,138,8115
1,1004,-510,139,8125
1,1005,-506,144,8114
1,1006,-506,131,8115
1,1007,-509,123,8121
1,1008,-503,136,8106
1,1009,-506,143,8105
1,1010,-507,146,8092
1,1011,-504,154,8099
1,1012,-505,162,8096
1,1013,-515,159,8115
1,1014,-526,151,8117
1,1015,-536,146,8119
1,1016,-525,145,8130
1,1017,-532,142,8145
1,1018,-540,151,8143
1,1019,-529,144,8137
1,1020,-522,143,8130
1,1021,-508,150,8115
1,1022,-493,160,8098
1,1023,-497,150,8109
1,1024,-497,146,8116
1,1025,-489,146,8098
1,1026,-496,138,8098
1,1027,-511,129,8114
1,1028,-507,131,8128
1,1029,-497,139,8123
1,1030,-504,134,8127
1,1031,-505,136,8141
1,1032,-505,134,8134
1,1033,-506,124,8113
1,1034,-510,134,8103
1,1035,-519,147,8116
1,1036,-513,132,8130
1,1037,-514,132,8124
1,1038,-512,133,8115
1,1039,-524,142,8133
1,1040,-520,144,8129
1,1041,-513,143,8122
1,1042,-496,143,8123
1,1043,-490,145,8132
1,1044,-486,141,8140
1,1045,-496,137,8127
1,1046,-499,139,8130
1,1047,-507,153,8113
1,1048,-506,142,8099
1,1049,-499,132,8102
1,1050,-494,140,8114
1,1051,-495,135,8115
1,1052,-509,131,8124
1,1053,-511,127,8120
1,1054,-499,130,8134
1,1055,-509,131,8144
1,1056,-512,124,8132
1,1057,-518,121,8127
1,1058,-512,131,8117
1,1059,-528,143,8109
1,1060,-519,148,8119
1,1061,-517,142,8115
1,1062,-520,129,8119
1,1063,-506,132,8134
1,1064,-511,131,8137
1,1065,-511,125,8116
1,1066,-504,128,8128
1,1067,-507,134,8125
1,1068,-506,141,8125
1,1069,-509,132,8121
1,1070,-507,147,8120
1,1071,-497,157,8098
1,1072,-517,160,8094
1,1073,-519,166,8115
1,1074,-507,163,8131
1,1075,-508,155,8124
1,1076,-513,151,8130
1,1077,-507,155,8132
1,1078,-510,148,8135
1,1079,-499,141,8130
1,1080,-494,145,8122
1,1081,-494,138,8117
1,1082,-505,119,8125
1,1083,-508,124,8125
1,1084,-519,127,8117
1,1085,-516,134,8117
1,1086,-508,137,8111
1,1087,-497,143,8108
1,1088,-498,150,8115
1,1089,-501,148,8102
1,1090,-503,145,8101
1,1091,-500,144,8106
1,1092,-496,146,8133
1,1093,-499,142,8123
1,1094,-498,132,8110
1,1095,-518,142,8105
1,1096,-510,136,8137
1,1097,-509,146,8139
1,1098,-511,134,8122
1,1099,-517,141,8131
1,1100,-521,141,8117
1,1101,-513,151,8107
1,1102,-521,151,8135
1,1103,-518,150,8122
1,1104,-513,146,8124
1,1105,-514,136,8126
1,1106,-525,130,8126
1,1107,-517,139,8151
1,1108,-511,144,8140
1,1109,-509,145,8133
1,1110,-510,137,8130
1,1111,-520,143,8135
1,1112,-519,132,8130
1,1113,-523,144,8138
1,1114,-522,149,8132
1,1115,-518,152,8124
1,1116,-509,146,8117
1,1117,-505,139,8118
1,1118,-498,133,8135
1,1119,-503,126,8135
1,1120,-494,138,8125
1,1121,-505,148,8107
1,1122,-497,149,8133
1,1123,-505,147,8113
1,1124,-510,146,8107
1,1125,-515,138,8112
1,1126,-501,132,8127
1,1127,-498,141,8108
1,1128,-501,142,8117
1,1129,-504,149,8110
1,1130,-501,164,8127
1,1131,-506,155,8119
1,1132,-510,146,8131
1,1133,-514,150,8132
1,1134,-499,145,8125
1,1135,-500,142,8129
1,1136,-499,141,8127
1,1137,-497,125,8120
1,1138,-502,128,8099
1,1139,-512,140,8104
1,1140,-515,131,8113
1,1141,-518,131,8119
1,1142,-506,143,8129
1,1143,-504,146,8121
1,1144,-519,142,8109
1,1145,-527,137,8116
1,1146,-513,124,8119
1,1147,-508,125,8123
1,1148,-506,141,8104
1,1149,-511,141,8120
1,1150,-506,140,8124
1,1151,-501,143,8109
1,1152,-499,146,8118
1,1153,-505,149,8140
1,1154,-505,149,8135
1,1155,-497,147,8122
1,1156,-495,147,8114
1,1157,-502,162,8124
1,1158,-506,156,8119
1,1159,-517,143,8128
1,1160,-512,147,8121
1,1161,-527,130,8113
1,1162,-525,135,8118
1,1163,-518,140,8130
1,1164,-514,143,8127
1,1165,-510,144,8126
1,1166,-517,149,8126
1,1167,-530,167,8098
1,1168,-522,167,8104
1,1169,-512,163,8096
1,1170,-509,152,8082
1,1171,-504,148,8069
1,1172,-500,137,8084
1,1173,-503,139,8088
1,1174,-515,128,8101
1,1175,-509,142,8131
1,1176,-509,157,8135
1,1177,-510,139,8123
1,1178,-515,131,8120
1,1179,-507,133,8128
1,1180,-509,139,8138
1,1181,-507,146,8139
1,1182,-516,151,8136
1,1183,-510,147,8129
1,1184,-504,140,8128
1,1185,-507,142,8114
1,1186,-505,133,8113
1,1187,-518,138,8116
1,1188,-515,136,8119
1,1189,-509,142,8128
1,1190,-509,137,8121
1,1191,-505,129,8111
1,1192,-510,130,8095
1,1193,-524,117,8097
1,1194,-525,121,8093
1,1195,-522,130,8101
1,1196,-514,137,8129
1,1197,-508,143,8138
1,1198,-505,140,8120
1,1199,-506,138,8114
1,1200,-511,138,8120
1,1201,-532,138,8123
1,1202,-530,140,8121
1,1203,-527,143,8112
1,1204,-509,141,8114
1,1205,-513,146,8103
1,1206,-509,139,8115
1,1207,-508,139,8144
1,1208,-521,130,8153
1,1209,-528,125,8144
1,1210,-521,122,8142
1,1211,-505,132,8141
1,1212,-512,145,8133
1,1213,-505,147,8137
1,1214,-504,142,8131
1,1215,-496,146,8125
1,1216,-493,145,8088
1,1217,-495,150,8107
1,1218,-504,146,8130
1,1219,-503,148,8134
1,1220,-491,137,8122
1,1221,-496,135,8112
1,1222,-504,136,8102
1,1223,-510,139,8105
1,1224,-510,136,8099
1,1225,-512,146,8113
1,1226,-503,147,8124
1,1227,-507,135,8119
1,1228,-510,126,8125
1,1229,-517,127,8137
1,1230,-521,120,8117
1,1231,-519,134,8118
1,1232,-518,129,8130
1,1233,-521,135,8132
1,1234,-513,137,8122
1,1235,-505,136,8125
1,1236,-503,137,8132
1,1237,-495,120,8132
1,1238,-502,133,8123
1,1239,-506,134,8114
1,1240,-510,140,8119
1,1241,-507,134,8122
1,1242,-516,141,8137
1,1243,-513,130,8129
1,1244,-514,134,8118
1,1245,-511,121,8128
1,1246,-514,134,8116
1,1247,-511,145,8119
1,1248,-507,142,8130
1,1249,-514,131,8134
1,1250,-517,140,8137
1,1251,-510,139,8136
1,1252,-512,132,8130
1,1253,-515,138,8122
1,1254,-512,133,8108
1,1255,-521,136,8101
1,1256,-525,143,8112
1,1257,-512,141,8099
1,1258,-507,133,8082
1,1259,-519,128,8117
1,1260,-517,129,8132
1,1261,-512,134,8109
1,1262,-511,137,8112
1,1263,-506,137,8115
1,1264,-506,157,8114
1,1265,-507,165,8109
1,1266,-501,169,8121
1,1267,-505,157,8103
1,1268,-502,159,8097
1,1269,-498,149,8100
1,1270,-513,139,8098
1,1271,-509,141,8094
1,1272,-514,131,8107
1,1273,-508,140,8131
1,1274,-509,137,8147
1,1275,-512,135,8128
1,1276,-518,133,8115
1,1277,-514,133,8128
1,1278,-521,127,8124
1,1279,-510,143,8102
1,1280,-499,153,8104
1,1281,-500,147,8114
1,1282,-507,139,8112
1,1283,-490,135,8113
1,1284,-490,140,8115
1,1285,-515,149,8112
1,1286,-526,135,8104
1,1287,-519,126,8106
1,1288,-508,141,8093
1,1289,-509,143,8090
1,1290,-506,162,8109
1,1291,-501,154,8132
1,1292,-497,153,8145
1,1293,-499,144,8133
1,1294,-506,133,8127
1,1295,-513,133,8116
1,1296,-513,133,8113
1,1297,-529,136,8115
1,1298,-524,135,8129
1,1299,-526,139,8122
1,1300,-519,132,8130
1,1301,-514,135,8126
1,1302,-505,122,8129
1,1303,-516,131,8128
1,1304,-509,128,8125
1,1305,-501,138,8119
1,1306,-500,152,8108
1,1307,-510,153,8107
1,1308,-509,150,8102
1,1309,-518,144,8124
1,1310,-513,138,8138
1,1311,-509,143,8129
1,1312,-506,136,8099
1,1313,-511,134,8115
1,1314,-517,136,8116
1,1315,-510,133,8099
1,1316,-519,130,8113
1,1317,-516,126,8118
1,1318,-517,130,8115
1,1319,-517,128,8141
1,1320,-515,146,8132
1,1321,-504,142,8131
1,1322,-514,147,8128
1,1323,-521,132,8115
1,1324,-521,132,8127
1,1325,-518,135,8124
1,1326,-508,139,8118
1,1327,-517,144,8123
1,1328,-507,151,8109
1,1329,-507,134,8118
1,1330,-507,131,8126
1,1331,-513,134,8125
1,1332,-506,135,8118
1,1333,-504,142,8131
1,1334,-507,150,8119
1,1335,-514,156,8117
1,1336,-519,151,8108
1,1337,-532,141,8122
1,1338,-543,146,8121
1,1339,-538,142,8116
1,1340,-525,139,8109
1,1341,-515,142,8104
1,1342,-519,143,8132
1,1343,-510,140,8130
1,1344,-499,143,8123
1,1345,-503,140,8129
1,1346,-500,139,8124
1,1347,-499,149,8125
1,1348,-495,135,8116
1,1349,-502,139,8112
1,1350,-507,151,8114
1,1351,-504,148,8111
1,1352,-505,142,8099
1,1353,-499,140,8086
1,1354,-500,136,8092
1,1355,-506,142,8112
1,1356,-504,130,8103
1,1357,-491,129,8102
1,1358,-494,131,8091
1,1359,-495,149,8098
1,1360,-512,150,8107
1,1361,-515,145,8119
1,1362,-498,141,8108
1,1363,-500,148,8106
1,1364,-503,147,8107
1,1365,-509,144,8130
1,1366,-506,141,8135
1,1367,-510,136,8133
1,1368,-507,137,8126
1,1369,-510,147,8121
1,1370,-517,137,8127
1,1371,-509,143,8139
1,1372,-512,147,8139
1,1373,-522,149,8144
1,1374,-512,137,8141
1,1375,-511,122,8135
1,1376,-514,127,8110
1,1377,-496,118,8120
1,1378,-488,130,8132
1,1379,-510,140,8127
1,1380,-504,136,8123
1,1381,-497,138,8114
1,1382,-507,140,8124
1,1383,-514,142,8118
1,1384,-510,147,8109
1,1385,-509,150,8114
1,1386,-500,144,8119
1,1387,-496,128,8118
1,1388,-492,123,8114
1,1389,-489,131,8117
1,1390,-495,127,8111
1,1391,-510,121,8117
1,1392,-500,130,8123
1,1393,-505,133,8133
1,1394,-491,138,8133
1,1395,-504,126,8127
1,1396,-505,130,8124
1,1397,-506,126,8109
1,1398,-524,126,8110
1,1399,-525,131,8105
1,1400,-507,130,8114
1,1401,-505,133,8120
1,1402,-502,145,8120
1,1403,-502,146,8119
1,1404,-498,140,8129
1,1405,-509,144,8119
1,1406,-502,142,8129
1,1407,-505,146,8116
1,1408,-512,148,8125
1,1409,-518,145,8132
1,1410,-511,135,8132
1,1411,-516,148,8138
1,1412,-519,137,8124
1,1413,-517,126,8126
1,1414,-506,126,8119
1,1415,-513,135,8113
1,1416,-520,134,8103
1,1417,-510,119,8117
1,1418,-510,135,8119
1,1419,-509,132,8139
1,1420,-517,134,8129
1,1421,-530,140,8132
1,1422,-520,141,8139
1,1423,-510,139,8128
1,1424,-505,134,8126
1,1425,-503,140,8119
1,1426,-499,137,8109
1,1427,-498,139,8119
1,1428,-506,138,8120
1,1429,-501,128,8109
1,1430,-500,148,8138
1,1431,-508,155,8133
1,1432,-506,159,8128
1,1433,-506,146,8123
1,1434,-514,148,8128
1,1435,-518,142,8124
1,1436,-505,141,8132
1,1437,-510,135,8126
1,1438,-523,141,8132
1,1439,-507,144,8133
1,1440,-500,135,8137
1,1441,-504,124,8141
1,1442,-497,131,8137
1,1443,-502,136,8129
1,1444,-502,143,8120
1,1445,-497,155,8116
1,1446,-505,138,8100
1,1447,-513,129,8115
1,1448,-518,135,8126
1,1449,-509,146,8114
1,1450,-505,164,8111
1,1451,-513,162,8115
1,1452,-515,160,8131
1,1453,-505,146,8134
1,1454,-493,140,8120
1,1455,-509,150,8113
1,1456,-502,141,8107
1,1457,-504,144,8108
1,1458,-508,145,8125
1,1459,-506,146,8127
1,1460,-514,152,8114
1,1461,-514,156,8113
1,1462,-511,149,8105
1,1463,-504,150,8121
1,1464,-511,161,8139
1,1465,-508,161,8144
1,1466,-519,165,8145
1,1467,-511,162,8138
1,1468,-519,144,8150
1,1469,-517,144,8141
1,1470,-515,146,8132
1,1471,-526,148,8141
1,1472,-528,145,8125
1,1473,-521,148,8123
1,1474,-523,148,8123
1,1475,-512,148,8104
1,1476,-520,152,8102
1,1477,-518,139,8105
1,1478,-521,135,8109
1,1479,-528,136,8110
1,1480,-518,126,8115
1,1481,-517,131,8127
1,1482,-510,132,8120
1,1483,-517,129,8124
1,1484,-513,121,8120
1,1485,-516,123,8129
1,1486,-510,125,8112
1,1487,-509,141,8103
1,1488,-516,144,8109
1,1489,-529,145,8121
1,1490,-523,151,8119
1,1491,-529,150,8108
1,1492,-526,145,8109
1,1493,-515,144,8114
1,1494,-499,147,8120
1,1495,-504,151,8132
1,1496,-497,149,8126
1,1497,-498,145,8117
1,1498,-497,146,8124
1,1499,-501,151,8129
1,1500,-507,150,8128
1,1501,-494,155,8111
1,1502,-499,156,8124
1,1503,-505,136,8129
1,1504,-510,135,8120
1,1505,-505,136,8135
1,1506,-507,138,8136
1,1507,-511,146,8131
1,1508,-518,144,8124
1,1509,-518,141,8117
1,1510,-530,145,8115
1,1511,-528,154,8118
1,1512,-512,142,8136
1,1513,-514,140,8139
1,1514,-517,135,8123
1,1515,-514,139,8135
1,1516,-523,132,8147
1,1517,-528,126,8136
1,1518,-519,118,8135
1,1519,-529,116,8117
1,1520,-517,113,8117
1,1521,-514,132,8107
1,1522,-519,135,8103
1,1523,-513,138,8105
1,1524,-500,134,8102
1,1525,-502,138,8097
1,1526,-504,141,8101
1,1527,-505,139,8105
1,1528,-513,129,8105
1,1529,-517,135,8113
1,1530,-516,138,8121
1,1531,-521,139,8120
1,1532,-521,142,8127
1,1533,-521,145,8134
1,1534,-515,154,8126
1,1535,-501,137,8129
1,1536,-516,141,8127
1,1537,-515,134,8130
1,1538,-499,125,8128
1,1539,-493,125,8141
1,1540,-491,129,8146
1,1541,-502,135,8119
1,1542,-502,140,8118
1,1543,-499,139,8118
1,1544,-502,154,8121
1,1545,-504,152,8128
1,1546,-508,148,8111
1,1547,-508,137,8108
1,1548,-493,124,8100
1,1549,-495,109,8103
1,1550,-503,119,8105
1,1551,-503,120,8117
1,1552,-513,134,8123
1,1553,-511,135,8125
1,1554,-511,136,8122
1,1555,-505,127,8125
1,1556,-505,130,8121
1,1557,-514,139,8128
1,1558,-515,133,8124
1,1559,-521,138,8102
1,1560,-511,145,8113
1,1561,-514,150,8112
1,1562,-520,149,8111
1,1563,-516,147,8103
1,1564,-510,147,8110
1,1565,-505,146,8112
1,1566,-506,153,8107
1,1567,-502,159,8101
1,1568,-509,145,8124
1,1569,-506,140,8127
1,1570,-512,136,8134
1,1571,-503,148,8118
1,1572,-494,146,8113
1,1573,-488,138,8106
1,1574,-496,140,8121
1,1575,-501,138,8130
1,1576,-493,140,8112
1,1577,-492,142,8112
1,1578,-501,139,8113
1,1579,-500,138,8128
1,1580,-510,147,8126
1,1581,-509,140,8111
1,1582,-519,127,8108
1,1583,-520,130,8105
1,1584,-523,128,8094
1,1585,-518,134,8097
1,1586,-517,126,8117
1,1587,-519,124,8124
1,1588,-512,131,8117
1,1589,-510,136,8146
1,1590,-512,140,8155
1,1591,-503,132,8142
1,1592,-498,133,8138
1,1593,-494,131,8132
1,1594,-489,129,8126
1,1595,-502,129,8127
1,1596,-505,135,8126
1,1597,-502,132,8138
1,1598,-506,136,8104
1,1599,-501,139,8129
1,1600,-505,136,8123
1,1601,-501,129,8111
1,1602,-510,123,8115
1,1603,-514,151,8116
1,1604,-516,143,8123
1,1605,-517,144,8105
1,1606,-512,142,8128
1,1607,-511,135,8133
1,1608,-518,138,8139
1,1609,-516,130,8120
1,1610,-507,136,8108
1,1611,-499,154,8127
1,1612,-508,158,8123
1,1613,-508,146,8120
1,1614,-517,144,8119
1,1615,-521,149,8117
1,1616,-504,154,8122
1,1617,-509,151,8140
1,1618,-501,146,8139
1,1619,-500,151,8134
1,1620,-510,133,8127
1,1621,-505,147,8125
1,1622,-503,132,8119
1,1623,-514,133,8135
1,1624,-508,131,8138
1,1625,-505,145,8126
1,1626,-507,164,8131
1,1627,-508,171,8123
1,1628,-511,155,8134
1,1629,-517,150,8142
1,1630,-507,150,8146
1,1631,-502,134,8131
1,1632,-513,146,8139
1,1633,-524,129,8129
1,1634,-534,125,8130
1,1635,-532,115,8123
1,1636,-520,131,8121
1,1637,-512,133,8130
1,1638,-505,136,8111
1,1639,-513,142,8106
1,1640,-513,155,8097
1,1641,-513,147,8111
1,1642,-509,141,8116
1,1643,-517,144,8132
1,1644,-522,142,8115
1,1645,-517,141,8130
1,1646,-505,151,8116
1,1647,-510,152,8128
1,1648,-514,157,8121
1,1649,-499,143,8114
1,1650,-497,143,8111
1,1651,-495,147,8115
1,1652,-494,140,8124
1,1653,-496,133,8126
1,1654,-515,136,8114
1,1655,-514,137,8120
1,1656,-514,133,8136
1,1657,-514,139,8143
1,1658,-511,137,8138
1,1659,-508,124,8142
1,1660,-504,131,8128
1,1661,-504,129,8123
1,1662,-501,140,8107
1,1663,-503,149,8125
1,1664,-518,142,8126
1,1665,-516,148,8111
1,1666,-514,138,8102
1,1667,-518,146,8106
1,1668,-511,147,8111
1,1669,-504,144,8120
1,1670,-495,138,8136
1,1671,-505,141,8139
1,1672,-503,150,8121
1,1673,-501,152,8125
1,1674,-496,146,8116
1,1675,-493,154,8120
1,1676,-499,158,8123
1,1677,-500,163,8122
1,1678,-505,160,8134
1,1679,-499,152,8122
1,1680,-495,138,8133
1,1681,-512,135,8135
1,1682,-510,143,8134
1,1683,-514,142,8129
1,1684,-508,149,8112
1,1685,-512,150,8114
1,1686,-515,142,8107
1,1687,-509,144,8116
1,1688,-507,131,8108
1,1689,-509,132,8112
1,1690,-501,137,8122
1,1691,-494,148,8116
1,1692,-480,134,8108
1,1693,-479,133,8113
1,1694,-502,133,8110
1,1695,-508,128,8114
1,1696,-515,138,8127
1,1697,-515,145,8130
1,1698,-505,141,8139
1,1699,-500,150,8128
1,1700,-506,151,8129
1,1701,-511,152,8121
1,1702,-514,143,8107
1,1703,-519,133,8108
1,1704,-515,130,8124
1,1705,-517,137,8133
1,1706,-509,127,8126
1,1707,-521,123,8126
1,1708,-528,124,8129
1,1709,-532,128,8120
1,1710,-527,123,8131
1,1711,-519,133,8136
1,1712,-513,133,8131
1,1713,-509,137,8115
1,1714,-515,151,8120
1,1715,-511,145,8129
1,1716,-501,147,8128
1,1717,-504,158,8129
1,1718,-508,154,8138
1,1719,-510,155,8139
1,1720,-502,155,8130
1,1721,-498,151,8129
1,1722,-497,142,8138
1,1723,-500,134,8133
1,1724,-507,141,8127
1,1725,-513,152,8136
1,1726,-510,151,8133
1,1727,-502,141,8117
1,1728,-485,146,8110
1,1729,-496,142,8127
1,1730,-485,140,8136
1,1731,-486,142,8127
1,1732,-498,150,8135
1,1733,-500,147,8128
1,1734,-503,133,8130
1,1735,-505,140,8110
1,1736,-518,132,8114
1,1737,-517,144,8115
1,1738,-528,135,8119
1,1739,-513,140,8121
1,1740,-508,140,8139
1,1741,-511,122,8130
1,1742,-521,128,8126
1,1743,-518,138,8118
1,1744,-519,135,8120
1,1745,-511,132,8137
1,1746,-513,132,8132
1,1747,-514,140,8142
1,1748,-514,135,8126
1,1749,-515,136,8131
1,1750,-524,126,8138
1,1751,-519,150,8146
1,1752,-516,154,8134
1,1753,-529,148,8112
1,1754,-533,140,8113
1,1755,-516,143,8119
1,1756,-513,139,8144
1,1757,-520,148,8151
1,1758,-505,149,8134
1,1759,-503,155,8137
1,1760,-511,148,8123
1,1761,-507,154,8101
1,1762,-494,149,8118
1,1763,-496,149,8119
1,1764,-498,136,8124
1,1765,-509,140,8100
1,1766,-511,157,8107
1,1767,-521,151,8092
1,1768,-530,146,8098
1,1769,-531,155,8116
1,1770,-513,155,8124
1,1771,-505,142,8127
1,1772,-491,145,8133
1,1773,-495,132,8130
1,1774,-504,143,8116
1,1775,-513,151,8133
1,1776,-508,146,8129
1,1777,-504,154,8125
1,1778,-509,148,8130
1,1779,-502,135,8120
1,1780,-508,150,8113
1,1781,-511,143,8113
1,1782,-515,141,8120
1,1783,-521,139,8134
1,1784,-517,143,8121
1,1785,-514,142,8109
1,1786,-515,145,8115
1,1787,-509,152,8108
1,1788,-498,149,8101
1,1789,-504,145,8095
1,1790,-515,158,8105
1,1791,-520,153,8122
1,1792,-514,149,8120
1,1793,-521,151,8114
1,1794,-519,136,8108
1,1795,-506,138,8110
1,1796,-513,136,8117
1,1797,-509,140,8112
1,1798,-512,133,8120
1,1799,-515,132,8129
1,1800,-507,140,8133
1,1801,-511,132,8120
1,1802,-513,121,8120
1,1803,-501,133,8112
1,1804,-509,139,8122
1,1805,-512,133,8114
1,1806,-516,135,8108
1,1807,-513,145,8111
1,1808,-517,146,8107
1,1809,-514,139,8119
1,1810,-507,147,8113
1,1811,-506,151,8116
1,1812,-517,145,8128
1,1813,-513,138,8126
1,1814,-514,140,8117
1,1815,-513,141,8105
1,1816,-518,129,8116
1,1817,-530,123,8120
1,1818,-517,125,8116
1,1819,-513,138,8135
1,1820,-526,146,8128
1,1821,-511,147,8126
1,1822,-499,144,8133
1,1823,-492,154,8139
1,1824,-506,144,8127
1,1825,-524,138,8151
1,1826,-526,132,8154
1,1827,-515,141,8151
1,1828,-517,144,8119
1,1829,-526,141,8131
1,1830,-526,129,8131
1,1831,-522,134,8111
1,1832,-501,132,8115
1,1833,-501,131,8120
1,1834,-501,136,8126
1,1835,-498,127,8127
1,1836,-499,143,8110
1,1837,-497,139,8126
1,1838,-495,145,8139
1,1839,-506,143,8131
1,1840,-515,149,8111
1,1841,-526,142,8109
1,1842,-514,137,8114
1,1843,-521,131,8107
1,1844,-512,140,8114
1,1845,-504,143,8100
1,1846,-518,145,8106
1,1847,-505,155,8105
1,1848,-501,160,8106
1,1849,-515,148,8095
1,1850,-515,145,8102
1,1851,-514,149,8116
1,1852,-507,148,8121
1,1853,-510,139,8113
1,1854,-502,154,8110
1,1855,-503,148,8118
1,1856,-515,145,8115
1,1857,-506,149,8114
1,1858,-492,142,8130
1,1859,-504,160,8129
1,1860,-520,159,8121
1,1861,-518,143,8119
1,1862,-516,157,8117
1,1863,-503,154,8112
1,1864,-513,151,8111
1,1865,-507,151,8116
1,1866,-499,150,8118
1,1867,-500,143,8120
1,1868,-504,148,8129
1,1869,-505,145,8122
1,1870,-515,133,8123
1,1871,-509,139,8107
1,1872,-501,135,8104
1,1873,-502,130,8116
1,1874,-511,128,8133
1,1875,-505,134,8144
1,1876,-506,145,8142
1,1877,-511,153,8126
1,1878,-501,147,8127
1,1879,-492,149,8128
1,1880,-493,145,8130
1,1881,-505,159,8136
1,1882,-513,149,8134
1,1883,-496,146,8130
1,1884,-504,146,8122
1,1885,-507,141,8115
1,1886,-499,138,8115
1,1887,-509,144,8123
1,1888,-514,150,8113
1,1889,-516,154,8098
1,1890,-514,155,8105
1,1891,-522,140,8101
1,1892,-512,116,8107
1,1893,-509,122,8109
1,1894,-511,134,8122
1,1895,-512,135,8120
1,1896,-501,137,8127
1,1897,-494,137,8120
1,1898,-490,127,8130
1,1899,-501,130,8125
1,1900,-511,132,8114
1,1901,-512,137,8116
1,1902,-520,143,8121
1,1903,-507,144,8104
1,1904,-496,155,8104
1,1905,-499,162,8130
1,1906,-504,153,8141
1,1907,-513,146,8144
1,1908,-507,140,8146
1,1909,-517,142,8138
1,1910,-525,148,8139
1,1911,-520,158,8133
1,1912,-514,154,8116
1,1913,-516,150,8116
1,1914,-515,152,8123
1,1915,-523,139,8112
1,1916,-522,131,8112
1,1917,-517,141,8116
1,1918,-506,137,8117
1,1919,-509,134,8122
1,1920,-508,134,8107
1,1921,-507,133,8117
1,1922,-514,132,8116
1,1923,-515,146,8111
1,1924,-517,154,8118
1,1925,-513,159,8103
1,1926,-512,148,8106
1,1927,-514,139,8121
1,1928,-505,128,8129
1,1929,-514,134,8132
1,1930,-517,140,8148
1,1931,-515,134,8146
1,1932,-503,129,8136
1,1933,-505,137,8121
1,1934,-515,142,8110
1,1935,-519,144,8126
1,1936,-508,147,8130
1,1937,-504,146,8134
1,1938,-506,148,8131
1,1939,-509,149,8127
1,1940,-507,135,8134
1,1941,-503,145,8122
1,1942,-513,150,8116
1,1943,-511,140,8128
1,1944,-512,143,8136
1,1945,-501,140,8117
1,1946,-503,138,8121
1,1947,-510,116,8107
1,1948,-513,110,8104
1,1949,-511,116,8104
1,1950,-521,127,8118
1,1951,-524,135,8105
1,1952,-519,137,8121
1,1953,-518,149,8118
1,1954,-517,145,8109
1,1955,-510,150,8102
1,1956,-520,153,8110
1,1957,-518,152,8108
1,1958,-512,140,8111
1,1959,-509,141,8110
1,1960,-516,129,8117
1,1961,-508,131,8105
1,1962,-514,134,8099
1,1963,-505,142,8106
1,1964,-513,150,8119
1,1965,-513,142,8136
1,1966,-499,147,8125
1,1967,-490,146,8119
1,1968,-490,146,8131
1,1969,-496,147,8127
1,1970,-510,143,8127
1,1971,-516,137,8107
1,1972,-510,138,8108
1,1973,-505,144,8130
1,1974,-514,149,8118
1,1975,-510,151,8112
1,1976,-523,151,8109
1,1977,-507,143,8104
1,1978,-499,142,8107
1,1979,-500,158,8113
1,1980,-505,161,8129
1,1981,-507,151,8132
1,1982,-515,145,8132
1,1983,-522,135,8122
1,1984,-519,134,8131
1,1985,-497,128,8147
1,1986,-496,135,8136
1,1987,-499,130,8135
1,1988,-504,134,8140
1,1989,-505,137,8129
1,1990,-507,141,8127
1,1991,-512,131,8127
1,1992,-504,130,8134
1,1993,-494,141,8132
1,1994,-498,143,8121
1,1995,-505,148,8127
1,1996,-506,153,8119
1,1997,-513,148,8093
1,1998,-511,152,8102
1,1999,-501,145,8105
1,2000,-506,141,8099
1,2001,-501,146,8113
1,2002,-508,143,8124
1,2003,-524,155,8107
1,2004,-515,149,8119
1,2005,-508,139,8110
1,2006,-506,147,8126
1,2007,-502,145,8127
1,2008,-500,138,8133
1,2009,-507,145,8127
1,2010,-504,141,8116
1,2011,-518,145,8125
1,2012,-515,145,8136
1,2013,-494,146,8129
1,2014,-495,138,8120
1,2015,-498,146,8124
1,2016,-508,133,8137
1,2017,-512,128,8137
1,2018,-509,135,8114
1,2019,-508,145,8111
1,2020,-511,140,8124
1,2021,-508,128,8130
1,2022,-506,128,8125
1,2023,-506,134,8121
1,2024,-500,140,8127
1,2025,-499,139,8129
1,2026,-502,144,8141
1,2027,-508,149,8130
1,2028,-501,137,8125
1,2029,-503,127,8121
1,2030,-504,137,8119
1,2031,-520,145,8116
1,2032,-517,148,8117
1,2033,-519,147,8137
1,2034,-514,150,8119
1,2035,-501,162,8096
1,2036,-514,164,8100
1,2037,-515,134,8131
1,2038,-510,138,8130
1,2039,-518,128,8121
1,2040,-505,133,8135
1,2041,-508,143,8137
1,2042,-506,146,8136
1,2043,-497,131,8134
1,2044,-495,130,8117
1,2045,-511,135,8112
1,2046,-509,147,8103
1,2047,-512,140,8116
1,2048,-504,145,8108
1,2049,-517,143,8111
1,2050,-521,135,8120
1,2051,-519,140,8107
1,2052,-523,143,8112
1,2053,-514,141,8112
1,2054,-493,154,8129
1,2055,-490,144,8119
1,2056,-503,122,8147
1,2057,-502,127,8166
1,2058,-508,132,8154
1,2059,-497,136,8131
1,2060,-502,142,8123
1,2061,-499,136,8124
1,2062,-511,145,8111
1,2063,-514,156,8088
1,2064,-499,154,8088
1,2065,-518,147,8077
1,2066,-509,136,8095
1,2067,-500,136,8101
1,2068,-502,132,8109
1,2069,-498,128,8130
1,2070,-513,129,8121
1,2071,-515,146,8120
1,2072,-513,136,8127
1,2073,-513,133,8126
1,2074,-504,137,8130
1,2075,-509,151,8137
1,2076,-505,141,8131
1,2077,-499,140,8114
1,2078,-506,136,8116
1,2079,-512,145,8124
1,2080,-517,145,8105
1,2081,-519,143,8114
1,2082,-526,138,8125
1,2083,-536,139,8123
1,2084,-526,132,8146
1,2085,-526,140,8147
1,2086,-508,130,8132
1,2087,-507,148,8104
1,2088,-513,139,8104
1,2089,-508,134,8114
1,2090,-514,128,8142
1,2091,-508,129,8139
1,2092,-505,132,8114
1,2093,-506,135,8127
1,2094,-517,142,8118
1,2095,-529,145,8130
1,2096,-529,152,8134
1,2097,-523,158,8137
1,2098,-510,165,8129
1,2099,-505,164,8118
1,2100,-512,158,8124
1,2101,-516,143,8135
1,2102,-529,134,8128
1,2103,-528,142,8120
1,2104,-518,137,8126
1,2105,-515,128,8131
1,2106,-516,122,8129
1,2107,-517,122,8139
1,2108,-523,113,8125
1,2109,-511,103,8139
1,2110,-517,107,8131
1,2111,-516,113,8130
1,2112,-509,131,8148
1,2113,-507,117,8130
1,2114,-506,116,8120
1,2115,-503,126,8121
1,2116,-503,137,8132
1,2117,-505,138,8152
1,2118,-511,135,8144
1,2119,-524,139,8121
1,2120,-518,152,8104
1,2121,-513,150,8108
1,2122,-507,134,8118
1,2123,-505,127,8134
1,2124,-510,128,8133
1,2125,-526,130,8112
1,2126,-515,139,8138
1,2127,-520,127,8160
1,2128,-521,127,8135
1,2129,-520,135,8125
1,2130,-517,128,8130
1,2131,-507,124,8131
1,2132,-504,125,8112
1,2133,-505,136,8111
1,2134,-511,139,8115
1,2135,-509,144,8121
1,2136,-517,151,8121
1,2137,-522,162,8125
1,2138,-506,141,8141
1,2139,-502,132,8149
1,2140,-506,146,8132
1,2141,-511,134,8122
1,2142,-507,134,8122
1,2143,-513,137,8129
1,2144,-518,134,8136
1,2145,-515,142,8131
1,2146,-521,131,8115
1,2147,-519,136,8094
1,2148,-513,132,8098
1,2149,-512,132,8116
1,2150,-511,131,8116
1,2151,-513,128,8112
1,2152,-514,112,8119
1,2153,-499,126,8117
1,2154,-511,133,8107
1,2155,-504,131,8106
1,2156,-502,132,8101
1,2157,-495,143,8116
1,2158,-499,145,8134
1,2159,-509,152,8132
1,2160,-507,151,8130
1,2161,-508,145,8124
1,2162,-518,143,8118
1,2163,-522,137,8125
1,2164,-519,140,8124
1,2165,-510,146,8114
1,2166,-513,148,8115
1,2167,-518,150,8134
1,2168,-509,143,8116
1,2169,-509,149,8092
1,2170,-521,142,8102
1,2171,-513,140,8116
1,2172,-504,144,8118
1,2173,-484,143,8128
1,2174,-483,131,8135
1,2175,-493,135,8120
1,2176,-498,129,8113
1,2177,-504,139,8114
1,2178,-505,133,8103
1,2179,-502,139,8114
1,2180,-508,129,8127
1,2181,-512,131,8145
1,2182,-504,131,8131
1,2183,-509,131,8118
1,2184,-509,140,8129
1,2185,-499,144,8118
1,2186,-489,146,8111
1,2187,-496,135,8105
1,2188,-500,133,8112
1,2189,-501,128,8117
1,2190,-503,128,8120
1,2191,-503,119,8122
1,2192,-514,122,8132
1,2193,-524,115,8128
1,2194,-520,124,8125
1,2195,-532,133,8124
1,2196,-520,143,8116
1,2197,-512,142,8128
1,2198,-512,142,8131
1,2199,-511,147,8124
1,2200,-498,147,8119
1,2201,-504,156,8119
1,2202,-513,149,8104
1,2203,-510,136,8117
1,2204,-504,137,8119
1,2205,-486,125,8121
1,2206,-501,140,8110
1,2207,-520,135,8120
1,2208,-529,125,8118
1,2209,-521,133,8130
1,2210,-510,136,8132
1,2211,-511,139,8123
1,2212,-505,124,8116
1,2213,-506,122,8112
1,2214,-520,122,8115
1,2215,-528,121,8115
1,2216,-512,139,8100
1,2217,-508,141,8105
1,2218,-511,132,8107
1,2219,-520,132,8122
1,2220,-504,128,8134
1,2221,-494,137,8118
1,2222,-485,153,8121
1,2223,-491,150,8138
1,2224,-489,136,8124
1,2225,-490,140,8128
1,2226,-493,139,8131
1,2227,-505,147,8113
1,2228,-508,137,8112
1,2229,-507,133,8113
1,2230,-498,131,8107
1,2231,-487,130,8107
1,2232,-488,123,8112
1,2233,-489,123,8119
1,2234,-495,130,8141
1,2235,-497,129,8135
1,2236,-511,138,8130
1,2237,-511,145,8141
1,2238,-517,149,8110
1,2239,-506,151,8113
1,2240,-496,140,8120
1,2241,-486,144,8122
1,2242,-477,154,8136
1,2243,-490,151,8120
1,2244,-499,152,8117
1,2245,-519,143,8122
1,2246,-510,138,8136
1,2247,-507,124,8139
1,2248,-514,129,8141
1,2249,-516,131,8144
1,2250,-517,133,8144
1,2251,-523,129,8131
1,2252,-516,133,8111
1,2253,-503,143,8120
1,2254,-512,155,8126
1,2255,-514,149,8129
1,2256,-519,141,8129
1,2257,-531,145,8141
1,2258,-529,137,8137
1,2259,-517,144,8124
1,2260,-527,144,8123
1,2261,-510,136,8129
1,2262,-502,144,8134
1,2263,-498,148,8134
1,2264,-518,151,8140
1,2265,-515,151,8131
1,2266,-520,151,8152
1,2267,-513,151,8147
1,2268,-494,146,8131
1,2269,-500,138,8128
1,2270,-507,125,8122
1,2271,-490,123,8121
1,2272,-492,124,8104
1,2273,-506,118,8107
1,2274,-502,125,8124
1,2275,-498,143,8123
1,2276,-498,136,8119
1,2277,-500,141,8116
1,2278,-507,140,8124
1,2279,-517,143,8129
1,2280,-519,139,8138
1,2281,-514,151,8136
1,2282,-497,140,8142
1,2283,-501,133,8134
1,2284,-505,139,8127
1,2285,-508,147,8117
1,2286,-497,148,8123
1,2287,-494,141,8116
1,2288,-503,149,8122
1,2289,-509,152,8130
1,2290,-506,142,8119
1,2291,-514,124,8120
1,2292,-510,128,8142
1,2293,-511,134,8128
1,2294,-510,136,8120
1,2295,-510,146,8115
1,2296,-496,151,8095
1,2297,-505,154,8105
1,2298,-495,143,8125
1,2299,-508,134,8119
1,2300,-517,130,8100
1,2301,-510,128,8095
1,2302,-515,126,8107
1,2303,-527,122,8113
1,2304,-531,128,8093
1,2305,-523,138,8082
1,2306,-499,146,8096
1,2307,-500,134,8105
1,2308,-499,132,8106
1,2309,-494,134,8101
1,2310,-497,143,8116
1,2311,-495,151,8122
1,2312,-489,146,8131
1,2313,-506,142,8135
1,2314,-506,147,8132
1,2315,-516,141,8125
1,2316,-521,136,8115
1,2317,-514,140,8097
1,2318,-495,129,8089
1,2319,-505,123,8101
1,2320,-511,128,8110
1,2321,-506,139,8125
1,2322,-515,132,8128
1,2323,-521,126,8145
1,2324,-525,135,8134
1,2325,-528,136,8119
1,2326,-508,142,8125
1,2327,-510,137,8127
1,2328,-518,133,8120
1,2329,-522,137,8113
1,2330,-516,140,8115
1,2331,-523,140,8120
1,2332,-505,141,8112
1,2333,-504,130,8104
1,2334,-496,136,8116
1,2335,-505,136,8120
1,2336,-511,134,8109
1,2337,-519,134,8121
1,2338,-519,121,8122
1,2339,-516,109,8122
1,2340,-509,117,8140
1,2341,-507,131,8131
1,2342,-512,143,8120
1,2343,-505,151,8114
1,2344,-492,163,8101
1,2345,-495,147,8108
1,2346,-489,144,8101
1,2347,-491,137,8130
1,2348,-510,135,8133
1,2349,-512,125,8115
1,2350,-497,132,8120
1,2351,-496,136,8128
1,2352,-497,133,8133
1,2353,-500,142,8138
1,2354,-498,139,8140
1,2355,-497,140,8140
1,2356,-509,131,8124
1,2357,-501,135,8122
1,2358,-498,132,8132
1,2359,-491,130,8135
1,2360,-492,131,8135
1,2361,-496,137,8148
1,2362,-507,137,8138
1,2363,-506,134,8126
1,2364,-495,135,8121
1,2365,-497,139,8105
1,2366,-496,142,8095
1,2367,-509,129,8113
1,2368,-503,144,8123
1,2369,-501,156,8138
1,2370,-508,154,8129
1,2371,-504,152,8130
1,2372,-515,159,8117
1,2373,-517,164,8112
1,2374,-506,161,8118
1,2375,-503,152,8110
1,2376,-509,154,8101
1,2377,-497,146,8120
1,2378,-500,149,8125
1,2379,-500,150,8141
1,2380,-508,144,8136
1,2381,-507,162,8134
1,2382,-502,166,8124
1,2383,-501,165,8124
1,2384,-501,160,8117
1,2385,-506,172,8116
1,2386,-497,151,8110
1,2387,-498,125,8123
1,2388,-508,130,8113
1,2389,-493,128,8115
1,2390,-488,124,8129
1,2391,-502,122,8125
1,2392,-503,131,8130
1,2393,-501,130,8130
1,2394,-506,133,8138
1,2395,-507,126,8140
1,2396,-503,131,8127
1,2397,-499,123,8110
1,2398,-515,132,8110
1,2399,-530,134,8115
1,2400,-531,123,8104
1,2401,-522,135,8104
1,2402,-509,132,8117
1,2403,-504,147,8135
1,2404,-504,137,8141
1,2405,-500,132,8136
1,2406,-512,121,8127
1,2407,-511,129,8122
1,2408,-504,136,8151
1,2409,-518,140,8148
1,2410,-522,148,8131
1,2411,-521,147,8122
1,2412,-510,134,8118
1,2413,-508,135,8125
1,2414,-516,135,8121
1,2415,-506,142,8134
1,2416,-511,135,8145
1,2417,-519,146,8144
1,2418,-524,149,8153
1,2419,-522,152,8141
1,2420,-512,148,8140
1,2421,-508,141,8142
1,2422,-513,126,8132
1,2423,-523,126,8123
1,2424,-518,133,8125
1,2425,-513,144,8119
1,2426,-520,150,8132
1,2427,-512,154,8133
1,2428,-513,151,8134
1,2429,-526,157,8137
1,2430,-514,156,8130
1,2431,-514,137,8107
1,2432,-515,141,8100
1,2433,-507,146,8116
1,2434,-502,142,8119
1,2435,-513,143,8117
1,2436,-515,149,8106
1,2437,-501,150,8101
1,2438,-498,145,8099
1,2439,-495,148,8105
1,2440,-499,156,8097
1,2441,-491,145,8088
1,2442,-500,145,8100
1,2443,-500,143,8102
1,2444,-507,159,8114
1,2445,-508,151,8116
1,2446,-505,141,8114
1,2447,-503,135,8111
1,2448,-516,151,8121
1,2449,-517,140,8124
1,2450,-499,139,8147
1,2451,-502,132,8132
1,2452,-504,133,8112
1,2453,-510,136,8116
1,2454,-496,128,8105
1,2455,-495,138,8125
1,2456,-497,144,8120
1,2457,-513,145,8125
1,2458,-509,142,8120
1,2459,-508,132,8104
1,2460,-508,140,8095
1,2461,-506,142,8106
1,2462,-507,142,8119
1,2463,-510,140,8113
1,2464,-506,139,8096
1,2465,-504,128,8089
1,2466,-503,127,8103
1,2467,-499,135,8104
1,2468,-496,139,8099
1,2469,-500,146,8100
1,2470,-510,141,8100
1,2471,-515,136,8106
1,2472,-513,136,8126
1,2473,-512,143,8143
1,2474,-502,137,8148
1,2475,-495,144,8133
1,2476,-500,145,8110
1,2477,-498,133,8096
1,2478,-485,134,8091
1,2479,-487,132,8096
1,2480,-505,118,8109
1,2481,-509,134,8108
1,2482,-503,148,8112
1,2483,-510,147,8094
1,2484,-497,159,8106
1,2485,-502,154,8112
1,2486,-502,142,8128
1,2487,-507,130,8124
1,2488,-514,140,8127
1,2489,-528,152,8115
1,2490,-534,143,8101
1,2491,-527,138,8099
1,2492,-532,140,8099
1,2493,-530,139,8102
1,2494,-518,141,8107
1,2495,-516,158,8105
1,2496,-523,150,8110
1,2497,-518,143,8100
2,0,-516,130,8096
2,1,-510,140,8103
2,2,-506,136,8122
2,3,-513,128,8130
2,4,-503,135,8117
2,5,-502,143,8113
2,6,-503,133,8108
2,7,-504,137,8139
2,8,-517,137,8129
2,9,-505,139,8134
2,10,-525,147,8143
2,11,-531,146,8127
2,12,-523,137,8117
2,13,-519,129,8115
2,14,-515,125,8093
2,15,-504,132,8091
2,16,-502,134,8107
2,17,-505,125,8098
2,18,-504,130,8096
2,19,-510,140,8115
2,20,-508,137,8110
2,21,-502,132,8126
2,22,-507,134,8121
2,23,-527,133,8134
2,24,-520,139,8133
2,25,-517,143,8129
2,26,-524,143,8137
2,27,-516,135,8129
2,28,-509,135,8139
2,29,-518,136,8142
2,30,-526,141,8125
2,31,-513,139,8109
2,32,-505,147,8116
2,33,-499,149,8135
2,34,-506,148,8136
2,35,-504,141,8142
2,36,-512,138,8123
2,37,-504,140,8130
2,38,-510,148,8136
2,39,-518,132,8119
2,40,-514,142,8129
2,41,-512,140,8119
2,42,-513,138,8113
2,43,-501,140,8134
2,44,-500,125,8143
2,45,-507,126,8125
2,46,-504,124,8131
2,47,-498,138,8120
2,48,-504,133,8117
2,49,-501,132,8131
2,50,-504,133,8139
2,51,-513,141,8148
2,52,-518,138,8155
2,53,-508,131,8141
2,54,-506,136,8135
2,55,-500,154,8131
2,56,-494,150,8135
2,57,-497,143,8138
2,58,-490,148,8145
2,59,-489,163,8133
2,60,-502,159,8141
2,61,-510,144,8141
2,62,-502,136,8121
2,63,-514,137,8131
2,64,-511,139,8117
2,65,-519,143,8114
2,66,-517,139,8117
2,67,-518,140,8133
2,68,-514,143,8134
2,69,-516,139,8122
2,70,-508,137,8121
2,71,-518,145,8122
2,72,-520,138,8135
2,73,-521,132,8133
2,74,-510,137,8134
2,75,-514,145,8128
2,76,-516,151,8115
2,77,-517,140,8118
2,78,-508,132,8129
2,79,-499,149,8130
2,80,-509,152,8106
2,81,-514,157,8122
2,82,-511,163,8149
2,83,-518,163,8129
2,84,-517,161,8118
2,85,-524,152,8113
2,86,-522,148,8110
2,87,-513,144,8098
2,88,-520,152,8108
2,89,-523,149,8094
2,90,-516,148,8088
2,91,-512,140,8111
2,92,-515,139,8103
2,93,-516,147,8109
2,94,-513,145,8097
2,95,-493,140,8099
2,96,-490,132,8102
2,97,-504,127,8103
2,98,-498,135,8111
2,99,-487,154,8108
2,100,-512,140,8099
2,101,-523,143,8119
2,102,-524,153,8102
2,103,-534,148,8097
2,104,-536,148,8096
2,105,-510,144,8108
2,106,-509,147,8113
2,107,-514,140,8094
2,108,-518,137,8111
2,109,-517,145,8097
2,110,-524,143,8098
2,111,-519,129,8098
2,112,-507,133,8117
2,113,-519,136,8116
2,114,-529,144,8111
2,115,-533,141,8116
2,116,-517,133,8113
2,117,-516,129,8112
2,118,-513,140,8113
2,119,-510,149,8135
2,120,-512,149,8135
2,121,-512,145,8147
2,122,-500,132,8132
2,123,-495,129,8111
2,124,-503,138,8120
2,125,-503,151,8135
2,126,-514,145,8134
2,127,-519,147,8137
2,128,-514,142,8132
2,129,-506,138,8134
2,130,-505,142,8122
2,131,-512,150,8138
2,132,-517,144,8132
2,133,-506,146,8126
2,134,-496,142,8127
2,135,-497,153,8110
2,136,-508,142,8115
2,137,-523,123,8103
2,138,-528,130,8109
2,139,-517,129,8105
2,140,-500,138,8111
2,141,-494,132,8125
2,142,-492,142,8122
2,143,-490,142,8117
2,144,-499,146,8135
2,145,-492,143,8127
2,146,-489,151,8127
2,147,-509,147,8135
2,148,-514,147,8128
2,149,-516,147,8130
2,150,-516,143,8119
2,151,-499,132,8127
2,152,-500,133,8123
2,153,-505,141,8100
2,154,-493,122,8093
2,155,-503,122,8091
2,156,-508,145,8091
2,157,-512,147,8108
2,158,-521,149,8120
2,159,-522,140,8127
2,160,-524,132,8126
2,161,-523,134,8134
2,162,-520,148,8116
2,163,-511,159,8104
2,164,-516,145,8130
2,165,-510,137,8149
2,166,-517,138,8121
2,167,-513,143,8128
2,168,-521,145,8124
2,169,-518,151,8099
2,170,-518,143,8127
2,171,-510,146,8128
2,172,-507,132,8132
2,173,-500,132,8129
2,174,-500,138,8109
2,175,-503,130,8110
2,176,-517,143,8099
2,177,-524,132,8082
2,178,-517,131,8098
2,179,-525,120,8094
2,180,-527,130,8107
2,181,-524,125,8124
2,182,-522,131,8118
2,183,-518,143,8117
2,184,-524,146,8113
2,185,-516,150,8128
2,186,-525,145,8125
2,187,-513,150,8101
2,188,-506,138,8095
2,189,-507,136,8082
2,190,-502,132,8092
2,191,-494,134,8098
2,192,-497,139,8102
2,193,-499,139,8114
2,194,-497,145,8128
2,195,-501,144,8138
2,196,-507,140,8106
2,197,-504,124,8118
2,198,-511,128,8138
2,199,-507,134,8134
2,200,-504,133,8137
2,201,-506,134,8126
2,202,-493,132,8129
2,203,-499,143,8132
2,204,-493,140,8136
2,205,-485,147,8130
2,206,-487,138,8125
2,207,-482,125,8118
2,208,-498,122,8104
2,209,-509,129,8096
2,210,-509,128,8087
2,211,-515,127,8117
2,212,-514,131,8117
2,213,-520,136,8112
2,214,-523,137,8103
2,215,-523,127,8089
2,216,-519,137,8101
2,217,-515,138,8125
2,218,-511,127,8128
2,219,-510,132,8118
2,220,-512,137,8132
2,221,-527,145,8122
2,222,-517,138,8132
2,223,-523,143,8139
2,224,-521,133,8125
2,225,-506,139,8114
2,226,-514,147,8117
2,227,-523,129,8113
2,228,-526,124,8118
2,229,-516,127,8113
2,230,-521,125,8109
2,231,-526,137,8113
2,232,-527,138,8118
2,233,-528,130,8123
2,234,-519,128,8144
2,235,-529,132,8145
2,236,-522,153,8161
2,237,-511,147,8144
2,238,-503,152,8134
2,239,-501,150,8130
2,240,-507,149,8138
2,241,-508,132,8137
2,242,-516,130,8123
2,243,-520,133,8109
2,244,-515,129,8121
2,245,-515,124,8128
2,246,-521,134,8123
2,247,-508,142,8129
2,248,-504,140,8132
2,249,-504,135,8125
2,250,-506,142,8114
2,251,-519,153,8090
2,252,-517,142,8103
2,253,-509,141,8120
2,254,-502,139,8127
2,255,-505,142,8117
2,256,-515,145,8110
2,257,-504,140,8121
2,258,-497,136,8143
2,259,-504,151,8146
2,260,-498,139,8152
2,261,-501,150,8134
2,262,-496,136,8127
2,263,-499,140,8136
2,264,-509,143,8152
2,265,-510,150,8143
2,266,-514,142,8131
2,267,-506,138,8116
2,268,-511,139,8114
2,269,-520,148,8104
2,270,-526,154,8129
2,271,-515,156,8149
2,272,-518,145,8135
2,273,-519,140,8121
2,274,-517,135,8103
2,275,-520,143,8109
2,276,-526,150,8125
2,277,-529,144,8106
2,278,-521,129,8102
2,279,-508,131,8099
2,280,-505,135,8108
2,281,-503,142,8119
2,282,-510,136,8128
2,283,-502,141,8122
2,284,-516,151,8102
2,285,-514,154,8105
2,286,-507,169,8112
2,287,-508,166,8118
2,288,-507,155,8135
2,289,-513,148,8134
2,290,-509,143,8131
2,291,-504,146,8131
2,292,-501,152,8105
2,293,-509,151,8104
2,294,-512,141,8118
2,295,-507,136,8138
2,296,-509,134,8130
2,297,-513,151,8136
2,298,-500,151,8119
2,299,-490,153,8123
2,300,-506,150,8122
2,301,-513,142,8133
2,302,-519,141,8133
2,303,-511,159,8120
2,304,-509,159,8118
2,305,-506,149,8114
2,306,-509,149,8123
2,307,-510,149,8144
2,308,-497,145,8149
2,309,-502,135,8134
2,310,-514,135,8138
2,311,-517,142,8135
2,312,-525,142,8123
2,313,-528,146,8128
2,314,-521,145,8131
2,315,-513,145,8134
2,316,-511,151,8129
2,317,-511,156,8123
2,318,-507,160,8112
2,319,-512,148,8118
2,320,-526,144,8117
2,321,-519,140,8110
2,322,-519,140,8115
2,323,-513,146,8116
2,324,-505,145,8123
2,325,-514,146,8114
2,326,-503,143,8116
2,327,-507,146,8115
2,328,-504,146,8128
2,329,-492,140,8128
2,330,-495,131,8130
2,331,-503,127,8138
2,332,-492,130,8136
2,333,-492,129,8112
2,334,-500,128,8123
2,335,-497,133,8111
2,336,-508,131,8117
2,337,-509,126,8116
2,338,-511,140,8102
2,339,-513,131,8101
2,340,-518,147,8121
2,341,-516,154,8128
2,342,-518,161,8133
2,343,-508,152,8135
2,344,-504,145,8130
2,345,-497,151,8144
2,346,-501,146,8132
2,347,-513,149,8120
2,348,-503,136,8120
2,349,-494,137,8151
2,350,-499,142,8142
2,351,-520,137,8122
2,352,-516,137,8130
2,353,-516,136,8120
2,354,-513,138,8101
2,355,-508,134,8101
2,356,-510,150,8120
2,357,-507,145,8115
2,358,-506,141,8110
2,359,-501,127,8107
2,360,-490,132,8124
2,361,-493,133,8117
2,362,-516,123,8113
2,363,-514,127,8124
2,364,-501,125,8109
2,365,-502,130,8126
2,366,-496,147,8141
2,367,-506,145,8124
2,368,-507,137,8102
2,369,-510,135,8114
2,370,-513,135,8118
2,371,-510,143,8124
2,372,-504,145,8128
2,373,-506,147,8133
2,374,-499,159,8123
2,375,-501,150,8136
2,376,-507,149,8123
2,377,-507,152,8133
2,378,-506,156,8129
2,379,-512,149,8122
2,380,-506,141,8132
2,381,-508,144,8116
2,382,-511,137,8115
2,383,-522,139,8114
2,384,-506,149,8119
2,385,-522,160,8128
2,386,-524,164,8137
2,387,-533,160,8130
2,388,-534,145,8127
2,389,-531,140,8120
2,390,-523,135,8122
2,391,-522,135,8118
2,392,-530,134,8119
2,393,-524,130,8132
2,394,-517,142,8133
2,395,-514,139,8137
2,396,-512,156,8143
2,397,-507,152,8139
2,398,-493,141,8130
2,399,-499,140,8131
2,400,-482,133,8143
2,401,-480,143,8144
2,402,-487,138,8140
2,403,-494,138,8155
2,404,-499,137,8126
2,405,-504,137,8119
2,406,-494,148,8127
2,407,-511,142,8133
2,408,-502,133,8130
2,409,-512,125,8128
2,410,-516,135,8138
2,411,-507,140,8139
2,412,-502,130,8131
2,413,-503,135,8114
2,414,-505,147,8117
2,415,-509,148,8102
2,416,-518,153,8111
2,417,-529,160,8108
2,418,-527,158,8116
2,419,-522,149,8114
2,420,-516,148,8133
2,421,-516,160,8128
2,422,-519,152,8133
2,423,-507,141,8126
2,424,-501,142,8134
2,425,-514,134,8135
2,426,-505,143,8127
2,427,-504,143,8123
2,428,-501,137,8127
2,429,-497,137,8147
2,430,-497,130,8122
2,431,-502,124,8125
2,432,-495,134,8135
2,433,-499,143,8127
2,434,-505,136,8126
2,435,-513,151,8131
2,436,-504,151,8124
2,437,-503,152,8135
2,438,-521,142,8125
2,439,-517,136,8119
2,440,-510,121,8115
2,441,-513,111,8132
2,442,-507,130,8126
2,443,-497,134,8123
2,444,-496,143,8132
2,445,-497,134,8141
2,446,-501,130,8135
2,447,-509,141,8130
2,448,-503,141,8101
2,449,-504,144,8102
2,450,-513,139,8111
2,451,-497,135,8126
2,452,-507,127,8125
2,453,-507,126,8127
2,454,-515,138,8119
2,455,-521,157,8122
2,456,-526,159,8113
2,457,-507,163,8138
2,458,-510,145,8141
2,459,-519,150,8153
2,460,-524,143,8132
2,461,-513,130,8129
2,462,-503,117,8120
2,463,-506,130,8123
2,464,-510,133,8122
2,465,-511,143,8122
2,466,-521,145,8121
2,467,-516,153,8130
2,468,-503,142,8124
2,469,-501,128,8120
2,470,-510,131,8128
2,471,-516,136,8121
2,472,-520,141,8128
2,473,-515,141,8129
2,474,-512,146,8130
2,475,-501,146,8129
2,476,-497,155,8116
2,477,-507,148,8128
2,478,-523,139,8137
2,479,-529,137,8131
2,480,-533,138,8139
2,481,-524,130,8139
2,482,-509,142,8127
2,483,-517,143,8125
2,484,-528,157,8108
2,485,-519,156,8118
2,486,-519,148,8117
2,487,-514,145,8108
2,488,-499,148,8129
2,489,-506,147,8128
2,490,-516,138,8126
2,491,-518,140,8110
2,492,-514,142,8108
2,493,-520,152,8128
2,494,-520,137,8128
2,495,-513,136,8121
2,496,-515,121,8121
2,497,-509,127,8150
2,498,-509,121,8134
2,499,-506,133,8117
2,500,-510,142,8119
2,501,-511,138,8124
2,502,-504,135,8141
2,503,-496,134,8148
2,504,-485,131,8121
2,505,-477,139,8118
2,506,-477,131,8113
2,507,-478,124,8112
2,508,-495,119,8107
2,509,-499,120,8119
2,510,-502,123,8129
2,511,-516,113,8118
2,512,-521,118,8129
2,513,-536,130,8114
2,514,-530,133,8119
2,515,-522,137,8135
2,516,-521,127,8133
2,517,-524,139,8142
2,518,-515,133,8132
2,519,-531,126,8117
2,520,-533,130,8123
2,521,-528,135,8126
2,522,-520,134,8112
2,523,-516,137,8107
2,524,-511,137,8097
2,525,-515,134,8102
2,526,-510,138,8127
2,527,-521,132,8145
2,528,-519,144,8140
2,529,-522,143,8140
2,530,-521,138,8136
2,531,-508,134,8126
2,532,-505,135,8112
2,533,-499,140,8107
2,534,-497,145,8121
2,535,-513,142,8109
2,536,-507,146,8114
2,537,-510,140,8105
2,538,-512,126,8122
2,539,-504,130,8121
2,540,-515,129,8124
2,541,-511,133,8120
2,542,-515,135,8121
2,543,-513,136,8104
2,544,-501,128,8106
2,545,-508,123,8121
2,546,-515,124,8128
2,547,-506,141,8126
2,548,-501,137,8116
2,549,-498,145,8129
2,550,-513,138,8122
2,551,-522,149,8125
2,552,-510,131,8127
2,553,-510,140,8126
2,554,-510,128,8117
2,555,-501,123,8111
2,556,-497,122,8110
2,557,-496,128,8118
2,558,-506,136,8112
2,559,-509,145,8107
2,560,-499,137,8119
2,561,-488,136,8109
2,562,-505,135,8098
2,563,-502,127,8116
2,564,-504,131,8109
2,565,-518,128,8100
2,566,-512,133,8109
2,567,-517,131,8120
2,568,-511,132,8121
2,569,-507,140,8111
2,570,-501,130,8113
2,571,-522,134,8096
2,572,-525,136,8105
2,573,-520,152,8108
2,574,-521,150,8097
2,575,-511,137,8115
2,576,-508,146,8132
2,577,-507,136,8132
2,578,-514,136,8135
2,579,-508,136,8128
2,580,-503,138,8116
2,581,-512,135,8103
2,582,-509,143,8095
2,583,-500,143,8112
2,584,-506,145,8116
2,585,-510,145,8122
2,586,-506,152,8112
2,587,-514,161,8108
2,588,-517,163,8100
2,589,-511,152,8103
2,590,-524,148,8101
2,591,-523,143,8096
2,592,-505,143,8115
2,593,-498,132,8127
2,594,-494,136,8122
2,595,-497,153,8111
2,596,-507,152,8104
2,597,-501,150,8110
2,598,-491,143,8105
2,599,-501,143,8108
2,600,-512,140,8107
2,601,-495,141,8135
2,602,-499,146,8126
2,603,-505,150,8130
2,604,-504,151,8110
2,605,-508,143,8099
2,606,-504,145,8100
2,607,-505,130,8099
2,608,-511,137,8098
2,609,-512,143,8105
2,610,-514,136,8119
2,611,-507,143,8131
2,612,-515,151,8119
2,613,-521,153,8117
2,614,-505,151,8118
2,615,-509,144,8126
2,616,-517,146,8133
2,617,-520,144,8157
2,618,-517,133,8153
2,619,-506,144,8142
2,620,-495,154,8128
2,621,-488,148,8131
2,622,-503,142,8133
2,623,-513,136,8129
2,624,-510,131,8135
2,625,-504,143,8141
2,626,-510,145,8129
2,627,-501,139,8130
2,628,-506,141,8134
2,629,-502,138,8142
2,630,-509,145,8139
2,631,-505,142,8128
2,632,-512,137,8129
2,633,-514,136,8143
2,634,-507,140,8136
2,635,-504,134,8129
2,636,-491,123,8129
2,637,-484,128,8146
2,638,-493,133,8148
2,639,-494,140,8128
2,640,-502,129,8120
2,641,-506,126,8118
2,642,-511,138,8117
2,643,-516,141,8133
2,644,-520,141,8127
2,645,-534,142,8111
2,646,-524,144,8119
2,647,-508,141,8104
2,648,-502,135,8125
2,649,-505,139,8146
2,650,-499,134,8142
2,651,-501,135,8136
2,652,-498,138,8140
2,653,-511,132,8144
2,654,-512,133,8147
2,655,-497,129,8147
2,656,-487,131,8145
2,657,-486,141,8106
2,658,-495,152,8108
2,659,-510,147,8120
2,660,-513,143,8119
2,661,-505,141,8103
2,662,-497,128,8106
2,663,-496,138,8113
2,664,-500,138,8116
2,665,-507,142,8110
2,666,-505,148,8122
2,667,-510,162,8117
2,668,-506,154,8105
2,669,-501,142,8115
2,670,-495,142,8093
2,671,-485,151,8086
2,672,-497,145,8094
2,673,-501,134,8095
2,674,-499,137,8103
2,675,-494,131,8128
2,676,-498,132,8135
2,677,-494,116,8129
2,678,-494,134,8124
2,679,-495,129,8128
2,680,-506,123,8121
2,681,-506,129,8109
2,682,-506,125,8112
2,683,-511,128,8134
2,684,-515,130,8147
2,685,-503,122,8136
2,686,-504,121,8112
2,687,-509,118,8102
2,688,-502,126,8113
2,689,-504,134,8124
2,690,-494,137,8103
2,691,-504,140,8114
2,692,-503,129,8119
2,693,-506,128,8119
2,694,-510,127,8109
2,695,-522,132,8117
2,696,-524,135,8111
2,697,-520,133,8122
2,698,-512,128,8124
2,699,-503,136,8112
2,700,-499,145,8114
2,701,-509,142,8101
2,702,-508,132,8088
2,703,-494,135,8105
2,704,-500,150,8124
2,705,-493,139,8114
2,706,-489,146,8108
2,707,-486,157,8124
2,708,-498,156,8135
2,709,-516,153,8139
2,710,-506,156,8129
2,711,-506,163,8111
2,712,-508,148,8101
2,713,-506,144,8115
2,714,-519,140,8126
2,715,-514,148,8122
2,716,-510,143,8124
2,717,-519,140,8135
2,718,-525,132,8140
2,719,-529,137,8142
2,720,-530,139,8151
2,721,-526,146,8133
2,722,-504,150,8125
2,723,-487,146,8138
2,724,-499,136,8138
2,725,-506,133,8140
2,726,-515,139,8130
2,727,-503,148,8114
2,728,-501,152,8106
2,729,-505,155,8108
2,730,-519,150,8123
2,731,-508,143,8132
2,732,-511,156,8116
2,733,-516,144,8123
2,734,-521,154,8113
2,735,-508,145,8130
2,736,-505,150,8120
2,737,-498,147,8111
2,738,-504,144,8115
2,739,-502,147,8109
2,740,-505,143,8114
2,741,-501,145,8104
2,742,-509,159,8125
2,743,-518,152,8128
2,744,-518,150,8153
2,745,-523,139,8117
2,746,-516,137,8119
2,747,-519,126,8121
2,748,-510,129,8121
2,749,-502,138,8108
2,750,-493,137,8123
2,751,-494,138,8105
2,752,-504,139,8112
2,753,-493,140,8132
2,754,-503,148,8132
2,755,-508,151,8128
2,756,-500,153,8129
2,757,-497,146,8128
2,758,-501,139,8123
2,759,-498,142,8114
2,760,-496,143,8111
2,761,-501,132,8128
2,762,-501,137,8129
2,763,-508,150,8135
2,764,-508,147,8141
2,765,-513,155,8140
2,766,-510,141,8133
2,767,-508,138,8137
2,768,-507,141,8126
2,769,-517,142,8120
2,770,-510,138,8143
2,771,-500,138,8141
2,772,-503,141,8127
2,773,-509,139,8102
2,774,-500,141,8108
2,775,-499,143,8111
2,776,-511,152,8114
2,777,-502,145,8122
2,778,-511,146,8133
2,779,-513,132,8121
2,780,-505,139,8128
2,781,-520,129,8127
2,782,-523,134,8135
2,783,-518,135,8147
2,784,-519,140,8145
2,785,-516,129,8125
2,786,-503,132,8120
2,787,-510,131,8124
2,788,-501,137,8123
2,789,-497,139,8118
2,790,-508,144,8126
2,791,-504,145,8140
2,792,-496,131,8143
2,793,-491,146,8122
2,794,-506,137,8126
2,795,-510,129,8126
2,796,-504,131,8118
2,797,-493,129,8113
2,798,-502,136,8124
2,799,-502,142,8141
2,800,-502,142,8135
2,801,-491,143,8128
2,802,-494,151,8126
2,803,-514,142,8119
2,804,-510,147,8117
2,805,-511,151,8120
2,806,-508,146,8119
2,807,-512,133,8111
2,808,-510,129,8104
2,809,-518,144,8131
2,810,-519,150,8140
2,811,-513,140,8153
2,812,-502,148,8153
2,813,-491,152,8138
2,814,-503,151,8136
2,815,-494,145,8122
2,816,-503,146,8121
2,817,-499,151,8139
2,818,-494,145,8146
2,819,-508,135,8138
2,820,-519,124,8123
2,821,-511,133,8114
2,822,-505,149,8107
2,823,-516,138,8116
2,824,-512,137,8111
2,825,-512,152,8125
2,826,-519,147,8119
2,827,-506,134,8123
2,828,-504,139,8106
2,829,-499,142,8109
2,830,-503,133,8114
2,831,-506,126,8096
2,832,-509,128,8107
2,833,-511,133,8131
2,834,-512,146,8143
2,835,-506,147,8125
2,836,-509,143,8125
2,837,-504,137,8129
2,838,-504,140,8132
2,839,-506,132,8117
2,840,-512,129,8125
2,841,-519,135,8118
2,842,-527,146,8105
2,843,-516,131,8118
2,844,-529,141,8126
2,845,-518,150,8116
2,846,-521,148,8132
2,847,-530,151,8147
2,848,-531,159,8147
2,849,-517,165,8140
2,850,-505,151,8129
2,851,-502,162,8118
2,852,-496,162,8121
2,853,-494,163,8110
2,854,-489,165,8105
2,855,-498,151,8109
2,856,-493,138,8127
2,857,-488,128,8125
2,858,-489,136,8112
2,859,-497,135,8115
2,860,-498,146,8101
2,861,-498,155,8122
2,862,-493,156,8121
2,863,-484,155,8137
2,864,-508,166,8125
2,865,-515,156,8126
2,866,-522,153,8122
2,867,-514,153,8128
2,868,-504,141,8138
2,869,-503,134,8133
2,870,-502,147,8121
2,871,-507,137,8123
2,872,-506,139,8121
2,873,-504,125,8137
2,874,-498,129,8138
2,875,-504,127,8131
2,876,-506,128,8154
2,877,-513,137,8142
2,878,-533,135,8139
2,879,-525,128,8128
2,880,-509,140,8117
2,881,-512,138,8110
2,882,-508,137,8113
2,883,-498,133,8131
2,884,-509,131,8139
2,885,-507,136,8128
2,886,-509,134,8102
2,887,-511,143,8090
2,888,-503,144,8095
2,889,-501,141,8096
2,890,-515,146,8101
2,891,-505,146,8126
2,892,-507,143,8120
2,893,-517,136,8106
2,894,-507,133,8105
2,895,-513,149,8120
2,896,-510,155,8127
2,897,-506,142,8134
2,898,-511,138,8142
2,899,-517,114,8145
2,900,-508,126,8144
2,901,-510,141,8132
2,902,-509,136,8122
2,903,-517,135,8113
2,904,-514,136,8130
2,905,-517,141,8119
2,906,-501,142,8124
2,907,-491,145,8125
2,908,-479,149,8116
2,909,-500,150,8122
2,910,-503,147,8129
2,911,-500,147,8120
2,912,-501,141,8098
2,913,-499,145,8100
2,914,-517,138,8116
2,915,-516,130,8128
2,916,-513,135,8147
2,917,-507,147,8145
2,918,-510,147,8118
2,919,-507,146,8128
2,920,-512,143,8142
2,921,-500,139,8136
2,922,-507,149,8131
2,923,-509,147,8123
2,924,-502,139,8124
2,925,-487,159,8132
2,926,-484,165,8136
2,927,-488,151,8154
2,928,-496,141,8147
2,929,-504,145,8130
2,930,-508,147,8134
2,931,-517,143,8132
2,932,-512,150,8132
2,933,-508,151,8122
2,934,-493,144,8124
2,935,-503,149,8127
2,936,-504,139,8129
2,937,-514,148,8113
2,938,-527,152,8125
2,939,-519,146,8123
2,940,-506,136,8123
2,941,-496,138,8096
2,942,-505,137,8130
2,943,-508,127,8136
2,944,-507,134,8139
2,945,-516,129,8128
2,946,-511,124,8133
2,947,-502,139,8119
2,948,-501,137,8124
2,949,-502,137,8125
2,950,-512,144,8132
2,951,-506,143,8131
2,952,-513,143,8127
2,953,-509,131,8122
2,954,-509,142,8122
2,955,-506,157,8109
2,956,-506,145,8116
2,957,-508,136,8129
2,958,-516,141,8137
2,959,-519,135,8141
2,960,-511,124,8123
2,961,-508,125,8126
2,962,-505,133,8124
2,963,-511,143,8106
2,964,-509,142,8095
2,965,-498,141,8103
2,966,-501,147,8127
2,967,-507,137,8143
2,968,-495,146,8143
2,969,-512,140,8135
2,970,-504,146,8136
2,971,-506,144,8114
2,972,-512,140,8112
2,973,-495,136,8123
2,974,-494,135,8132
2,975,-507,127,8123
2,976,-515,122,8123
2,977,-513,130,8125
2,978,-511,123,8119
2,979,-512,132,8133
2,980,-506,142,8125
2,981,-522,123,8113
2,982,-523,121,8125
2,983,-510,126,8129
2,984,-507,132,8102
2,985,-514,139,8110
2,986,-520,127,8121
2,987,-510,130,8127
2,988,-520,133,8123
2,989,-510,137,8120
2,990,-511,148,8137
2,991,-501,141,8134
2,992,-492,138,8132
2,993,-490,145,8143
2,994,-501,140,8138
2,995,-494,150,8132
2,996,-504,155,8141
2,997,-505,135,8123
2,998,-505,142,8117
2,999,-498,137,8111
2,1000,-497,142,8105
2,1001,-495,137,8116
2,1002,-497,149,8114
2,1003,-497,149,8114
2,1004,-500,141,8114
2,1005,-494,130,8124
2,1006,-507,143,8119
2,1007,-511,141,8133
2,1008,-498,150,8134
2,1009,-494,146,8122
2,1010,-511,145,8127
2,1011,-499,142,8129
2,1012,-509,152,8113
2,1013,-508,155,8110
2,1014,-504,151,8120
2,1015,-498,150,8113
2,1016,-506,137,8107
2,1017,-513,132,8128
2,1018,-513,128,8129
2,1019,-508,127,8125
2,1020,-494,133,8134
2,1021,-492,129,8126
2,1022,-489,141,8112
2,1023,-499,146,8093
2,1024,-498,158,8077
2,1025,-516,145,8094
2,1026,-519,143,8104
2,1027,-521,151,8113
2,1028,-509,148,8102
2,1029,-497,141,8119
2,1030,-498,142,8127
2,1031,-505,137,8114
2,1032,-507,121,8110
2,1033,-503,119,8124
2,1034,-516,126,8137
2,1035,-503,128,8148
2,1036,-501,138,8135
2,1037,-493,141,8151
2,1038,-500,149,8143
2,1039,-500,151,8133
2,1040,-511,151,8120
2,1041,-513,146,8104
2,1042,-516,143,8116
2,1043,-511,143,8124
2,1044,-510,138,8128
2,1045,-510,128,8127
2,1046,-511,129,8119
2,1047,-526,136,8115
2,1048,-540,136,8105
2,1049,-541,125,8102
2,1050,-539,121,8110
2,1051,-530,144,8111
2,1052,-522,143,8130
2,1053,-509,135,8126
2,1054,-518,119,8113
2,1055,-513,126,8109
2,1056,-506,134,8113
2,1057,-505,137,8119
2,1058,-495,125,8112
2,1059,-496,135,8126
2,1060,-507,145,8151
2,1061,-505,149,8138
2,1062,-504,135,8127
2,1063,-497,135,8124
2,1064,-496,137,8133
2,1065,-496,135,8119
2,1066,-498,137,8123
2,1067,-511,134,8118
2,1068,-516,138,8108
2,1069,-512,140,8107
2,1070,-516,132,8109
2,1071,-504,135,8105
2,1072,-507,144,8113
2,1073,-508,144,8129
2,1074,-512,138,8133
2,1075,-506,146,8124
2,1076,-502,154,8097
2,1077,-500,144,8109
2,1078,-515,127,8107
2,1079,-513,138,8131
2,1080,-523,139,8155
2,1081,-524,127,8133
2,1082,-513,130,8120
2,1083,-514,137,8108
2,1084,-520,123,8125
2,1085,-522,120,8121
2,1086,-522,119,8112
2,1087,-506,136,8132
2,1088,-514,140,8136
2,1089,-528,134,8135
2,1090,-524,134,8105
2,1091,-518,124,8103
2,1092,-506,127,8132
2,1093,-511,143,8158
2,1094,-512,157,8124
2,1095,-514,141,8107
2,1096,-518,135,8125
2,1097,-506,136,8109
2,1098,-508,135,8115
2,1099,-509,142,8133
2,1100,-507,140,8122
2,1101,-512,142,8136
2,1102,-508,135,8141
2,1103,-492,135,8153
2,1104,-500,133,8136
2,1105,-508,129,8122
2,1106,-524,145,8120
2,1107,-515,157,8135
2,1108,-522,151,8128
2,1109,-522,137,8126
2,1110,-516,152,8111
2,1111,-505,156,8116
2,1112,-509,159,8127
2,1113,-506,144,8127
2,1114,-505,140,8118
2,1115,-516,137,8139
2,1116,-509,133,8140
2,1117,-504,125,8133
2,1118,-513,120,8120
2,1119,-509,125,8123
2,1120,-525,133,8133
2,1121,-517,128,8140
2,1122,-520,136,8139
2,1123,-513,140,8142
2,1124,-506,133,8137
2,1125,-512,132,8143
2,1126,-499,122,8143
2,1127,-503,115,8123
2,1128,-510,104,8124
2,1129,-505,115,8125
2,1130,-507,125,8121
2,1131,-514,125,8112
2,1132,-509,119,8104
2,1133,-515,125,8110
2,1134,-509,125,8122
2,1135,-501,138,8117
2,1136,-504,151,8125
2,1137,-507,151,8116
2,1138,-512,144,8130
2,1139,-517,135,8127
2,1140,-513,127,8118
2,1141,-517,134,8110
2,1142,-527,144,8112
2,1143,-502,145,8116
2,1144,-507,151,8114
2,1145,-506,146,8119
2,1146,-514,138,8113
2,1147,-509,136,8116
2,1148,-493,139,8122
2,1149,-503,134,8130
2,1150,-522,130,8126
2,1151,-512,127,8128
2,1152,-511,131,8120
2,1153,-518,133,8119
2,1154,-516,137,8094
2,1155,-520,146,8093
2,1156,-505,152,8092
2,1157,-493,144,8096
2,1158,-497,147,8107
2,1159,-511,132,8115
2,1160,-509,135,8111
2,1161,-510,139,8108
2,1162,-508,135,8113
2,1163,-508,139,8120
2,1164,-511,138,8119
2,1165,-514,135,8114
2,1166,-511,141,8141
2,1167,-510,140,8149
2,1168,-501,133,8161
2,1169,-507,126,8158
2,1170,-517,124,8140
2,1171,-516,127,8137
2,1172,-510,129,8130
2,1173,-520,128,8121
2,1174,-512,133,8117
2,1175,-511,150,8108
2,1176,-515,138,8118
2,1177,-527,130,8101
2,1178,-519,128,8104
2,1179,-517,134,8112
2,1180,-519,134,8115
2,1181,-517,140,8117
2,1182,-512,139,8114
2,1183,-520,129,8112
2,1184,-514,127,8108
2,1185,-514,128,8102
2,1186,-501,135,8120
2,1187,-490,144,8116
2,1188,-506,141,8126
2,1189,-506,145,8131
2,1190,-518,135,8125
2,1191,-518,138,8124
2,1192,-518,143,8113
2,1193,-508,136,8088
2,1194,-519,127,8104
2,1195,-530,130,8122
2,1196,-530,144,8130
2,1197,-519,143,8139
2,1198,-498,136,8135
2,1199,-497,144,8123
2,1200,-511,148,8132
2,1201,-515,136,8115
2,1202,-514,139,8120
2,1203,-521,134,8111
2,1204,-516,146,8120
2,1205,-520,147,8139
2,1206,-507,153,8140
2,1207,-512,158,8126
2,1208,-522,143,8122
2,1209,-531,131,8119
2,1210,-531,134,8115
2,1211,-531,134,8107
2,1212,-530,139,8133
2,1213,-518,129,8114
2,1214,-508,141,8105
2,1215,-498,137,8118
2,1216,-515,131,8116
2,1217,-522,133,8130
2,1218,-513,134,8146
2,1219,-509,140,8154
2,1220,-502,133,8151
2,1221,-501,135,8146
2,1222,-489,137,8156
2,1223,-497,132,8151
2,1224,-506,152,8147
2,1225,-504,150,8141
2,1226,-507,141,8123
2,1227,-512,146,8139
2,1228,-509,150,8139
2,1229,-506,144,8143
2,1230,-507,148,8125
2,1231,-502,138,8122
2,1232,-510,142,8120
2,1233,-511,149,8115
2,1234,-490,138,8133
2,1235,-491,136,8149
2,1236,-493,129,8147
2,1237,-493,128,8138
2,1238,-483,131,8112
2,1239,-491,134,8121
2,1240,-495,144,8157
2,1241,-497,148,8154
2,1242,-511,146,8122
2,1243,-515,133,8118
2,1244,-512,142,8116
2,1245,-524,150,8121
2,1246,-516,157,8125
2,1247,-514,148,8130
2,1248,-508,136,8119
2,1249,-501,136,8128
2,1250,-504,141,8135
2,1251,-510,153,8134
2,1252,-523,157,8146
2,1253,-514,146,8144
2,1254,-516,128,8154
2,1255,-512,138,8147
2,1256,-516,129,8130
2,1257,-518,133,8126
2,1258,-517,129,8130
2,1259,-511,132,8118
2,1260,-505,146,8136
2,1261,-510,140,8123
2,1262,-516,134,8127
2,1263,-508,138,8128
2,1264,-513,138,8134
2,1265,-505,136,8113
2,1266,-504,135,8123
2,1267,-498,145,8131
2,1268,-507,154,8132
2,1269,-501,132,8122
2,1270,-506,141,8117
2,1271,-510,151,8120
2,1272,-502,161,8117
2,1273,-512,144,8132
2,1274,-520,132,8132
2,1275,-525,129,8116
2,1276,-508,129,8092
2,1277,-501,131,8108
2,1278,-499,139,8114
2,1279,-496,153,8111
2,1280,-502,154,8124
2,1281,-513,152,8123
2,1282,-508,139,8135
2,1283,-502,149,8134
2,1284,-499,159,8123
2,1285,-506,153,8129
2,1286,-512,140,8130
2,1287,-514,140,8132
2,1288,-515,152,8123
2,1289,-506,145,8111
2,1290,-501,151,8107
2,1291,-495,139,8115
2,1292,-496,130,8103
2,1293,-496,131,8094
2,1294,-500,117,8088
2,1295,-508,128,8103
2,1296,-509,129,8098
2,1297,-514,120,8117
2,1298,-522,125,8123
2,1299,-512,139,8125
2,1300,-519,137,8134
2,1301,-517,131,8134
2,1302,-513,142,8118
2,1303,-508,136,8129
2,1304,-514,146,8141
2,1305,-508,141,8152
2,1306,-507,132,8147
2,1307,-518,137,8133
2,1308,-513,142,8121
2,1309,-502,141,8124
2,1310,-511,143,8132
2,1311,-504,151,8133
2,1312,-504,146,8136
2,1313,-510,141,8131
2,1314,-520,142,8139
2,1315,-522,138,8120
2,1316,-520,147,8118
2,1317,-507,146,8114
2,1318,-513,139,8108
2,1319,-499,125,8115
2,1320,-496,135,8107
2,1321,-494,136,8106
2,1322,-511,139,8125
2,1323,-511,140,8144
2,1324,-496,142,8133
2,1325,-499,140,8127
2,1326,-505,147,8128
2,1327,-500,150,8120
2,1328,-510,160,8128
2,1329,-511,140,8148
2,1330,-517,145,8143
2,1331,-519,144,8134
2,1332,-513,143,8124
2,1333,-515,148,8116
2,1334,-513,133,8119
2,1335,-509,133,8127
2,1336,-513,139,8128
2,1337,-508,146,8126
2,1338,-510,143,8108
2,1339,-505,136,8129
2,1340,-504,151,8133
2,1341,-494,128,8138
2,1342,-509,132,8138
2,1343,-507,130,8129
2,1344,-508,148,8132
2,1345,-504,127,8146
2,1346,-495,126,8143
2,1347,-495,130,8139
2,1348,-494,146,8120
2,1349,-483,145,8131
2,1350,-496,153,8111
2,1351,-503,152,8108
2,1352,-500,142,8108
2,1353,-507,140,8123
2,1354,-512,137,8115
2,1355,-506,130,8120
2,1356,-500,134,8126
2,1357,-501,153,8122
2,1358,-500,146,8109
2,1359,-500,146,8125
2,1360,-518,142,8138
2,1361,-528,136,8131
2,1362,-529,133,8142
2,1363,-516,146,8136
2,1364,-503,144,8126
2,1365,-508,149,8126
2,1366,-497,149,8137
2,1367,-507,145,8123
2,1368,-515,138,8117
2,1369,-523,134,8149
2,1370,-519,125,8140
2,1371,-506,132,8126
2,1372,-503,138,8149
2,1373,-489,137,8152
2,1374,-495,142,8147
2,1375,-505,146,8125
2,1376,-508,143,8118
2,1377,-501,147,8142
2,1378,-496,149,8139
2,1379,-498,146,8118
2,1380,-501,146,8101
2,1381,-504,144,8109
2,1382,-505,142,8117
2,1383,-505,137,8106
2,1384,-514,133,8100
2,1385,-516,127,8113
2,1386,-502,129,8120
2,1387,-503,136,8145
2,1388,-516,151,8143
2,1389,-516,151,8116
2,1390,-508,143,8110
2,1391,-511,136,8143
2,1392,-497,135,8155
2,1393,-504,140,8150
2,1394,-499,140,8140
2,1395,-504,148,8137
2,1396,-513,151,8127
2,1397,-508,148,8118
2,1398,-519,143,8105
2,1399,-515,136,8123
2,1400,-527,135,8103
2,1401,-522,120,8086
2,1402,-511,113,8098
2,1403,-509,117,8110
2,1404,-499,125,8133
2,1405,-501,141,8115
2,1406,-508,144,8118
2,1407,-516,138,8124
2,1408,-510,137,8130
2,1409,-506,141,8129
2,1410,-505,131,8129
2,1411,-505,132,8119
2,1412,-505,130,8122
2,1413,-499,127,8117
2,1414,-500,130,8117
2,1415,-500,126,8122
2,1416,-524,132,8120
2,1417,-514,127,8135
2,1418,-507,125,8130
2,1419,-504,124,8124
2,1420,-515,129,8125
2,1421,-512,126,8131
2,1422,-511,139,8121
2,1423,-507,126,8118
2,1424,-503,136,8123
2,1425,-492,127,8115
2,1426,-497,133,8113
2,1427,-492,136,8107
2,1428,-490,142,8117
2,1429,-502,138,8116
2,1430,-511,137,8107
2,1431,-517,156,8096
2,1432,-516,143,8092
2,1433,-512,149,8092
2,1434,-510,153,8107
2,1435,-518,154,8125
2,1436,-522,156,8123
2,1437,-515,149,8120
2,1438,-510,144,8117
2,1439,-512,141,8110
2,1440,-505,135,8115
2,1441,-500,137,8105
2,1442,-501,133,8117
2,1443,-501,136,8119
2,1444,-510,130,8105
2,1445,-517,132,8106
2,1446,-505,139,8091
2,1447,-504,142,8102
2,1448,-497,140,8100
2,1449,-489,146,8104
2,1450,-508,135,8117
2,1451,-509,119,8109
2,1452,-515,125,8099
2,1453,-516,131,8114
2,1454,-514,141,8142
2,1455,-517,147,8125
2,1456,-502,148,8100
2,1457,-514,141,8094
2,1458,-511,140,8101
2,1459,-507,129,8100
2,1460,-506,138,8111
2,1461,-520,144,8126
2,1462,-507,138,8117
2,1463,-500,146,8119
2,1464,-505,150,8140
2,1465,-503,152,8133
2,1466,-509,156,8132
2,1467,-511,148,8118
2,1468,-515,148,8126
2,1469,-525,154,8137
2,1470,-519,145,8146
2,1471,-519,138,8143
2,1472,-509,146,8142
2,1473,-503,141,8125
2,1474,-494,135,8124
2,1475,-502,139,8124
2,1476,-502,133,8120
2,1477,-500,150,8141
2,1478,-507,150,8144
2,1479,-501,145,8140
2,1480,-509,142,8125
2,1481,-507,154,8134
2,1482,-509,145,8112
2,1483,-506,134,8101
2,1484,-499,122,8103
2,1485,-512,132,8126
2,1486,-525,132,8138
2,1487,-532,133,8129
2,1488,-530,137,8137
2,1489,-521,142,8134
2,1490,-505,141,8133
2,1491,-504,135,8146
2,1492,-514,136,8160
2,1493,-503,134,8143
2,1494,-499,121,8113
2,1495,-504,131,8109
2,1496,-504,128,8123
2,1497,-515,119,8113
2,1498,-510,129,8110
2,1499,-507,130,8118
2,1500,-499,144,8117
2,1501,-508,137,8117
2,1502,-508,144,8107
2,1503,-506,137,8126
2,1504,-512,144,8114
2,1505,-504,145,8144
2,1506,-512,152,8135
2,1507,-516,147,8114
2,1508,-508,148,8108
2,1509,-521,150,8121
2,1510,-514,129,8128
2,1511,-504,138,8106
2,1512,-502,144,8117
2,1513,-497,137,8123
2,1514,-495,129,8119
2,1515,-516,135,8115
2,1516,-518,128,8132
2,1517,-516,120,8130
2,1518,-508,126,8129
2,1519,-514,146,8123
2,1520,-502,150,8130
2,1521,-492,156,8115
2,1522,-483,144,8122
2,1523,-498,141,8142
2,1524,-503,126,8145
2,1525,-506,124,8144
2,1526,-512,131,8137
2,1527,-513,151,8133
2,1528,-516,158,8138
2,1529,-520,152,8124
2,1530,-520,151,8140
2,1531,-508,147,8158
2,1532,-494,131,8148
2,1533,-491,128,8129
2,1534,-497,120,8130
2,1535,-496,101,8142
2,1536,-503,109,8137
2,1537,-518,121,8147
2,1538,-515,127,8141
2,1539,-520,127,8124
2,1540,-517,137,8136
2,1541,-516,135,8129
2,1542,-509,132,8120
2,1543,-500,136,8128
2,1544,-490,135,8135
2,1545,-498,136,8132
2,1546,-499,150,8118
2,1547,-491,152,8092
2,1548,-501,143,8100
2,1549,-509,133,8112
2,1550,-514,121,8134
2,1551,-500,127,8122
2,1552,-511,140,8118
2,1553,-519,133,8115
2,1554,-517,133,8123
2,1555,-510,140,8124
2,1556,-510,142,8109
2,1557,-515,149,8096
2,1558,-520,149,8103
2,1559,-519,153,8125
2,1560,-517,151,8133
2,1561,-504,136,8127
2,1562,-509,131,8126
2,1563,-498,138,8121
2,1564,-498,145,8118
2,1565,-500,139,8133
2,1566,-507,133,8130
2,1567,-517,132,8140
2,1568,-514,134,8126
2,1569,-507,142,8130
2,1570,-509,148,8124
2,1571,-505,143,8143
2,1572,-510,146,8143
2,1573,-498,147,8164
2,1574,-507,149,8143
2,1575,-501,153,8140
2,1576,-511,140,8117
2,1577,-510,138,8110
2,1578,-513,154,8120
2,1579,-513,155,8141
2,1580,-514,138,8136
2,1581,-516,135,8123
2,1582,-525,137,8128
2,1583,-518,144,8129
2,1584,-506,147,8141
2,1585,-504,145,8138
2,1586,-507,145,8135
2,1587,-513,139,8132
2,1588,-510,147,8111
2,1589,-508,152,8114
2,1590,-500,151,8131
2,1591,-502,153,8134
2,1592,-503,159,8139
2,1593,-508,152,8143
2,1594,-505,142,8139
2,1595,-502,149,8133
2,1596,-514,143,8136
2,1597,-512,139,8121
2,1598,-502,143,8094
2,1599,-513,147,8104
2,1600,-508,141,8102
2,1601,-499,145,8099
2,1602,-509,148,8107
2,1603,-507,147,8131
2,1604,-510,133,8126
2,1605,-513,132,8137
2,1606,-511,133,8129
2,1607,-501,143,8118
2,1608,-496,148,8124
2,1609,-504,148,8144
2,1610,-505,156,8130
2,1611,-508,151,8111
2,1612,-505,149,8117
2,1613,-508,156,8118
2,1614,-510,155,8116
2,1615,-508,145,8109
2,1616,-512,135,8092
2,1617,-518,149,8094
2,1618,-515,150,8106
2,1619,-497,155,8119
2,1620,-501,159,8119
2,1621,-515,156,8123
2,1622,-516,158,8117
2,1623,-505,162,8121
2,1624,-506,148,8115
2,1625,-503,142,8122
2,1626,-512,144,8121
2,1627,-506,133,8135
2,1628,-512,141,8131
2,1629,-520,144,8133
2,1630,-519,140,8143
2,1631,-519,135,8128
2,1632,-499,136,8122
2,1633,-505,139,8123
2,1634,-501,129,8122
2,1635,-504,132,8122
2,1636,-499,136,8114
2,1637,-501,142,8101
2,1638,-503,143,8112
2,1639,-505,146,8125
2,1640,-492,129,8119
2,1641,-493,136,8127
2,1642,-496,135,8146
2,1643,-506,126,8145
2,1644,-496,125,8134
2,1645,-493,116,8135
2,1646,-507,129,8153
2,1647,-514,127,8139
2,1648,-509,129,8138
2,1649,-498,143,8136
2,1650,-507,145,8133
2,1651,-496,127,8125
2,1652,-509,134,8146
2,1653,-522,141,8134
2,1654,-524,150,8120
2,1655,-513,139,8119
2,1656,-506,137,8128
2,1657,-496,133,8135
2,1658,-502,136,8148
2,1659,-505,130,8141
2,1660,-498,126,8142
2,1661,-503,147,8121
2,1662,-503,142,8111
2,1663,-501,134,8105
2,1664,-511,135,8108
2,1665,-504,124,8121
2,1666,-510,127,8140
2,1667,-506,140,8146
2,1668,-512,157,8144
2,1669,-502,148,8132
2,1670,-510,140,8131
2,1671,-507,131,8143
2,1672,-513,122,8146
2,1673,-517,122,8109
2,1674,-516,131,8121
2,1675,-510,135,8124
2,1676,-516,141,8117
2,1677,-507,141,8097
2,1678,-506,124,8103
2,1679,-501,143,8091
2,1680,-506,151,8110
2,1681,-503,149,8120
2,1682,-500,140,8118
2,1683,-510,151,8126
2,1684,-520,140,8118
2,1685,-523,129,8118
2,1686,-519,138,8127
2,1687,-524,137,8133
2,1688,-527,139,8128
2,1689,-516,134,8127
2,1690,-506,131,8126
2,1691,-489,131,8119
2,1692,-492,130,8118
2,1693,-492,135,8127
2,1694,-483,139,8127
2,1695,-491,139,8126
2,1696,-501,147,8116
2,1697,-506,147,8123
2,1698,-518,138,8130
2,1699,-522,137,8125
2,1700,-520,141,8109
2,1701,-514,134,8112
2,1702,-508,125,8132
2,1703,-507,122,8135
2,1704,-504,140,8139
2,1705,-508,147,8140
2,1706,-506,142,8138
2,1707,-506,144,8136
2,1708,-504,148,8132
2,1709,-514,148,8132
2,1710,-502,136,8126
2,1711,-506,141,8103
2,1712,-506,149,8100
2,1713,-512,160,8095
2,1714,-522,159,8109
2,1715,-515,148,8117
2,1716,-516,151,8103
2,1717,-508,150,8092
2,1718,-498,146,8111
2,1719,-501,138,8115
2,1720,-496,144,8129
2,1721,-484,138,8134
2,1722,-477,138,8140
2,1723,-492,140,8126
2,1724,-504,142,8106
2,1725,-505,135,8111
2,1726,-510,151,8115
2,1727,-522,153,8116
2,1728,-518,156,8119
2,1729,-512,147,8095
2,1730,-512,141,8100
2,1731,-505,142,8099
2,1732,-504,154,8115
2,1733,-515,160,8121
2,1734,-511,152,8123
2,1735,-503,153,8111
2,1736,-510,151,8114
2,1737,-516,137,8122
2,1738,-515,136,8120
2,1739,-502,135,8114
2,1740,-500,135,8097
2,1741,-501,148,8085
2,1742,-502,156,8108
2,1743,-504,154,8117
2,1744,-501,151,8111
2,1745,-502,159,8106
2,1746,-489,155,8121
2,1747,-485,145,8109
2,1748,-483,140,8115
2,1749,-497,146,8128
2,1750,-499,156,8122
2,1751,-498,166,8133
2,1752,-512,148,8143
2,1753,-506,143,8168
2,1754,-508,155,8155
2,1755,-511,141,8154
2,1756,-501,147,8146
2,1757,-497,150,8127
2,1758,-496,158,8127
2,1759,-499,145,8109
2,1760,-500,157,8109
2,1761,-508,147,8124
2,1762,-503,137,8120
2,1763,-504,128,8104
2,1764,-506,133,8106
2,1765,-497,119,8108
2,1766,-501,130,8115
2,1767,-504,140,8116
2,1768,-501,150,8137
2,1769,-511,148,8157
2,1770,-499,147,8126
2,1771,-491,146,8115
2,1772,-494,139,8119
2,1773,-503,141,8115
2,1774,-498,133,8120
2,1775,-494,134,8144
2,1776,-498,139,8141
2,1777,-499,133,8115
2,1778,-503,149,8119
2,1779,-499,152,8102
2,1780,-503,149,8103
2,1781,-511,148,8115
2,1782,-516,152,8116
2,1783,-526,155,8123
2,1784,-530,154,8114
2,1785,-519,155,8109
2,1786,-507,147,8124
2,1787,-508,138,8135
2,1788,-504,137,8139
2,1789,-500,142,8133
2,1790,-493,141,8133
2,1791,-489,136,8122
2,1792,-496,139,8113
2,1793,-503,159,8119
2,1794,-501,154,8143
2,1795,-499,147,8152
2,1796,-495,143,8130
2,1797,-505,147,8125
2,1798,-506,151,8125
2,1799,-509,141,8136
2,1800,-520,132,8139
2,1801,-513,142,8140
2,1802,-517,144,8126
2,1803,-517,138,8128
2,1804,-507,157,8135
2,1805,-487,143,8119
2,1806,-490,144,8120
2,1807,-501,149,8136
2,1808,-497,137,8148
2,1809,-503,142,8140
2,1810,-506,156,8159
2,1811,-511,144,8161
2,1812,-506,151,8147
2,1813,-501,157,8151
2,1814,-496,163,8142
2,1815,-490,160,8128
2,1816,-491,162,8133
2,1817,-502,156,8147
2,1818,-498,152,8132
2,1819,-491,145,8126
2,1820,-503,130,8121
2,1821,-509,123,8126
2,1822,-507,124,8110
2,1823,-510,125,8120
2,1824,-510,131,8135
2,1825,-500,137,8135
2,1826,-503,146,8131
2,1827,-505,138,8145
2,1828,-511,129,8134
2,1829,-498,137,8123
2,1830,-499,137,8115
2,1831,-510,140,8116
2,1832,-514,140,8106
2,1833,-504,150,8114
2,1834,-502,149,8116
2,1835,-502,143,8103
2,1836,-502,131,8114
2,1837,-508,127,8133
2,1838,-511,128,8133
2,1839,-510,132,8127
2,1840,-506,135,8123
2,1841,-507,137,8117
2,1842,-494,160,8113
2,1843,-497,141,8119
2,1844,-501,141,8112
2,1845,-503,151,8116
2,1846,-504,146,8112
2,1847,-515,152,8135
2,1848,-516,156,8135
2,1849,-519,152,8115
2,1850,-511,151,8121
2,1851,-517,142,8110
2,1852,-507,144,8113
2,1853,-506,138,8118
2,1854,-514,151,8128
2,1855,-517,137,8119
2,1856,-514,135,8117
2,1857,-505,144,8131
2,1858,-503,134,8125
2,1859,-517,133,8123
2,1860,-517,128,8118
2,1861,-510,135,8117
2,1862,-508,140,8124
2,1863,-515,138,8120
2,1864,-520,128,8107
2,1865,-515,130,8113
2,1866,-501,125,8125
2,1867,-498,136,8133
2,1868,-515,139,8129
2,1869,-506,138,8134
2,1870,-497,149,8136
2,1871,-504,139,8121
2,1872,-504,137,8134
2,1873,-500,131,8150
2,1874,-494,127,8142
2,1875,-493,139,8140
2,1876,-495,147,8137
2,1877,-499,150,8127
2,1878,-514,151,8122
2,1879,-524,146,8119
2,1880,-525,148,8123
2,1881,-523,147,8123
2,1882,-522,139,8123
2,1883,-524,133,8117
2,1884,-514,122,8117
2,1885,-517,138,8112
2,1886,-511,138,8112
2,1887,-512,123,8114
2,1888,-513,126,8127
2,1889,-514,123,8124
2,1890,-513,129,8132
2,1891,-512,147,8108
2,1892,-516,151,8125
2,1893,-517,145,8124
2,1894,-521,136,8127
2,1895,-523,141,8110
2,1896,-517,156,8107
2,1897,-511,152,8105
2,1898,-504,144,8128
2,1899,-511,134,8120
2,1900,-511,127,8117
2,1901,-506,136,8112
2,1902,-519,140,8120
2,1903,-519,148,8134
2,1904,-521,143,8131
2,1905,-520,142,8139
2,1906,-519,150,8148
2,1907,-506,155,8141
2,1908,-507,143,8147
2,1909,-513,126,8148
2,1910,-505,133,8153
2,1911,-511,128,8139
2,1912,-514,133,8130
2,1913,-505,138,8121
2,1914,-504,133,8118
2,1915,-496,144,8124
2,1916,-501,154,8133
2,1917,-507,152,8144
2,1918,-509,151,8147
2,1919,-515,145,8125
2,1920,-528,142,8102
2,1921,-519,130,8125
2,1922,-516,142,8123
2,1923,-499,140,8131
2,1924,-499,139,8132
2,1925,-500,141,8131
2,1926,-491,134,8144
2,1927,-506,127,8131
2,1928,-515,134,8133
2,1929,-509,126,8139
2,1930,-506,131,8138
2,1931,-496,130,8150
2,1932,-495,124,8140
2,1933,-490,120,8114
2,1934,-496,131,8108
2,1935,-510,131,8107
2,1936,-520,127,8109
2,1937,-504,131,8122
2,1938,-503,131,8122
2,1939,-507,144,8122
2,1940,-506,151,8138
2,1941,-507,144,8152
2,1942,-502,144,8157
2,1943,-495,136,8140
2,1944,-500,134,8121
2,1945,-498,134,8112
2,1946,-489,142,8109
2,1947,-497,136,8121
2,1948,-507,133,8121
2,1949,-500,121,8118
2,1950,-507,131,8121
2,1951,-503,129,8116
2,1952,-493,134,8144
2,1953,-500,144,8126
2,1954,-508,141,8130
2,1955,-513,138,8112
2,1956,-516,131,8101
2,1957,-512,142,8104
2,1958,-505,146,8127
2,1959,-503,145,8123
2,1960,-505,143,8113
2,1961,-506,142,8122
2,1962,-501,125,8115
2,1963,-507,118,8131
2,1964,-513,105,8138
2,1965,-507,114,8135
2,1966,-501,122,8144
2,1967,-507,123,8157
2,1968,-508,125,8145
2,1969,-505,108,8129
2,1970,-495,124,8131
2,1971,-514,139,8125
2,1972,-521,143,8117
2,1973,-519,140,8117
2,1974,-504,149,8099
2,1975,-493,143,8087
2,1976,-496,142,8102
2,1977,-490,137,8103
2,1978,-503,135,8124
2,1979,-516,132,8118
2,1980,-520,139,8123
2,1981,-506,127,8112
2,1982,-500,130,8115
2,1983,-502,122,8136
2,1984,-501,116,8140
2,1985,-493,133,8132
2,1986,-493,138,8113
2,1987,-506,130,8118
2,1988,-507,134,8096
2,1989,-501,141,8093
2,1990,-504,138,8113
2,1991,-492,142,8120
2,1992,-478,143,8143
2,1993,-495,141,8162
2,1994,-502,131,8161
2,1995,-503,135,8146
2,1996,-502,130,8136
2,1997,-507,130,8158
2,1998,-504,134,8140
2,1999,-495,145,8146
2,2000,-509,146,8154
2,2001,-513,127,8145
2,2002,-505,121,8121
2,2003,-507,128,8108
2,2004,-499,123,8101
2,2005,-498,115,8104
2,2006,-500,123,8100
2,2007,-502,118,8100
2,2008,-498,121,8105
2,2009,-501,134,8094
2,2010,-496,146,8109
2,2011,-500,151,8118
2,2012,-502,142,8109
2,2013,-507,134,8122
2,2014,-501,118,8128
2,2015,-495,119,8125
2,2016,-502,124,8148
2,2017,-502,132,8166
2,2018,-507,141,8164
2,2019,-504,138,8139
2,2020,-502,134,8114
2,2021,-505,137,8123
2,2022,-489,144,8128
2,2023,-492,145,8129
2,2024,-504,144,8118
2,2025,-500,136,8114
2,2026,-507,146,8119
2,2027,-510,141,8134
2,2028,-516,143,8127
2,2029,-514,135,8113
2,2030,-500,132,8115
2,2031,-501,121,8113
2,2032,-505,136,8110
2,2033,-513,132,8116
2,2034,-505,140,8120
2,2035,-494,147,8125
2,2036,-503,150,8124
2,2037,-492,150,8117
2,2038,-489,150,8115
2,2039,-493,150,8117
2,2040,-491,152,8120
2,2041,-493,141,8122
2,2042,-503,133,8118
2,2043,-506,137,8124
2,2044,-510,136,8134
2,2045,-513,138,8130
2,2046,-506,146,8124
2,2047,-501,140,8124
2,2048,-502,141,8121
2,2049,-499,141,8148
2,2050,-501,131,8148
2,2051,-510,124,8144
2,2052,-509,118,8133
2,2053,-500,116,8119
2,2054,-519,134,8112
2,2055,-517,139,8124
2,2056,-504,131,8144
2,2057,-509,128,8136
2,2058,-502,116,8115
2,2059,-494,123,8115
2,2060,-489,131,8125
2,2061,-485,133,8127
2,2062,-484,135,8129
2,2063,-504,139,8124
2,2064,-508,144,8113
2,2065,-505,144,8110
2,2066,-516,137,8124
2,2067,-510,148,8113
2,2068,-518,140,8112
2,2069,-519,131,8106
2,2070,-512,132,8116
2,2071,-506,132,8116
2,2072,-509,131,8103
2,2073,-505,126,8104
2,2074,-502,117,8100
2,2075,-500,126,8105
2,2076,-496,137,8106
2,2077,-499,140,8107
2,2078,-500,135,8123
2,2079,-502,134,8128
2,2080,-500,128,8139
2,2081,-498,133,8132
2,2082,-501,136,8128
2,2083,-499,137,8121
2,2084,-493,140,8138
2,2085,-493,141,8122
2,2086,-488,144,8132
2,2087,-515,131,8141
2,2088,-504,136,8133
2,2089,-502,136,8119
2,2090,-494,140,8123
2,2091,-505,153,8110
2,2092,-501,144,8125
2,2093,-497,142,8122
2,2094,-506,133,8119
2,2095,-505,127,8128
2,2096,-513,129,8131
2,2097,-509,135,8129
2,2098,-503,138,8139
2,2099,-509,149,8131
2,2100,-522,136,8116
2,2101,-522,140,8113
2,2102,-519,141,8131
2,2103,-508,144,8124
2,2104,-498,141,8124
2,2105,-495,137,8150
2,2106,-500,138,8151
2,2107,-511,153,8135
2,2108,-501,139,8140
2,2109,-495,132,8135
2,2110,-505,132,8129
2,2111,-511,131,8143
2,2112,-511,134,8136
2,2113,-509,132,8136
2,2114,-509,124,8118
2,2115,-515,131,8131
2,2116,-523,130,8124
2,2117,-519,142,8128
2,2118,-510,145,8132
2,2119,-515,141,8130
2,2120,-513,142,8124
2,2121,-508,137,8134
2,2122,-509,133,8128
2,2123,-515,132,8119
2,2124,-505,139,8122
2,2125,-495,152,8123
2,2126,-496,140,8105
2,2127,-515,143,8097
2,2128,-522,138,8102
2,2129,-530,146,8107
2,2130,-531,145,8101
2,2131,-514,144,8104
2,2132,-512,144,8106
2,2133,-502,148,8107
2,2134,-493,141,8107
2,2135,-495,162,8124
2,2136,-505,156,8140
2,2137,-499,155,8114
2,2138,-498,148,8120
2,2139,-495,142,8142
2,2140,-499,144,8132
2,2141,-505,146,8128
2,2142,-511,133,8140
2,2143,-512,141,8139
2,2144,-519,136,8131
2,2145,-518,131,8131
2,2146,-508,146,8131
2,2147,-502,143,8127
2,2148,-515,138,8130
2,2149,-511,130,8129
2,2150,-510,129,8119
2,2151,-514,131,8121
2,2152,-506,134,8119
2,2153,-518,144,8127
2,2154,-516,153,8122
2,2155,-503,135,8114
2,2156,-502,137,8115
2,2157,-498,129,8121
2,2158,-488,139,8120
2,2159,-484,136,8115
2,2160,-489,136,8128
2,2161,-489,141,8144
2,2162,-499,129,8138
2,2163,-504,130,8137
2,2164,-507,135,8135
2,2165,-497,144,8139
2,2166,-493,144,8147
2,2167,-485,130,8139
2,2168,-484,123,8127
2,2169,-491,132,8126
2,2170,-494,139,8130
2,2171,-489,135,8120
2,2172,-501,130,8116
2,2173,-506,131,8126
2,2174,-504,122,8137
2,2175,-497,133,8128
2,2176,-488,124,8116
2,2177,-495,116,8124
2,2178,-505,117,8119
2,2179,-501,120,8131
2,2180,-506,128,8135
2,2181,-501,136,8138
2,2182,-511,138,8117
2,2183,-524,141,8121
2,2184,-518,141,8130
2,2185,-514,137,8127
2,2186,-513,126,8115
2,2187,-514,133,8122
2,2188,-514,146,8109
2,2189,-523,156,8102
2,2190,-527,152,8102
2,2191,-512,147,8119
2,2192,-493,138,8117
2,2193,-490,140,8117
2,2194,-497,135,8127
2,2195,-495,145,8126
2,2196,-497,145,8113
2,2197,-502,141,8119
2,2198,-515,146,8127
2,2199,-506,142,8129
2,2200,-491,133,8111
2,2201,-489,134,8130
2,2202,-494,121,8126
2,2203,-501,137,8124
2,2204,-507,141,8135
2,2205,-508,136,8116
2,2206,-505,131,8128
2,2207,-507,118,8124
2,2208,-509,118,8133
2,2209,-519,115,8153
2,2210,-513,124,8161
2,2211,-511,133,8160
2,2212,-500,131,8159
2,2213,-504,132,8141
2,2214,-505,121,8136
2,2215,-507,137,8131
2,2216,-499,147,8118
2,2217,-495,147,8106
2,2218,-500,141,8125
2,2219,-508,134,8137
2,2220,-512,143,8133
2,2221,-520,154,8126
2,2222,-510,139,8122
2,2223,-513,135,8121
2,2224,-518,142,8124
2,2225,-513,140,8106
2,2226,-505,143,8109
2,2227,-511,151,8100
2,2228,-508,146,8112
2,2229,-497,147,8116
2,2230,-494,138,8120
2,2231,-483,127,8114
2,2232,-493,132,8105
2,2233,-500,123,8116
2,2234,-504,129,8122
2,2235,-506,126,8115
2,2236,-506,126,8114
2,2237,-504,126,8136
2,2238,-504,130,8123
2,2239,-505,132,8103
2,2240,-504,140,8116
2,2241,-514,151,8112
2,2242,-506,150,8119
2,2243,-507,142,8118
2,2244,-501,133,8124
2,2245,-502,131,8116
2,2246,-510,136,8095
2,2247,-511,133,8102
2,2248,-515,150,8098
2,2249,-497,142,8115
2,2250,-505,141,8120
2,2251,-501,130,8121
2,2252,-495,139,8115
2,2253,-500,142,8104
2,2254,-507,152,8091
2,2255,-513,142,8104
2,2256,-512,134,8096
2,2257,-518,130,8090
2,2258,-506,120,8080
2,2259,-494,131,8086
2,2260,-509,128,8095
2,2261,-512,131,8109
2,2262,-525,119,8124
2,2263,-529,123,8130
2,2264,-524,134,8140
2,2265,-518,131,8144
2,2266,-515,150,8120
2,2267,-519,143,8116
2,2268,-510,138,8135
2,2269,-499,136,8138
2,2270,-502,148,8132
2,2271,-502,141,8123
2,2272,-510,131,8117
2,2273,-497,132,8120
2,2274,-501,139,8107
2,2275,-503,140,8114
2,2276,-490,133,8106
2,2277,-492,128,8117
2,2278,-498,129,8110
2,2279,-504,114,8097
2,2280,-507,124,8108
2,2281,-515,135,8143
2,2282,-509,141,8135
2,2283,-524,149,8146
2,2284,-524,151,8145
2,2285,-523,152,8146
2,2286,-517,143,8123
2,2287,-513,132,8122
2,2288,-505,129,8119
2,2289,-507,141,8121
2,2290,-501,139,8133
2,2291,-498,142,8128
2,2292,-503,129,8129
2,2293,-511,129,8136
2,2294,-510,139,8130
2,2295,-506,141,8134
2,2296,-505,151,8140
2,2297,-519,148,8127
2,2298,-519,148,8132
2,2299,-529,134,8144
2,2300,-524,141,8134
2,2301,-522,128,8133
2,2302,-517,129,8122
2,2303,-506,135,8116
2,2304,-499,147,8129
2,2305,-492,148,8119
2,2306,-500,133,8118
2,2307,-512,139,8127
2,2308,-513,144,8138
2,2309,-504,141,8141
2,2310,-501,133,8146
2,2311,-508,131,8139
2,2312,-511,131,8132
2,2313,-510,127,8133
2,2314,-514,152,8123
2,2315,-516,153,8118
2,2316,-508,142,8103
2,2317,-498,139,8106
2,2318,-490,138,8108
2,2319,-484,138,8115
2,2320,-485,145,8121
2,2321,-493,148,8111
2,2322,-492,140,8106
2,2323,-492,133,8116
2,2324,-510,134,8115
2,2325,-507,136,8118
2,2326,-510,139,8110
2,2327,-515,138,8104
2,2328,-510,139,8110
2,2329,-509,154,8113
2,2330,-504,148,8098
2,2331,-513,155,8112
2,2332,-522,157,8112
2,2333,-523,144,8113
2,2334,-517,145,8109
2,2335,-504,141,8121
2,2336,-507,127,8129
2,2337,-504,127,8136
2,2338,-496,143,8133
2,2339,-494,146,8124
2,2340,-495,138,8106
2,2341,-499,134,8096
2,2342,-496,136,8106
2,2343,-505,133,8116
2,2344,-515,144,8117
2,2345,-516,137,8107
2,2346,-511,134,8108
2,2347,-518,128,8107
2,2348,-523,135,8114
2,2349,-521,138,8114
2,2350,-516,124,8113
2,2351,-503,125,8108
2,2352,-501,136,8113
2,2353,-510,136,8141
2,2354,-501,127,8152
2,2355,-501,133,8162
2,2356,-513,117,8145
2,2357,-522,133,8135
2,2358,-520,129,8137
2,2359,-505,137,8126
2,2360,-502,133,8127
2,2361,-502,144,8128
2,2362,-497,150,8133
2,2363,-509,149,8125
2,2364,-506,135,8122
2,2365,-501,122,8125
2,2366,-505,129,8119
2,2367,-502,133,8104
2,2368,-488,132,8090
2,2369,-492,129,8089
2,2370,-499,140,8100
2,2371,-500,144,8112
2,2372,-509,141,8111
2,2373,-501,146,8116
2,2374,-503,150,8114
2,2375,-502,136,8113
2,2376,-507,130,8114
2,2377,-499,124,8121
2,2378,-491,130,8128
2,2379,-492,132,8128
2,2380,-497,139,8127
2,2381,-504,139,8121
2,2382,-514,124,8133
2,2383,-512,116,8131
2,2384,-515,120,8127
2,2385,-512,137,8125
2,2386,-503,139,8135
2,2387,-517,138,8105
2,2388,-513,136,8107
2,2389,-516,121,8107
2,2390,-517,122,8114
2,2391,-510,130,8127
2,2392,-515,131,8116
2,2393,-509,133,8112
2,2394,-501,126,8114
2,2395,-499,132,8114
2,2396,-498,140,8100
2,2397,-496,133,8097
2,2398,-496,136,8105
2,2399,-505,141,8109
2,2400,-512,147,8106
2,2401,-497,146,8101
2,2402,-498,152,8123
2,2403,-505,141,8122
2,2404,-502,146,8121
2,2405,-512,146,8119
2,2406,-506,142,8136
2,2407,-503,137,8131
2,2408,-502,151,8116
2,2409,-497,151,8110
2,2410,-502,150,8125
2,2411,-504,154,8121
2,2412,-496,150,8108
2,2413,-492,143,8106
2,2414,-495,150,8123
2,2415,-480,146,8125
2,2416,-489,145,8126
2,2417,-502,145,8130
2,2418,-507,144,8134
2,2419,-507,141,8150
2,2420,-507,124,8140
2,2421,-501,127,8135
2,2422,-492,142,8136
2,2423,-500,140,8132
2,2424,-504,148,8108
2,2425,-521,140,8115
2,2426,-508,126,8121
2,2427,-506,131,8129
2,2428,-492,131,8129
2,2429,-484,129,8117
2,2430,-495,136,8114
2,2431,-507,137,8122
2,2432,-504,144,8112
2,2433,-517,140,8112
2,2434,-518,130,8112
2,2435,-513,122,8132
2,2436,-506,126,8141
2,2437,-493,130,8138
2,2438,-499,141,8140
2,2439,-510,148,8125
2,2440,-517,131,8146
2,2441,-513,132,8135
2,2442,-513,137,8116
2,2443,-509,124,8128
2,2444,-519,124,8132
2,2445,-519,131,8124
2,2446,-511,136,8114
2,2447,-504,128,8110
2,2448,-515,129,8108
2,2449,-514,139,8115
2,2450,-507,135,8126
2,2451,-509,139,8122
2,2452,-520,141,8118
2,2453,-523,137,8117
2,2454,-516,139,8118
2,2455,-520,136,8133
2,2456,-510,136,8121
2,2457,-503,127,8119
2,2458,-506,137,8127
2,2459,-511,151,8134
2,2460,-510,145,8138
2,2461,-512,142,8130
2,2462,-496,134,8123
2,2463,-494,124,8119
2,2464,-508,126,8129
2,2465,-505,135,8117
2,2466,-511,139,8122
2,2467,-510,141,8124
2,2468,-524,127,8119
2,2469,-529,120,8121
2,2470,-516,137,8119
2,2471,-513,136,8108
2,2472,-516,134,8100
2,2473,-509,145,8124
2,2474,-521,147,8128
2,2475,-524,143,8136
2,2476,-524,139,8135
2,2477,-514,131,8130
2,2478,-506,124,8142
2,2479,-517,123,8130
2,2480,-515,124,8125
2,2481,-514,128,8139
2,2482,-515,137,8127
2,2483,-512,140,8141
2,2484,-504,154,8125
2,2485,-512,144,8093
2,2486,-501,140,8097
2,2487,-511,136,8115
2,2488,-510,128,8125
2,2489,-503,124,8114
2,2490,-510,137,8103
2,2491,-512,132,8107
2,2492,-515,137,8118
2,2493,-511,138,8122
2,2494,-510,137,8115
2,2495,-508,144,8113
2,2496,-507,144,8116
2,2497,-515,139,8111
3,0,-507,164,8137
3,1,-506,152,8122
3,2,-508,141,8122
3,3,-516,136,8111
3,4,-511,133,8126
3,5,-499,129,8126
3,6,-501,128,8129
3,7,-507,137,8142
3,8,-512,142,8125
3,9,-513,140,8125
3,10,-496,138,8133
3,11,-499,137,8127
3,12,-510,141,8127
3,13,-505,147,8135
3,14,-509,131,8132
3,15,-504,131,8118
3,16,-498,126,8121
3,17,-507,129,8139
3,18,-513,136,8128
3,19,-519,135,8120
3,20,-530,132,8120
3,21,-517,140,8113
3,22,-506,151,8119
3,23,-506,154,8109
3,24,-510,142,8107
3,25,-522,137,8115
3,26,-518,139,8134
3,27,-516,142,8122
3,28,-510,138,8134
3,29,-509,135,8160
3,30,-507,145,8144
3,31,-495,142,8139
3,32,-490,148,8135
3,33,-512,139,8123
3,34,-515,149,8120
3,35,-511,162,8127
3,36,-497,159,8141
3,37,-496,144,8154
3,38,-497,132,8136
3,39,-505,133,8129
3,40,-492,127,8120
3,41,-500,124,8117
3,42,-504,135,8115
3,43,-504,147,8103
3,44,-512,146,8111
3,45,-507,145,8124
3,46,-502,140,8121
3,47,-503,133,8133
3,48,-521,126,8134
3,49,-509,131,8122
3,50,-499,129,8131
3,51,-497,134,8140
3,52,-505,144,8144
3,53,-503,143,8148
3,54,-498,142,8172
3,55,-509,145,8148
3,56,-507,133,8111
3,57,-510,133,8126
3,58,-514,154,8123
3,59,-511,149,8128
3,60,-504,158,8124
3,61,-501,152,8117
3,62,-506,139,8125
3,63,-505,155,8125
3,64,-520,152,8123
3,65,-523,141,8122
3,66,-516,139,8122
3,67,-529,148,8111
3,68,-540,152,8112
3,69,-547,155,8111
3,70,-520,153,8112
3,71,-509,143,8106
3,72,-508,133,8097
3,73,-505,134,8119
3,74,-507,127,8130
3,75,-516,127,8138
3,76,-511,131,8128
3,77,-511,141,8128
3,78,-512,155,8120
3,79,-514,153,8130
3,80,-517,144,8128
3,81,-511,149,8121
3,82,-509,147,8111
3,83,-516,135,8114
3,84,-511,149,8117
3,85,-514,147,8114
3,86,-511,138,8105
3,87,-513,136,8115
3,88,-516,130,8115
3,89,-514,133,8103
3,90,-507,129,8101
3,91,-497,151,8126
3,92,-498,149,8129
3,93,-489,145,8132
3,94,-494,149,8138
3,95,-514,152,8129
3,96,-520,156,8138
3,97,-514,144,8145
3,98,-500,136,8139
3,99,-508,142,8135
3,100,-513,136,8115
3,101,-506,135,8133
3,102,-508,141,8126
3,103,-500,145,8124
3,104,-489,135,8116
3,105,-500,142,8114
3,106,-510,141,8114
3,107,-501,146,8118
3,108,-488,143,8129
3,109,-476,146,8121
3,110,-482,156,8134
3,111,-500,148,8121
3,112,-508,141,8128
3,113,-508,144,8125
3,114,-512,146,8116
3,115,-526,151,8132
3,116,-517,155,8126
3,117,-505,146,8123
3,118,-502,144,8090
3,119,-509,139,8117
3,120,-509,142,8117
3,121,-505,136,8126
3,122,-495,133,8131
3,123,-505,138,8102
3,124,-506,130,8103
3,125,-500,127,8090
3,126,-505,136,8099
3,127,-510,142,8118
3,128,-503,140,8142
3,129,-498,132,8132
3,130,-514,140,8136
3,131,-516,149,8126
3,132,-515,148,8126
3,133,-508,145,8120
3,134,-498,133,8118
3,135,-486,143,8130
3,136,-486,141,8121
3,137,-497,131,8123
3,138,-508,126,8130
3,139,-499,125,8146
3,140,-495,146,8143
3,141,-506,149,8138
3,142,-508,145,8139
3,143,-499,141,8137
3,144,-501,139,8140
3,145,-511,150,8152
3,146,-525,140,8132
3,147,-518,140,8134
3,148,-515,145,8139
3,149,-513,133,8142
3,150,-495,139,8128
3,151,-497,139,8134
3,152,-499,146,8124
3,153,-509,155,8115
3,154,-524,139,8122
3,155,-523,143,8124
3,156,-511,148,8124
3,157,-499,139,8100
3,158,-505,137,8110
3,159,-507,139,8111
3,160,-514,130,8101
3,161,-509,128,8095
3,162,-500,125,8119
3,163,-505,125,8129
3,164,-499,151,8134
3,165,-505,134,8149
3,166,-495,130,8152
3,167,-493,132,8131
3,168,-506,135,8145
3,169,-520,131,8129
3,170,-521,129,8121
3,171,-522,135,8113
3,172,-512,143,8124
3,173,-492,146,8136
3,174,-496,147,8129
3,175,-511,144,8136
3,176,-511,150,8138
3,177,-515,145,8128
3,178,-521,153,8131
3,179,-519,165,8110
3,180,-514,149,8114
3,181,-509,146,8124
3,182,-515,135,8111
3,183,-512,151,8116
3,184,-508,134,8125
3,185,-520,148,8124
3,186,-521,148,8113
3,187,-512,133,8107
3,188,-507,137,8113
3,189,-498,145,8113
3,190,-502,128,8112
3,191,-500,135,8131
3,192,-499,144,8150
3,193,-509,136,8139
3,194,-514,126,8121
3,195,-512,131,8143
3,196,-516,121,8142
3,197,-510,127,8140
3,198,-515,141,8133
3,199,-513,141,8148
3,200,-510,131,8146
3,201,-513,140,8135
3,202,-519,140,8121
3,203,-512,139,8116
3,204,-510,129,8110
3,205,-511,138,8113
3,206,-505,140,8128
3,207,-504,146,8124
3,208,-499,141,8114
3,209,-499,145,8119
3,210,-512,164,8107
3,211,-525,156,8128
3,212,-529,157,8142
3,213,-521,146,8153
3,214,-515,140,8155
3,215,-522,147,8151
3,216,-520,149,8125
3,217,-508,143,8119
3,218,-525,122,8120
3,219,-530,132,8133
3,220,-511,134,8140
3,221,-509,128,8143
3,222,-512,142,8123
3,223,-508,144,8120
3,224,-515,143,8124
3,225,-511,156,8126
3,226,-514,153,8126
3,227,-514,147,8126
3,228,-515,143,8116
3,229,-516,144,8125
3,230,-521,149,8130
3,231,-510,149,8114
3,232,-506,143,8118
3,233,-515,136,8121
3,234,-524,131,8114
3,235,-518,138,8101
3,236,-508,144,8119
3,237,-511,137,8117
3,238,-512,137,8120
3,239,-518,136,8120
3,240,-508,132,8109
3,241,-525,150,8098
3,242,-522,153,8115
3,243,-519,149,8121
3,244,-516,138,8118
3,245,-518,138,8110
3,246,-510,141,8110
3,247,-516,128,8122
3,248,-513,127,8142
3,249,-512,142,8124
3,250,-520,152,8129
3,251,-519,145,8142
3,252,-526,130,8131
3,253,-524,116,8140
3,254,-508,123,8132
3,255,-501,135,8113
3,256,-502,139,8097
3,257,-523,138,8095
3,258,-525,131,8093
3,259,-516,128,8093
3,260,-498,134,8113
3,261,-506,141,8123
3,262,-505,153,8120
3,263,-500,137,8133
3,264,-502,122,8131
3,265,-499,133,8118
3,266,-504,133,8109
3,267,-496,127,8098
3,268,-509,118,8097
3,269,-508,130,8104
3,270,-521,138,8114
3,271,-514,131,8116
3,272,-516,139,8116
3,273,-514,137,8114
3,274,-515,132,8117
3,275,-498,138,8118
3,276,-501,148,8125
3,277,-497,137,8116
3,278,-501,129,8111
3,279,-499,136,8124
3,280,-496,133,8135
3,281,-491,139,8136
3,282,-495,150,8129
3,283,-500,156,8145
3,284,-509,128,8136
3,285,-514,126,8137
3,286,-507,134,8129
3,287,-509,141,8117
3,288,-510,140,8094
3,289,-508,132,8095
3,290,-510,126,8102
3,291,-503,123,8110
3,292,-500,121,8118
3,293,-499,133,8122
3,294,-497,147,8128
3,295,-504,153,8125
3,296,-513,150,8121
3,297,-508,142,8133
3,298,-506,133,8110
3,299,-511,145,8106
3,300,-513,159,8111
3,301,-510,154,8120
3,302,-517,141,8124
3,303,-515,144,8123
3,304,-521,146,8112
3,305,-514,136,8106
3,306,-509,139,8132
3,307,-518,151,8143
3,308,-520,142,8143
3,309,-518,148,8144
3,310,-519,137,8145
3,311,-518,138,8133
3,312,-516,138,8143
3,313,-500,151,8141
3,314,-522,151,8114
3,315,-519,149,8127
3,316,-520,152,8147
3,317,-524,149,8150
3,318,-515,150,8152
3,319,-510,139,8137
3,320,-514,140,8144
3,321,-508,134,8157
3,322,-506,138,8168
3,323,-501,148,8157
3,324,-491,148,8123
3,325,-486,135,8125
3,326,-494,139,8139
3,327,-506,143,8120
3,328,-517,147,8126
3,329,-521,140,8118
3,330,-516,142,8104
3,331,-512,138,8105
3,332,-494,141,8104
3,333,-492,145,8104
3,334,-499,127,8109
3,335,-498,133,8123
3,336,-501,132,8132
3,337,-510,145,8127
3,338,-507,148,8132
3,339,-497,153,8143
3,340,-486,161,8146
3,341,-487,145,8129
3,342,-487,151,8119
3,343,-503,157,8109
3,344,-508,142,8101
3,345,-494,140,8101
3,346,-493,134,8081
3,347,-504,130,8099
3,348,-497,133,8116
3,349,-500,137,8120
3,350,-500,137,8129
3,351,-499,127,8121
3,352,-509,127,8135
3,353,-508,139,8128
3,354,-506,134,8126
3,355,-495,140,8121
3,356,-488,132,8117
3,357,-500,119,8120
3,358,-507,137,8146
3,359,-515,145,8132
3,360,-518,148,8124
3,361,-515,140,8115
3,362,-516,144,8111
3,363,-500,131,8128
3,364,-494,128,8132
3,365,-498,133,8116
3,366,-510,130,8124
3,367,-505,121,8116
3,368,-509,131,8120
3,369,-514,147,8116
3,370,-512,145,8119
3,371,-518,145,8126
3,372,-517,136,8114
3,373,-506,137,8116
3,374,-525,142,8105
3,375,-520,136,8101
3,376,-497,140,8101
3,377,-500,144,8095
3,378,-505,148,8096
3,379,-507,151,8094
3,380,-514,152,8109
3,381,-515,142,8129
3,382,-491,140,8123
3,383,-501,137,8133
3,384,-518,134,8138
3,385,-515,137,8121
3,386,-513,138,8105
3,387,-504,139,8110
3,388,-497,145,8111
3,389,-505,138,8102
3,390,-504,145,8106
3,391,-494,150,8108
3,392,-503,150,8114
3,393,-506,154,8115
3,394,-511,144,8130
3,395,-509,151,8141
3,396,-513,149,8109
3,397,-514,150,8100
3,398,-517,159,8097
3,399,-508,158,8093
3,400,-506,151,8091
3,401,-493,152,8105
3,402,-475,153,8105
3,403,-491,152,8106
3,404,-488,147,8126
3,405,-501,145,8124
3,406,-501,147,8124
3,407,-511,146,8131
3,408,-516,137,8144
3,409,-511,140,8134
3,410,-517,135,8132
3,411,-513,153,8142
3,412,-506,148,8131
3,413,-503,145,8136
3,414,-519,137,8134
3,415,-523,137,8135
3,416,-502,133,8145
3,417,-500,147,8127
3,418,-508,148,8125
3,419,-511,147,8144
3,420,-498,134,8142
3,421,-498,137,8132
3,422,-502,139,8122
3,423,-503,142,8122
3,424,-506,145,8136
3,425,-508,147,8140
3,426,-499,134,8150
3,427,-490,132,8137
3,428,-487,140,8129
3,429,-496,138,8115
3,430,-503,148,8124
3,431,-508,147,8130
3,432,-505,143,8136
3,433,-501,144,8112
3,434,-493,145,8101
3,435,-495,148,8108
3,436,-500,143,8119
3,437,-486,151,8130
3,438,-491,145,8126
3,439,-486,134,8132
3,440,-495,137,8130
3,441,-501,139,8116
3,442,-503,145,8129
3,443,-509,131,8125
3,444,-503,123,8118
3,445,-496,125,8105
3,446,-490,135,8119
3,447,-501,139,8135
3,448,-508,136,8145
3,449,-509,131,8130
3,450,-506,134,8150
3,451,-506,137,8156
3,452,-511,126,8146
3,453,-504,135,8144
3,454,-499,141,8139
3,455,-491,147,8127
3,456,-493,128,8116
3,457,-496,132,8107
3,458,-502,121,8115
3,459,-497,133,8113
3,460,-497,141,8094
3,461,-511,141,8106
3,462,-504,140,8112
3,463,-506,136,8106
3,464,-512,141,8126
3,465,-514,144,8136
3,466,-516,142,8125
3,467,-514,156,8112
3,468,-507,148,8124
3,469,-504,149,8125
3,470,-503,153,8118
3,471,-500,137,8125
3,472,-518,135,8126
3,473,-510,143,8132
3,474,-517,140,8127
3,475,-518,135,8142
3,476,-506,135,8137
3,477,-514,138,8124
3,478,-522,137,8132
3,479,-520,140,8117
3,480,-525,147,8119
3,481,-516,139,8138
3,482,-517,137,8132
3,483,-519,147,8139
3,484,-509,139,8138
3,485,-496,143,8132
3,486,-504,141,8134
3,487,-494,142,8120
3,488,-505,148,8119
3,489,-516,142,8129
3,490,-521,125,8144
3,491,-521,130,8134
3,492,-498,132,8125
3,493,-496,142,8110
3,494,-500,141,8123
3,495,-506,139,8123
3,496,-505,132,8116
3,497,-496,138,8112
3,498,-499,129,8121
3,499,-501,132,8121
3,500,-502,141,8118
3,501,-501,137,8123
3,502,-507,131,8122
3,503,-515,124,8150
3,504,-510,133,8138
3,505,-513,137,8138
3,506,-520,135,8133
3,507,-516,136,8142
3,508,-516,125,8144
3,509,-522,120,8137
3,510,-519,110,8125
3,511,-516,130,8124
3,512,-515,145,8106
3,513,-509,133,8101
3,514,-515,137,8114
3,515,-513,139,8123
3,516,-498,150,8108
3,517,-518,142,8118
3,518,-520,133,8152
3,519,-505,133,8154
3,520,-504,139,8133
3,521,-500,147,8106
3,522,-499,146,8113
3,523,-499,128,8123
3,524,-498,126,8141
3,525,-507,121,8157
3,526,-517,131,8167
3,527,-518,137,8166
3,528,-521,147,8144
3,529,-514,156,8131
3,530,-514,153,8129
3,531,-514,151,8147
3,532,-517,136,8129
3,533,-517,140,8118
3,534,-520,133,8116
3,535,-516,144,8107
3,536,-517,144,8124
3,537,-512,141,8123
3,538,-520,143,8141
3,539,-513,139,8144
3,540,-508,143,8135
3,541,-517,138,8131
3,542,-512,133,8131
3,543,-503,138,8126
3,544,-496,147,8119
3,545,-506,130,8117
3,546,-502,120,8124
3,547,-503,124,8121
3,548,-503,127,8116
3,549,-515,130,8121
3,550,-520,137,8108
3,551,-515,142,8109
3,552,-516,141,8107
3,553,-519,151,8127
3,554,-518,141,8122
3,555,-512,136,8106
3,556,-517,139,8116
3,557,-508,148,8113
3,558,-508,147,8109
3,559,-515,143,8107
3,560,-524,137,8116
3,561,-517,139,8102
3,562,-515,139,8124
3,563,-519,152,8138
3,564,-515,144,8131
3,565,-509,151,8124
3,566,-497,149,8105
3,567,-512,140,8104
3,568,-516,138,8109
3,569,-516,144,8093
3,570,-522,144,8120
3,571,-528,144,8120
3,572,-510,137,8118
3,573,-504,144,8122
3,574,-502,148,8123
3,575,-510,147,8116
3,576,-521,144,8116
3,577,-528,137,8106
3,578,-524,136,8091
3,579,-521,139,8100
3,580,-526,136,8094
3,581,-527,141,8089
3,582,-512,142,8106
3,583,-504,142,8088
3,584,-500,138,8102
3,585,-503,139,8113
3,586,-507,136,8120
3,587,-518,147,8122
3,588,-514,145,8117
3,589,-505,154,8105
3,590,-507,148,8107
3,591,-513,170,8114
3,592,-510,153,8106
3,593,-499,134,8135
3,594,-499,123,8117
3,595,-512,111,8101
3,596,-517,105,8092
3,597,-518,122,8071
3,598,-522,135,8079
3,599,-519,131,8089
3,600,-506,122,8091
3,601,-513,134,8112
3,602,-496,133,8123
3,603,-491,130,8121
3,604,-499,133,8119
3,605,-500,132,8114
3,606,-514,130,8124
3,607,-517,124,8111
3,608,-513,148,8117
3,609,-502,152,8111
3,610,-509,136,8121
3,611,-517,140,8111
3,612,-513,127,8108
3,613,-508,119,8101
3,614,-509,124,8093
3,615,-496,136,8077
3,616,-505,145,8092
3,617,-517,149,8110
3,618,-515,143,8108
3,619,-511,130,8099
3,620,-505,139,8105
3,621,-508,129,8108
3,622,-502,141,8109
3,623,-512,133,8122
3,624,-511,128,8128
3,625,-511,130,8114
3,626,-493,136,8116
3,627,-486,147,8108
3,628,-497,145,8125
3,629,-510,150,8144
3,630,-517,145,8130
3,631,-512,147,8131
3,632,-515,149,8136
3,633,-521,141,8135
3,634,-516,135,8134
3,635,-499,145,8117
3,636,-491,138,8121
3,637,-490,136,8148
3,638,-502,142,8146
3,639,-507,145,8129
3,640,-507,142,8112
3,641,-522,154,8103
3,642,-513,150,8102
3,643,-504,148,8107
3,644,-512,141,8136
3,645,-509,142,8138
3,646,-508,135,8120
3,647,-499,145,8128
3,648,-490,146,8132
3,649,-490,143,8122
3,650,-496,138,8115
3,651,-493,141,8113
3,652,-504,143,8108
3,653,-512,136,8115
3,654,-513,139,8131
3,655,-509,142,8127
3,656,-504,145,8117
3,657,-506,141,8120
3,658,-524,143,8140
3,659,-516,139,8142
3,660,-515,138,8132
3,661,-518,143,8139
3,662,-516,154,8136
3,663,-507,147,8130
3,664,-504,133,8125
3,665,-516,135,8109
3,666,-497,129,8117
3,667,-497,132,8115
3,668,-504,136,8134
3,669,-499,129,8143
3,670,-502,124,8118
3,671,-507,136,8116
3,672,-517,143,8105
3,673,-514,145,8109
3,674,-518,141,8109
3,675,-510,148,8110
3,676,-511,145,8129
3,677,-518,141,8125
3,678,-512,138,8126
3,679,-505,155,8136
3,680,-501,149,8138
3,681,-502,148,8139
3,682,-496,145,8129
3,683,-506,133,8124
3,684,-504,140,8138
3,685,-513,143,8135
3,686,-511,141,8131
3,687,-512,137,8129
3,688,-503,139,8130
3,689,-504,134,8120
3,690,-516,142,8121
3,691,-513,148,8110
3,692,-506,137,8107
3,693,-513,142,8092
3,694,-511,129,8102
3,695,-504,138,8109
3,696,-500,137,8127
3,697,-511,142,8110
3,698,-511,146,8138
3,699,-510,141,8128
3,700,-496,140,8131
3,701,-485,140,8117
3,702,-496,156,8121
3,703,-503,162,8133
3,704,-500,157,8115
3,705,-511,145,8126
3,706,-512,132,8109
3,707,-498,135,8117
3,708,-507,145,8106
3,709,-505,154,8119
3,710,-507,154,8135
3,711,-501,140,8138
3,712,-503,135,8132
3,713,-499,138,8135
3,714,-497,142,8139
3,715,-511,143,8126
3,716,-523,137,8124
3,717,-519,146,8114
3,718,-499,136,8122
3,719,-499,131,8119
3,720,-495,140,8104
3,721,-489,143,8115
3,722,-511,134,8125
3,723,-517,135,8121
3,724,-525,149,8124
3,725,-521,146,8129
3,726,-527,136,8134
3,727,-523,130,8128
3,728,-522,150,8134
3,729,-521,151,8112
3,730,-516,153,8118
3,731,-513,145,8109
3,732,-497,147,8104
3,733,-496,140,8125
3,734,-498,123,8115
3,735,-488,129,8120
3,736,-511,133,8109
3,737,-504,137,8118
3,738,-502,134,8120
3,739,-504,140,8120
3,740,-506,141,8123
3,741,-505,151,8127
3,742,-510,146,8131
3,743,-521,152,8118
3,744,-523,139,8116
3,745,-529,137,8117
3,746,-518,130,8125
3,747,-508,143,8124
3,748,-509,139,8133
3,749,-505,137,8141
3,750,-496,144,8120
3,751,-495,141,8124
3,752,-508,134,8136
3,753,-512,130,8122
3,754,-516,135,8126
3,755,-519,138,8123
3,756,-518,146,8109
3,757,-526,152,8112
3,758,-518,139,8103
3,759,-517,144,8108
3,760,-516,140,8116
3,761,-516,142,8128
3,762,-516,149,8137
3,763,-511,144,8123
3,764,-509,138,8128
3,765,-517,141,8126
3,766,-520,138,8139
3,767,-517,144,8133
3,768,-516,147,8119
3,769,-513,148,8111
3,770,-507,141,8115
3,771,-518,145,8117
3,772,-514,134,8119
3,773,-504,140,8132
3,774,-496,149,8111
3,775,-499,148,8120
3,776,-494,136,8137
3,777,-507,133,8145
3,778,-510,135,8146
3,779,-515,149,8136
3,780,-512,149,8123
3,781,-501,147,8114
3,782,-505,145,8107
3,783,-497,147,8096
3,784,-499,146,8112
3,785,-495,141,8118
3,786,-492,130,8111
3,787,-490,134,8118
3,788,-490,122,8144
3,789,-503,121,8130
3,790,-507,127,8136
3,791,-509,126,8130
3,792,-508,122,8129
3,793,-495,137,8119
3,794,-499,145,8129
3,795,-496,147,8107
3,796,-492,141,8109
3,797,-495,149,8113
3,798,-503,143,8109
3,799,-505,139,8126
3,800,-506,147,8109
3,801,-509,152,8119
3,802,-506,140,8112
3,803,-503,133,8129
3,804,-508,125,8115
3,805,-509,130,8135
3,806,-508,143,8130
3,807,-512,156,8140
3,808,-503,151,8152
3,809,-506,159,8147
3,810,-516,149,8139
3,811,-522,145,8138
3,812,-518,146,8130
3,813,-516,131,8126
3,814,-509,130,8119
3,815,-514,130,8114
3,816,-515,142,8114
3,817,-512,149,8109
3,818,-521,153,8122
3,819,-511,153,8134
3,820,-511,157,8134
3,821,-499,151,8141
3,822,-508,148,8128
3,823,-505,148,8138
3,824,-503,148,8139
3,825,-500,135,8129
3,826,-503,141,8131
3,827,-508,145,8120
3,828,-506,149,8117
3,829,-507,152,8125
3,830,-517,152,8121
3,831,-515,149,8115
3,832,-520,147,8117
3,833,-527,140,8120
3,834,-521,130,8119
3,835,-511,141,8124
3,836,-509,142,8103
3,837,-507,146,8123
3,838,-497,136,8127
3,839,-509,148,8131
3,840,-512,142,8136
3,841,-503,150,8112
3,842,-497,153,8122
3,843,-514,141,8126
3,844,-519,142,8120
3,845,-516,136,8127
3,846,-509,147,8132
3,847,-510,145,8138
3,848,-512,151,8130
3,849,-506,158,8111
3,850,-499,147,8103
3,851,-493,149,8109
3,852,-498,135,8109
3,853,-491,126,8105
3,854,-499,120,8113
3,855,-497,125,8112
3,856,-503,124,8107
3,857,-504,133,8100
3,858,-507,135,8117
3,859,-515,128,8120
3,860,-518,132,8134
3,861,-533,141,8110
3,862,-535,138,8099
3,863,-521,136,8095
3,864,-513,144,8104
3,865,-511,147,8113
3,866,-505,152,8128
3,867,-506,151,8122
3,868,-502,155,8128
3,869,-498,153,8132
3,870,-503,155,8130
3,871,-504,150,8130
3,872,-507,144,8132
3,873,-502,135,8117
3,874,-507,130,8129
3,875,-504,136,8133
3,876,-507,137,8130
3,877,-506,141,8115
3,878,-511,140,8135
3,879,-512,145,8135
3,880,-514,144,8130
3,881,-502,156,8126
3,882,-496,150,8127
3,883,-497,146,8123
3,884,-515,131,8109
3,885,-513,129,8098
3,886,-507,142,8099
3,887,-520,139,8087
3,888,-513,153,8079
3,889,-511,146,8083
3,890,-505,154,8100
3,891,-518,148,8107
3,892,-518,140,8119
3,893,-525,150,8115
3,894,-516,154,8119
3,895,-504,160,8102
3,896,-505,145,8099
3,897,-502,140,8108
3,898,-503,147,8101
3,899,-509,155,8111
3,900,-509,152,8103
3,901,-505,153,8104
3,902,-502,150,8114
3,903,-507,153,8116
3,904,-510,151,8117
3,905,-500,152,8125
3,906,-500,151,8128
3,907,-509,163,8129
3,908,-516,163,8114
3,909,-519,163,8102
3,910,-528,154,8108
3,911,-522,168,8119
3,912,-504,145,8136
3,913,-499,154,8141
3,914,-492,138,8137
3,915,-494,142,8127
3,916,-488,139,8116
3,917,-500,136,8106
3,918,-498,127,8110
3,919,-495,125,8125
3,920,-506,136,8141
3,921,-506,146,8141
3,922,-503,141,8137
3,923,-496,154,8139
3,924,-495,153,8140
3,925,-495,145,8122
3,926,-498,145,8122
3,927,-500,143,8114
3,928,-505,136,8107
3,929,-516,134,8118
3,930,-517,125,8124
3,931,-516,134,8118
3,932,-508,145,8128
3,933,-498,147,8142
3,934,-503,147,8139
3,935,-511,152,8125
3,936,-513,154,8113
3,937,-524,151,8105
3,938,-526,142,8102
3,939,-526,136,8113
3,940,-526,137,8108
3,941,-530,141,8114
3,942,-524,151,8121
3,943,-527,148,8106
3,944,-523,153,8113
3,945,-519,155,8121
3,946,-518,144,8130
3,947,-502,128,8105
3,948,-505,124,8123
3,949,-510,119,8135
3,950,-518,128,8132
3,951,-514,144,8128
3,952,-501,141,8117
3,953,-503,141,8109
3,954,-508,142,8105
3,955,-501,143,8106
3,956,-509,135,8117
3,957,-515,141,8120
3,958,-516,145,8120
3,959,-515,155,8124
3,960,-516,149,8114
3,961,-507,142,8116
3,962,-514,144,8126
3,963,-516,132,8124
3,964,-497,143,8135
3,965,-493,161,8128
3,966,-507,154,8113
3,967,-521,145,8094
3,968,-515,142,8099
3,969,-513,134,8107
3,970,-517,149,8108
3,971,-510,140,8103
3,972,-505,139,8124
3,973,-502,145,8128
3,974,-518,142,8127
3,975,-525,138,8121
3,976,-518,155,8128
3,977,-514,146,8134
3,978,-519,152,8140
3,979,-511,141,8134
3,980,-510,135,8135
3,981,-517,134,8135
3,982,-514,144,8130
3,983,-513,140,8127
3,984,-505,160,8137
3,985,-494,156,8138
3,986,-496,153,8137
3,987,-506,152,8127
3,988,-518,149,8115
3,989,-520,147,8133
3,990,-519,152,8137
3,991,-511,146,8145
3,992,-509,144,8139
3,993,-497,140,8136
3,994,-511,133,8148
3,995,-508,129,8148
3,996,-507,131,8148
3,997,-505,127,8141
3,998,-499,131,8137
3,999,-494,132,8148
3,1000,-497,129,8146
3,1001,-521,128,8142
3,1002,-523,133,8125
3,1003,-514,148,8113
3,1004,-511,138,8113
3,1005,-514,146,8114
3,1006,-516,151,8134
3,1007,-518,152,8121
3,1008,-536,143,8109
3,1009,-526,143,8127
3,1010,-517,151,8128
3,1011,-514,143,8136
3,1012,-508,150,8141
3,1013,-508,144,8158
3,1014,-498,142,8125
3,1015,-505,134,8129
3,1016,-500,144,8116
3,1017,-498,147,8112
3,1018,-506,140,8124
3,1019,-509,138,8129
3,1020,-513,134,8128
3,1021,-505,135,8132
3,1022,-521,142,8142
3,1023,-508,148,8140
3,1024,-499,146,8144
3,1025,-507,146,8142
3,1026,-498,148,8146
3,1027,-515,138,8128
3,1028,-522,142,8124
3,1029,-506,141,8118
3,1030,-505,144,8125
3,1031,-514,142,8128
3,1032,-523,145,8120
3,1033,-525,137,8136
3,1034,-515,125,8130
3,1035,-511,126,8113
3,1036,-510,128,8114
3,1037,-515,127,8111
3,1038,-513,136,8129
3,1039,-523,148,8138
3,1040,-512,146,8140
3,1041,-509,156,8151
3,1042,-497,154,8154
3,1043,-494,147,8131
3,1044,-502,150,8124
3,1045,-509,141,8123
3,1046,-506,141,8113
3,1047,-504,135,8117
3,1048,-511,124,8116
3,1049,-514,139,8125
3,1050,-508,133,8115
3,1051,-505,135,8116
3,1052,-503,137,8149
3,1053,-499,135,8140
3,1054,-494,145,8123
3,1055,-505,152,8126
3,1056,-502,148,8119
3,1057,-502,144,8150
3,1058,-509,148,8154
3,1059,-509,146,8148
3,1060,-506,145,8114
3,1061,-509,138,8128
3,1062,-512,133,8121
3,1063,-517,133,8115
3,1064,-500,123,8131
3,1065,-510,123,8136
3,1066,-507,139,8118
3,1067,-514,139,8117
3,1068,-509,143,8131
3,1069,-501,144,8133
3,1070,-492,151,8135
3,1071,-497,148,8133
3,1072,-493,153,8124
3,1073,-507,159,8116
3,1074,-500,150,8125
3,1075,-492,141,8140
3,1076,-495,118,8132
3,1077,-502,125,8132
3,1078,-511,127,8129
3,1079,-514,128,8144
3,1080,-504,138,8142
3,1081,-501,140,8138
3,1082,-493,141,8144
3,1083,-499,139,8139
3,1084,-504,143,8128
3,1085,-515,141,8126
3,1086,-507,150,8122
3,1087,-511,142,8113
3,1088,-508,148,8106
3,1089,-501,161,8108
3,1090,-500,151,8110
3,1091,-502,156,8120
3,1092,-496,155,8134
3,1093,-502,158,8141
3,1094,-503,151,8148
3,1095,-502,138,8147
3,1096,-508,150,8138
3,1097,-513,131,8116
3,1098,-514,131,8125
3,1099,-507,130,8142
3,1100,-510,136,8132
3,1101,-521,149,8127
3,1102,-526,147,8127
3,1103,-514,136,8122
3,1104,-516,140,8120
3,1105,-527,136,8134
3,1106,-527,134,8115
3,1107,-523,132,8125
3,1108,-519,132,8135
3,1109,-523,133,8133
3,1110,-511,137,8119
3,1111,-506,137,8130
3,1112,-504,127,8136
3,1113,-502,132,8141
3,1114,-514,131,8156
3,1115,-507,130,8159
3,1116,-519,133,8134
3,1117,-515,143,8140
3,1118,-505,136,8141
3,1119,-515,133,8112
3,1120,-507,140,8111
3,1121,-507,139,8102
3,1122,-503,124,8101
3,1123,-506,125,8116
3,1124,-514,120,8122
3,1125,-506,125,8120
3,1126,-510,123,8115
3,1127,-510,140,8102
3,1128,-516,146,8103
3,1129,-517,144,8095
3,1130,-515,153,8113
3,1131,-510,152,8110
3,1132,-513,156,8123
3,1133,-513,154,8113
3,1134,-512,142,8128
3,1135,-508,158,8144
3,1136,-503,161,8159
3,1137,-495,144,8153
3,1138,-499,133,8126
3,1139,-489,133,8122
3,1140,-493,129,8124
3,1141,-504,132,8134
3,1142,-521,125,8145
3,1143,-530,133,8146
3,1144,-524,140,8137
3,1145,-521,138,8145
3,1146,-510,127,8139
3,1147,-497,137,8133
3,1148,-500,135,8123
3,1149,-501,140,8131
3,1150,-501,146,8123
3,1151,-505,156,8117
3,1152,-500,156,8114
3,1153,-501,150,8120
3,1154,-519,145,8116
3,1155,-520,147,8115
3,1156,-510,129,8104
3,1157,-505,132,8101
3,1158,-501,135,8115
3,1159,-518,129,8107
3,1160,-529,119,8127
3,1161,-533,123,8144
3,1162,-526,132,8156
3,1163,-522,141,8155
3,1164,-517,141,8131
3,1165,-515,138,8134
3,1166,-519,148,8129
3,1167,-508,149,8135
3,1168,-510,147,8125
3,1169,-500,143,8134
3,1170,-484,129,8127
3,1171,-490,125,8133
3,1172,-494,126,8134
3,1173,-498,128,8136
3,1174,-507,133,8144
3,1175,-508,143,8139
3,1176,-510,137,8123
3,1177,-509,129,8114
3,1178,-504,134,8100
3,1179,-507,134,8105
3,1180,-499,131,8096
3,1181,-511,126,8104
3,1182,-513,124,8122
3,1183,-502,120,8107
3,1184,-488,118,8107
3,1185,-490,116,8114
3,1186,-489,127,8108
3,1187,-495,123,8117
3,1188,-489,121,8127
3,1189,-486,119,8133
3,1190,-501,123,8124
3,1191,-507,124,8126
3,1192,-506,120,8146
3,1193,-501,131,8132
3,1194,-502,132,8128
3,1195,-502,128,8132
3,1196,-507,131,8131
3,1197,-513,130,8127
3,1198,-520,148,8120
3,1199,-508,141,8128
3,1200,-515,150,8141
3,1201,-516,144,8140
3,1202,-514,152,8122
3,1203,-504,157,8132
3,1204,-496,159,8137
3,1205,-504,153,8123
3,1206,-494,144,8139
3,1207,-497,131,8132
3,1208,-505,126,8145
3,1209,-512,120,8144
3,1210,-504,128,8125
3,1211,-506,137,8116
3,1212,-505,142,8118
3,1213,-507,142,8121
3,1214,-510,130,8116
3,1215,-522,136,8139
3,1216,-520,133,8139
3,1217,-517,131,8133
3,1218,-499,129,8136
3,1219,-496,130,8132
3,1220,-515,142,8126
3,1221,-526,149,8132
3,1222,-527,143,8152
3,1223,-530,145,8136
3,1224,-522,152,8138
3,1225,-517,138,8125
3,1226,-519,142,8137
3,1227,-522,146,8139
3,1228,-527,129,8133
3,1229,-528,137,8137
3,1230,-525,138,8143
3,1231,-521,135,8123
3,1232,-506,150,8112
3,1233,-500,134,8101
3,1234,-507,146,8110
3,1235,-516,138,8117
3,1236,-534,135,8109
3,1237,-525,134,8118
3,1238,-516,134,8125
3,1239,-519,142,8130
3,1240,-526,134,8118
3,1241,-523,132,8128
3,1242,-521,144,8133
3,1243,-516,145,8139
3,1244,-510,144,8141
3,1245,-507,142,8137
3,1246,-515,139,8134
3,1247,-512,137,8131
3,1248,-513,135,8120
3,1249,-503,139,8096
3,1250,-511,130,8105
3,1251,-518,135,8093
3,1252,-520,125,8094
3,1253,-523,125,8103
3,1254,-522,129,8105
3,1255,-511,139,8122
3,1256,-510,144,8121
3,1257,-512,149,8120
3,1258,-508,154,8125
3,1259,-503,147,8128
3,1260,-505,135,8135
3,1261,-494,139,8125
3,1262,-505,147,8127
3,1263,-502,140,8127
3,1264,-501,159,8129
3,1265,-500,147,8143
3,1266,-507,143,8146
3,1267,-502,146,8139
3,1268,-499,140,8135
3,1269,-508,131,8121
3,1270,-501,129,8132
3,1271,-495,133,8125
3,1272,-490,140,8124
3,1273,-484,136,8124
3,1274,-512,133,8139
3,1275,-516,147,8142
3,1276,-507,157,8122
3,1277,-509,149,8118
3,1278,-509,136,8139
3,1279,-517,149,8146
3,1280,-514,162,8153
3,1281,-512,168,8150
3,1282,-509,160,8132
3,1283,-501,153,8121
3,1284,-511,151,8127
3,1285,-513,147,8121
3,1286,-512,143,8121
3,1287,-506,143,8122
3,1288,-518,140,8126
3,1289,-517,140,8125
3,1290,-519,146,8120
3,1291,-509,152,8132
3,1292,-492,140,8114
3,1293,-498,136,8117
3,1294,-514,131,8110
3,1295,-520,130,8120
3,1296,-508,128,8125
3,1297,-502,117,8129
3,1298,-515,118,8110
3,1299,-516,132,8101
3,1300,-505,137,8122
3,1301,-512,145,8116
3,1302,-511,139,8143
3,1303,-509,137,8136
3,1304,-519,137,8137
3,1305,-508,121,8119
3,1306,-520,128,8110
3,1307,-523,122,8107
3,1308,-522,118,8106
3,1309,-530,113,8113
3,1310,-535,117,8105
3,1311,-505,123,8111
3,1312,-499,128,8128
3,1313,-494,130,8120
3,1314,-511,137,8111
3,1315,-518,138,8103
3,1316,-510,132,8098
3,1317,-519,136,8107
3,1318,-518,132,8103
3,1319,-515,132,8110
3,1320,-510,131,8121
3,1321,-511,130,8104
3,1322,-516,142,8107
3,1323,-507,149,8108
3,1324,-498,150,8104
3,1325,-500,150,8101
3,1326,-506,142,8093
3,1327,-499,145,8114
3,1328,-506,143,8112
3,1329,-503,136,8117
3,1330,-504,133,8107
3,1331,-500,141,8097
3,1332,-502,136,8095
3,1333,-514,143,8097
3,1334,-508,142,8094
3,1335,-499,142,8110
3,1336,-509,138,8137
3,1337,-505,130,8127
3,1338,-517,136,8111
3,1339,-524,137,8129
3,1340,-528,130,8132
3,1341,-518,129,8130
3,1342,-515,140,8129
3,1343,-512,135,8127
3,1344,-519,146,8112
3,1345,-503,152,8122
3,1346,-498,157,8137
3,1347,-509,158,8129
3,1348,-501,137,8137
3,1349,-513,131,8120
3,1350,-522,132,8117
3,1351,-523,135,8129
3,1352,-519,135,8119
3,1353,-520,139,8126
3,1354,-517,134,8122
3,1355,-507,124,8113
3,1356,-500,122,8098
3,1357,-508,128,8125
3,1358,-511,136,8136
3,1359,-502,150,8124
3,1360,-506,142,8118
3,1361,-506,141,8123
3,1362,-512,142,8124
3,1363,-500,147,8108
3,1364,-501,130,8110
3,1365,-500,128,8110
3,1366,-508,132,8107
3,1367,-507,134,8124
3,1368,-498,139,8123
3,1369,-504,139,8112
3,1370,-512,129,8107
3,1371,-524,127,8126
3,1372,-523,127,8114
3,1373,-511,142,8113
3,1374,-508,140,8105
3,1375,-500,132,8099
3,1376,-498,148,8114
3,1377,-510,153,8119
3,1378,-503,154,8107
3,1379,-502,142,8102
3,1380,-514,140,8115
3,1381,-513,141,8109
3,1382,-510,137,8111
3,1383,-504,138,8109
3,1384,-493,132,8111
3,1385,-506,125,8118
3,1386,-508,126,8120
3,1387,-500,130,8125
3,1388,-505,134,8119
3,1389,-518,133,8119
3,1390,-523,122,8124
3,1391,-524,137,8117
3,1392,-522,145,8107
3,1393,-522,153,8106
3,1394,-526,139,8119
3,1395,-508,134,8136
3,1396,-503,122,8134
3,1397,-498,136,8132
3,1398,-517,147,8129
3,1399,-516,150,8131
3,1400,-517,146,8145
3,1401,-506,139,8135
3,1402,-501,144,8130
3,1403,-502,145,8117
3,1404,-519,138,8116
3,1405,-512,121,8120
3,1406,-506,120,8128
3,1407,-513,124,8118
3,1408,-515,115,8127
3,1409,-515,117,8112
3,1410,-499,127,8110
3,1411,-512,131,8122
3,1412,-508,134,8127
3,1413,-514,139,8119
3,1414,-512,143,8115
3,1415,-518,132,8133
3,1416,-508,145,8127
3,1417,-501,141,8115
3,1418,-507,143,8101
3,1419,-504,151,8106
3,1420,-502,151,8120
3,1421,-510,141,8129
3,1422,-518,134,8135
3,1423,-514,131,8126
3,1424,-516,136,8130
3,1425,-511,144,8118
3,1426,-498,143,8114
3,1427,-496,146,8134
3,1428,-492,140,8149
3,1429,-499,138,8129
3,1430,-518,149,8114
3,1431,-504,138,8119
3,1432,-493,135,8107
3,1433,-499,138,8123
3,1434,-509,132,8130
3,1435,-510,133,8121
3,1436,-511,125,8128
3,1437,-501,130,8132
3,1438,-510,132,8127
3,1439,-526,135,8128
3,1440,-522,147,8134
3,1441,-520,142,8120
3,1442,-509,142,8127
3,1443,-506,142,8130
3,1444,-509,136,8107
3,1445,-517,132,8112
3,1446,-510,145,8121
3,1447,-505,157,8109
3,1448,-496,147,8117
3,1449,-498,145,8115
3,1450,-517,140,8125
3,1451,-529,135,8147
3,1452,-530,141,8137
3,1453,-524,144,8124
3,1454,-516,144,8119
3,1455,-534,144,8108
3,1456,-542,155,8110
3,1457,-526,144,8106
3,1458,-524,143,8094
3,1459,-520,141,8110
3,1460,-513,142,8105
3,1461,-503,136,8108
3,1462,-497,137,8119
3,1463,-506,136,8117
3,1464,-513,144,8110
3,1465,-510,149,8102
3,1466,-515,150,8107
3,1467,-516,141,8115
3,1468,-509,145,8117
3,1469,-516,145,8128
3,1470,-512,165,8121
3,1471,-494,164,8116
3,1472,-501,148,8123
3,1473,-503,125,8120
3,1474,-491,131,8106
3,1475,-489,135,8121
3,1476,-506,130,8120
3,1477,-511,135,8149
3,1478,-516,129,8145
3,1479,-514,147,8151
3,1480,-520,139,8147
3,1481,-520,146,8144
3,1482,-516,142,8125
3,1483,-517,132,8117
3,1484,-501,132,8110
3,1485,-506,128,8123
3,1486,-522,130,8123
3,1487,-517,129,8141
3,1488,-520,130,8155
3,1489,-510,131,8150
3,1490,-499,141,8138
3,1491,-514,149,8127
3,1492,-513,146,8111
3,1493,-516,128,8100
3,1494,-507,121,8100
3,1495,-515,118,8116
3,1496,-521,120,8110
3,1497,-519,136,8115
3,1498,-519,131,8122
3,1499,-516,134,8114
3,1500,-518,138,8127
3,1501,-516,137,8153
3,1502,-511,139,8155
3,1503,-507,132,8157
3,1504,-511,125,8151
3,1505,-523,123,8140
3,1506,-522,127,8117
3,1507,-500,135,8107
3,1508,-513,132,8111
3,1509,-521,132,8114
3,1510,-523,150,8124
3,1511,-506,158,8133
3,1512,-501,158,8124
3,1513,-496,149,8135
3,1514,-504,153,8130
3,1515,-507,150,8120
3,1516,-512,148,8128
3,1517,-507,139,8125
3,1518,-506,147,8111
3,1519,-501,152,8116
3,1520,-516,148,8114
3,1521,-513,147,8108
3,1522,-506,134,8124
3,1523,-508,130,8136
3,1524,-509,134,8138
3,1525,-512,124,8137
3,1526,-501,127,8126
3,1527,-495,139,8116
3,1528,-507,144,8115
3,1529,-502,152,8127
3,1530,-495,138,8122
3,1531,-494,138,8123
3,1532,-495,139,8096
3,1533,-493,151,8083
3,1534,-489,129,8094
3,1535,-497,129,8096
3,1536,-492,129,8093
3,1537,-502,130,8091
3,1538,-496,140,8094
3,1539,-502,144,8115
3,1540,-494,141,8118
3,1541,-497,133,8121
3,1542,-497,142,8110
3,1543,-496,141,8099
3,1544,-495,134,8110
3,1545,-498,130,8105
3,1546,-506,138,8131
3,1547,-514,147,8134
3,1548,-525,145,8112
3,1549,-530,143,8123
3,1550,-529,137,8149
3,1551,-513,122,8137
3,1552,-513,123,8132
3,1553,-498,132,8136
3,1554,-503,132,8131
3,1555,-504,132,8127
3,1556,-519,131,8125
3,1557,-521,146,8105
3,1558,-523,147,8118
3,1559,-520,142,8123
3,1560,-522,143,8121
3,1561,-511,121,8121
3,1562,-511,137,8111
3,1563,-515,154,8121
3,1564,-525,157,8119
3,1565,-516,164,8136
3,1566,-521,145,8139
3,1567,-525,142,8126
3,1568,-510,143,8106
3,1569,-503,134,8104
3,1570,-492,131,8111
3,1571,-501,131,8116
3,1572,-516,141,8106
3,1573,-513,140,8113
3,1574,-518,140,8120
3,1575,-508,140,8113
3,1576,-501,138,8120
3,1577,-493,134,8112
3,1578,-508,138,8115
3,1579,-518,131,8115
3,1580,-507,133,8123
3,1581,-506,132,8123
3,1582,-508,124,8116
3,1583,-510,125,8120
3,1584,-513,141,8118
3,1585,-503,138,8111
3,1586,-497,133,8109
3,1587,-499,143,8109
3,1588,-499,156,8108
3,1589,-507,159,8113
3,1590,-514,137,8113
3,1591,-508,136,8108
3,1592,-502,128,8108
3,1593,-502,132,8109
3,1594,-489,136,8113
3,1595,-492,137,8101
3,1596,-498,132,8093
3,1597,-504,138,8104
3,1598,-503,132,8106
3,1599,-508,125,8113
3,1600,-514,118,8127
3,1601,-505,127,8127
3,1602,-497,127,8113
3,1603,-505,140,8106
3,1604,-503,146,8116
3,1605,-497,144,8122
3,1606,-500,150,8107
3,1607,-512,156,8098
3,1608,-516,169,8109
3,1609,-500,164,8120
3,1610,-519,155,8125
3,1611,-528,155,8125
3,1612,-527,146,8123
3,1613,-510,143,8124
3,1614,-508,132,8111
3,1615,-511,130,8119
3,1616,-515,127,8125
3,1617,-521,125,8118
3,1618,-516,143,8130
3,1619,-520,136,8123
3,1620,-518,133,8114
3,1621,-510,146,8118
3,1622,-504,147,8124
3,1623,-495,147,8126
3,1624,-504,150,8124
3,1625,-499,154,8114
3,1626,-495,138,8114
3,1627,-486,139,8118
3,1628,-499,134,8120
3,1629,-503,146,8121
3,1630,-513,140,8121
3,1631,-523,141,8097
3,1632,-512,144,8114
3,1633,-522,129,8114
3,1634,-521,134,8136
3,1635,-518,135,8134
3,1636,-508,143,8113
3,1637,-509,149,8119
3,1638,-501,152,8119
3,1639,-501,142,8133
3,1640,-500,139,8128
3,1641,-512,144,8136
3,1642,-518,150,8148
3,1643,-512,149,8144
3,1644,-518,153,8155
3,1645,-504,153,8158
3,1646,-506,156,8146
3,1647,-509,157,8138
3,1648,-490,144,8125
3,1649,-496,140,8135
3,1650,-511,153,8127
3,1651,-511,149,8133
3,1652,-505,148,8134
3,1653,-499,139,8120
3,1654,-510,139,8117
3,1655,-526,141,8115
3,1656,-517,151,8123
3,1657,-511,151,8116
3,1658,-503,144,8119
3,1659,-506,146,8110
3,1660,-508,144,8094
3,1661,-498,149,8103
3,1662,-504,159,8119
3,1663,-518,152,8125
3,1664,-514,147,8131
3,1665,-517,142,8145
3,1666,-509,132,8135
3,1667,-520,138,8126
3,1668,-517,155,8134
3,1669,-510,155,8151
3,1670,-511,146,8160
3,1671,-508,165,8142
3,1672,-509,164,8140
3,1673,-510,147,8137
3,1674,-504,141,8144
3,1675,-509,147,8133
3,1676,-521,154,8121
3,1677,-521,163,8110
3,1678,-507,159,8121
3,1679,-513,147,8136
3,1680,-505,154,8137
3,1681,-512,138,8128
3,1682,-512,138,8122
3,1683,-507,140,8118
3,1684,-515,135,8117
3,1685,-513,131,8128
3,1686,-520,141,8116
3,1687,-519,141,8106
3,1688,-513,133,8114
3,1689,-504,133,8136
3,1690,-500,133,8137
3,1691,-495,140,8148
3,1692,-490,148,8156
3,1693,-503,154,8127
3,1694,-511,134,8124
3,1695,-507,138,8110
3,1696,-510,141,8102
3,1697,-509,149,8103
3,1698,-511,140,8122
3,1699,-520,136,8130
3,1700,-520,133,8133
3,1701,-519,131,8137
3,1702,-517,142,8119
3,1703,-511,138,8122
3,1704,-504,125,8120
3,1705,-503,136,8119
3,1706,-507,134,8123
3,1707,-509,137,8119
3,1708,-513,125,8132
3,1709,-516,132,8127
3,1710,-511,133,8124
3,1711,-513,147,8107
3,1712,-509,146,8101
3,1713,-512,149,8115
3,1714,-518,152,8126
3,1715,-510,153,8118
3,1716,-506,156,8117
3,1717,-524,165,8119
3,1718,-520,162,8121
3,1719,-515,162,8141
3,1720,-519,159,8135
3,1721,-521,141,8124
3,1722,-513,136,8121
3,1723,-508,129,8139
3,1724,-502,124,8142
3,1725,-505,129,8116
3,1726,-524,128,8113
3,1727,-510,137,8120
3,1728,-511,138,8130
3,1729,-513,130,8115
3,1730,-508,126,8119
3,1731,-520,145,8112
3,1732,-515,145,8117
3,1733,-499,141,8092
3,1734,-488,143,8090
3,1735,-501,139,8103
3,1736,-499,140,8112
3,1737,-505,151,8109
3,1738,-520,147,8109
3,1739,-517,143,8114
3,1740,-509,137,8120
3,1741,-505,137,8123
3,1742,-516,138,8124
3,1743,-524,159,8133
3,1744,-514,159,8127
3,1745,-516,152,8128
3,1746,-509,144,8128
3,1747,-496,140,8121
3,1748,-497,134,8128
3,1749,-493,132,8140
3,1750,-501,137,8122
3,1751,-508,135,8132
3,1752,-507,152,8147
3,1753,-502,140,8157
3,1754,-512,129,8155
3,1755,-520,127,8143
3,1756,-514,134,8115
3,1757,-505,139,8117
3,1758,-503,136,8114
3,1759,-498,140,8098
3,1760,-490,138,8115
3,1761,-496,147,8111
3,1762,-503,144,8119
3,1763,-508,161,8110
3,1764,-516,155,8105
3,1765,-526,154,8107
3,1766,-518,158,8106
3,1767,-511,134,8130
3,1768,-498,136,8138
3,1769,-506,144,8144
3,1770,-515,141,8134
3,1771,-516,134,8139
3,1772,-512,136,8123
3,1773,-510,144,8110
3,1774,-510,153,8112
3,1775,-508,154,8108
3,1776,-507,151,8117
3,1777,-497,152,8122
3,1778,-499,143,8121
3,1779,-499,144,8115
3,1780,-511,149,8118
3,1781,-514,140,8117
3,1782,-507,146,8123
3,1783,-501,155,8112
3,1784,-499,146,8115
3,1785,-504,145,8109
3,1786,-500,142,8103
3,1787,-495,151,8102
3,1788,-503,155,8097
3,1789,-509,154,8112
3,1790,-502,151,8102
3,1791,-511,151,8096
3,1792,-523,139,8092
3,1793,-533,148,8096
3,1794,-528,147,8102
3,1795,-515,148,8110
3,1796,-508,154,8111
3,1797,-504,144,8104
3,1798,-513,137,8105
3,1799,-518,134,8119
3,1800,-499,129,8106
3,1801,-500,144,8096
3,1802,-494,156,8096
3,1803,-493,159,8098
3,1804,-495,145,8111
3,1805,-496,134,8119
3,1806,-500,132,8124
3,1807,-502,135,8125
3,1808,-505,139,8113
3,1809,-510,140,8116
3,1810,-504,132,8111
3,1811,-499,140,8105
3,1812,-509,135,8103
3,1813,-518,131,8108
3,1814,-518,122,8101
3,1815,-521,131,8099
3,1816,-512,137,8103
3,1817,-515,148,8123
3,1818,-502,151,8132
3,1819,-494,138,8130
3,1820,-502,148,8122
3,1821,-501,145,8139
3,1822,-497,150,8138
3,1823,-491,137,8123
3,1824,-493,141,8128
3,1825,-500,150,8134
3,1826,-498,148,8130
3,1827,-489,155,8137
3,1828,-490,149,8140
3,1829,-492,141,8126
3,1830,-491,135,8122
3,1831,-487,120,8114
3,1832,-490,117,8117
3,1833,-496,131,8120
3,1834,-500,148,8125
3,1835,-508,146,8124
3,1836,-503,150,8127
3,1837,-506,151,8123
3,1838,-500,139,8121
3,1839,-505,133,8124
3,1840,-514,135,8135
3,1841,-516,131,8140
3,1842,-510,135,8140
3,1843,-513,141,8150
3,1844,-500,147,8127
3,1845,-486,141,8106
3,1846,-488,129,8122
3,1847,-498,121,8102
3,1848,-504,124,8112
3,1849,-499,136,8122
3,1850,-490,145,8136
3,1851,-500,143,8134
3,1852,-493,141,8116
3,1853,-501,157,8118
3,1854,-499,155,8120
3,1855,-502,143,8109
3,1856,-493,130,8106
3,1857,-499,139,8114
3,1858,-523,152,8127
3,1859,-519,155,8117
3,1860,-523,143,8124
3,1861,-525,142,8122
3,1862,-498,151,8115
3,1863,-494,147,8089
3,1864,-502,147,8092
3,1865,-505,146,8107
3,1866,-507,146,8133
3,1867,-506,135,8119
3,1868,-514,129,8126
3,1869,-518,121,8133
3,1870,-511,122,8120
3,1871,-501,124,8117
3,1872,-498,142,8102
3,1873,-502,144,8100
3,1874,-506,129,8108
3,1875,-508,140,8122
3,1876,-497,145,8119
3,1877,-496,146,8120
3,1878,-484,151,8113
3,1879,-484,150,8113
3,1880,-510,136,8104
3,1881,-506,138,8109
3,1882,-502,137,8112
3,1883,-497,140,8108
3,1884,-492,162,8113
3,1885,-493,159,8126
3,1886,-498,151,8114
3,1887,-503,150,8126
3,1888,-507,143,8120
3,1889,-511,142,8110
3,1890,-509,153,8122
3,1891,-501,146,8121
3,1892,-506,148,8108
3,1893,-512,159,8106
3,1894,-508,153,8093
3,1895,-507,142,8114
3,1896,-520,133,8124
3,1897,-511,130,8114
3,1898,-515,131,8100
3,1899,-495,135,8119
3,1900,-498,123,8153
3,1901,-505,126,8167
3,1902,-506,124,8144
3,1903,-490,128,8142
3,1904,-478,126,8128
3,1905,-483,140,8125
3,1906,-494,133,8130
3,1907,-514,139,8131
3,1908,-518,133,8144
3,1909,-519,123,8139
3,1910,-528,140,8136
3,1911,-512,137,8133
3,1912,-520,139,8134
3,1913,-520,137,8121
3,1914,-521,138,8141
3,1915,-511,133,8144
3,1916,-516,134,8141
3,1917,-518,133,8134
3,1918,-508,130,8122
3,1919,-496,137,8114
3,1920,-504,126,8123
3,1921,-500,141,8118
3,1922,-508,143,8127
3,1923,-507,130,8130
3,1924,-513,131,8118
3,1925,-504,133,8103
3,1926,-507,130,8094
3,1927,-517,134,8086
3,1928,-521,137,8092
3,1929,-531,143,8096
3,1930,-523,149,8091
3,1931,-513,134,8085
3,1932,-502,129,8111
3,1933,-504,142,8129
3,1934,-508,149,8142
3,1935,-510,142,8134
3,1936,-514,135,8129
3,1937,-506,155,8131
3,1938,-491,160,8122
3,1939,-497,167,8120
3,1940,-507,166,8121
3,1941,-507,149,8108
3,1942,-500,150,8105
3,1943,-494,158,8106
3,1944,-509,164,8098
3,1945,-508,165,8087
3,1946,-511,159,8108
3,1947,-510,147,8114
3,1948,-508,145,8093
3,1949,-510,150,8113
3,1950,-523,140,8136
3,1951,-529,148,8120
3,1952,-530,144,8106
3,1953,-519,144,8122
3,1954,-508,132,8129
3,1955,-506,133,8138
3,1956,-503,144,8126
3,1957,-499,140,8129
3,1958,-505,146,8131
3,1959,-516,145,8133
3,1960,-518,132,8121
3,1961,-517,127,8119
3,1962,-516,131,8138
3,1963,-511,147,8158
3,1964,-523,152,8147
3,1965,-518,136,8141
3,1966,-504,155,8151
3,1967,-502,141,8137
3,1968,-502,143,8128
3,1969,-502,152,8123
3,1970,-498,143,8118
3,1971,-492,134,8128
3,1972,-489,134,8145
3,1973,-501,144,8147
3,1974,-491,131,8150
3,1975,-491,132,8135
3,1976,-502,146,8127
3,1977,-513,139,8130
3,1978,-520,143,8117
3,1979,-515,145,8113
3,1980,-511,129,8111
3,1981,-497,128,8101
3,1982,-497,134,8109
3,1983,-505,132,8102
3,1984,-510,128,8114
3,1985,-513,130,8112
3,1986,-497,130,8119
3,1987,-491,121,8128
3,1988,-499,139,8128
3,1989,-508,137,8133
3,1990,-518,148,8132
3,1991,-507,149,8132
3,1992,-504,147,8147
3,1993,-502,144,8147
3,1994,-501,127,8132
3,1995,-498,138,8133
3,1996,-509,151,8147
3,1997,-516,150,8151
3,1998,-509,155,8146
3,1999,-506,151,8119
3,2000,-504,142,8120
3,2001,-492,144,8122
3,2002,-490,138,8125
3,2003,-496,139,8126
3,2004,-510,135,8132
3,2005,-506,130,8120
3,2006,-500,134,8127
3,2007,-498,136,8127
3,2008,-498,138,8130
3,2009,-500,136,8131
3,2010,-497,132,8131
3,2011,-495,123,8122
3,2012,-498,130,8100
3,2013,-510,134,8121
3,2014,-506,123,8130
3,2015,-506,130,8119
3,2016,-514,133,8093
3,2017,-516,146,8103
3,2018,-506,136,8111
3,2019,-507,143,8134
3,2020,-510,149,8114
3,2021,-510,148,8124
3,2022,-500,144,8103
3,2023,-500,136,8104
3,2024,-501,137,8116
3,2025,-509,136,8133
3,2026,-510,136,8126
3,2027,-511,145,8115
3,2028,-510,151,8100
3,2029,-503,151,8132
3,2030,-508,138,8121
3,2031,-524,135,8122
3,2032,-518,152,8126
3,2033,-518,148,8113
3,2034,-524,160,8133
3,2035,-514,161,8133
3,2036,-513,143,8132
3,2037,-510,147,8137
3,2038,-510,140,8139
3,2039,-515,141,8132
3,2040,-513,147,8121
3,2041,-513,144,8112
3,2042,-501,134,8122
3,2043,-507,132,8133
3,2044,-514,126,8129
3,2045,-510,127,8121
3,2046,-497,130,8119
3,2047,-496,147,8127
3,2048,-492,145,8130
3,2049,-513,143,8134
3,2050,-516,143,8131
3,2051,-510,146,8118
3,2052,-504,144,8127
3,2053,-508,135,8142
3,2054,-505,130,8122
3,2055,-510,144,8140
3,2056,-493,142,8126
3,2057,-499,137,8131
3,2058,-499,131,8132
3,2059,-506,128,8116
3,2060,-510,127,8114
3,2061,-513,139,8115
3,2062,-515,152,8120
3,2063,-520,154,8128
3,2064,-521,158,8121
3,2065,-520,150,8118
3,2066,-525,141,8130
3,2067,-522,141,8126
3,2068,-518,123,8127
3,2069,-509,125,8129
3,2070,-501,115,8117
3,2071,-516,105,8114
3,2072,-517,122,8122
3,2073,-523,125,8129
3,2074,-502,130,8139
3,2075,-501,124,8123
3,2076,-497,141,8140
3,2077,-502,147,8138
3,2078,-488,158,8126
3,2079,-485,141,8128
3,2080,-486,131,8128
3,2081,-501,137,8132
3,2082,-503,139,8123
3,2083,-499,145,8130
3,2084,-492,156,8141
3,2085,-497,143,8138
3,2086,-499,147,8123
3,2087,-505,145,8127
3,2088,-506,147,8119
3,2089,-514,142,8115
3,2090,-516,144,8116
3,2091,-512,135,8116
3,2092,-514,133,8121
3,2093,-521,138,8117
3,2094,-521,125,8116
3,2095,-512,128,8119
3,2096,-509,139,8125
3,2097,-504,133,8117
3,2098,-505,130,8133
3,2099,-511,143,8126
3,2100,-508,141,8109
3,2101,-499,131,8123
3,2102,-501,137,8125
3,2103,-506,132,8117
3,2104,-500,127,8138
3,2105,-505,145,8130
3,2106,-507,154,8130
3,2107,-498,160,8122
3,2108,-500,144,8154
3,2109,-504,132,8148
3,2110,-508,125,8132
3,2111,-511,135,8136
3,2112,-510,132,8123
3,2113,-517,145,8133
3,2114,-524,146,8119
3,2115,-514,132,8139
3,2116,-507,127,8152
3,2117,-506,133,8145
3,2118,-495,138,8139
3,2119,-503,136,8127
3,2120,-504,161,8116
3,2121,-512,166,8119
3,2122,-528,148,8122
3,2123,-519,144,8138
3,2124,-507,152,8139
3,2125,-497,149,8130
3,2126,-490,142,8129
3,2127,-487,147,8125
3,2128,-499,140,8123
3,2129,-506,141,8134
3,2130,-513,156,8150
3,2131,-525,154,8126
3,2132,-517,147,8128
3,2133,-522,156,8128
3,2134,-517,143,8128
3,2135,-510,158,8129
3,2136,-516,150,8128
3,2137,-504,140,8132
3,2138,-497,144,8134
3,2139,-497,134,8127
3,2140,-505,128,8139
3,2141,-499,119,8126
3,2142,-514,117,8124
3,2143,-518,120,8137
3,2144,-507,117,8135
3,2145,-504,128,8127
3,2146,-501,135,8125
3,2147,-498,144,8120
3,2148,-503,147,8104
3,2149,-510,143,8107
3,2150,-520,135,8096
3,2151,-528,145,8110
3,2152,-513,143,8121
3,2153,-517,138,8125
3,2154,-515,134,8128
3,2155,-528,126,8132
3,2156,-511,136,8140
3,2157,-518,146,8126
3,2158,-513,148,8121
3,2159,-505,144,8128
3,2160,-502,144,8138
3,2161,-503,143,8132
3,2162,-506,146,8150
3,2163,-508,146,8146
3,2164,-514,137,8164
3,2165,-512,137,8157
3,2166,-493,134,8143
3,2167,-500,123,8128
3,2168,-502,129,8115
3,2169,-502,141,8102
3,2170,-502,149,8088
3,2171,-502,141,8099
3,2172,-508,145,8108
3,2173,-496,148,8112
3,2174,-501,144,8113
3,2175,-510,153,8109
3,2176,-512,153,8094
3,2177,-509,146,8107
3,2178,-504,135,8108
3,2179,-510,124,8109
3,2180,-510,136,8118
3,2181,-512,134,8114
3,2182,-504,147,8136
3,2183,-500,159,8147
3,2184,-504,153,8135
3,2185,-516,142,8116
3,2186,-504,143,8117
3,2187,-503,141,8122
3,2188,-500,140,8134
3,2189,-519,146,8135
3,2190,-508,158,8131
3,2191,-501,150,8134
3,2192,-514,138,8146
3,2193,-525,144,8141
3,2194,-521,147,8126
3,2195,-508,133,8118
3,2196,-499,134,8112
3,2197,-496,142,8113
3,2198,-494,129,8111
3,2199,-503,140,8102
3,2200,-516,142,8105
3,2201,-513,141,8123
3,2202,-517,146,8120
3,2203,-505,138,8139
3,2204,-510,132,8134
3,2205,-505,135,8112
3,2206,-501,128,8119
3,2207,-498,144,8115
3,2208,-495,138,8127
3,2209,-498,137,8125
3,2210,-503,137,8128
3,2211,-501,141,8122
3,2212,-498,144,8124
3,2213,-495,150,8113
3,2214,-492,144,8122
3,2215,-489,134,8122
3,2216,-489,137,8135
3,2217,-493,152,8134
3,2218,-494,148,8134
3,2219,-498,144,8130
3,2220,-514,137,8125
3,2221,-505,136,8113
3,2222,-504,149,8117
3,2223,-508,147,8118
3,2224,-515,142,8122
3,2225,-518,135,8125
3,2226,-504,139,8120
3,2227,-509,128,8113
3,2228,-502,125,8101
3,2229,-506,128,8115
3,2230,-513,131,8135
3,2231,-509,129,8128
3,2232,-500,123,8125
3,2233,-494,118,8137
3,2234,-502,127,8132
3,2235,-513,132,8131
3,2236,-518,129,8137
3,2237,-512,145,8149
3,2238,-514,137,8144
3,2239,-493,148,8140
3,2240,-495,140,8123
3,2241,-498,143,8127
3,2242,-490,137,8131
3,2243,-497,134,8131
3,2244,-505,141,8130
3,2245,-513,138,8128
3,2246,-518,139,8127
3,2247,-512,143,8135
3,2248,-510,155,8123
3,2249,-495,147,8121
3,2250,-499,130,8119
3,2251,-502,138,8102
3,2252,-495,138,8104
3,2253,-488,131,8097
3,2254,-503,128,8105
3,2255,-503,143,8124
3,2256,-514,139,8118
3,2257,-504,137,8109
3,2258,-503,132,8116
3,2259,-516,140,8126
3,2260,-531,131,8132
3,2261,-529,145,8128
3,2262,-523,145,8133
3,2263,-518,151,8137
3,2264,-524,149,8110
3,2265,-526,147,8116
3,2266,-524,150,8116
3,2267,-520,144,8128
3,2268,-519,148,8118
3,2269,-520,151,8129
3,2270,-522,139,8149
3,2271,-516,134,8153
3,2272,-513,131,8136
3,2273,-502,130,8123
3,2274,-506,132,8113
3,2275,-500,131,8128
3,2276,-513,137,8118
3,2277,-517,134,8133
3,2278,-515,126,8139
3,2279,-517,132,8141
3,2280,-511,135,8135
3,2281,-502,148,8136
3,2282,-498,143,8130
3,2283,-510,144,8131
3,2284,-511,145,8112
3,2285,-514,142,8110
3,2286,-511,134,8132
3,2287,-498,127,8123
3,2288,-506,135,8105
3,2289,-488,135,8118
3,2290,-488,130,8122
3,2291,-498,132,8134
3,2292,-502,129,8128
3,2293,-501,142,8114
3,2294,-502,143,8109
3,2295,-508,137,8113
3,2296,-501,129,8105
3,2297,-492,138,8096
3,2298,-497,140,8094
3,2299,-495,143,8105
3,2300,-491,139,8120
3,2301,-497,150,8125
3,2302,-507,150,8114
3,2303,-515,154,8108
3,2304,-518,139,8108
3,2305,-514,128,8104
3,2306,-513,130,8117
3,2307,-515,152,8140
3,2308,-509,154,8132
3,2309,-502,162,8139
3,2310,-495,155,8145
3,2311,-502,152,8157
3,2312,-501,150,8144
3,2313,-498,144,8143
3,2314,-502,142,8133
3,2315,-504,138,8107
3,2316,-506,141,8110
3,2317,-507,132,8119
3,2318,-504,131,8115
3,2319,-510,141,8108
3,2320,-507,132,8098
3,2321,-497,133,8112
3,2322,-502,137,8127
3,2323,-511,135,8140
3,2324,-506,139,8138
3,2325,-495,136,8121
3,2326,-489,138,8115
3,2327,-489,142,8120
3,2328,-500,146,8117
3,2329,-503,131,8115
3,2330,-516,135,8119
3,2331,-522,134,8122
3,2332,-507,130,8126
3,2333,-508,132,8128
3,2334,-510,120,8140
3,2335,-509,132,8127
3,2336,-504,145,8120
3,2337,-510,146,8132
3,2338,-507,152,8121
3,2339,-513,144,8118
3,2340,-514,145,8118
3,2341,-516,149,8137
3,2342,-510,135,8134
3,2343,-509,132,8122
3,2344,-516,146,8137
3,2345,-519,159,8128
3,2346,-504,154,8156
3,2347,-510,149,8142
3,2348,-506,150,8123
3,2349,-491,154,8102
3,2350,-493,141,8092
3,2351,-499,133,8113
3,2352,-504,131,8119
3,2353,-508,141,8124
3,2354,-503,153,8136
3,2355,-509,150,8122
3,2356,-502,150,8134
3,2357,-514,147,8130
3,2358,-516,147,8124
3,2359,-496,154,8110
3,2360,-500,160,8106
3,2361,-506,165,8119
3,2362,-509,165,8121
3,2363,-504,149,8118
3,2364,-516,142,8135
3,2365,-524,145,8116
3,2366,-519,143,8131
3,2367,-524,154,8143
3,2368,-515,151,8129
3,2369,-520,136,8142
3,2370,-525,131,8132
3,2371,-523,126,8131
3,2372,-524,140,8128
3,2373,-516,134,8146
3,2374,-513,130,8152
3,2375,-503,143,8134
3,2376,-504,129,8109
3,2377,-509,127,8099
3,2378,-502,138,8117
3,2379,-496,128,8121
3,2380,-504,146,8127
3,2381,-510,149,8113
3,2382,-512,152,8114
3,2383,-512,138,8119
3,2384,-512,139,8116
3,2385,-510,144,8141
3,2386,-519,148,8127
3,2387,-519,152,8115
3,2388,-512,149,8112
3,2389,-511,151,8119
3,2390,-500,151,8119
3,2391,-493,149,8115
3,2392,-493,141,8125
3,2393,-505,145,8110
3,2394,-515,149,8101
3,2395,-525,153,8118
3,2396,-519,142,8111
3,2397,-501,131,8121
3,2398,-498,128,8110
3,2399,-509,127,8120
3,2400,-509,131,8130
3,2401,-502,145,8125
3,2402,-500,142,8130
3,2403,-507,147,8145
3,2404,-508,142,8129
3,2405,-514,145,8117
3,2406,-523,150,8118
3,2407,-506,141,8102
3,2408,-505,144,8107
3,2409,-491,154,8112
3,2410,-499,145,8120
3,2411,-492,150,8138
3,2412,-483,142,8150
3,2413,-490,136,8149
3,2414,-484,140,8137
3,2415,-486,150,8127
3,2416,-508,154,8153
3,2417,-507,150,8143
3,2418,-513,161,8137
3,2419,-514,152,8125
3,2420,-529,161,8129
3,2421,-532,162,8119
3,2422,-533,146,8112
3,2423,-529,148,8109
3,2424,-515,141,8111
3,2425,-512,144,8100
3,2426,-506,150,8102
3,2427,-518,152,8115
3,2428,-503,161,8125
3,2429,-506,155,8112
3,2430,-515,138,8112
3,2431,-528,134,8108
3,2432,-505,128,8121
3,2433,-506,124,8111
3,2434,-500,134,8104
3,2435,-497,137,8126
3,2436,-497,149,8133
3,2437,-498,139,8128
3,2438,-497,142,8113
3,2439,-506,144,8116
3,2440,-508,142,8114
3,2441,-502,137,8107
3,2442,-504,143,8113
3,2443,-510,144,8123
3,2444,-522,157,8123
3,2445,-516,160,8121
3,2446,-515,161,8138
3,2447,-519,153,8138
3,2448,-520,151,8131
3,2449,-512,140,8143
3,2450,-520,139,8154
3,2451,-521,122,8139
3,2452,-512,123,8139
3,2453,-503,130,8119
3,2454,-500,127,8120
3,2455,-512,137,8104
3,2456,-514,138,8109
3,2457,-505,144,8117
3,2458,-518,146,8105
3,2459,-530,143,8116
3,2460,-527,148,8122
3,2461,-508,137,8137
3,2462,-495,126,8130
3,2463,-497,141,8126
3,2464,-504,141,8143
3,2465,-501,137,8141
3,2466,-485,141,8144
3,2467,-492,153,8133
3,2468,-494,145,8125
3,2469,-503,142,8118
3,2470,-504,124,8117
3,2471,-506,126,8116
3,2472,-497,128,8115
3,2473,-507,132,8127
3,2474,-509,140,8138
3,2475,-504,133,8141
3,2476,-507,136,8159
3,2477,-514,134,8145
3,2478,-513,141,8128
3,2479,-511,145,8114
3,2480,-491,157,8128
3,2481,-495,162,8121
3,2482,-513,155,8110
3,2483,-507,146,8134
3,2484,-507,146,8126
3,2485,-495,155,8142
3,2486,-498,154,8137
3,2487,-492,149,8137
3,2488,-508,140,8134
3,2489,-504,140,8119
3,2490,-493,146,8121
3,2491,-497,142,8129
3,2492,-498,145,8139
3,2493,-508,151,8132
3,2494,-505,156,8119
3,2495,-520,146,8115
3,2496,-511,144,8116
3,2497,-505,154,8131
4,0,-506,147,8142
4,1,-508,143,8138
4,2,-510,152,8138
4,3,-510,147,8141
4,4,-505,143,8143
4,5,-506,145,8142
4,6,-508,159,8154
4,7,-499,155,8136
4,8,-502,143,8142
4,9,-502,133,8126
4,10,-508,134,8119
4,11,-516,141,8123
4,12,-523,151,8125
4,13,-526,162,8112
4,14,-515,162,8100
4,15,-515,154,8097
4,16,-524,150,8122
4,17,-514,145,8119
4,18,-509,147,8136
4,19,-514,142,8136
4,20,-519,149,8131
4,21,-513,132,8130
4,22,-513,140,8130
4,23,-518,137,8120
4,24,-511,133,8114
4,25,-513,131,8107
4,26,-507,126,8095
4,27,-504,128,8106
4,28,-505,128,8089
4,29,-503,134,8107
4,30,-494,127,8115
4,31,-504,128,8127
4,32,-508,127,8146
4,33,-518,137,8139
4,34,-513,142,8143
4,35,-512,142,8129
4,36,-509,139,8129
4,37,-520,127,8114
4,38,-519,128,8133
4,39,-511,140,8139
4,40,-502,127,8143
4,41,-510,128,8150
4,42,-513,138,8136
4,43,-513,130,8138
4,44,-514,133,8130
4,45,-519,141,8138
4,46,-515,146,8147
4,47,-504,147,8160
4,48,-510,155,8156
4,49,-526,161,8143
4,50,-508,146,8148
4,51,-491,136,8139
4,52,-498,136,8114
4,53,-511,135,8118
4,54,-506,122,8111
4,55,-507,138,8091
4,56,-518,144,8081
4,57,-524,143,8086
4,58,-521,147,8105
4,59,-518,135,8103
4,60,-516,142,8128
4,61,-509,151,8120
4,62,-512,145,8122
4,63,-507,138,8126
4,64,-515,134,8119
4,65,-515,132,8112
4,66,-519,136,8128
4,67,-526,134,8135
4,68,-528,148,8150
4,69,-523,157,8137
4,70,-513,149,8142
4,71,-516,129,8138
4,72,-509,128,8139
4,73,-504,131,8134
4,74,-518,139,8110
4,75,-514,141,8111
4,76,-508,147,8099
4,77,-513,150,8096
4,78,-510,135,8093
4,79,-504,138,8100
4,80,-503,138,8111
4,81,-504,142,8123
4,82,-509,148,8127
4,83,-508,147,8136
4,84,-501,147,8130
4,85,-497,143,8113
4,86,-510,135,8122
4,87,-523,130,8135
4,88,-525,130,8120
4,89,-521,118,8122
4,90,-519,129,8133
4,91,-506,131,8125
4,92,-502,139,8128
4,93,-503,146,8134
4,94,-502,150,8118
4,95,-513,146,8124
4,96,-517,140,8129
4,97,-506,136,8123
4,98,-507,145,8136
4,99,-513,153,8155
4,100,-515,143,8135
4,101,-513,142,8135
4,102,-509,154,8127
4,103,-503,160,8134
4,104,-509,165,8118
4,105,-503,168,8109
4,106,-499,158,8101
4,107,-502,152,8086
4,108,-504,144,8097
4,109,-514,147,8075
4,110,-515,144,8102
4,111,-503,153,8108
4,112,-496,125,8129
4,113,-506,129,8152
4,114,-504,131,8158
4,115,-503,119,8135
4,116,-509,120,8126
4,117,-517,131,8125
4,118,-518,135,8128
4,119,-521,144,8132
4,120,-504,154,8143
4,121,-494,150,8122
4,122,-509,130,8103
4,123,-514,145,8100
4,124,-522,149,8106
4,125,-516,150,8107
4,126,-522,139,8124
4,127,-515,129,8129
4,128,-508,130,8109
4,129,-515,129,8109
4,130,-511,136,8115
4,131,-511,125,8125
4,132,-510,138,8127
4,133,-508,145,8131
4,134,-510,149,8117
4,135,-523,149,8115
4,136,-517,146,8103
4,137,-510,139,8111
4,138,-508,142,8129
4,139,-509,136,8110
4,140,-513,135,8111
4,141,-519,139,8097
4,142,-506,146,8112
4,143,-502,150,8134
4,144,-513,147,8143
4,145,-520,134,8139
4,146,-521,139,8124
4,147,-509,159,8129
4,148,-507,162,8116
4,149,-506,156,8103
4,150,-509,150,8117
4,151,-502,142,8125
4,152,-505,131,8119
4,153,-509,137,8117
4,154,-502,140,8127
4,155,-518,158,8143
4,156,-507,159,8140
4,157,-504,154,8142
4,158,-506,147,8140
4,159,-496,132,8132
4,160,-503,138,8125
4,161,-506,142,8128
4,162,-502,146,8121
4,163,-506,140,8109
4,164,-514,135,8119
4,165,-508,133,8132
4,166,-512,142,8132
4,167,-510,124,8133
4,168,-511,132,8143
4,169,-501,129,8146
4,170,-505,140,8131
4,171,-505,147,8108
4,172,-499,135,8112
4,173,-501,139,8123
4,174,-507,145,8126
4,175,-503,141,8110
4,176,-518,139,8121
4,177,-512,142,8131
4,178,-517,148,8133
4,179,-520,146,8122
4,180,-505,149,8102
4,181,-493,153,8092
4,182,-502,145,8116
4,183,-514,150,8124
4,184,-522,159,8119
4,185,-507,136,8123
4,186,-502,138,8119
4,187,-504,126,8122
4,188,-511,128,8135
4,189,-509,141,8129
4,190,-504,140,8141
4,191,-499,142,8135
4,192,-502,147,8137
4,193,-509,155,8135
4,194,-497,152,8133
4,195,-502,140,8115
4,196,-503,127,8101
4,197,-511,134,8095
4,198,-515,142,8091
4,199,-514,141,8124
4,200,-506,162,8116
4,201,-503,158,8117
4,202,-517,164,8116
4,203,-515,150,8118
4,204,-517,151,8109
4,205,-515,140,8120
4,206,-519,137,8125
4,207,-522,138,8103
4,208,-502,149,8154
4,209,-505,154,8159
4,210,-511,142,8149
4,211,-501,146,8128
4,212,-499,135,8133
4,213,-509,138,8129
4,214,-510,143,8117
4,215,-515,148,8108
4,216,-508,146,8111
4,217,-522,149,8109
4,218,-518,149,8094
4,219,-515,153,8117
4,220,-512,143,8115
4,221,-501,134,8115
4,222,-498,127,8111
4,223,-497,121,8104
4,224,-499,133,8113
4,225,-490,138,8110
4,226,-496,147,8094
4,227,-508,142,8097
4,228,-506,147,8111
4,229,-501,145,8111
4,230,-500,146,8112
4,231,-506,143,8111
4,232,-508,144,8127
4,233,-507,140,8124
4,234,-510,138,8119
4,235,-503,133,8123
4,236,-504,137,8122
4,237,-505,150,8123
4,238,-506,145,8130
4,239,-511,140,8122
4,240,-519,139,8118
4,241,-521,132,8092
4,242,-510,124,8093
4,243,-511,124,8105
4,244,-517,133,8107
4,245,-510,134,8116
4,246,-508,132,8137
4,247,-505,125,8137
4,248,-495,129,8117
4,249,-498,127,8114
4,250,-509,131,8118
4,251,-516,122,8106
4,252,-503,128,8111
4,253,-505,138,8110
4,254,-515,148,8103
4,255,-511,152,8089
4,256,-504,155,8105
4,257,-502,152,8141
4,258,-493,146,8140
4,259,-487,148,8141
4,260,-480,137,8150
4,261,-484,142,8156
4,262,-503,141,8151
4,263,-510,139,8132
4,264,-509,147,8124
4,265,-498,149,8103
4,266,-506,143,8117
4,267,-504,141,8116
4,268,-502,145,8112
4,269,-514,139,8123
4,270,-512,144,8135
4,271,-524,145,8116
4,272,-527,143,8105
4,273,-516,134,8111
4,274,-513,128,8097
4,275,-505,133,8111
4,276,-513,143,8142
4,277,-517,145,8130
4,278,-505,145,8126
4,279,-496,141,8110
4,280,-491,128,8117
4,281,-487,126,8126
4,282,-495,131,8125
4,283,-498,139,8117
4,284,-502,135,8122
4,285,-501,151,8113
4,286,-498,158,8123
4,287,-502,172,8123
4,288,-507,149,8124
4,289,-498,153,8126
4,290,-504,140,8136
4,291,-512,128,8133
4,292,-504,138,8123
4,293,-513,146,8122
4,294,-500,151,8116
4,295,-501,138,8106
4,296,-503,126,8117
4,297,-500,124,8127
4,298,-505,113,8123
4,299,-503,127,8126
4,300,-502,136,8132
4,301,-502,128,8109
4,302,-513,138,8103
4,303,-504,136,8103
4,304,-491,132,8110
4,305,-497,141,8125
4,306,-497,147,8137
4,307,-494,149,8128
4,308,-500,147,8130
4,309,-505,140,8105
4,310,-500,141,8115
4,311,-497,134,8131
4,312,-484,133,8120
4,313,-490,135,8116
4,314,-500,135,8115
4,315,-496,141,8127
4,316,-491,145,8114
4,317,-505,144,8127
4,318,-512,143,8125
4,319,-517,143,8120
4,320,-494,135,8120
4,321,-494,131,8125
4,322,-488,145,8133
4,323,-499,139,8127
4,324,-503,135,8128
4,325,-498,137,8131
4,326,-507,142,8128
4,327,-504,152,8121
4,328,-491,143,8145
4,329,-506,137,8145
4,330,-505,131,8113
4,331,-504,132,8117
4,332,-495,132,8129
4,333,-503,138,8126
4,334,-513,147,8131
4,335,-505,150,8133
4,336,-498,145,8147
4,337,-496,152,8136
4,338,-510,140,8124
4,339,-513,137,8115
4,340,-505,148,8140
4,341,-499,154,8143
4,342,-500,153,8137
4,343,-512,145,8149
4,344,-513,135,8140
4,345,-507,134,8131
4,346,-518,132,8109
4,347,-505,140,8108
4,348,-504,137,8105
4,349,-503,145,8120
4,350,-506,143,8125
4,351,-513,155,8132
4,352,-517,160,8129
4,353,-514,162,8113
4,354,-521,154,8130
4,355,-528,150,8128
4,356,-522,142,8128
4,357,-528,149,8140
4,358,-512,142,8135
4,359,-514,139,8132
4,360,-511,132,8111
4,361,-509,140,8112
4,362,-497,137,8135
4,363,-512,144,8145
4,364,-508,150,8144
4,365,-497,135,8135
4,366,-490,132,8144
4,367,-491,140,8133
4,368,-504,136,8124
4,369,-496,133,8107
4,370,-502,123,8125
4,371,-498,128,8147
4,372,-493,135,8147
4,373,-506,132,8154
4,374,-502,136,8152
4,375,-507,141,8144
4,376,-501,146,8127
4,377,-507,139,8143
4,378,-512,144,8143
4,379,-517,148,8142
4,380,-505,145,8133
4,381,-517,141,8129
4,382,-526,144,8122
4,383,-516,144,8111
4,384,-501,141,8118
4,385,-497,134,8134
4,386,-513,144,8147
4,387,-508,145,8154
4,388,-507,128,8134
4,389,-519,124,8128
4,390,-527,126,8121
4,391,-502,136,8113
4,392,-489,141,8144
4,393,-508,144,8142
4,394,-511,136,8119
4,395,-503,136,8109
4,396,-503,134,8119
4,397,-500,127,8120
4,398,-505,138,8135
4,399,-524,140,8129
4,400,-523,149,8113
4,401,-515,139,8132
4,402,-517,144,8133
4,403,-510,135,8121
4,404,-511,133,8143
4,405,-510,131,8147
4,406,-507,134,8143
4,407,-513,142,8132
4,408,-521,147,8109
4,409,-513,141,8111
4,410,-506,133,8114
4,411,-499,126,8128
4,412,-497,139,8129
4,413,-510,143,8136
4,414,-513,141,8146
4,415,-504,142,8136
4,416,-498,148,8125
4,417,-504,145,8100
4,418,-507,155,8111
4,419,-509,160,8114
4,420,-514,141,8118
4,421,-507,135,8116
4,422,-512,135,8113
4,423,-514,125,8113
4,424,-515,124,8113
4,425,-510,136,8109
4,426,-506,139,8111
4,427,-511,138,8094
4,428,-518,143,8106
4,429,-523,159,8134
4,430,-513,164,8134
4,431,-514,157,8122
4,432,-507,158,8113
4,433,-495,155,8110
4,434,-500,141,8111
4,435,-492,143,8110
4,436,-490,143,8119
4,437,-488,145,8121
4,438,-487,138,8116
4,439,-497,126,8120
4,440,-502,134,8133
4,441,-505,135,8118
4,442,-513,135,8124
4,443,-518,137,8126
4,444,-506,139,8105
4,445,-498,140,8104
4,446,-499,146,8091
4,447,-499,142,8107
4,448,-503,138,8123
4,449,-505,135,8127
4,450,-502,137,8141
4,451,-506,131,8134
4,452,-497,132,8126
4,453,-505,127,8128
4,454,-507,134,8123
4,455,-508,138,8131
4,456,-507,130,8130
4,457,-501,145,8114
4,458,-504,144,8120
4,459,-496,142,8110
4,460,-509,141,8128
4,461,-503,149,8118
4,462,-504,143,8116
4,463,-497,148,8098
4,464,-502,142,8104
4,465,-509,140,8112
4,466,-507,140,8103
4,467,-498,148,8102
4,468,-494,152,8117
4,469,-501,148,8114
4,470,-506,140,8100
4,471,-512,138,8100
4,472,-512,143,8097
4,473,-508,132,8115
4,474,-509,130,8121
4,475,-509,132,8107
4,476,-513,144,8113
4,477,-512,144,8107
4,478,-508,150,8124
4,479,-506,133,8109
4,480,-509,137,8107
4,481,-500,146,8116
4,482,-509,143,8112
4,483,-499,126,8115
4,484,-502,126,8138
4,485,-505,132,8119
4,486,-508,140,8117
4,487,-501,143,8120
4,488,-502,143,8110
4,489,-500,147,8124
4,490,-504,137,8139
4,491,-503,153,8140
4,492,-509,147,8139
4,493,-511,155,8135
4,494,-509,159,8128
4,495,-511,152,8122
4,496,-513,143,8118
4,497,-498,142,8116
4,498,-501,150,8111
4,499,-495,140,8121
4,500,-504,141,8116
4,501,-502,138,8135
4,502,-500,122,8133
4,503,-512,126,8143
4,504,-520,139,8121
4,505,-522,142,8122
4,506,-505,146,8119
4,507,-497,139,8122
4,508,-493,141,8117
4,509,-505,129,8118
4,510,-514,138,8132
4,511,-511,146,8130
4,512,-508,151,8123
4,513,-508,140,8123
4,514,-505,133,8116
4,515,-505,131,8120
4,516,-505,133,8124
4,517,-508,120,8116
4,518,-512,137,8122
4,519,-524,127,8126
4,520,-521,136,8115
4,521,-518,138,8109
4,522,-517,145,8114
4,523,-523,148,8110
4,524,-530,132,8096
4,525,-517,137,8114
4,526,-509,134,8114
4,527,-505,133,8122
4,528,-505,135,8110
4,529,-511,130,8106
4,530,-515,121,8107
4,531,-513,135,8122
4,532,-507,147,8122
4,533,-503,149,8133
4,534,-503,149,8158
4,535,-510,148,8160
4,536,-507,137,8136
4,537,-497,140,8128
4,538,-502,129,8130
4,539,-514,144,8120
4,540,-517,153,8122
4,541,-513,156,8134
4,542,-513,148,8125
4,543,-508,145,8125
4,544,-509,145,8123
4,545,-507,144,8130
4,546,-508,143,8124
4,547,-512,132,8107
4,548,-518,143,8114
4,549,-505,148,8111
4,550,-505,136,8106
4,551,-502,132,8113
4,552,-497,138,8127
4,553,-499,140,8125
4,554,-497,143,8124
4,555,-492,149,8127
4,556,-497,164,8142
4,557,-504,160,8144
4,558,-506,151,8139
4,559,-505,156,8138
4,560,-510,153,8119
4,561,-518,154,8120
4,562,-510,147,8124
4,563,-497,145,8105
4,564,-491,141,8116
4,565,-499,138,8126
4,566,-499,128,8129
4,567,-514,128,8126
4,568,-509,144,8123
4,569,-513,141,8108
4,570,-516,139,8095
4,571,-516,133,8116
4,572,-516,136,8113
4,573,-515,130,8116
4,574,-520,133,8120
4,575,-520,144,8096
4,576,-514,138,8105
4,577,-513,152,8107
4,578,-514,147,8116
4,579,-517,151,8112
4,580,-513,147,8114
4,581,-508,141,8126
4,582,-512,137,8137
4,583,-519,139,8144
4,584,-522,143,8135
4,585,-521,140,8123
4,586,-519,143,8125
4,587,-519,156,8122
4,588,-523,146,8124
4,589,-517,147,8117
4,590,-513,148,8104
4,591,-505,151,8116
4,592,-499,150,8112
4,593,-507,154,8110
4,594,-507,144,8125
4,595,-500,152,8116
4,596,-501,140,8119
4,597,-501,121,8108
4,598,-520,132,8127
4,599,-514,139,8112
4,600,-509,138,8122
4,601,-511,144,8135
4,602,-505,151,8134
4,603,-511,155,8133
4,604,-508,153,8148
4,605,-517,153,8148
4,606,-508,153,8135
4,607,-524,138,8121
4,608,-522,140,8125
4,609,-514,142,8135
4,610,-501,145,8142
4,611,-505,138,8126
4,612,-516,136,8136
4,613,-508,138,8119
4,614,-504,144,8116
4,615,-519,141,8121
4,616,-510,155,8119
4,617,-501,159,8112
4,618,-486,153,8136
4,619,-486,142,8135
4,620,-488,140,8117
4,621,-491,132,8115
4,622,-494,138,8121
4,623,-501,137,8120
4,624,-502,132,8131
4,625,-503,123,8114
4,626,-499,142,8116
4,627,-491,143,8125
4,628,-491,153,8119
4,629,-493,165,8115
4,630,-481,153,8124
4,631,-496,158,8131
4,632,-518,151,8120
4,633,-527,159,8122
4,634,-521,161,8119
4,635,-521,164,8114
4,636,-508,153,8115
4,637,-515,152,8128
4,638,-504,161,8119
4,639,-509,151,8114
4,640,-516,143,8109
4,641,-513,152,8118
4,642,-511,146,8115
4,643,-518,142,8109
4,644,-519,147,8105
4,645,-514,159,8092
4,646,-511,149,8096
4,647,-510,141,8098
4,648,-509,144,8104
4,649,-514,147,8108
4,650,-509,143,8124
4,651,-506,139,8141
4,652,-504,138,8144
4,653,-500,140,8122
4,654,-498,140,8125
4,655,-503,157,8129
4,656,-498,166,8133
4,657,-497,159,8132
4,658,-508,153,8133
4,659,-507,149,8133
4,660,-503,142,8128
4,661,-517,149,8119
4,662,-515,141,8123
4,663,-511,155,8128
4,664,-501,143,8138
4,665,-503,129,8136
4,666,-516,135,8130
4,667,-513,137,8122
4,668,-521,146,8116
4,669,-523,139,8124
4,670,-524,145,8119
4,671,-518,147,8112
4,672,-509,159,8110
4,673,-515,158,8109
4,674,-522,149,8105
4,675,-510,147,8116
4,676,-502,141,8113
4,677,-509,142,8120
4,678,-513,152,8117
4,679,-502,148,8117
4,680,-497,142,8127
4,681,-503,152,8110
4,682,-513,149,8104
4,683,-525,137,8108
4,684,-514,141,8129
4,685,-508,154,8131
4,686,-501,165,8131
4,687,-507,170,8129
4,688,-511,150,8118
4,689,-501,149,8109
4,690,-503,159,8096
4,691,-511,142,8116
4,692,-507,139,8116
4,693,-514,123,8102
4,694,-521,134,8114
4,695,-513,147,8123
4,696,-520,149,8142
4,697,-517,147,8144
4,698,-515,142,8133
4,699,-507,131,8125
4,700,-499,128,8123
4,701,-510,135,8113
4,702,-516,134,8102
4,703,-506,133,8120
4,704,-507,132,8127
4,705,-507,137,8135
4,706,-515,129,8125
4,707,-514,134,8114
4,708,-513,145,8113
4,709,-509,151,8121
4,710,-498,149,8113
4,711,-505,149,8113
4,712,-510,143,8111
4,713,-500,137,8130
4,714,-488,135,8110
4,715,-496,143,8107
4,716,-502,150,8114
4,717,-482,142,8128
4,718,-473,144,8144
4,719,-481,144,8146
4,720,-500,147,8158
4,721,-513,148,8159
4,722,-506,145,8139
4,723,-500,139,8134
4,724,-498,147,8129
4,725,-503,147,8135
4,726,-495,129,8138
4,727,-502,122,8141
4,728,-501,130,8143
4,729,-506,131,8130
4,730,-503,133,8115
4,731,-507,132,8115
4,732,-497,139,8112
4,733,-492,138,8117
4,734,-493,136,8127
4,735,-504,147,8137
4,736,-500,129,8123
4,737,-494,129,8121
4,738,-497,140,8130
4,739,-493,134,8111
4,740,-498,125,8122
4,741,-507,135,8115
4,742,-508,139,8123
4,743,-507,139,8114
4,744,-504,142,8131
4,745,-503,141,8127
4,746,-505,134,8127
4,747,-518,138,8113
4,748,-523,142,8106
4,749,-508,138,8116
4,750,-513,134,8141
4,751,-500,130,8126
4,752,-504,126,8119
4,753,-510,136,8132
4,754,-516,152,8125
4,755,-520,159,8121
4,756,-523,145,8120
4,757,-518,131,8102
4,758,-502,139,8089
4,759,-497,140,8088
4,760,-493,152,8101
4,761,-502,156,8106
4,762,-505,144,8109
4,763,-507,141,8110
4,764,-506,137,8125
4,765,-498,150,8118
4,766,-498,160,8133
4,767,-497,151,8135
4,768,-501,155,8135
4,769,-486,158,8129
4,770,-488,155,8126
4,771,-502,152,8118
4,772,-512,154,8111
4,773,-517,150,8112
4,774,-511,144,8116
4,775,-513,151,8122
4,776,-520,153,8126
4,777,-534,146,8149
4,778,-526,143,8133
4,779,-517,139,8129
4,780,-515,139,8122
4,781,-509,142,8117
4,782,-508,136,8119
4,783,-506,148,8117
4,784,-511,141,8126
4,785,-511,142,8128
4,786,-508,136,8131
4,787,-505,131,8126
4,788,-505,141,8124
4,789,-483,137,8130
4,790,-495,139,8126
4,791,-499,145,8132
4,792,-505,153,8138
4,793,-511,156,8121
4,794,-524,149,8095
4,795,-523,139,8104
4,796,-517,139,8115
4,797,-508,151,8111
4,798,-503,163,8106
4,799,-502,168,8101
4,800,-504,171,8107
4,801,-505,164,8122
4,802,-505,153,8111
4,803,-508,154,8110
4,804,-499,152,8122
4,805,-498,132,8114
4,806,-511,142,8115
4,807,-500,136,8122
4,808,-501,143,8119
4,809,-496,141,8117
4,810,-505,150,8107
4,811,-509,161,8105
4,812,-524,150,8103
4,813,-520,149,8114
4,814,-510,153,8100
4,815,-506,146,8115
4,816,-491,120,8109
4,817,-485,130,8116
4,818,-499,128,8121
4,819,-502,128,8119
4,820,-502,132,8130
4,821,-500,138,8135
4,822,-496,147,8144
4,823,-502,147,8139
4,824,-512,158,8144
4,825,-511,158,8132
4,826,-506,147,8113
4,827,-500,139,8123
4,828,-509,149,8106
4,829,-521,149,8122
4,830,-509,151,8123
4,831,-518,159,8126
4,832,-513,156,8142
4,833,-502,163,8131
4,834,-505,155,8136
4,835,-503,148,8137
4,836,-506,151,8122
4,837,-501,136,8119
4,838,-496,139,8137
4,839,-494,151,8125
4,840,-502,143,8108
4,841,-511,141,8128
4,842,-510,145,8137
4,843,-513,135,8112
4,844,-514,137,8126
4,845,-512,142,8124
4,846,-512,148,8124
4,847,-500,148,8115
4,848,-497,148,8122
4,849,-499,157,8123
4,850,-497,144,8119
4,851,-498,143,8132
4,852,-500,151,8132
4,853,-512,149,8129
4,854,-515,142,8119
4,855,-514,136,8115
4,856,-519,133,8108
4,857,-510,127,8099
4,858,-515,122,8112
4,859,-513,127,8118
4,860,-510,124,8137
4,861,-505,135,8130
4,862,-510,139,8118
4,863,-508,135,8104
4,864,-500,135,8107
4,865,-501,149,8109
4,866,-503,162,8091
4,867,-507,152,8114
4,868,-517,144,8113
4,869,-523,139,8107
4,870,-515,141,8101
4,871,-495,138,8114
4,872,-503,131,8127
4,873,-506,133,8126
4,874,-507,133,8125
4,875,-488,140,8125
4,876,-490,137,8120
4,877,-505,145,8124
4,878,-502,146,8122
4,879,-518,147,8135
4,880,-513,146,8132
4,881,-511,141,8119
4,882,-502,136,8095
4,883,-504,135,8097
4,884,-506,149,8100
4,885,-512,155,8096
4,886,-523,151,8100
4,887,-523,151,8092
4,888,-508,147,8097
4,889,-513,148,8111
4,890,-512,150,8121
4,891,-518,144,8127
4,892,-504,149,8115
4,893,-506,148,8117
4,894,-519,138,8125
4,895,-503,143,8132
4,896,-506,143,8133
4,897,-516,136,8123
4,898,-516,134,8126
4,899,-514,136,8115
4,900,-513,134,8116
4,901,-511,133,8129
4,902,-505,139,8130
4,903,-502,138,8132
4,904,-497,151,8131
4,905,-500,155,8142
4,906,-495,144,8143
4,907,-501,132,8138
4,908,-511,141,8142
4,909,-503,147,8141
4,910,-499,156,8154
4,911,-507,159,8140
4,912,-503,149,8130
4,913,-509,141,8126
4,914,-505,145,8130
4,915,-497,134,8123
4,916,-512,136,8127
4,917,-513,141,8124
4,918,-510,146,8115
4,919,-512,155,8126
4,920,-516,154,8150
4,921,-515,150,8169
4,922,-513,141,8160
4,923,-516,136,8142
4,924,-517,145,8120
4,925,-503,140,8118
4,926,-509,133,8135
4,927,-508,140,8130
4,928,-509,143,8140
4,929,-512,156,8133
4,930,-512,158,8116
4,931,-490,168,8109
4,932,-488,160,8124
4,933,-495,146,8118
4,934,-491,142,8121
4,935,-498,136,8117
4,936,-515,127,8129
4,937,-504,143,8135
4,938,-505,143,8150
4,939,-509,147,8143
4,940,-503,150,8146
4,941,-496,144,8135
4,942,-499,132,8133
4,943,-504,130,8136
4,944,-494,133,8132
4,945,-502,135,8130
4,946,-500,145,8120
4,947,-502,150,8136
4,948,-513,160,8127
4,949,-516,147,8154
4,950,-501,139,8150
4,951,-489,136,8137
4,952,-487,142,8137
4,953,-492,144,8126
4,954,-497,149,8110
4,955,-524,146,8107
4,956,-527,132,8129
4,957,-520,131,8141
4,958,-513,135,8140
4,959,-517,120,8130
4,960,-516,116,8129
4,961,-523,123,8128
4,962,-504,133,8117
4,963,-512,146,8105
4,964,-506,134,8115
4,965,-507,130,8129
4,966,-519,143,8135
4,967,-517,148,8129
4,968,-522,147,8129
4,969,-530,137,8140
4,970,-511,115,8112
4,971,-513,131,8121
4,972,-515,150,8115
4,973,-515,140,8116
4,974,-511,148,8125
4,975,-512,140,8127
4,976,-510,151,8128
4,977,-504,151,8130
4,978,-494,157,8105
4,979,-498,144,8087
4,980,-510,138,8088
4,981,-507,148,8101
4,982,-500,163,8120
4,983,-498,143,8149
4,984,-478,139,8151
4,985,-484,143,8135
4,986,-494,139,8118
4,987,-492,140,8127
4,988,-496,157,8115
4,989,-497,153,8100
4,990,-497,155,8115
4,991,-497,160,8112
4,992,-500,145,8105
4,993,-496,144,8107
4,994,-498,159,8117
4,995,-499,153,8123
4,996,-500,147,8124
4,997,-511,145,8139
4,998,-516,134,8131
4,999,-517,143,8122
4,1000,-518,151,8127
4,1001,-508,151,8129
4,1002,-515,134,8109
4,1003,-519,139,8100
4,1004,-511,139,8102
4,1005,-503,136,8124
4,1006,-510,144,8123
4,1007,-511,141,8106
4,1008,-514,129,8101
4,1009,-515,134,8098
4,1010,-511,133,8105
4,1011,-502,136,8133
4,1012,-512,135,8152
4,1013,-499,132,8144
4,1014,-505,139,8121
4,1015,-507,146,8115
4,1016,-509,147,8108
4,1017,-514,143,8110
4,1018,-505,155,8120
4,1019,-509,149,8116
4,1020,-509,149,8124
4,1021,-512,155,8130
4,1022,-517,150,8127
4,1023,-513,143,8117
4,1024,-509,140,8123
4,1025,-512,151,8126
4,1026,-515,157,8137
4,1027,-507,158,8133
4,1028,-506,140,8133
4,1029,-497,142,8144
4,1030,-485,133,8141
4,1031,-501,136,8108
4,1032,-498,130,8118
4,1033,-492,149,8129
4,1034,-510,146,8138
4,1035,-520,146,8135
4,1036,-522,130,8126
4,1037,-524,134,8116
4,1038,-514,143,8119
4,1039,-517,148,8121
4,1040,-501,148,8122
4,1041,-495,152,8112
4,1042,-494,143,8103
4,1043,-495,143,8100
4,1044,-491,131,8098
4,1045,-493,138,8105
4,1046,-501,145,8107
4,1047,-496,146,8095
4,1048,-508,154,8106
4,1049,-514,152,8120
4,1050,-509,140,8118
4,1051,-488,142,8115
4,1052,-493,148,8136
4,1053,-503,148,8148
4,1054,-512,156,8139
4,1055,-513,150,8140
4,1056,-507,141,8130
4,1057,-524,142,8131
4,1058,-516,164,8125
4,1059,-503,153,8145
4,1060,-501,147,8145
4,1061,-486,148,8145
4,1062,-479,140,8151
4,1063,-478,128,8155
4,1064,-481,129,8155
4,1065,-502,149,8147
4,1066,-507,145,8145
4,1067,-498,136,8128
4,1068,-501,136,8123
4,1069,-500,141,8131
4,1070,-498,148,8135
4,1071,-494,142,8118
4,1072,-488,155,8112
4,1073,-492,150,8117
4,1074,-509,148,8114
4,1075,-515,125,8110
4,1076,-517,125,8099
4,1077,-529,129,8093
4,1078,-521,131,8114
4,1079,-508,145,8116
4,1080,-506,150,8118
4,1081,-511,149,8106
4,1082,-508,149,8117
4,1083,-519,149,8124
4,1084,-524,151,8117
4,1085,-511,158,8102
4,1086,-513,160,8116
4,1087,-501,160,8106
4,1088,-512,156,8093
4,1089,-503,149,8104
4,1090,-504,150,8115
4,1091,-506,147,8114
4,1092,-508,137,8104
4,1093,-511,140,8096
4,1094,-506,149,8104
4,1095,-504,152,8122
4,1096,-516,159,8137
4,1097,-512,162,8159
4,1098,-502,161,8136
4,1099,-509,151,8120
4,1100,-522,147,8117
4,1101,-529,136,8113
4,1102,-516,142,8118
4,1103,-524,150,8117
4,1104,-519,155,8130
4,1105,-514,157,8132
4,1106,-506,156,8141
4,1107,-508,155,8142
4,1108,-502,138,8137
4,1109,-505,143,8119
4,1110,-497,136,8113
4,1111,-511,130,8114
4,1112,-504,123,8119
4,1113,-504,124,8118
4,1114,-511,124,8131
4,1115,-516,129,8127
4,1116,-506,121,8115
4,1117,-507,122,8111
4,1118,-500,121,8100
4,1119,-517,118,8096
4,1120,-511,125,8085
4,1121,-512,129,8119
4,1122,-500,136,8125
4,1123,-507,138,8113
4,1124,-512,132,8120
4,1125,-500,142,8123
4,1126,-485,137,8131
4,1127,-488,131,8131
4,1128,-497,137,8136
4,1129,-512,135,8133
4,1130,-516,141,8127
4,1131,-513,131,8140
4,1132,-508,137,8154
4,1133,-501,133,8140
4,1134,-505,154,8126
4,1135,-502,151,8104
4,1136,-503,140,8122
4,1137,-509,133,8124
4,1138,-504,133,8111
4,1139,-509,136,8110
4,1140,-506,138,8134
4,1141,-512,142,8132
4,1142,-504,155,8137
4,1143,-511,150,8128
4,1144,-511,143,8110
4,1145,-502,147,8104
4,1146,-498,151,8103
4,1147,-497,140,8112
4,1148,-496,140,8119
4,1149,-499,145,8116
4,1150,-495,147,8119
4,1151,-500,145,8107
4,1152,-507,150,8100
4,1153,-511,138,8117
4,1154,-514,141,8112
4,1155,-502,129,8120
4,1156,-499,134,8126
4,1157,-504,136,8137
4,1158,-503,146,8128
4,1159,-510,138,8126
4,1160,-506,143,8129
4,1161,-506,141,8122
4,1162,-507,149,8118
4,1163,-505,152,8117
4,1164,-515,146,8112
4,1165,-519,146,8116
4,1166,-506,153,8128
4,1167,-507,154,8122
4,1168,-515,153,8122
4,1169,-511,141,8131
4,1170,-514,144,8105
4,1171,-498,129,8105
4,1172,-499,135,8102
4,1173,-496,134,8102
4,1174,-488,140,8095
4,1175,-502,150,8110
4,1176,-503,155,8121
4,1177,-496,137,8136
4,1178,-509,116,8119
4,1179,-507,125,8110
4,1180,-512,126,8104
4,1181,-501,127,8125
4,1182,-491,131,8145
4,1183,-501,131,8138
4,1184,-502,139,8130
4,1185,-520,143,8127
4,1186,-516,142,8120
4,1187,-514,140,8121
4,1188,-513,134,8113
4,1189,-505,130,8107
4,1190,-493,137,8113
4,1191,-490,142,8118
4,1192,-491,134,8105
4,1193,-496,135,8089
4,1194,-496,146,8104
4,1195,-511,127,8110
4,1196,-514,131,8120
4,1197,-504,128,8102
4,1198,-506,137,8116
4,1199,-501,152,8127
4,1200,-497,144,8123
4,1201,-498,142,8125
4,1202,-494,147,8112
4,1203,-504,133,8114
4,1204,-507,140,8112
4,1205,-510,146,8107
4,1206,-503,145,8108
4,1207,-506,138,8124
4,1208,-511,138,8125
4,1209,-497,129,8118
4,1210,-507,135,8108
4,1211,-515,143,8092
4,1212,-509,143,8077
4,1213,-504,147,8082
4,1214,-507,138,8105
4,1215,-517,142,8109
4,1216,-502,156,8109
4,1217,-502,160,8112
4,1218,-503,152,8121
4,1219,-503,132,8116
4,1220,-500,129,8104
4,1221,-497,124,8100
4,1222,-491,129,8098
4,1223,-504,141,8090
4,1224,-501,147,8105
4,1225,-497,159,8116
4,1226,-511,160,8113
4,1227,-521,139,8113
4,1228,-512,131,8112
4,1229,-502,138,8106
4,1230,-498,141,8113
4,1231,-496,138,8118
4,1232,-487,138,8126
4,1233,-483,149,8139
4,1234,-493,147,8141
4,1235,-507,137,8133
4,1236,-515,138,8141
4,1237,-521,155,8116
4,1238,-512,161,8124
4,1239,-511,161,8121
4,1240,-498,155,8118
4,1241,-510,149,8120
4,1242,-509,138,8117
4,1243,-508,155,8128
4,1244,-500,154,8139
4,1245,-498,151,8136
4,1246,-489,155,8127
4,1247,-495,153,8126
4,1248,-502,146,8138
4,1249,-517,154,8132
4,1250,-515,147,8116
4,1251,-513,144,8097
4,1252,-506,136,8107
4,1253,-501,145,8122
4,1254,-504,148,8128
4,1255,-518,147,8130
4,1256,-529,153,8125
4,1257,-521,161,8123
4,1258,-512,149,8126
4,1259,-509,146,8128
4,1260,-501,137,8118
4,1261,-493,144,8126
4,1262,-504,139,8111
4,1263,-511,134,8102
4,1264,-512,148,8095
4,1265,-518,153,8116
4,1266,-518,142,8097
4,1267,-503,135,8106
4,1268,-510,137,8122
4,1269,-497,131,8143
4,1270,-494,143,8130
4,1271,-491,139,8125
4,1272,-504,131,8139
4,1273,-508,136,8141
4,1274,-509,138,8127
4,1275,-505,123,8127
4,1276,-501,118,8121
4,1277,-511,124,8129
4,1278,-511,141,8140
4,1279,-498,151,8132
4,1280,-494,144,8127
4,1281,-507,139,8121
4,1282,-508,137,8132
4,1283,-501,134,8134
4,1284,-510,135,8138
4,1285,-521,138,8133
4,1286,-522,127,8152
4,1287,-514,133,8142
4,1288,-509,133,8135
4,1289,-510,146,8128
4,1290,-528,155,8109
4,1291,-523,142,8102
4,1292,-518,137,8103
4,1293,-525,147,8113
4,1294,-528,149,8121
4,1295,-523,142,8132
4,1296,-507,138,8129
4,1297,-515,144,8131
4,1298,-515,140,8134
4,1299,-527,148,8145
4,1300,-521,146,8112
4,1301,-511,144,8118
4,1302,-504,138,8106
4,1303,-499,143,8121
4,1304,-506,162,8116
4,1305,-517,153,8092
4,1306,-517,135,8103
4,1307,-501,129,8113
4,1308,-497,131,8125
4,1309,-487,141,8113
4,1310,-477,131,8115
4,1311,-500,139,8115
4,1312,-497,145,8113
4,1313,-504,136,8106
4,1314,-506,142,8103
4,1315,-502,141,8130
4,1316,-508,136,8145
4,1317,-512,145,8133
4,1318,-515,152,8125
4,1319,-512,147,8135
4,1320,-507,149,8113
4,1321,-518,146,8114
4,1322,-524,143,8132
4,1323,-511,138,8134
4,1324,-518,148,8141
4,1325,-527,145,8130
4,1326,-528,147,8117
4,1327,-525,131,8122
4,1328,-515,125,8130
4,1329,-522,140,8139
4,1330,-515,148,8136
4,1331,-512,150,8139
4,1332,-513,145,8152
4,1333,-513,152,8156
4,1334,-522,145,8141
4,1335,-503,144,8139
4,1336,-501,140,8142
4,1337,-492,148,8138
4,1338,-498,156,8133
4,1339,-499,140,8114
4,1340,-498,144,8122
4,1341,-506,144,8120
4,1342,-518,145,8120
4,1343,-536,135,8108
4,1344,-538,141,8099
4,1345,-521,144,8093
4,1346,-511,146,8099
4,1347,-509,148,8102
4,1348,-505,138,8099
4,1349,-495,126,8100
4,1350,-494,130,8117
4,1351,-496,140,8106
4,1352,-506,144,8103
4,1353,-504,132,8104
4,1354,-501,133,8107
4,1355,-495,148,8118
4,1356,-509,143,8113
4,1357,-509,147,8105
4,1358,-513,129,8112
4,1359,-517,119,8103
4,1360,-507,137,8130
4,1361,-495,131,8125
4,1362,-493,138,8125
4,1363,-487,134,8125
4,1364,-477,141,8132
4,1365,-503,128,8127
4,1366,-512,139,8124
4,1367,-509,131,8131
4,1368,-506,141,8122
4,1369,-521,142,8120
4,1370,-514,140,8115
4,1371,-505,147,8107
4,1372,-496,140,8104
4,1373,-495,141,8129
4,1374,-495,148,8139
4,1375,-503,140,8135
4,1376,-493,130,8140
4,1377,-500,139,8117
4,1378,-505,151,8118
4,1379,-506,161,8117
4,1380,-512,153,8116
4,1381,-519,142,8123
4,1382,-530,133,8113
4,1383,-520,143,8124
4,1384,-504,146,8116
4,1385,-512,149,8109
4,1386,-511,146,8101
4,1387,-508,148,8111
4,1388,-502,142,8125
4,1389,-511,140,8139
4,1390,-499,139,8129
4,1391,-515,137,8128
4,1392,-522,141,8135
4,1393,-505,152,8135
4,1394,-494,144,8138
4,1395,-494,135,8140
4,1396,-502,149,8119
4,1397,-499,149,8122
4,1398,-505,152,8116
4,1399,-514,132,8117
4,1400,-521,133,8114
4,1401,-527,141,8111
4,1402,-517,135,8101
4,1403,-513,137,8109
4,1404,-509,142,8115
4,1405,-511,143,8127
4,1406,-513,143,8125
4,1407,-501,147,8124
4,1408,-494,140,8129
4,1409,-502,138,8140
4,1410,-500,121,8120
4,1411,-503,129,8112
4,1412,-500,140,8095
4,1413,-496,136,8109
4,1414,-501,132,8114
4,1415,-504,139,8126
4,1416,-487,147,8105
4,1417,-482,146,8100
4,1418,-487,143,8081
4,1419,-485,151,8108
4,1420,-493,146,8103
4,1421,-495,147,8110
4,1422,-501,156,8123
4,1423,-508,156,8139
4,1424,-514,147,8137
4,1425,-517,146,8119
4,1426,-498,148,8130
4,1427,-500,145,8122
4,1428,-497,155,8125
4,1429,-495,162,8113
4,1430,-503,151,8109
4,1431,-500,143,8101
4,1432,-498,141,8105
4,1433,-492,132,8110
4,1434,-492,118,8126
4,1435,-503,122,8122
4,1436,-492,139,8116
4,1437,-499,143,8118
4,1438,-502,149,8135
4,1439,-497,149,8143
4,1440,-494,154,8134
4,1441,-499,155,8126
4,1442,-504,146,8117
4,1443,-505,138,8106
4,1444,-508,125,8110
4,1445,-512,128,8104
4,1446,-505,136,8115
4,1447,-505,145,8117
4,1448,-501,149,8136
4,1449,-516,147,8147
4,1450,-519,146,8134
4,1451,-510,149,8138
4,1452,-503,157,8139
4,1453,-509,153,8127
4,1454,-503,141,8109
4,1455,-497,142,8118
4,1456,-501,145,8133
4,1457,-493,155,8124
4,1458,-490,133,8118
4,1459,-501,133,8117
4,1460,-509,135,8112
4,1461,-494,147,8103
4,1462,-504,157,8103
4,1463,-512,156,8127
4,1464,-504,157,8118
4,1465,-504,145,8113
4,1466,-501,140,8109
4,1467,-502,137,8123
4,1468,-502,142,8126
4,1469,-498,134,8144
4,1470,-510,140,8141
4,1471,-513,140,8145
4,1472,-509,135,8137
4,1473,-490,134,8119
4,1474,-497,142,8119
4,1475,-497,135,8132
4,1476,-500,135,8119
4,1477,-515,131,8129
4,1478,-518,131,8116
4,1479,-527,125,8116
4,1480,-532,124,8114
4,1481,-530,127,8127
4,1482,-513,142,8128
4,1483,-502,146,8122
4,1484,-503,150,8112
4,1485,-501,135,8115
4,1486,-503,128,8115
4,1487,-496,147,8104
4,1488,-499,143,8097
4,1489,-494,148,8083
4,1490,-485,145,8115
4,1491,-502,152,8121
4,1492,-501,153,8108
4,1493,-508,164,8110
4,1494,-502,151,8116
4,1495,-501,149,8109
4,1496,-512,147,8113
4,1497,-517,144,8116
4,1498,-515,142,8114
4,1499,-518,149,8119
4,1500,-507,144,8139
4,1501,-511,146,8137
4,1502,-501,151,8130
4,1503,-503,158,8127
4,1504,-511,152,8125
4,1505,-501,145,8115
4,1506,-505,144,8118
4,1507,-512,144,8123
4,1508,-514,145,8112
4,1509,-505,149,8116
4,1510,-510,150,8125
4,1511,-511,150,8124
4,1512,-514,134,8120
4,1513,-514,141,8111
4,1514,-518,150,8140
4,1515,-523,148,8145
4,1516,-516,152,8136
4,1517,-511,149,8128
4,1518,-509,137,8136
4,1519,-502,127,8140
4,1520,-504,131,8130
4,1521,-509,136,8128
4,1522,-508,125,8143
4,1523,-500,122,8112
4,1524,-500,139,8108
4,1525,-487,153,8106
4,1526,-479,149,8115
4,1527,-488,153,8109
4,1528,-497,157,8103
4,1529,-509,149,8123
4,1530,-496,149,8119
4,1531,-500,144,8121
4,1532,-512,139,8133
4,1533,-516,136,8146
4,1534,-514,131,8146
4,1535,-510,140,8162
4,1536,-496,147,8150
4,1537,-502,145,8117
4,1538,-497,151,8115
4,1539,-490,135,8118
4,1540,-491,131,8099
4,1541,-487,134,8107
4,1542,-494,148,8112
4,1543,-498,137,8133
4,1544,-502,132,8132
4,1545,-504,130,8126
4,1546,-501,137,8125
4,1547,-502,140,8124
4,1548,-520,150,8114
4,1549,-522,150,8120
4,1550,-512,140,8132
4,1551,-504,129,8130
4,1552,-511,133,8128
4,1553,-500,129,8115
4,1554,-503,127,8110
4,1555,-512,116,8126
4,1556,-508,115,8120
4,1557,-498,135,8104
4,1558,-486,142,8110
4,1559,-502,139,8119
4,1560,-507,138,8119
4,1561,-507,133,8131
4,1562,-504,138,8139
4,1563,-499,132,8117
4,1564,-492,131,8114
4,1565,-497,135,8114
4,1566,-494,138,8124
4,1567,-497,133,8129
4,1568,-492,120,8116
4,1569,-492,125,8104
4,1570,-503,123,8094
4,1571,-505,129,8099
4,1572,-497,135,8125
4,1573,-504,137,8127
4,1574,-507,144,8107
4,1575,-509,136,8104
4,1576,-499,137,8114
4,1577,-503,140,8102
4,1578,-507,156,8112
4,1579,-505,148,8115
4,1580,-509,150,8114
4,1581,-513,152,8106
4,1582,-516,148,8111
4,1583,-511,151,8103
4,1584,-510,144,8117
4,1585,-507,146,8130
4,1586,-501,137,8126
4,1587,-505,140,8113
4,1588,-517,152,8116
4,1589,-521,162,8113
4,1590,-517,141,8112
4,1591,-516,138,8107
4,1592,-502,133,8125
4,1593,-500,144,8123
4,1594,-507,149,8102
4,1595,-516,143,8099
4,1596,-510,146,8125
4,1597,-504,142,8136
4,1598,-500,137,8138
4,1599,-501,135,8133
4,1600,-503,139,8146
4,1601,-494,134,8135
4,1602,-506,128,8144
4,1603,-501,130,8145
4,1604,-501,153,8140
4,1605,-507,152,8130
4,1606,-506,158,8102
4,1607,-519,157,8111
4,1608,-513,163,8121
4,1609,-501,150,8113
4,1610,-504,152,8098
4,1611,-508,159,8096
4,1612,-502,156,8127
4,1613,-500,154,8127
4,1614,-510,138,8122
4,1615,-503,129,8112
4,1616,-492,126,8130
4,1617,-490,118,8120
4,1618,-497,116,8113
4,1619,-493,117,8109
4,1620,-500,135,8108
4,1621,-509,129,8106
4,1622,-522,134,8125
4,1623,-518,131,8133
4,1624,-514,116,8130
4,1625,-505,125,8122
4,1626,-507,135,8118
4,1627,-513,137,8113
4,1628,-511,145,8115
4,1629,-522,139,8122
4,1630,-522,148,8107
4,1631,-508,152,8102
4,1632,-493,153,8104
4,1633,-485,148,8109
4,1634,-490,155,8133
4,1635,-489,156,8134
4,1636,-489,160,8130
4,1637,-496,164,8118
4,1638,-517,151,8127
4,1639,-524,133,8139
4,1640,-513,137,8140
4,1641,-513,121,8118
4,1642,-517,129,8117
4,1643,-512,133,8138
4,1644,-528,147,8146
4,1645,-515,146,8135
4,1646,-501,150,8140
4,1647,-495,140,8134
4,1648,-480,137,8141
4,1649,-479,141,8119
4,1650,-495,131,8111
4,1651,-507,126,8120
4,1652,-509,130,8118
4,1653,-509,137,8111
4,1654,-507,142,8116
4,1655,-519,137,8117
4,1656,-521,138,8124
4,1657,-509,145,8115
4,1658,-504,131,8135
4,1659,-495,136,8153
4,1660,-501,148,8131
4,1661,-505,154,8116
4,1662,-499,144,8114
4,1663,-502,147,8128
4,1664,-514,137,8115
4,1665,-515,120,8110
4,1666,-518,127,8095
4,1667,-505,143,8108
4,1668,-510,142,8123
4,1669,-504,151,8134
4,1670,-500,159,8124
4,1671,-507,160,8125
4,1672,-510,143,8110
4,1673,-510,126,8104
4,1674,-501,146,8097
4,1675,-508,142,8109
4,1676,-512,147,8131
4,1677,-504,155,8139
4,1678,-504,139,8142
4,1679,-501,132,8134
4,1680,-511,132,8128
4,1681,-500,129,8127
4,1682,-513,144,8118
4,1683,-517,137,8126
4,1684,-513,140,8127
4,1685,-516,135,8123
4,1686,-517,133,8133
4,1687,-512,137,8117
4,1688,-511,147,8123
4,1689,-514,137,8112
4,1690,-503,144,8097
4,1691,-506,148,8105
4,1692,-518,140,8114
4,1693,-507,144,8123
4,1694,-501,137,8125
4,1695,-500,135,8118
4,1696,-500,130,8136
4,1697,-507,126,8134
4,1698,-506,125,8143
4,1699,-514,120,8135
4,1700,-521,122,8125
4,1701,-526,131,8125
4,1702,-514,143,8133
4,1703,-513,140,8127
4,1704,-524,133,8101
4,1705,-526,132,8110
4,1706,-521,139,8106
4,1707,-515,136,8103
4,1708,-506,135,8102
4,1709,-507,124,8096
4,1710,-504,126,8101
4,1711,-513,128,8108
4,1712,-517,132,8114
4,1713,-517,127,8126
4,1714,-509,135,8123
4,1715,-502,148,8128
4,1716,-504,150,8133
4,1717,-504,138,8127
4,1718,-496,149,8117
4,1719,-483,152,8113
4,1720,-478,154,8115
4,1721,-488,145,8108
4,1722,-498,137,8105
4,1723,-491,141,8128
4,1724,-500,155,8137
4,1725,-491,137,8131
4,1726,-491,121,8120
4,1727,-506,122,8120
4,1728,-496,125,8119
4,1729,-496,133,8122
4,1730,-505,132,8121
4,1731,-515,138,8114
4,1732,-511,149,8115
4,1733,-499,139,8138
4,1734,-500,133,8158
4,1735,-504,134,8143
4,1736,-511,130,8121
4,1737,-515,132,8137
4,1738,-509,132,8127
4,1739,-494,128,8119
4,1740,-485,135,8112
4,1741,-484,133,8132
4,1742,-494,136,8132
4,1743,-499,137,8122
4,1744,-500,136,8115
4,1745,-494,141,8101
4,1746,-509,151,8107
4,1747,-511,146,8123
4,1748,-511,145,8119
4,1749,-506,132,8114
4,1750,-515,139,8086
4,1751,-506,147,8078
4,1752,-504,140,8107
4,1753,-514,126,8119
4,1754,-519,123,8113
4,1755,-511,119,8107
4,1756,-510,129,8104
4,1757,-509,145,8109
4,1758,-509,145,8122
4,1759,-501,146,8107
4,1760,-508,146,8105
4,1761,-511,149,8105
4,1762,-500,153,8112
4,1763,-503,132,8105
4,1764,-497,144,8098
4,1765,-501,155,8087
4,1766,-497,149,8082
4,1767,-498,128,8097
4,1768,-498,130,8091
4,1769,-515,133,8102
4,1770,-503,131,8105
4,1771,-494,135,8100
4,1772,-494,129,8125
4,1773,-498,129,8136
4,1774,-512,137,8121
4,1775,-506,142,8125
4,1776,-507,145,8113
4,1777,-510,152,8111
4,1778,-513,144,8117
4,1779,-519,151,8139
4,1780,-517,141,8145
4,1781,-514,133,8127
4,1782,-513,132,8126
4,1783,-516,136,8137
4,1784,-526,147,8129
4,1785,-526,131,8129
4,1786,-516,120,8128
4,1787,-515,116,8124
4,1788,-518,127,8129
4,1789,-512,135,8130
4,1790,-519,140,8114
4,1791,-519,130,8123
4,1792,-515,132,8133
4,1793,-522,139,8149
4,1794,-507,143,8138
4,1795,-508,138,8138
4,1796,-500,134,8131
4,1797,-506,150,8133
4,1798,-507,153,8134
4,1799,-496,160,8124
4,1800,-499,137,8123
4,1801,-502,137,8131
4,1802,-518,137,8121
4,1803,-514,138,8112
4,1804,-511,153,8101
4,1805,-502,148,8103
4,1806,-504,147,8119
4,1807,-510,149,8126
4,1808,-501,151,8135
4,1809,-503,146,8151
4,1810,-499,132,8127
4,1811,-504,133,8117
4,1812,-511,129,8115
4,1813,-523,134,8122
4,1814,-513,135,8128
4,1815,-516,136,8128
4,1816,-519,133,8134
4,1817,-522,152,8150
4,1818,-507,149,8141
4,1819,-508,133,8134
4,1820,-509,132,8128
4,1821,-503,144,8120
4,1822,-511,144,8120
4,1823,-501,151,8118
4,1824,-507,147,8128
4,1825,-512,145,8125
4,1826,-496,142,8100
4,1827,-492,155,8108
4,1828,-507,143,8113
4,1829,-499,135,8119
4,1830,-494,140,8118
4,1831,-507,147,8106
4,1832,-506,148,8121
4,1833,-498,153,8125
4,1834,-503,145,8123
4,1835,-510,150,8136
4,1836,-507,138,8144
4,1837,-501,128,8135
4,1838,-503,142,8144
4,1839,-510,140,8143
4,1840,-511,146,8154
4,1841,-504,139,8137
4,1842,-509,127,8145
4,1843,-513,117,8145
4,1844,-519,116,8142
4,1845,-521,125,8140
4,1846,-514,130,8127
4,1847,-510,130,8126
4,1848,-503,136,8139
4,1849,-506,149,8146
4,1850,-504,135,8145
4,1851,-505,137,8142
4,1852,-506,130,8132
4,1853,-507,131,8129
4,1854,-489,138,8117
4,1855,-488,135,8113
4,1856,-485,136,8128
4,1857,-500,137,8109
4,1858,-494,138,8110
4,1859,-485,137,8114
4,1860,-485,126,8118
4,1861,-487,134,8108
4,1862,-489,136,8123
4,1863,-496,135,8117
4,1864,-503,136,8117
4,1865,-502,141,8108
4,1866,-509,139,8115
4,1867,-505,129,8112
4,1868,-494,136,8123
4,1869,-486,146,8104
4,1870,-497,142,8105
4,1871,-509,144,8104
4,1872,-519,142,8110
4,1873,-522,139,8112
4,1874,-514,140,8127
4,1875,-528,137,8137
4,1876,-519,135,8125
4,1877,-502,135,8118
4,1878,-506,133,8107
4,1879,-509,133,8111
4,1880,-505,135,8115
4,1881,-507,138,8116
4,1882,-502,143,8124
4,1883,-487,147,8138
4,1884,-495,153,8142
4,1885,-509,145,8127
4,1886,-507,144,8123
4,1887,-501,127,8130
4,1888,-495,123,8130
4,1889,-496,118,8114
4,1890,-501,132,8113
4,1891,-494,143,8113
4,1892,-502,146,8108
4,1893,-502,143,8125
4,1894,-499,134,8145
4,1895,-483,128,8132
4,1896,-483,128,8131
4,1897,-485,132,8125
4,1898,-482,123,8118
4,1899,-494,129,8117
4,1900,-482,134,8116
4,1901,-487,141,8133
4,1902,-490,138,8138
4,1903,-496,137,8135
4,1904,-506,137,8113
4,1905,-504,134,8099
4,1906,-495,136,8122
4,1907,-506,143,8135
4,1908,-492,141,8142
4,1909,-501,150,8148
4,1910,-514,148,8145
4,1911,-515,138,8143
4,1912,-514,129,8136
4,1913,-514,132,8122
4,1914,-504,138,8104
4,1915,-495,143,8095
4,1916,-490,148,8114
4,1917,-499,146,8109
4,1918,-507,143,8113
4,1919,-515,137,8119
4,1920,-520,135,8122
4,1921,-523,132,8106
4,1922,-525,142,8099
4,1923,-518,136,8114
4,1924,-510,133,8125
4,1925,-505,128,8132
4,1926,-505,144,8134
4,1927,-492,143,8139
4,1928,-490,139,8123
4,1929,-485,144,8124
4,1930,-499,143,8125
4,1931,-502,144,8118
4,1932,-511,135,8113
4,1933,-500,148,8107
4,1934,-507,132,8119
4,1935,-503,128,8132
4,1936,-510,145,8128
4,1937,-508,146,8117
4,1938,-511,142,8127
4,1939,-504,151,8135
4,1940,-512,150,8131
4,1941,-500,135,8138
4,1942,-500,140,8134
4,1943,-501,138,8147
4,1944,-508,133,8145
4,1945,-508,136,8143
4,1946,-505,151,8130
4,1947,-517,149,8113
4,1948,-514,138,8120
4,1949,-511,129,8121
4,1950,-499,137,8125
4,1951,-501,135,8121
4,1952,-502,129,8117
4,1953,-510,145,8119
4,1954,-509,159,8109
4,1955,-491,155,8116
4,1956,-497,140,8093
4,1957,-513,133,8102
4,1958,-508,144,8098
4,1959,-512,139,8114
4,1960,-502,135,8120
4,1961,-503,137,8116
4,1962,-515,138,8106
4,1963,-520,138,8102
4,1964,-521,134,8107
4,1965,-498,140,8120
4,1966,-508,140,8125
4,1967,-515,138,8120
4,1968,-520,144,8147
4,1969,-504,145,8141
4,1970,-507,131,8127
4,1971,-508,144,8131
4,1972,-499,146,8150
4,1973,-505,141,8147
4,1974,-508,137,8138
4,1975,-511,137,8113
4,1976,-511,143,8119
4,1977,-510,151,8121
4,1978,-502,137,8130
4,1979,-507,142,8117
4,1980,-510,135,8115
4,1981,-514,137,8127
4,1982,-523,138,8127
4,1983,-510,132,8138
4,1984,-514,143,8142
4,1985,-512,147,8135
4,1986,-524,144,8113
4,1987,-523,157,8116
4,1988,-517,143,8123
4,1989,-515,136,8114
4,1990,-508,138,8101
4,1991,-504,122,8115
4,1992,-493,117,8112
4,1993,-494,121,8113
4,1994,-499,133,8115
4,1995,-499,130,8130
4,1996,-504,129,8124
4,1997,-511,153,8123
4,1998,-512,147,8099
4,1999,-500,141,8118
4,2000,-508,137,8116
4,2001,-514,139,8119
4,2002,-515,132,8134
4,2003,-508,133,8131
4,2004,-503,130,8119
4,2005,-498,124,8119
4,2006,-497,137,8109
4,2007,-502,129,8125
4,2008,-505,137,8120
4,2009,-517,145,8129
4,2010,-513,138,8123
4,2011,-516,146,8119
4,2012,-511,137,8109
4,2013,-501,135,8121
4,2014,-510,125,8126
4,2015,-505,149,8123
4,2016,-500,157,8132
4,2017,-495,146,8135
4,2018,-485,139,8139
4,2019,-487,134,8125
4,2020,-495,142,8119
4,2021,-494,139,8134
4,2022,-501,144,8141
4,2023,-501,138,8134
4,2024,-497,142,8128
4,2025,-494,143,8127
4,2026,-493,143,8119
4,2027,-491,145,8119
4,2028,-502,141,8131
4,2029,-505,133,8135
4,2030,-516,137,8128
4,2031,-512,143,8117
4,2032,-513,145,8118
4,2033,-515,152,8121
4,2034,-512,154,8125
4,2035,-509,155,8119
4,2036,-501,156,8112
4,2037,-514,160,8111
4,2038,-501,160,8100
4,2039,-502,164,8109
4,2040,-498,156,8120
4,2041,-510,142,8119
4,2042,-507,146,8130
4,2043,-492,148,8141
4,2044,-500,149,8136
4,2045,-503,139,8120
4,2046,-495,129,8111
4,2047,-491,125,8116
4,2048,-490,115,8126
4,2049,-498,125,8118
4,2050,-500,132,8119
4,2051,-497,126,8116
4,2052,-495,131,8116
4,2053,-497,125,8101
4,2054,-504,132,8112
4,2055,-510,134,8127
4,2056,-505,141,8121
4,2057,-512,135,8120
4,2058,-519,128,8115
4,2059,-528,125,8132
4,2060,-514,134,8114
4,2061,-515,148,8116
4,2062,-506,150,8120
4,2063,-496,141,8127
4,2064,-494,141,8119
4,2065,-506,141,8129
4,2066,-498,151,8131
4,2067,-496,154,8128
4,2068,-488,146,8131
4,2069,-486,144,8131
4,2070,-492,142,8117
4,2071,-497,142,8127
4,2072,-502,138,8120
4,2073,-508,131,8113
4,2074,-508,144,8113
4,2075,-505,146,8124
4,2076,-500,141,8127
4,2077,-493,136,8138
4,2078,-503,137,8133
4,2079,-523,128,8134
4,2080,-519,125,8128
4,2081,-497,120,8119
4,2082,-497,140,8126
4,2083,-502,142,8122
4,2084,-509,136,8096
4,2085,-513,147,8106
4,2086,-506,143,8123
4,2087,-505,134,8136
4,2088,-515,128,8134
4,2089,-531,146,8143
4,2090,-515,143,8141
4,2091,-508,139,8143
4,2092,-504,130,8118
4,2093,-514,130,8112
4,2094,-508,130,8123
4,2095,-496,135,8106
4,2096,-490,142,8122
4,2097,-493,138,8129
4,2098,-510,147,8130
4,2099,-510,151,8113
4,2100,-514,162,8098
4,2101,-499,160,8103
4,2102,-507,150,8118
4,2103,-509,149,8113
4,2104,-500,136,8132
4,2105,-499,127,8119
4,2106,-502,124,8128
4,2107,-512,124,8120
4,2108,-525,136,8120
4,2109,-515,132,8124
4,2110,-502,133,8124
4,2111,-518,136,8113
4,2112,-516,135,8122
4,2113,-512,141,8140
4,2114,-497,149,8141
4,2115,-498,145,8129
4,2116,-506,126,8114
4,2117,-510,125,8094
4,2118,-522,121,8100
4,2119,-517,128,8112
4,2120,-511,138,8119
4,2121,-505,137,8124
4,2122,-504,141,8139
4,2123,-502,131,8128
4,2124,-504,132,8122
4,2125,-515,136,8134
4,2126,-508,147,8127
4,2127,-492,153,8117
4,2128,-504,160,8134
4,2129,-511,153,8134
4,2130,-506,142,8105
4,2131,-509,139,8105
4,2132,-520,139,8114
4,2133,-517,151,8099
4,2134,-510,147,8108
4,2135,-508,155,8126
4,2136,-513,146,8140
4,2137,-515,137,8141
4,2138,-504,133,8133
4,2139,-501,127,8141
4,2140,-504,126,8131
4,2141,-512,131,8111
4,2142,-512,123,8094
4,2143,-511,133,8084
4,2144,-513,134,8109
4,2145,-501,135,8129
4,2146,-508,133,8133
4,2147,-503,128,8126
4,2148,-494,133,8114
4,2149,-488,134,8106
4,2150,-494,139,8108
4,2151,-512,142,8088
4,2152,-504,130,8092
4,2153,-504,125,8105
4,2154,-515,124,8110
4,2155,-514,132,8115
4,2156,-512,143,8125
4,2157,-504,138,8121
4,2158,-500,130,8104
4,2159,-500,136,8095
4,2160,-514,143,8079
4,2161,-503,134,8085
4,2162,-497,143,8094
4,2163,-511,142,8129
4,2164,-522,147,8140
4,2165,-515,141,8114
4,2166,-515,134,8118
4,2167,-500,151,8135
4,2168,-496,142,8133
4,2169,-495,138,8105
4,2170,-491,146,8096
4,2171,-505,142,8102
4,2172,-503,139,8110
4,2173,-505,149,8113
4,2174,-514,153,8131
4,2175,-501,148,8134
4,2176,-490,148,8136
4,2177,-503,141,8130
4,2178,-505,144,8130
4,2179,-508,160,8103
4,2180,-515,143,8110
4,2181,-511,128,8122
4,2182,-502,132,8127
4,2183,-509,145,8121
4,2184,-506,150,8127
4,2185,-500,140,8126
4,2186,-500,132,8121
4,2187,-503,132,8121
4,2188,-508,129,8122
4,2189,-517,147,8126
4,2190,-520,150,8103
4,2191,-508,146,8101
4,2192,-508,151,8112
4,2193,-500,151,8111
4,2194,-508,137,8118
4,2195,-507,133,8126
4,2196,-508,119,8126
4,2197,-501,128,8121
4,2198,-491,127,8113
4,2199,-512,130,8122
4,2200,-516,128,8126
4,2201,-513,130,8136
4,2202,-511,130,8130
4,2203,-517,132,8131
4,2204,-499,129,8147
4,2205,-507,134,8139
4,2206,-501,130,8130
4,2207,-514,137,8139
4,2208,-514,131,8115
4,2209,-517,137,8116
4,2210,-524,132,8137
4,2211,-527,136,8143
4,2212,-528,132,8137
4,2213,-520,135,8129
4,2214,-526,140,8133
4,2215,-522,153,8122
4,2216,-521,143,8127
4,2217,-509,139,8122
4,2218,-503,132,8125
4,2219,-498,132,8131
4,2220,-499,127,8109
4,2221,-502,134,8119
4,2222,-504,146,8112
4,2223,-497,151,8121
4,2224,-494,135,8152
4,2225,-489,134,8154
4,2226,-502,137,8149
4,2227,-502,141,8148
4,2228,-500,152,8126
4,2229,-507,145,8122
4,2230,-504,136,8120
4,2231,-506,132,8123
4,2232,-507,143,8114
4,2233,-510,142,8109
4,2234,-498,133,8113
4,2235,-500,134,8108
4,2236,-507,129,8107
4,2237,-501,134,8108
4,2238,-509,139,8120
4,2239,-495,141,8128
4,2240,-500,144,8127
4,2241,-496,133,8135
4,2242,-502,120,8141
4,2243,-494,122,8146
4,2244,-488,132,8149
4,2245,-503,135,8134
4,2246,-502,147,8138
4,2247,-502,146,8126
4,2248,-506,136,8119
4,2249,-497,136,8139
4,2250,-510,118,8135
4,2251,-524,116,8139
4,2252,-513,115,8124
4,2253,-511,113,8124
4,2254,-510,123,8114
4,2255,-513,127,8124
4,2256,-516,131,8132
4,2257,-517,117,8136
4,2258,-514,123,8125
4,2259,-508,125,8131
4,2260,-508,132,8132
4,2261,-513,126,8132
4,2262,-515,132,8131
4,2263,-520,145,8119
4,2264,-531,157,8111
4,2265,-521,147,8121
4,2266,-528,141,8119
4,2267,-509,144,8122
4,2268,-496,141,8121
4,2269,-500,136,8138
4,2270,-506,141,8146
4,2271,-498,136,8114
4,2272,-496,138,8109
4,2273,-509,134,8108
4,2274,-514,139,8126
4,2275,-507,141,8121
4,2276,-507,132,8114
4,2277,-508,124,8125
4,2278,-502,139,8121
4,2279,-501,159,8127
4,2280,-496,153,8121
4,2281,-495,149,8098
4,2282,-509,152,8116
4,2283,-511,158,8116
4,2284,-491,169,8122
4,2285,-495,155,8117
4,2286,-518,138,8120
4,2287,-509,131,8095
4,2288,-501,141,8091
4,2289,-493,133,8117
4,2290,-493,129,8115
4,2291,-504,128,8111
4,2292,-506,122,8126
4,2293,-487,133,8118
4,2294,-480,134,8122
4,2295,-495,136,8122
4,2296,-501,135,8117
4,2297,-500,138,8117
4,2298,-498,141,8114
4,2299,-502,129,8131
4,2300,-492,140,8125
4,2301,-493,119,8132
4,2302,-505,128,8116
4,2303,-520,131,8103
4,2304,-501,133,8113
4,2305,-512,133,8115
4,2306,-504,128,8095
4,2307,-503,131,8097
4,2308,-505,131,8104
4,2309,-516,126,8118
4,2310,-511,116,8113
4,2311,-492,122,8122
4,2312,-498,118,8113
4,2313,-508,114,8127
4,2314,-510,128,8148
4,2315,-509,145,8147
4,2316,-516,150,8126
4,2317,-519,138,8131
4,2318,-511,137,8122
4,2319,-498,149,8115
4,2320,-501,147,8117
4,2321,-489,137,8114
4,2322,-485,137,8098
4,2323,-494,126,8109
4,2324,-492,123,8128
4,2325,-505,116,8114
4,2326,-512,116,8107
4,2327,-513,124,8114
4,2328,-510,128,8107
4,2329,-508,128,8138
4,2330,-509,135,8128
4,2331,-511,140,8105
4,2332,-508,134,8102
4,2333,-492,143,8114
4,2334,-499,135,8114
4,2335,-518,138,8109
4,2336,-515,122,8114
4,2337,-510,134,8107
4,2338,-522,134,8111
4,2339,-524,140,8133
4,2340,-515,139,8120
4,2341,-519,138,8125
4,2342,-514,142,8118
4,2343,-515,132,8103
4,2344,-513,131,8102
4,2345,-492,137,8113
4,2346,-493,143,8117
4,2347,-506,135,8108
4,2348,-508,147,8108
4,2349,-506,159,8112
4,2350,-501,156,8116
4,2351,-503,156,8116
4,2352,-507,157,8117
4,2353,-512,152,8111
4,2354,-506,143,8112
4,2355,-510,135,8114
4,2356,-506,138,8102
4,2357,-497,138,8085
4,2358,-507,137,8099
4,2359,-510,135,8094
4,2360,-506,145,8094
4,2361,-504,148,8131
4,2362,-501,138,8125
4,2363,-505,125,8111
4,2364,-503,130,8110
4,2365,-498,130,8108
4,2366,-511,144,8109
4,2367,-508,151,8128
4,2368,-505,145,8131
4,2369,-503,141,8127
4,2370,-510,131,8124
4,2371,-513,137,8121
4,2372,-511,130,8123
4,2373,-509,130,8138
4,2374,-503,125,8136
4,2375,-493,127,8121
4,2376,-504,146,8138
4,2377,-508,143,8130
4,2378,-513,144,8138
4,2379,-503,138,8136
4,2380,-491,141,8122
4,2381,-503,147,8119
4,2382,-516,151,8117
4,2383,-509,156,8116
4,2384,-504,141,8121
4,2385,-505,144,8139
4,2386,-507,134,8147
4,2387,-500,136,8141
4,2388,-509,138,8128
4,2389,-524,137,8130
4,2390,-524,140,8143
4,2391,-504,133,8156
4,2392,-493,146,8145
4,2393,-491,133,8151
4,2394,-505,135,8143
4,2395,-501,131,8122
4,2396,-501,128,8121
4,2397,-511,124,8142
4,2398,-509,135,8143
4,2399,-508,128,8123
4,2400,-503,143,8113
4,2401,-505,134,8126
4,2402,-497,136,8117
4,2403,-495,123,8119
4,2404,-493,145,8123
4,2405,-502,147,8118
4,2406,-505,155,8117
4,2407,-508,151,8115
4,2408,-502,144,8103
4,2409,-506,133,8116
4,2410,-518,132,8109
4,2411,-517,140,8104
4,2412,-523,145,8095
4,2413,-520,152,8103
4,2414,-506,147,8110
4,2415,-499,148,8101
4,2416,-506,162,8124
4,2417,-512,157,8116
4,2418,-504,158,8116
4,2419,-501,161,8116
4,2420,-510,160,8119
4,2421,-506,157,8128
4,2422,-507,147,8134
4,2423,-511,147,8137
4,2424,-504,149,8125
4,2425,-507,137,8123
4,2426,-520,143,8112
4,2427,-523,163,8097
4,2428,-521,156,8099
4,2429,-521,154,8078
4,2430,-525,143,8087
4,2431,-510,151,8112
4,2432,-504,151,8119
4,2433,-512,157,8120
4,2434,-509,160,8127
4,2435,-501,149,8125
4,2436,-491,153,8108
4,2437,-490,153,8111
4,2438,-495,159,8118
4,2439,-498,155,8130
4,2440,-509,162,8129
4,2441,-500,163,8119
4,2442,-502,154,8118
4,2443,-509,158,8127
4,2444,-504,151,8122
4,2445,-514,142,8124
4,2446,-518,146,8114
4,2447,-533,138,8119
4,2448,-526,141,8116
4,2449,-524,151,8105
4,2450,-515,142,8113
4,2451,-511,130,8110
4,2452,-516,139,8110
4,2453,-523,132,8125
4,2454,-515,138,8120
4,2455,-504,148,8119
4,2456,-500,149,8127
4,2457,-502,147,8123
4,2458,-508,145,8122
4,2459,-511,155,8126
4,2460,-509,156,8127
4,2461,-503,157,8133
4,2462,-493,155,8115
4,2463,-478,150,8112
4,2464,-488,149,8110
4,2465,-501,152,8123
4,2466,-503,145,8137
4,2467,-510,134,8120
4,2468,-506,127,8129
4,2469,-496,126,8119
4,2470,-505,124,8113
4,2471,-513,143,8118
4,2472,-517,134,8124
4,2473,-502,146,8131
4,2474,-494,153,8129
4,2475,-496,147,8122
4,2476,-494,150,8108
4,2477,-493,147,8123
4,2478,-494,138,8131
4,2479,-491,136,8127
4,2480,-505,127,8121
4,2481,-516,132,8124
4,2482,-515,125,8138
4,2483,-508,124,8140
4,2484,-507,137,8120
4,2485,-504,139,8137
4,2486,-500,148,8135
4,2487,-495,136,8131
4,2488,-504,131,8133
4,2489,-511,139,8131
4,2490,-502,143,8137
4,2491,-503,151,8124
4,2492,-511,141,8114
4,2493,-515,136,8108
4,2494,-510,138,8121
4,2495,-505,130,8116
4,2496,-518,134,8116
4,2497,-512,133,8121
5,0,-509,144,8140
5,1,-502,139,8143
5,2,-500,150,8132
5,3,-504,158,8125
5,4,-505,154,8121
5,5,-508,144,8120
5,6,-509,145,8114
5,7,-508,136,8127
5,8,-507,150,8122
5,9,-509,150,8121
5,10,-502,137,8128
5,11,-498,120,8148
5,12,-495,129,8130
5,13,-506,142,8128
5,14,-493,160,8145
5,15,-493,156,8134
5,16,-502,140,8112
5,17,-503,130,8095
5,18,-500,149,8097
5,19,-498,156,8112
5,20,-508,154,8122
5,21,-511,155,8126
5,22,-500,162,8115
5,23,-493,146,8120
5,24,-489,144,8135
5,25,-481,128,8143
5,26,-480,127,8126
5,27,-486,136,8116
5,28,-502,139,8128
5,29,-521,141,8129
5,30,-523,137,8120
5,31,-517,127,8114
5,32,-522,136,8131
5,33,-508,136,8124
5,34,-508,132,8134
5,35,-500,133,8124
5,36,-491,130,8123
5,37,-504,136,8137
5,38,-501,146,8119
5,39,-501,142,8120
5,40,-487,125,8112
5,41,-495,124,8118
5,42,-510,132,8131
5,43,-506,135,8131
5,44,-504,126,8129
5,45,-494,129,8146
5,46,-493,139,8138
5,47,-497,147,8120
5,48,-498,140,8119
5,49,-495,132,8118
5,50,-485,137,8111
5,51,-490,137,8122
5,52,-489,151,8135
5,53,-483,140,8133
5,54,-489,144,8130
5,55,-496,138,8134
5,56,-500,133,8118
5,57,-497,125,8120
5,58,-508,127,8119
5,59,-500,139,8119
5,60,-507,146,8116
5,61,-522,141,8126
5,62,-516,147,8123
5,63,-516,142,8124
5,64,-524,153,8110
5,65,-519,155,8113
5,66,-520,151,8125
5,67,-520,149,8111
5,68,-506,140,8122
5,69,-509,135,8132
5,70,-504,136,8144
5,71,-515,134,8155
5,72,-504,147,8136
5,73,-498,140,8132
5,74,-508,132,8141
5,75,-512,139,8129
5,76,-529,134,8110
5,77,-516,134,8119
5,78,-510,135,8122
5,79,-505,137,8116
5,80,-501,138,8118
5,81,-489,144,8120
5,82,-492,135,8125
5,83,-492,143,8106
5,84,-500,144,8117
5,85,-502,135,8111
5,86,-501,145,8122
5,87,-499,138,8124
5,88,-488,136,8126
5,89,-506,138,8111
5,90,-513,134,8085
5,91,-519,137,8091
5,92,-517,142,8103
5,93,-506,150,8116
5,94,-517,144,8121
5,95,-501,132,8112
5,96,-496,137,8111
5,97,-503,131,8122
5,98,-501,117,8129
5,99,-509,143,8108
5,100,-508,137,8129
5,101,-505,150,8132
5,102,-504,152,8123
5,103,-513,165,8114
5,104,-504,162,8116
5,105,-497,151,8100
5,106,-498,150,8111
5,107,-492,151,8131
5,108,-499,152,8148
5,109,-512,161,8149
5,110,-514,159,8149
5,111,-502,157,8145
5,112,-503,155,8144
5,113,-493,155,8138
5,114,-501,150,8130
5,115,-504,129,8131
5,116,-493,135,8120
5,117,-500,138,8116
5,118,-499,131,8113
5,119,-500,126,8129
5,120,-497,140,8112
5,121,-493,141,8105
5,122,-499,129,8097
5,123,-493,128,8094
5,124,-496,140,8117
5,125,-500,153,8135
5,126,-496,147,8150
5,127,-501,154,8149
5,128,-505,154,8138
5,129,-499,145,8133
5,130,-486,133,8119
5,131,-502,130,8124
5,132,-510,122,8118
5,133,-505,138,8112
5,134,-499,137,8115
5,135,-499,144,8132
5,136,-492,149,8127
5,137,-490,137,8114
5,138,-502,147,8105
5,139,-507,159,8101
5,140,-505,143,8112
5,141,-516,137,8123
5,142,-513,145,8123
5,143,-526,141,8127
5,144,-519,147,8123
5,145,-510,137,8113
5,146,-507,132,8121
5,147,-506,135,8127
5,148,-503,158,8133
5,149,-492,156,8134
5,150,-493,150,8124
5,151,-486,141,8141
5,152,-498,139,8147
5,153,-503,129,8136
5,154,-505,137,8121
5,155,-509,136,8133
5,156,-504,126,8122
5,157,-507,136,8116
5,158,-514,135,8096
5,159,-519,139,8102
5,160,-514,142,8095
5,161,-508,141,8109
5,162,-509,140,8110
5,163,-509,148,8112
5,164,-510,148,8114
5,165,-499,145,8112
5,166,-497,134,8110
5,167,-493,134,8119
5,168,-484,136,8114
5,169,-492,134,8126
5,170,-492,146,8124
5,171,-498,150,8104
5,172,-492,146,8116
5,173,-489,156,8112
5,174,-485,142,8113
5,175,-491,138,8115
5,176,-483,137,8109
5,177,-478,132,8127
5,178,-488,125,8122
5,179,-485,124,8113
5,180,-496,131,8131
5,181,-503,139,8115
5,182,-510,139,8100
5,183,-504,141,8108
5,184,-506,138,8102
5,185,-513,138,8117
5,186,-508,138,8132
5,187,-501,140,8136
5,188,-498,131,8139
5,189,-503,129,8140
5,190,-509,134,8120
5,191,-508,134,8112
5,192,-503,140,8121
5,193,-498,129,8117
5,194,-500,126,8133
5,195,-512,127,8138
5,196,-514,132,8135
5,197,-512,139,8134
5,198,-500,147,8125
5,199,-502,145,8127
5,200,-501,144,8127
5,201,-505,137,8134
5,202,-505,132,8136
5,203,-504,136,8123
5,204,-505,142,8119
5,205,-502,150,8102
5,206,-499,140,8109
5,207,-513,138,8110
5,208,-503,133,8111
5,209,-500,148,8104
5,210,-498,150,8093
5,211,-510,152,8102
5,212,-511,162,8106
5,213,-503,160,8121
5,214,-510,152,8122
5,215,-513,163,8125
5,216,-510,148,8131
5,217,-518,151,8137
5,218,-520,140,8132
5,219,-505,151,8127
5,220,-501,162,8136
5,221,-507,158,8145
5,222,-506,157,8123
5,223,-501,160,8118
5,224,-500,148,8115
5,225,-500,138,8117
5,226,-506,145,8112
5,227,-512,134,8122
5,228,-514,134,8131
5,229,-511,145,8131
5,230,-510,143,8133
5,231,-502,141,8134
5,232,-499,136,8114
5,233,-505,143,8110
5,234,-508,142,8104
5,235,-501,159,8103
5,236,-504,151,8113
5,237,-501,134,8125
5,238,-494,131,8120
5,239,-491,149,8118
5,240,-496,149,8112
5,241,-508,142,8117
5,242,-511,137,8121
5,243,-510,147,8110
5,244,-502,138,8113
5,245,-501,150,8123
5,246,-499,152,8135
5,247,-517,141,8133
5,248,-531,146,8137
5,249,-539,145,8121
5,250,-529,161,8126
5,251,-523,158,8135
5,252,-524,146,8136
5,253,-532,144,8148
5,254,-528,136,8124
5,255,-523,133,8113
5,256,-511,152,8128
5,257,-516,155,8109
5,258,-519,140,8119
5,259,-509,135,8117
5,260,-503,141,8121
5,261,-498,141,8137
5,262,-495,140,8132
5,263,-510,135,8130
5,264,-507,117,8136
5,265,-515,114,8126
5,266,-531,117,8108
5,267,-527,121,8105
5,268,-524,129,8117
5,269,-518,134,8118
5,270,-504,146,8126
5,271,-500,150,8118
5,272,-501,127,8125
5,273,-512,131,8121
5,274,-508,135,8107
5,275,-507,136,8108
5,276,-511,139,8100
5,277,-509,145,8102
5,278,-500,151,8112
5,279,-493,144,8122
5,280,-489,140,8134
5,281,-496,144,8147
5,282,-500,150,8149
5,283,-501,152,8134
5,284,-498,139,8150
5,285,-490,133,8143
5,286,-493,144,8132
5,287,-494,132,8139
5,288,-492,121,8132
5,289,-490,135,8118
5,290,-495,136,8120
5,291,-488,133,8114
5,292,-486,123,8115
5,293,-499,126,8105
5,294,-497,132,8113
5,295,-507,132,8122
5,296,-508,137,8125
5,297,-507,139,8126
5,298,-500,126,8142
5,299,-508,124,8125
5,300,-513,121,8111
5,301,-497,126,8110
5,302,-507,133,8118
5,303,-503,143,8117
5,304,-506,144,8107
5,305,-513,134,8117
5,306,-518,127,8129
5,307,-516,126,8125
5,308,-507,140,8129
5,309,-504,133,8119
5,310,-501,129,8125
5,311,-508,127,8129
5,312,-501,123,8118
5,313,-496,111,8131
5,314,-502,120,8115
5,315,-513,128,8118
5,316,-516,136,8110
5,317,-514,148,8123
5,318,-502,154,8127
5,319,-508,159,8130
5,320,-517,143,8119
5,321,-497,146,8111
5,322,-486,153,8107
5,323,-493,149,8131
5,324,-498,148,8144
5,325,-504,141,8134
5,326,-512,135,8120
5,327,-519,132,8126
5,328,-521,140,8143
5,329,-514,138,8146
5,330,-513,151,8138
5,331,-507,143,8132
5,332,-506,148,8126
5,333,-499,138,8114
5,334,-513,146,8118
5,335,-519,147,8141
5,336,-517,145,8136
5,337,-525,144,8124
5,338,-514,152,8116
5,339,-509,158,8136
5,340,-507,148,8128
5,341,-522,131,8119
5,342,-516,140,8119
5,343,-505,140,8121
5,344,-505,155,8140
5,345,-505,137,8142
5,346,-501,147,8139
5,347,-493,148,8128
5,348,-486,144,8122
5,349,-501,147,8128
5,350,-510,140,8125
5,351,-501,142,8137
5,352,-487,143,8123
5,353,-496,154,8121
5,354,-497,150,8119
5,355,-505,150,8117
5,356,-509,146,8115
5,357,-498,146,8105
5,358,-507,149,8110
5,359,-514,148,8133
5,360,-502,157,8146
5,361,-504,154,8153
5,362,-500,147,8139
5,363,-509,144,8131
5,364,-502,143,8130
5,365,-500,142,8119
5,366,-507,132,8117
5,367,-507,130,8124
5,368,-502,137,8128
5,369,-505,138,8117
5,370,-510,144,8116
5,371,-516,148,8117
5,372,-519,136,8126
5,373,-508,126,8126
5,374,-509,125,8111
5,375,-507,135,8112
5,376,-513,142,8112
5,377,-510,136,8114
5,378,-510,138,8113
5,379,-502,136,8097
5,380,-486,150,8106
5,381,-488,145,8104
5,382,-497,139,8098
5,383,-499,128,8121
5,384,-502,131,8130
5,385,-503,134,8121
5,386,-500,149,8123
5,387,-500,150,8137
5,388,-517,157,8145
5,389,-507,154,8137
5,390,-507,146,8121
5,391,-501,139,8122
5,392,-497,137,8115
5,393,-504,137,8121
5,394,-507,141,8126
5,395,-515,149,8128
5,396,-506,147,8120
5,397,-505,143,8113
5,398,-515,153,8114
5,399,-509,157,8105
5,400,-511,158,8098
5,401,-515,160,8105
5,402,-523,147,8109
5,403,-515,153,8117
5,404,-512,149,8122
5,405,-502,152,8125
5,406,-505,144,8123
5,407,-502,132,8128
5,408,-493,138,8142
5,409,-499,135,8130
5,410,-493,147,8124
5,411,-498,145,8118
5,412,-496,138,8123
5,413,-496,136,8114
5,414,-496,134,8124
5,415,-503,142,8138
5,416,-505,140,8152
5,417,-509,145,8120
5,418,-505,149,8106
5,419,-499,156,8111
5,420,-495,149,8134
5,421,-489,141,8132
5,422,-491,152,8123
5,423,-499,147,8141
5,424,-512,156,8146
5,425,-507,145,8144
5,426,-501,129,8143
5,427,-522,128,8128
5,428,-511,126,8134
5,429,-510,134,8147
5,430,-506,121,8146
5,431,-511,135,8138
5,432,-507,143,8140
5,433,-502,145,8142
5,434,-518,143,8129
5,435,-508,146,8123
5,436,-503,138,8129
5,437,-502,122,8116
5,438,-505,129,8121
5,439,-501,129,8116
5,440,-504,134,8139
5,441,-518,146,8133
5,442,-514,126,8115
5,443,-516,121,8102
5,444,-520,124,8103
5,445,-519,129,8114
5,446,-518,147,8141
5,447,-516,145,8137
5,448,-507,141,8118
5,449,-519,142,8113
5,450,-516,136,8115
5,451,-519,131,8120
5,452,-521,131,8101
5,453,-512,146,8107
5,454,-503,143,8111
5,455,-507,152,8117
5,456,-502,145,8114
5,457,-503,141,8126
5,458,-506,138,8126
5,459,-497,144,8130
5,460,-503,137,8115
5,461,-514,145,8132
5,462,-515,142,8125
5,463,-524,139,8116
5,464,-542,140,8115
5,465,-526,154,8116
5,466,-522,142,8104
5,467,-538,138,8115
5,468,-526,140,8113
5,469,-512,144,8114
5,470,-498,144,8115
5,471,-504,141,8100
5,472,-505,143,8110
5,473,-495,137,8108
5,474,-501,141,8123
5,475,-506,139,8110
5,476,-492,138,8128
5,477,-504,134,8129
5,478,-507,136,8133
5,479,-507,126,8128
5,480,-523,124,8116
5,481,-517,136,8103
5,482,-511,137,8108
5,483,-505,138,8120
5,484,-499,151,8127
5,485,-504,149,8128
5,486,-511,145,8124
5,487,-521,139,8127
5,488,-509,135,8109
5,489,-503,142,8103
5,490,-497,140,8129
5,491,-498,141,8128
5,492,-498,129,8124
5,493,-506,129,8135
5,494,-513,136,8140
5,495,-506,129,8123
5,496,-500,134,8112
5,497,-498,134,8117
5,498,-501,136,8121
5,499,-510,138,8114
5,500,-503,139,8120
5,501,-502,138,8114
5,502,-497,138,8111
5,503,-498,150,8129
5,504,-507,160,8131
5,505,-513,159,8132
5,506,-506,142,8141
5,507,-501,138,8126
5,508,-501,143,8123
5,509,-499,146,8129
5,510,-507,157,8121
5,511,-509,151,8124
5,512,-515,149,8116
5,513,-515,151,8113
5,514,-507,137,8128
5,515,-508,134,8100
5,516,-506,129,8095
5,517,-507,123,8104
5,518,-500,120,8125
5,519,-509,128,8129
5,520,-512,127,8131
5,521,-508,124,8141
5,522,-512,123,8149
5,523,-502,135,8141
5,524,-490,133,8132
5,525,-496,122,8146
5,526,-501,118,8145
5,527,-496,132,8135
5,528,-492,130,8123
5,529,-494,139,8128
5,530,-484,147,8140
5,531,-500,135,8139
5,532,-502,143,8138
5,533,-502,144,8155
5,534,-498,136,8147
5,535,-508,139,8158
5,536,-503,153,8145
5,537,-504,162,8125
5,538,-502,135,8094
5,539,-513,129,8108
5,540,-515,135,8105
5,541,-514,135,8122
5,542,-514,133,8127
5,543,-504,141,8116
5,544,-503,140,8128
5,545,-497,148,8150
5,546,-507,154,8146
5,547,-512,154,8134
5,548,-508,146,8145
5,549,-522,142,8141
5,550,-512,145,8113
5,551,-516,154,8114
5,552,-508,160,8131
5,553,-506,153,8150
5,554,-511,141,8150
5,555,-501,150,8117
5,556,-506,149,8093
5,557,-505,141,8118
5,558,-512,138,8123
5,559,-516,144,8114
5,560,-517,143,8119
5,561,-510,149,8117
5,562,-505,148,8101
5,563,-491,140,8109
5,564,-498,139,8110
5,565,-506,147,8106
5,566,-510,148,8110
5,567,-512,148,8107
5,568,-523,140,8127
5,569,-511,133,8122
5,570,-517,135,8141
5,571,-504,150,8157
5,572,-498,151,8140
5,573,-503,153,8143
5,574,-494,159,8140
5,575,-492,159,8139
5,576,-490,153,8142
5,577,-484,158,8162
5,578,-489,148,8145
5,579,-489,143,8124
5,580,-491,146,8116
5,581,-504,151,8109
5,582,-503,152,8132
5,583,-505,143,8127
5,584,-507,136,8138
5,585,-505,117,8134
5,586,-507,114,8117
5,587,-505,124,8114
5,588,-494,132,8118
5,589,-496,135,8112
5,590,-502,140,8114
5,591,-511,143,8094
5,592,-522,134,8109
5,593,-515,144,8113
5,594,-517,146,8108
5,595,-527,140,8109
5,596,-509,145,8115
5,597,-514,136,8124
5,598,-516,138,8126
5,599,-512,129,8120
5,600,-508,139,8128
5,601,-501,132,8124
5,602,-510,132,8111
5,603,-497,132,8117
5,604,-507,119,8130
5,605,-504,121,8133
5,606,-507,136,8130
5,607,-524,143,8131
5,608,-520,148,8137
5,609,-519,146,8125
5,610,-513,145,8110
5,611,-508,135,8110
5,612,-510,129,8118
5,613,-514,135,8118
5,614,-514,140,8119
5,615,-498,145,8127
5,616,-502,148,8128
5,617,-510,135,8139
5,618,-521,143,8138
5,619,-523,145,8137
5,620,-519,135,8120
5,621,-497,128,8107
5,622,-500,131,8117
5,623,-501,141,8120
5,624,-493,146,8115
5,625,-485,145,8131
5,626,-479,144,8123
5,627,-489,148,8118
5,628,-499,146,8122
5,629,-500,139,8118
5,630,-510,131,8117
5,631,-513,142,8101
5,632,-506,141,8107
5,633,-500,143,8131
5,634,-507,139,8149
5,635,-499,134,8138
5,636,-494,147,8120
5,637,-499,134,8110
5,638,-501,133,8110
5,639,-506,133,8119
5,640,-504,147,8103
5,641,-506,153,8109
5,642,-495,144,8113
5,643,-511,148,8109
5,644,-509,146,8110
5,645,-503,145,8115
5,646,-503,152,8111
5,647,-494,156,8115
5,648,-495,158,8114
5,649,-498,152,8119
5,650,-502,145,8129
5,651,-503,143,8109
5,652,-502,145,8124
5,653,-493,148,8135
5,654,-486,143,8139
5,655,-504,151,8145
5,656,-511,145,8126
5,657,-513,142,8144
5,658,-510,143,8142
5,659,-509,153,8132
5,660,-508,149,8128
5,661,-511,143,8138
5,662,-518,144,8129
5,663,-514,136,8105
5,664,-524,147,8102
5,665,-514,142,8117
5,666,-511,141,8130
5,667,-508,138,8128
5,668,-493,141,8124
5,669,-490,146,8130
5,670,-501,132,8145
5,671,-498,138,8144
5,672,-497,141,8140
5,673,-504,136,8144
5,674,-500,134,8149
5,675,-497,135,8147
5,676,-501,138,8127
5,677,-517,142,8139
5,678,-507,141,8138
5,679,-506,138,8120
5,680,-516,141,8105
5,681,-509,142,8121
5,682,-508,143,8122
5,683,-504,143,8128
5,684,-505,150,8124
5,685,-506,147,8123
5,686,-506,135,8109
5,687,-506,123,8105
5,688,-494,113,8126
5,689,-487,114,8140
5,690,-497,122,8117
5,691,-507,132,8134
5,692,-512,133,8135
5,693,-520,130,8120
5,694,-532,133,8111
5,695,-532,141,8121
5,696,-536,136,8129
5,697,-534,145,8125
5,698,-530,152,8121
5,699,-515,153,8128
5,700,-507,153,8122
5,701,-499,156,8136
5,702,-496,147,8130
5,703,-490,151,8125
5,704,-486,139,8119
5,705,-507,138,8107
5,706,-515,120,8107
5,707,-514,136,8102
5,708,-520,133,8109
5,709,-506,133,8114
5,710,-501,137,8101
5,711,-504,144,8096
5,712,-494,156,8106
5,713,-500,151,8122
5,714,-493,152,8119
5,715,-494,143,8120
5,716,-504,135,8128
5,717,-491,149,8135
5,718,-497,154,8130
5,719,-490,150,8137
5,720,-486,159,8148
5,721,-495,153,8134
5,722,-507,147,8131
5,723,-510,143,8125
5,724,-506,147,8100
5,725,-516,152,8112
5,726,-511,145,8118
5,727,-507,145,8152
5,728,-498,142,8139
5,729,-498,150,8127
5,730,-491,144,8138
5,731,-501,149,8129
5,732,-506,134,8127
5,733,-495,137,8125
5,734,-502,152,8139
5,735,-504,157,8146
5,736,-514,165,8144
5,737,-519,170,8138
5,738,-514,157,8110
5,739,-515,150,8112
5,740,-508,148,8126
5,741,-493,140,8130
5,742,-485,148,8124
5,743,-482,138,8125
5,744,-489,139,8117
5,745,-504,145,8109
5,746,-510,151,8122
5,747,-509,147,8108
5,748,-507,139,8104
5,749,-510,134,8111
5,750,-504,140,8106
5,751,-489,133,8095
5,752,-505,149,8113
5,753,-507,147,8111
5,754,-505,149,8113
5,755,-505,142,8098
5,756,-503,140,8111
5,757,-504,150,8115
5,758,-505,149,8108
5,759,-507,148,8102
5,760,-505,152,8112
5,761,-509,146,8133
5,762,-501,142,8134
5,763,-502,149,8128
5,764,-503,153,8135
5,765,-516,146,8141
5,766,-511,149,8166
5,767,-521,154,8161
5,768,-523,143,8141
5,769,-506,148,8132
5,770,-512,150,8124
5,771,-510,146,8128
5,772,-500,141,8134
5,773,-493,149,8147
5,774,-496,148,8151
5,775,-502,157,8139
5,776,-505,165,8147
5,777,-510,157,8135
5,778,-523,155,8124
5,779,-515,142,8129
5,780,-508,143,8136
5,781,-497,143,8133
5,782,-497,142,8140
5,783,-511,137,8132
5,784,-516,143,8123
5,785,-490,140,8113
5,786,-498,140,8118
5,787,-502,143,8122
5,788,-505,145,8130
5,789,-512,143,8138
5,790,-502,134,8134
5,791,-513,142,8119
5,792,-508,140,8120
5,793,-514,155,8120
5,794,-521,146,8107
5,795,-512,137,8102
5,796,-511,142,8120
5,797,-512,137,8139
5,798,-527,141,8136
5,799,-518,159,8132
5,800,-519,154,8124
5,801,-506,142,8119
5,802,-507,132,8120
5,803,-506,141,8114
5,804,-503,144,8109
5,805,-501,143,8125
5,806,-508,134,8127
5,807,-511,127,8130
5,808,-508,146,8115
5,809,-508,154,8119
5,810,-513,150,8136
5,811,-526,135,8143
5,812,-514,137,8135
5,813,-505,140,8115
5,814,-510,136,8115
5,815,-510,140,8127
5,816,-504,127,8147
5,817,-509,121,8134
5,818,-515,135,8121
5,819,-512,142,8125
5,820,-495,147,8140
5,821,-495,136,8132
5,822,-505,139,8120
5,823,-500,156,8123
5,824,-494,144,8138
5,825,-477,143,8126
5,826,-477,147,8125
5,827,-494,138,8129
5,828,-517,134,8141
5,829,-507,138,8139
5,830,-489,135,8120
5,831,-489,139,8119
5,832,-496,136,8129
5,833,-503,141,8126
5,834,-502,146,8119
5,835,-492,145,8104
5,836,-485,150,8107
5,837,-506,149,8105
5,838,-500,141,8107
5,839,-498,141,8110
5,840,-497,135,8106
5,841,-518,150,8114
5,842,-510,162,8121
5,843,-518,149,8124
5,844,-513,146,8145
5,845,-517,149,8143
5,846,-516,149,8124
5,847,-504,162,8092
5,848,-507,154,8103
5,849,-512,139,8106
5,850,-519,138,8101
5,851,-509,144,8096
5,852,-510,145,8092
5,853,-513,149,8104
5,854,-506,133,8111
5,855,-494,133,8109
5,856,-495,144,8117
5,857,-496,143,8135
5,858,-501,139,8145
5,859,-487,141,8127
5,860,-495,147,8101
5,861,-502,146,8113
5,862,-499,142,8096
5,863,-505,149,8088
5,864,-502,137,8101
5,865,-503,135,8107
5,866,-506,138,8121
5,867,-494,144,8137
5,868,-496,148,8139
5,869,-497,149,8133
5,870,-494,150,8143
5,871,-507,149,8144
5,872,-501,151,8153
5,873,-503,151,8132
5,874,-496,145,8125
5,875,-501,141,8132
5,876,-506,134,8119
5,877,-510,125,8119
5,878,-507,131,8102
5,879,-514,138,8113
5,880,-502,146,8111
5,881,-492,146,8109
5,882,-501,142,8107
5,883,-511,136,8117
5,884,-503,134,8117
5,885,-520,137,8125
5,886,-516,147,8133
5,887,-521,141,8142
5,888,-519,123,8118
5,889,-512,127,8116
5,890,-515,141,8120
5,891,-512,135,8134
5,892,-511,139,8117
5,893,-500,142,8122
5,894,-500,148,8125
5,895,-506,151,8128
5,896,-509,149,8134
5,897,-504,155,8127
5,898,-503,150,8139
5,899,-501,143,8131
5,900,-509,150,8134
5,901,-510,152,8122
5,902,-505,148,8115
5,903,-489,153,8121
5,904,-495,154,8130
5,905,-499,155,8120
5,906,-503,154,8125
5,907,-502,146,8123
5,908,-503,144,8107
5,909,-506,147,8094
5,910,-495,145,8089
5,911,-502,144,8105
5,912,-513,156,8118
5,913,-512,150,8112
5,914,-505,141,8116
5,915,-498,149,8110
5,916,-489,153,8105
5,917,-491,162,8109
5,918,-492,161,8129
5,919,-505,160,8136
5,920,-503,161,8114
5,921,-505,160,8110
5,922,-495,141,8115
5,923,-497,131,8125
5,924,-500,151,8119
5,925,-508,166,8119
5,926,-514,146,8124
5,927,-515,134,8119
5,928,-515,139,8116
5,929,-506,139,8133
5,930,-509,142,8144
5,931,-513,141,8155
5,932,-513,145,8139
5,933,-520,145,8137
5,934,-519,147,8120
5,935,-521,138,8103
5,936,-500,142,8104
5,937,-484,134,8102
5,938,-491,123,8103
5,939,-501,135,8122
5,940,-509,125,8125
5,941,-507,134,8113
5,942,-509,146,8118
5,943,-512,149,8138
5,944,-512,148,8128
5,945,-519,138,8120
5,946,-519,128,8102
5,947,-514,129,8125
5,948,-511,132,8128
5,949,-519,136,8141
5,950,-513,146,8143
5,951,-514,158,8145
5,952,-522,143,8138
5,953,-510,137,8137
5,954,-506,140,8130
5,955,-502,128,8126
5,956,-504,126,8130
5,957,-501,133,8128
5,958,-502,135,8151
5,959,-500,139,8143
5,960,-489,151,8125
5,961,-504,148,8110
5,962,-498,136,8118
5,963,-492,132,8109
5,964,-494,154,8094
5,965,-487,151,8118
5,966,-501,140,8107
5,967,-507,141,8124
5,968,-499,135,8125
5,969,-503,143,8139
5,970,-507,144,8132
5,971,-506,135,8119
5,972,-496,153,8117
5,973,-511,154,8107
5,974,-511,152,8114
5,975,-514,148,8105
5,976,-508,137,8107
5,977,-505,137,8122
5,978,-517,122,8115
5,979,-516,118,8115
5,980,-514,126,8101
5,981,-507,135,8107
5,982,-498,149,8122
5,983,-506,152,8133
5,984,-501,140,8146
5,985,-499,142,8146
5,986,-489,140,8139
5,987,-504,143,8147
5,988,-513,140,8153
5,989,-513,144,8141
5,990,-508,129,8130
5,991,-502,122,8126
5,992,-507,131,8145
5,993,-509,135,8133
5,994,-514,131,8117
5,995,-513,143,8117
5,996,-521,137,8113
5,997,-523,136,8118
5,998,-514,127,8106
5,999,-506,121,8114
5,1000,-507,136,8126
5,1001,-503,149,8128
5,1002,-498,156,8125
5,1003,-492,158,8140
5,1004,-495,147,8137
5,1005,-499,154,8121
5,1006,-505,156,8123
5,1007,-505,150,8121
5,1008,-494,147,8102
5,1009,-490,140,8129
5,1010,-481,144,8133
5,1011,-493,143,8138
5,1012,-507,136,8127
5,1013,-517,122,8129
5,1014,-515,136,8146
5,1015,-511,131,8137
5,1016,-511,133,8135
5,1017,-515,130,8123
5,1018,-519,138,8129
5,1019,-518,141,8132
5,1020,-514,150,8136
5,1021,-517,154,8133
5,1022,-509,157,8127
5,1023,-507,157,8139
5,1024,-494,155,8143
5,1025,-500,159,8134
5,1026,-505,142,8115
5,1027,-508,149,8106
5,1028,-510,145,8110
5,1029,-506,131,8112
5,1030,-487,127,8115
5,1031,-495,141,8105
5,1032,-498,148,8100
5,1033,-502,138,8111
5,1034,-504,144,8108
5,1035,-509,133,8112
5,1036,-508,146,8113
5,1037,-515,162,8117
5,1038,-507,152,8122
5,1039,-521,154,8120
5,1040,-513,159,8116
5,1041,-511,152,8124
5,1042,-516,137,8110
5,1043,-500,139,8104
5,1044,-498,155,8105
5,1045,-501,146,8121
5,1046,-506,141,8105
5,1047,-506,150,8110
5,1048,-511,144,8124
5,1049,-514,137,8119
5,1050,-504,147,8122
5,1051,-491,145,8123
5,1052,-485,135,8132
5,1053,-492,135,8143
5,1054,-505,135,8129
5,1055,-515,144,8119
5,1056,-515,152,8098
5,1057,-522,153,8092
5,1058,-512,132,8092
5,1059,-515,148,8101
5,1060,-529,153,8093
5,1061,-510,151,8102
5,1062,-504,146,8105
5,1063,-495,150,8107
5,1064,-497,155,8111
5,1065,-511,148,8130
5,1066,-517,144,8142
5,1067,-513,151,8146
5,1068,-508,143,8139
5,1069,-516,145,8144
5,1070,-510,139,8135
5,1071,-516,140,8112
5,1072,-516,156,8130
5,1073,-512,148,8129
5,1074,-503,150,8125
5,1075,-516,138,8125
5,1076,-516,138,8107
5,1077,-523,141,8109
5,1078,-516,136,8126
5,1079,-509,124,8124
5,1080,-508,129,8139
5,1081,-507,137,8124
5,1082,-513,137,8134
5,1083,-510,142,8124
5,1084,-505,148,8101
5,1085,-513,149,8113
5,1086,-509,142,8112
5,1087,-504,152,8133
5,1088,-510,149,8116
5,1089,-497,134,8113
5,1090,-488,134,8113
5,1091,-500,133,8120
5,1092,-511,139,8115
5,1093,-516,137,8111
5,1094,-514,137,8126
5,1095,-518,139,8127
5,1096,-506,135,8139
5,1097,-495,126,8145
5,1098,-496,127,8154
5,1099,-500,131,8163
5,1100,-496,134,8156
5,1101,-504,139,8130
5,1102,-509,138,8130
5,1103,-509,137,8120
5,1104,-522,141,8126
5,1105,-521,139,8134
5,1106,-521,137,8139
5,1107,-506,142,8142
5,1108,-506,136,8118
5,1109,-495,134,8114
5,1110,-495,126,8111
5,1111,-495,144,8109
5,1112,-516,146,8110
5,1113,-516,151,8124
5,1114,-504,139,8110
5,1115,-506,134,8127
5,1116,-512,140,8127
5,1117,-508,142,8135
5,1118,-509,144,8121
5,1119,-511,138,8114
5,1120,-509,149,8126
5,1121,-512,135,8127
5,1122,-519,136,8131
5,1123,-510,144,8117
5,1124,-511,143,8119
5,1125,-505,146,8143
5,1126,-501,149,8147
5,1127,-500,140,8139
5,1128,-505,139,8138
5,1129,-518,148,8138
5,1130,-519,151,8144
5,1131,-516,149,8126
5,1132,-508,137,8124
5,1133,-501,133,8130
5,1134,-504,146,8114
5,1135,-492,144,8124
5,1136,-499,141,8139
5,1137,-514,133,8118
5,1138,-506,131,8110
5,1139,-514,138,8120
5,1140,-512,131,8124
5,1141,-514,145,8123
5,1142,-499,143,8109
5,1143,-503,138,8090
5,1144,-503,139,8096
5,1145,-490,134,8094
5,1146,-491,142,8103
5,1147,-499,136,8105
5,1148,-495,128,8108
5,1149,-502,129,8115
5,1150,-508,131,8104
5,1151,-522,125,8099
5,1152,-515,129,8102
5,1153,-516,128,8118
5,1154,-510,130,8119
5,1155,-513,137,8119
5,1156,-509,138,8123
5,1157,-511,143,8117
5,1158,-518,146,8124
5,1159,-512,156,8135
5,1160,-503,164,8134
5,1161,-511,158,8130
5,1162,-509,155,8116
5,1163,-509,164,8135
5,1164,-513,161,8145
5,1165,-519,158,8121
5,1166,-517,142,8105
5,1167,-508,134,8105
5,1168,-510,139,8101
5,1169,-498,137,8101
5,1170,-507,139,8105
5,1171,-499,131,8107
5,1172,-501,128,8115
5,1173,-501,138,8136
5,1174,-508,132,8155
5,1175,-504,144,8139
5,1176,-505,140,8135
5,1177,-497,147,8157
5,1178,-501,142,8138
5,1179,-510,146,8131
5,1180,-504,129,8118
5,1181,-512,124,8112
5,1182,-507,135,8119
5,1183,-509,139,8135
5,1184,-503,133,8126
5,1185,-506,128,8127
5,1186,-498,127,8125
5,1187,-502,138,8114
5,1188,-509,131,8125
5,1189,-505,128,8126
5,1190,-504,127,8107
5,1191,-514,131,8112
5,1192,-504,136,8111
5,1193,-500,144,8120
5,1194,-503,157,8116
5,1195,-502,150,8117
5,1196,-513,148,8113
5,1197,-509,138,8116
5,1198,-511,147,8119
5,1199,-503,155,8105
5,1200,-501,136,8113
5,1201,-499,139,8119
5,1202,-511,143,8112
5,1203,-514,140,8101
5,1204,-497,130,8116
5,1205,-488,134,8116
5,1206,-488,139,8104
5,1207,-496,156,8104
5,1208,-506,158,8120
5,1209,-507,153,8140
5,1210,-512,144,8148
5,1211,-525,135,8128
5,1212,-536,137,8105
5,1213,-520,139,8108
5,1214,-524,140,8107
5,1215,-532,144,8098
5,1216,-537,144,8121
5,1217,-527,144,8125
5,1218,-518,143,8127
5,1219,-511,139,8111
5,1220,-511,145,8111
5,1221,-507,143,8127
5,1222,-501,138,8147
5,1223,-505,135,8132
5,1224,-504,138,8124
5,1225,-503,137,8128
5,1226,-500,143,8121
5,1227,-494,148,8139
5,1228,-500,146,8141
5,1229,-508,156,8154
5,1230,-494,158,8149
5,1231,-491,152,8133
5,1232,-507,137,8128
5,1233,-512,137,8125
5,1234,-524,134,8129
5,1235,-517,141,8142
5,1236,-511,136,8131
5,1237,-507,139,8110
5,1238,-503,136,8120
5,1239,-499,134,8132
5,1240,-504,137,8145
5,1241,-508,144,8168
5,1242,-509,142,8167
5,1243,-512,139,8163
5,1244,-522,146,8156
5,1245,-515,144,8130
5,1246,-511,148,8123
5,1247,-511,155,8120
5,1248,-522,150,8112
5,1249,-515,139,8110
5,1250,-514,150,8112
5,1251,-509,148,8112
5,1252,-514,137,8133
5,1253,-512,137,8153
5,1254,-498,135,8144
5,1255,-487,155,8150
5,1256,-484,152,8150
5,1257,-491,149,8134
5,1258,-484,146,8118
5,1259,-494,143,8113
5,1260,-498,135,8118
5,1261,-495,125,8103
5,1262,-503,140,8084
5,1263,-506,147,8087
5,1264,-505,150,8114
5,1265,-498,149,8108
5,1266,-480,145,8098
5,1267,-496,144,8135
5,1268,-503,137,8138
5,1269,-501,138,8136
5,1270,-511,133,8122
5,1271,-519,132,8133
5,1272,-518,141,8146
5,1273,-513,135,8126
5,1274,-508,135,8129
5,1275,-509,138,8133
5,1276,-507,142,8137
5,1277,-505,131,8155
5,1278,-492,131,8145
5,1279,-485,140,8149
5,1280,-495,153,8155
5,1281,-502,158,8168
5,1282,-500,154,8142
5,1283,-503,150,8152
5,1284,-504,143,8140
5,1285,-507,148,8134
5,1286,-519,138,8127
5,1287,-521,140,8137
5,1288,-520,129,8128
5,1289,-518,126,8096
5,1290,-513,125,8108
5,1291,-508,151,8097
5,1292,-507,149,8128
5,1293,-507,147,8141
5,1294,-516,141,8131
5,1295,-505,147,8127
5,1296,-502,139,8122
5,1297,-502,141,8126
5,1298,-498,139,8156
5,1299,-504,136,8146
5,1300,-504,146,8128
5,1301,-507,148,8115
5,1302,-516,143,8108
5,1303,-510,148,8102
5,1304,-515,145,8114
5,1305,-510,145,8117
5,1306,-510,133,8116
5,1307,-506,131,8116
5,1308,-514,125,8117
5,1309,-506,126,8116
5,1310,-506,132,8116
5,1311,-497,133,8106
5,1312,-503,148,8106
5,1313,-498,144,8104
5,1314,-498,149,8119
5,1315,-511,147,8115
5,1316,-506,141,8121
5,1317,-508,139,8107
5,1318,-506,145,8121
5,1319,-496,142,8126
5,1320,-500,131,8136
5,1321,-504,133,8128
5,1322,-503,138,8127
5,1323,-503,149,8148
5,1324,-501,154,8139
5,1325,-507,158,8124
5,1326,-502,155,8120
5,1327,-502,149,8134
5,1328,-499,144,8121
5,1329,-517,151,8124
5,1330,-525,151,8131
5,1331,-510,150,8127
5,1332,-512,148,8142
5,1333,-497,137,8132
5,1334,-500,127,8130
5,1335,-498,124,8143
5,1336,-496,135,8120
5,1337,-495,119,8122
5,1338,-496,114,8110
5,1339,-509,122,8115
5,1340,-509,134,8132
5,1341,-516,149,8114
5,1342,-507,153,8116
5,1343,-493,141,8111
5,1344,-497,139,8124
5,1345,-506,149,8106
5,1346,-511,128,8109
5,1347,-501,131,8098
5,1348,-502,135,8112
5,1349,-498,127,8122
5,1350,-511,131,8107
5,1351,-512,136,8117
5,1352,-514,137,8121
5,1353,-512,150,8126
5,1354,-515,148,8117
5,1355,-515,149,8119
5,1356,-509,156,8127
5,1357,-502,146,8123
5,1358,-497,146,8122
5,1359,-493,136,8108
5,1360,-492,137,8117
5,1361,-508,133,8117
5,1362,-497,131,8119
5,1363,-490,136,8138
5,1364,-487,144,8143
5,1365,-492,133,8134
5,1366,-511,123,8121
5,1367,-515,117,8121
5,1368,-516,124,8146
5,1369,-524,137,8140
5,1370,-512,144,8143
5,1371,-514,146,8134
5,1372,-522,150,8129
5,1373,-509,157,8112
5,1374,-499,150,8124
5,1375,-505,129,8102
5,1376,-509,136,8104
5,1377,-508,145,8110
5,1378,-501,149,8123
5,1379,-510,151,8123
5,1380,-509,136,8122
5,1381,-513,127,8105
5,1382,-515,129,8112
5,1383,-506,138,8112
5,1384,-496,143,8110
5,1385,-493,137,8128
5,1386,-493,138,8126
5,1387,-490,145,8132
5,1388,-491,143,8130
5,1389,-503,140,8126
5,1390,-502,143,8121
5,1391,-499,140,8116
5,1392,-510,148,8122
5,1393,-512,146,8124
5,1394,-503,143,8128
5,1395,-506,139,8142
5,1396,-503,138,8147
5,1397,-509,128,8134
5,1398,-506,132,8133
5,1399,-512,144,8120
5,1400,-515,140,8122
5,1401,-510,128,8096
5,1402,-496,128,8110
5,1403,-500,123,8094
5,1404,-504,117,8109
5,1405,-511,119,8106
5,1406,-505,134,8117
5,1407,-514,143,8135
5,1408,-508,139,8125
5,1409,-492,127,8106
5,1410,-492,136,8115
5,1411,-494,136,8149
5,1412,-495,136,8147
5,1413,-513,149,8138
5,1414,-519,143,8137
5,1415,-515,148,8134
5,1416,-511,141,8135
5,1417,-512,145,8105
5,1418,-503,142,8119
5,1419,-511,142,8125
5,1420,-509,149,8136
5,1421,-502,145,8145
5,1422,-500,139,8129
5,1423,-506,135,8142
5,1424,-510,144,8129
5,1425,-509,144,8123
5,1426,-501,148,8122
5,1427,-493,153,8138
5,1428,-503,156,8131
5,1429,-502,154,8121
5,1430,-500,143,8134
5,1431,-513,151,8132
5,1432,-503,151,8132
5,1433,-504,151,8132
5,1434,-498,156,8125
5,1435,-497,157,8111
5,1436,-498,148,8125
5,1437,-505,139,8125
5,1438,-503,133,8148
5,1439,-517,149,8139
5,1440,-518,146,8121
5,1441,-514,125,8114
5,1442,-505,145,8122
5,1443,-505,156,8140
5,1444,-518,157,8139
5,1445,-518,155,8162
5,1446,-515,153,8161
5,1447,-512,152,8141
5,1448,-509,154,8125
5,1449,-494,149,8121
5,1450,-500,141,8126
5,1451,-490,139,8140
5,1452,-495,136,8138
5,1453,-503,138,8136
5,1454,-504,137,8132
5,1455,-501,151,8120
5,1456,-497,140,8126
5,1457,-504,130,8139
5,1458,-511,139,8135
5,1459,-506,150,8137
5,1460,-518,146,8119
5,1461,-527,147,8104
5,1462,-525,147,8118
5,1463,-510,146,8101
5,1464,-501,139,8090
5,1465,-503,128,8124
5,1466,-496,147,8131
5,1467,-493,159,8132
5,1468,-496,154,8144
5,1469,-505,143,8146
5,1470,-488,136,8140
5,1471,-492,120,8137
5,1472,-499,119,8116
5,1473,-505,131,8117
5,1474,-516,145,8101
5,1475,-514,134,8116
5,1476,-506,139,8119
5,1477,-507,140,8123
5,1478,-504,136,8113
5,1479,-503,146,8106
5,1480,-506,132,8119
5,1481,-516,144,8115
5,1482,-517,147,8118
5,1483,-517,153,8115
5,1484,-519,153,8129
5,1485,-513,141,8122
5,1486,-499,139,8115
5,1487,-496,135,8113
5,1488,-493,138,8125
5,1489,-499,134,8134
5,1490,-518,142,8138
5,1491,-520,132,8131
5,1492,-510,139,8120
5,1493,-506,147,8134
5,1494,-494,155,8138
5,1495,-492,161,8134
5,1496,-499,161,8122
5,1497,-497,145,8130
5,1498,-506,144,8128
5,1499,-515,141,8124
5,1500,-515,143,8127
5,1501,-516,149,8127
5,1502,-500,145,8106
5,1503,-508,146,8121
5,1504,-503,132,8134
5,1505,-496,155,8130
5,1506,-491,151,8136
5,1507,-491,145,8112
5,1508,-498,142,8118
5,1509,-496,131,8132
5,1510,-499,144,8125
5,1511,-496,152,8123
5,1512,-499,143,8103
5,1513,-512,139,8114
5,1514,-511,137,8133
5,1515,-508,133,8118
5,1516,-506,136,8105
5,1517,-501,139,8107
5,1518,-501,131,8118
5,1519,-492,125,8119
5,1520,-496,130,8118
5,1521,-489,131,8129
5,1522,-492,151,8135
5,1523,-494,151,8129
5,1524,-497,145,8131
5,1525,-500,151,8128
5,1526,-488,148,8128
5,1527,-494,132,8126
5,1528,-519,127,8121
5,1529,-520,146,8112
5,1530,-508,145,8120
5,1531,-504,139,8111
5,1532,-511,139,8108
5,1533,-515,141,8113
5,1534,-509,125,8121
5,1535,-519,125,8133
5,1536,-513,128,8122
5,1537,-504,148,8127
5,1538,-502,144,8110
5,1539,-503,146,8099
5,1540,-500,151,8106
5,1541,-494,154,8107
5,1542,-486,153,8099
5,1543,-495,148,8091
5,1544,-496,149,8112
5,1545,-499,154,8108
5,1546,-502,155,8115
5,1547,-502,150,8102
5,1548,-491,154,8106
5,1549,-499,148,8110
5,1550,-514,158,8122
5,1551,-519,141,8132
5,1552,-515,131,8134
5,1553,-515,150,8126
5,1554,-501,152,8123
5,1555,-499,154,8130
5,1556,-500,163,8116
5,1557,-506,159,8111
5,1558,-511,160,8126
5,1559,-506,156,8132
5,1560,-500,144,8140
5,1561,-505,134,8132
5,1562,-506,159,8136
5,1563,-506,158,8119
5,1564,-519,147,8134
5,1565,-518,146,8149
5,1566,-505,149,8128
5,1567,-503,164,8118
5,1568,-499,149,8133
5,1569,-501,141,8133
5,1570,-508,135,8132
5,1571,-501,134,8135
5,1572,-506,139,8139
5,1573,-508,133,8132
5,1574,-496,123,8129
5,1575,-496,121,8118
5,1576,-495,141,8123
5,1577,-505,148,8125
5,1578,-513,146,8103
5,1579,-520,144,8102
5,1580,-516,154,8118
5,1581,-498,163,8136
5,1582,-496,154,8121
5,1583,-508,142,8121
5,1584,-503,143,8126
5,1585,-500,137,8136
5,1586,-501,143,8142
5,1587,-513,147,8125
5,1588,-511,142,8119
5,1589,-522,139,8109
5,1590,-509,132,8111
5,1591,-509,126,8106
5,1592,-512,127,8103
5,1593,-515,133,8116
5,1594,-520,144,8115
5,1595,-509,145,8126
5,1596,-506,152,8125
5,1597,-503,145,8140
5,1598,-495,128,8142
5,1599,-487,129,8136
5,1600,-486,132,8144
5,1601,-500,145,8125
5,1602,-500,159,8122
5,1603,-503,161,8122
5,1604,-496,153,8110
5,1605,-488,158,8106
5,1606,-509,157,8121
5,1607,-519,150,8098
5,1608,-510,148,8105
5,1609,-516,150,8115
5,1610,-516,151,8118
5,1611,-505,140,8127
5,1612,-503,139,8115
5,1613,-499,139,8118
5,1614,-504,145,8119
5,1615,-512,141,8110
5,1616,-518,142,8103
5,1617,-500,134,8098
5,1618,-495,144,8109
5,1619,-496,140,8112
5,1620,-501,133,8122
5,1621,-500,141,8119
5,1622,-501,143,8127
5,1623,-510,146,8121
5,1624,-517,151,8121
5,1625,-510,163,8116
5,1626,-515,159,8117
5,1627,-506,158,8134
5,1628,-502,150,8128
5,1629,-511,159,8114
5,1630,-512,162,8130
5,1631,-507,156,8123
5,1632,-497,144,8120
5,1633,-503,151,8126
5,1634,-502,142,8113
5,1635,-501,157,8105
5,1636,-505,163,8111
5,1637,-505,170,8113
5,1638,-499,157,8114
5,1639,-494,145,8126
5,1640,-499,132,8133
5,1641,-505,132,8128
5,1642,-503,131,8129
5,1643,-493,146,8128
5,1644,-504,144,8111
5,1645,-504,140,8115
5,1646,-515,147,8133
5,1647,-513,135,8144
5,1648,-504,128,8148
5,1649,-513,137,8137
5,1650,-510,142,8133
5,1651,-498,135,8136
5,1652,-492,143,8115
5,1653,-493,150,8137
5,1654,-499,148,8137
5,1655,-500,148,8135
5,1656,-499,140,8100
5,1657,-493,140,8115
5,1658,-493,148,8115
5,1659,-497,153,8108
5,1660,-496,149,8119
5,1661,-504,146,8112
5,1662,-503,145,8124
5,1663,-513,155,8145
5,1664,-509,148,8139
5,1665,-518,142,8129
5,1666,-515,154,8132
5,1667,-512,135,8137
5,1668,-515,143,8131
5,1669,-516,140,8125
5,1670,-514,133,8114
5,1671,-508,138,8123
5,1672,-500,137,8114
5,1673,-490,135,8116
5,1674,-488,142,8110
5,1675,-489,145,8110
5,1676,-501,154,8114
5,1677,-502,158,8116
5,1678,-502,149,8124
5,1679,-500,136,8117
5,1680,-499,143,8128
5,1681,-510,145,8119
5,1682,-510,151,8112
5,1683,-509,159,8124
5,1684,-509,158,8119
5,1685,-515,146,8120
5,1686,-516,138,8130
5,1687,-501,141,8139
5,1688,-498,141,8113
5,1689,-491,150,8118
5,1690,-509,155,8121
5,1691,-513,149,8143
5,1692,-505,164,8140
5,1693,-494,161,8129
5,1694,-501,146,8115
5,1695,-504,150,8136
5,1696,-504,173,8137
5,1697,-500,168,8120
5,1698,-508,157,8109
5,1699,-515,149,8098
5,1700,-520,150,8111
5,1701,-520,144,8119
5,1702,-513,137,8127
5,1703,-519,138,8139
5,1704,-523,133,8143
5,1705,-527,137,8133
5,1706,-521,141,8106
5,1707,-516,128,8096
5,1708,-515,125,8105
5,1709,-525,126,8131
5,1710,-515,125,8148
5,1711,-505,132,8132
5,1712,-494,130,8142
5,1713,-495,129,8130
5,1714,-478,121,8115
5,1715,-498,117,8114
5,1716,-522,124,8117
5,1717,-517,144,8122
5,1718,-520,143,8123
5,1719,-510,130,8135
5,1720,-492,145,8118
5,1721,-496,131,8121
5,1722,-489,132,8119
5,1723,-478,144,8126
5,1724,-479,142,8118
5,1725,-485,138,8118
5,1726,-493,138,8124
5,1727,-489,138,8143
5,1728,-497,148,8130
5,1729,-507,152,8102
5,1730,-501,145,8122
5,1731,-507,133,8133
5,1732,-516,140,8135
5,1733,-510,145,8148
5,1734,-520,137,8149
5,1735,-516,132,8132
5,1736,-508,137,8137
5,1737,-522,143,8124
5,1738,-507,151,8116
5,1739,-510,146,8109
5,1740,-504,136,8101
5,1741,-510,133,8097
5,1742,-507,136,8098
5,1743,-504,130,8095
5,1744,-492,138,8092
5,1745,-503,151,8107
5,1746,-510,149,8113
5,1747,-502,143,8125
5,1748,-499,133,8112
5,1749,-498,143,8108
5,1750,-492,144,8115
5,1751,-501,154,8111
5,1752,-502,158,8115
5,1753,-510,157,8111
5,1754,-510,160,8114
5,1755,-502,157,8112
5,1756,-526,151,8111
5,1757,-509,140,8097
5,1758,-498,141,8113
5,1759,-503,137,8127
5,1760,-508,149,8127
5,1761,-510,142,8137
5,1762,-504,142,8152
5,1763,-508,147,8134
5,1764,-511,154,8130
5,1765,-510,142,8130
5,1766,-524,146,8117
5,1767,-525,154,8129
5,1768,-510,163,8137
5,1769,-511,155,8125
5,1770,-501,147,8125
5,1771,-511,142,8123
5,1772,-505,142,8124
5,1773,-493,148,8128
5,1774,-483,136,8136
5,1775,-487,134,8147
5,1776,-492,147,8155
5,1777,-498,138,8143
5,1778,-511,135,8125
5,1779,-510,134,8125
5,1780,-510,139,8132
5,1781,-511,142,8123
5,1782,-511,144,8120
5,1783,-503,133,8114
5,1784,-506,147,8101
5,1785,-508,157,8121
5,1786,-511,148,8119
5,1787,-499,151,8127
5,1788,-499,159,8134
5,1789,-499,151,8131
5,1790,-492,140,8122
5,1791,-496,141,8126
5,1792,-506,141,8119
5,1793,-512,134,8121
5,1794,-512,136,8124
5,1795,-519,148,8117
5,1796,-521,147,8116
5,1797,-511,138,8108
5,1798,-503,144,8120
5,1799,-506,150,8125
5,1800,-498,144,8120
5,1801,-504,147,8110
5,1802,-514,153,8121
5,1803,-513,147,8114
5,1804,-507,149,8113
5,1805,-502,165,8112
5,1806,-490,163,8105
5,1807,-506,153,8112
5,1808,-507,150,8125
5,1809,-493,157,8144
5,1810,-500,160,8143
5,1811,-492,153,8143
5,1812,-489,137,8131
5,1813,-494,131,8115
5,1814,-499,136,8110
5,1815,-511,142,8091
5,1816,-522,144,8111
5,1817,-520,130,8117
5,1818,-516,136,8123
5,1819,-506,139,8116
5,1820,-501,144,8118
5,1821,-500,147,8124
5,1822,-497,152,8121
5,1823,-499,142,8122
5,1824,-506,142,8123
5,1825,-514,152,8150
5,1826,-515,162,8148
5,1827,-512,155,8135
5,1828,-501,142,8137
5,1829,-513,158,8141
5,1830,-501,151,8136
5,1831,-490,158,8102
5,1832,-491,147,8117
5,1833,-496,140,8126
5,1834,-502,145,8144
5,1835,-500,144,8148
5,1836,-499,143,8156
5,1837,-507,151,8141
5,1838,-510,129,8138
5,1839,-496,133,8155
5,1840,-484,148,8131
5,1841,-502,143,8140
5,1842,-507,148,8139
5,1843,-493,146,8139
5,1844,-493,142,8113
5,1845,-504,150,8112
5,1846,-506,140,8115
5,1847,-495,143,8122
5,1848,-505,146,8133
5,1849,-511,134,8120
5,1850,-502,132,8110
5,1851,-511,146,8125
5,1852,-503,134,8134
5,1853,-503,124,8133
5,1854,-513,127,8136
5,1855,-510,129,8120
5,1856,-519,124,8126
5,1857,-525,119,8128
5,1858,-523,126,8117
5,1859,-519,132,8114
5,1860,-510,137,8113
5,1861,-500,133,8117
5,1862,-509,139,8117
5,1863,-507,141,8118
5,1864,-508,146,8114
5,1865,-503,150,8106
5,1866,-504,147,8122
5,1867,-508,146,8120
5,1868,-513,153,8128
5,1869,-512,132,8126
5,1870,-507,128,8116
5,1871,-493,134,8118
5,1872,-496,127,8112
5,1873,-504,130,8115
5,1874,-497,137,8094
5,1875,-494,125,8115
5,1876,-501,116,8114
5,1877,-503,128,8098
5,1878,-508,123,8093
5,1879,-507,127,8108
5,1880,-497,128,8115
5,1881,-507,140,8125
5,1882,-504,138,8144
5,1883,-507,130,8129
5,1884,-512,128,8126
5,1885,-522,128,8126
5,1886,-515,144,8140
5,1887,-525,154,8122
5,1888,-516,149,8127
5,1889,-513,150,8131
5,1890,-505,156,8123
5,1891,-503,146,8140
5,1892,-487,134,8128
5,1893,-476,148,8129
5,1894,-477,133,8130
5,1895,-472,146,8135
5,1896,-488,143,8118
5,1897,-492,133,8119
5,1898,-496,148,8109
5,1899,-501,141,8103
5,1900,-504,137,8111
5,1901,-499,140,8118
5,1902,-497,141,8121
5,1903,-494,143,8125
5,1904,-500,147,8117
5,1905,-508,138,8117
5,1906,-510,159,8098
5,1907,-526,157,8109
5,1908,-511,163,8125
5,1909,-507,163,8111
5,1910,-510,155,8087
5,1911,-511,148,8114
5,1912,-503,147,8129
5,1913,-510,137,8138
5,1914,-507,129,8129
5,1915,-502,134,8122
5,1916,-511,146,8130
5,1917,-515,156,8118
5,1918,-513,143,8133
5,1919,-509,148,8148
5,1920,-502,147,8134
5,1921,-486,144,8123
5,1922,-489,128,8086
5,1923,-498,122,8111
5,1924,-506,115,8123
5,1925,-497,134,8123
5,1926,-497,144,8118
5,1927,-492,130,8126
5,1928,-498,126,8133
5,1929,-496,134,8127
5,1930,-508,145,8132
5,1931,-516,143,8139
5,1932,-524,137,8130
5,1933,-511,140,8130
5,1934,-500,142,8128
5,1935,-494,143,8120
5,1936,-495,150,8137
5,1937,-483,149,8133
5,1938,-499,140,8112
5,1939,-494,133,8101
5,1940,-501,119,8102
5,1941,-504,123,8102
5,1942,-508,128,8114
5,1943,-494,133,8120
5,1944,-511,135,8111
5,1945,-518,136,8112
5,1946,-511,133,8110
5,1947,-523,141,8112
5,1948,-526,150,8100
5,1949,-515,151,8116
5,1950,-516,150,8127
5,1951,-516,149,8137
5,1952,-517,153,8147
5,1953,-502,149,8132
5,1954,-512,141,8133
5,1955,-518,144,8119
5,1956,-502,142,8104
5,1957,-507,135,8108
5,1958,-519,121,8109
5,1959,-516,125,8122
5,1960,-520,139,8141
5,1961,-511,139,8130
5,1962,-514,138,8127
5,1963,-511,139,8125
5,1964,-498,138,8140
5,1965,-490,136,8123
5,1966,-495,152,8126
5,1967,-503,157,8122
5,1968,-504,165,8121
5,1969,-510,154,8124
5,1970,-512,148,8125
5,1971,-499,138,8113
5,1972,-507,132,8120
5,1973,-510,141,8123
5,1974,-515,153,8133
5,1975,-509,148,8147
5,1976,-513,150,8136
5,1977,-526,152,8122
5,1978,-525,137,8133
5,1979,-512,132,8121
5,1980,-517,130,8126
5,1981,-520,129,8123
5,1982,-516,133,8118
5,1983,-508,127,8117
5,1984,-503,133,8141
5,1985,-498,132,8142
5,1986,-493,144,8128
5,1987,-489,135,8119
5,1988,-503,137,8120
5,1989,-512,133,8105
5,1990,-511,136,8115
5,1991,-504,147,8120
5,1992,-508,148,8112
5,1993,-509,137,8144
5,1994,-508,130,8133
5,1995,-511,144,8113
5,1996,-504,136,8101
5,1997,-497,142,8094
5,1998,-500,138,8110
5,1999,-508,133,8135
5,2000,-514,141,8131
5,2001,-508,142,8126
5,2002,-521,139,8135
5,2003,-526,136,8136
5,2004,-519,131,8127
5,2005,-516,132,8112
5,2006,-520,130,8091
5,2007,-521,136,8107
5,2008,-514,131,8102
5,2009,-519,129,8114
5,2010,-524,128,8122
5,2011,-532,145,8111
5,2012,-520,138,8109
5,2013,-513,139,8112
5,2014,-505,139,8106
5,2015,-496,144,8110
5,2016,-496,142,8111
5,2017,-501,144,8107
5,2018,-497,150,8109
5,2019,-500,147,8112
5,2020,-504,134,8105
5,2021,-502,135,8107
5,2022,-494,142,8121
5,2023,-498,147,8109
5,2024,-505,151,8099
5,2025,-508,139,8099
5,2026,-523,136,8101
5,2027,-512,132,8109
5,2028,-514,136,8126
5,2029,-498,122,8123
5,2030,-514,126,8110
5,2031,-517,140,8107
5,2032,-509,141,8107
5,2033,-505,149,8107
5,2034,-489,137,8120
5,2035,-491,146,8125
5,2036,-493,150,8128
5,2037,-492,150,8123
5,2038,-505,151,8135
5,2039,-503,141,8117
5,2040,-504,133,8126
5,2041,-504,127,8118
5,2042,-516,137,8109
5,2043,-516,126,8091
5,2044,-510,132,8090
5,2045,-509,140,8106
5,2046,-510,142,8117
5,2047,-497,135,8111
5,2048,-499,134,8123
5,2049,-483,136,8122
5,2050,-493,155,8135
5,2051,-500,146,8141
5,2052,-506,148,8139
5,2053,-517,158,8135
5,2054,-507,156,8138
5,2055,-508,151,8155
5,2056,-506,163,8149
5,2057,-498,160,8121
5,2058,-515,156,8099
5,2059,-512,154,8107
5,2060,-492,153,8117
5,2061,-490,148,8124
5,2062,-483,142,8127
5,2063,-489,140,8139
5,2064,-492,133,8148
5,2065,-506,137,8121
5,2066,-509,137,8122
5,2067,-500,143,8111
5,2068,-497,137,8118
5,2069,-490,133,8105
5,2070,-500,136,8103
5,2071,-499,130,8117
5,2072,-498,138,8119
5,2073,-494,155,8122
5,2074,-495,141,8135
5,2075,-488,152,8143
5,2076,-490,157,8140
5,2077,-493,151,8135
5,2078,-489,140,8137
5,2079,-493,141,8134
5,2080,-497,138,8133
5,2081,-500,128,8124
5,2082,-512,122,8099
5,2083,-515,126,8103
5,2084,-511,136,8103
5,2085,-505,145,8125
5,2086,-500,137,8130
5,2087,-508,135,8128
5,2088,-506,137,8125
5,2089,-507,138,8115
5,2090,-514,150,8118
5,2091,-502,139,8126
5,2092,-504,129,8130
5,2093,-510,142,8123
5,2094,-505,144,8121
5,2095,-502,155,8108
5,2096,-502,148,8112
5,2097,-490,139,8124
5,2098,-491,137,8118
5,2099,-496,131,8124
5,2100,-497,124,8126
5,2101,-501,135,8123
5,2102,-506,134,8140
5,2103,-501,139,8112
5,2104,-494,143,8100
5,2105,-475,143,8107
5,2106,-494,127,8134
5,2107,-508,123,8126
5,2108,-508,124,8109
5,2109,-509,137,8108
5,2110,-511,146,8105
5,2111,-514,139,8110
5,2112,-512,133,8112
5,2113,-510,137,8131
5,2114,-501,126,8123
5,2115,-504,131,8130
5,2116,-497,123,8138
5,2117,-499,120,8129
5,2118,-510,125,8118
5,2119,-506,123,8121
5,2120,-500,134,8136
5,2121,-499,128,8126
5,2122,-491,140,8132
5,2123,-501,151,8143
5,2124,-511,143,8139
5,2125,-505,155,8143
5,2126,-487,147,8135
5,2127,-488,145,8135
5,2128,-492,139,8122
5,2129,-513,135,8122
5,2130,-509,148,8129
5,2131,-514,147,8146
5,2132,-515,140,8136
5,2133,-522,138,8128
5,2134,-525,145,8116
5,2135,-514,130,8105
5,2136,-512,129,8130
5,2137,-508,133,8117
5,2138,-514,148,8106
5,2139,-518,147,8117
5,2140,-528,153,8123
5,2141,-506,145,8110
5,2142,-502,146,8109
5,2143,-506,135,8103
5,2144,-507,135,8109
5,2145,-516,135,8115
5,2146,-509,129,8103
5,2147,-506,130,8096
5,2148,-507,134,8100
5,2149,-499,145,8110
5,2150,-506,139,8098
5,2151,-504,152,8102
5,2152,-493,140,8102
5,2153,-490,142,8116
5,2154,-497,131,8114
5,2155,-499,149,8108
5,2156,-501,156,8117
5,2157,-498,150,8130
5,2158,-498,140,8109
5,2159,-507,143,8113
5,2160,-507,149,8125
5,2161,-506,148,8124
5,2162,-509,144,8114
5,2163,-513,142,8111
5,2164,-511,127,8108
5,2165,-498,130,8116
5,2166,-485,140,8110
5,2167,-490,142,8112
5,2168,-489,131,8124
5,2169,-490,117,8133
5,2170,-495,126,8136
5,2171,-496,123,8124
5,2172,-499,129,8122
5,2173,-502,130,8121
5,2174,-501,128,8121
5,2175,-499,127,8132
5,2176,-510,126,8125
5,2177,-512,134,8138
5,2178,-518,131,8128
5,2179,-522,127,8147
5,2180,-524,128,8145
5,2181,-524,136,8135
5,2182,-511,136,8118
5,2183,-507,131,8128
5,2184,-509,126,8125
5,2185,-518,129,8116
5,2186,-507,128,8096
5,2187,-502,134,8104
5,2188,-509,127,8115
5,2189,-513,132,8119
5,2190,-509,141,8117
5,2191,-515,141,8124
5,2192,-500,136,8124
5,2193,-502,135,8141
5,2194,-502,131,8141
5,2195,-506,137,8135
5,2196,-518,123,8128
5,2197,-509,124,8125
5,2198,-503,122,8120
5,2199,-494,131,8128
5,2200,-490,141,8139
5,2201,-489,150,8136
5,2202,-484,141,8119
5,2203,-486,138,8121
5,2204,-492,141,8125
5,2205,-505,141,8114
5,2206,-497,141,8127
5,2207,-512,141,8137
5,2208,-504,140,8139
5,2209,-508,136,8126
5,2210,-505,132,8119
5,2211,-502,132,8137
5,2212,-504,131,8141
5,2213,-505,122,8142
5,2214,-501,132,8162
5,2215,-502,133,8155
5,2216,-503,151,8140
5,2217,-499,143,8137
5,2218,-498,124,8138
5,2219,-496,131,8127
5,2220,-503,126,8123
5,2221,-504,139,8133
5,2222,-494,134,8127
5,2223,-501,153,8128
5,2224,-512,147,8126
5,2225,-517,136,8126
5,2226,-508,118,8119
5,2227,-503,115,8132
5,2228,-496,117,8123
5,2229,-500,129,8106
5,2230,-493,144,8120
5,2231,-503,131,8138
5,2232,-499,136,8137
5,2233,-508,122,8115
5,2234,-511,116,8120
5,2235,-518,114,8109
5,2236,-507,127,8117
5,2237,-509,130,8128
5,2238,-502,137,8127
5,2239,-509,131,8133
5,2240,-512,120,8140
5,2241,-498,137,8129
5,2242,-496,133,8125
5,2243,-502,120,8117
5,2244,-505,131,8117
5,2245,-511,126,8101
5,2246,-500,136,8096
5,2247,-506,140,8122
5,2248,-501,146,8128
5,2249,-506,156,8117
5,2250,-509,149,8129
5,2251,-510,147,8134
5,2252,-506,136,8111
5,2253,-510,131,8110
5,2254,-508,127,8102
5,2255,-512,130,8118
5,2256,-516,137,8108
5,2257,-512,141,8102
5,2258,-515,137,8104
5,2259,-512,137,8120
5,2260,-521,135,8132
5,2261,-521,134,8119
5,2262,-515,137,8119
5,2263,-503,128,8132
5,2264,-503,127,8116
5,2265,-500,131,8116
5,2266,-489,136,8117
5,2267,-495,138,8123
5,2268,-496,144,8123
5,2269,-491,145,8116
5,2270,-485,148,8122
5,2271,-497,143,8123
5,2272,-493,133,8131
5,2273,-501,138,8117
5,2274,-502,146,8122
5,2275,-494,136,8111
5,2276,-490,140,8116
5,2277,-494,143,8104
5,2278,-497,145,8101
5,2279,-510,147,8104
5,2280,-490,146,8120
5,2281,-485,152,8122
5,2282,-486,157,8141
5,2283,-486,152,8145
5,2284,-493,158,8136
5,2285,-506,147,8116
5,2286,-500,138,8123
5,2287,-495,145,8130
5,2288,-494,155,8131
5,2289,-495,152,8132
5,2290,-498,144,8105
5,2291,-511,149,8116
5,2292,-507,145,8113
5,2293,-507,139,8097
5,2294,-502,154,8112
5,2295,-500,153,8105
5,2296,-524,146,8124
5,2297,-526,155,8128
5,2298,-514,146,8115
5,2299,-513,148,8119
5,2300,-516,142,8125
5,2301,-513,151,8131
5,2302,-515,150,8123
5,2303,-506,142,8120
5,2304,-512,134,8140
5,2305,-520,127,8140
5,2306,-512,126,8127
5,2307,-509,133,8111
5,2308,-497,133,8103
5,2309,-501,139,8121
5,2310,-507,135,8108
5,2311,-521,147,8089
5,2312,-514,151,8099
5,2313,-506,154,8118
5,2314,-506,143,8119
5,2315,-493,131,8136
5,2316,-496,126,8137
5,2317,-498,129,8131
5,2318,-494,125,8135
5,2319,-503,142,8132
5,2320,-497,145,8125
5,2321,-509,132,8114
5,2322,-500,127,8114
5,2323,-504,132,8126
5,2324,-497,135,8137
5,2325,-498,139,8126
5,2326,-502,136,8118
5,2327,-501,136,8126
5,2328,-503,129,8124
5,2329,-502,127,8129
5,2330,-515,134,8128
5,2331,-507,134,8107
5,2332,-504,138,8100
5,2333,-503,137,8096
5,2334,-504,147,8102
5,2335,-509,144,8116
5,2336,-513,150,8105
5,2337,-506,139,8117
5,2338,-511,137,8123
5,2339,-515,137,8108
5,2340,-516,139,8127
5,2341,-498,139,8125
5,2342,-503,150,8137
5,2343,-497,156,8147
5,2344,-492,140,8133
5,2345,-509,132,8124
5,2346,-498,122,8115
5,2347,-514,117,8104
5,2348,-514,133,8107
5,2349,-496,153,8095
5,2350,-507,147,8098
5,2351,-513,141,8095
5,2352,-508,141,8101
5,2353,-502,147,8102
5,2354,-494,145,8128
5,2355,-496,143,8132
5,2356,-507,150,8146
5,2357,-504,156,8153
5,2358,-507,165,8155
5,2359,-506,162,8123
5,2360,-502,148,8145
5,2361,-504,130,8142
5,2362,-508,132,8102
5,2363,-511,146,8109
5,2364,-514,142,8109
5,2365,-508,140,8125
5,2366,-502,135,8140
5,2367,-501,132,8131
5,2368,-504,132,8104
5,2369,-511,133,8096
5,2370,-507,142,8115
5,2371,-502,141,8099
5,2372,-503,143,8113
5,2373,-499,141,8112
5,2374,-508,134,8103
5,2375,-507,143,8105
5,2376,-509,158,8097
5,2377,-514,152,8102
5,2378,-510,152,8115
5,2379,-501,144,8125
5,2380,-485,144,8119
5,2381,-491,142,8105
5,2382,-500,124,8104
5,2383,-506,127,8115
5,2384,-504,124,8117
5,2385,-498,129,8113
5,2386,-502,134,8106
5,2387,-487,130,8102
5,2388,-481,140,8098
5,2389,-486,143,8096
5,2390,-497,132,8106
5,2391,-507,137,8124
5,2392,-491,136,8123
5,2393,-480,131,8113
5,2394,-487,138,8103
5,2395,-481,140,8109
5,2396,-473,143,8125
5,2397,-481,143,8128
5,2398,-478,129,8125
5,2399,-483,135,8126
5,2400,-488,133,8113
5,2401,-482,140,8128
5,2402,-486,145,8123
5,2403,-492,144,8129
5,2404,-498,148,8139
5,2405,-498,143,8133
5,2406,-495,137,8138
5,2407,-502,141,8127
5,2408,-504,146,8124
5,2409,-515,152,8131
5,2410,-537,143,8136
5,2411,-524,140,8142
5,2412,-495,143,8143
5,2413,-495,156,8131
5,2414,-489,142,8106
5,2415,-497,145,8080
5,2416,-502,154,8099
5,2417,-507,146,8120
5,2418,-506,132,8121
5,2419,-498,143,8142
5,2420,-494,141,8135
5,2421,-491,144,8146
5,2422,-500,158,8146
5,2423,-502,165,8133
5,2424,-501,162,8120
5,2425,-510,144,8129
5,2426,-522,140,8122
5,2427,-510,148,8110
5,2428,-501,142,8108
5,2429,-490,141,8122
5,2430,-501,142,8121
5,2431,-493,142,8106
5,2432,-513,148,8138
5,2433,-502,132,8135
5,2434,-512,136,8122
5,2435,-508,142,8120
5,2436,-509,141,8127
5,2437,-520,140,8116
5,2438,-511,137,8124
5,2439,-513,134,8144
5,2440,-516,131,8141
5,2441,-513,137,8149
5,2442,-493,144,8132
5,2443,-490,153,8133
5,2444,-486,160,8147
5,2445,-477,153,8135
5,2446,-482,155,8125
5,2447,-499,147,8145
5,2448,-500,139,8145
5,2449,-509,137,8131
5,2450,-510,150,8132
5,2451,-513,159,8117
5,2452,-512,155,8107
5,2453,-506,150,8115
5,2454,-493,142,8133
5,2455,-490,143,8128
5,2456,-496,142,8130
5,2457,-495,141,8129
5,2458,-502,135,8134
5,2459,-502,133,8134
5,2460,-488,142,8124
5,2461,-491,142,8117
5,2462,-495,131,8129
5,2463,-491,140,8129
5,2464,-493,140,8117
5,2465,-496,130,8114
5,2466,-507,130,8120
5,2467,-514,127,8114
5,2468,-513,135,8085
5,2469,-506,127,8110
5,2470,-488,130,8089
5,2471,-497,131,8096
5,2472,-499,128,8110
5,2473,-502,126,8117
5,2474,-499,122,8130
5,2475,-502,137,8147
5,2476,-504,134,8148
5,2477,-518,132,8148
5,2478,-504,147,8139
5,2479,-504,154,8147
5,2480,-512,144,8117
5,2481,-508,141,8112
5,2482,-513,144,8126
5,2483,-496,146,8110
5,2484,-501,140,8130
5,2485,-492,139,8138
5,2486,-496,143,8135
5,2487,-486,156,8140
5,2488,-485,139,8142
5,2489,-496,132,8127
5,2490,-490,129,8133
5,2491,-486,138,8134
5,2492,-482,138,8127
5,2493,-494,131,8127
5,2494,-510,121,8107
5,2495,-516,134,8095
5,2496,-504,148,8094
5,2497,-502,147,8115
6,0,-503,133,8129
6,1,-502,145,8119
6,2,-499,142,8114
6,3,-494,138,8117
6,4,-497,142,8127
6,5,-494,131,8132
6,6,-492,136,8132
6,7,-499,144,8123
6,8,-503,150,8125
6,9,-509,141,8118
6,10,-511,134,8116
6,11,-505,137,8121
6,12,-505,140,8107
6,13,-516,134,8113
6,14,-521,144,8109
6,15,-510,142,8116
6,16,-502,134,8116
6,17,-506,141,8127
6,18,-519,134,8116
6,19,-529,125,8113
6,20,-521,122,8095
6,21,-530,111,8097
6,22,-545,116,8108
6,23,-538,125,8098
6,24,-516,144,8103
6,25,-500,136,8109
6,26,-513,158,8095
6,27,-508,151,8105
6,28,-511,144,8109
6,29,-514,146,8104
6,30,-499,150,8098
6,31,-491,154,8101
6,32,-471,151,8101
6,33,-487,155,8102
6,34,-487,160,8105
6,35,-486,153,8111
6,36,-500,147,8117
6,37,-498,143,8110
6,38,-493,136,8094
6,39,-491,135,8104
6,40,-492,140,8117
6,41,-501,143,8128
6,42,-512,133,8138
6,43,-509,135,8151
6,44,-512,137,8139
6,45,-501,135,8130
6,46,-496,142,8114
6,47,-501,131,8112
6,48,-505,115,8120
6,49,-504,128,8109
6,50,-509,136,8114
6,51,-514,143,8108
6,52,-508,137,8099
6,53,-498,142,8111
6,54,-507,143,8127
6,55,-508,150,8123
6,56,-506,154,8106
6,57,-492,150,8090
6,58,-475,160,8084
6,59,-477,164,8073
6,60,-477,147,8073
6,61,-489,149,8065
6,62,-499,154,8097
6,63,-503,142,8109
6,64,-500,137,8104
6,65,-507,148,8102
6,66,-516,136,8119
6,67,-510,135,8124
6,68,-516,138,8114
6,69,-524,134,8127
6,70,-518,135,8135
6,71,-510,132,8124
6,72,-517,140,8128
6,73,-528,142,8132
6,74,-512,147,8125
6,75,-498,129,8109
6,76,-497,124,8100
6,77,-497,124,8116
6,78,-496,132,8115
6,79,-500,132,8106
6,80,-507,137,8102
6,81,-514,141,8122
6,82,-509,140,8128
6,83,-504,140,8136
6,84,-489,144,8136
6,85,-495,142,8139
6,86,-503,133,8139
6,87,-501,149,8141
6,88,-495,158,8126
6,89,-493,157,8128
6,90,-499,156,8123
6,91,-508,158,8118
6,92,-499,139,8131
6,93,-502,125,8123
6,94,-508,138,8142
6,95,-501,139,8133
6,96,-498,147,8125
6,97,-494,145,8124
6,98,-495,139,8126
6,99,-491,141,8143
6,100,-499,141,8125
6,101,-506,140,8145
6,102,-511,134,8141
6,103,-512,128,8128
6,104,-505,127,8120
6,105,-516,131,8125
6,106,-511,139,8125
6,107,-503,147,8118
6,108,-502,142,8113
6,109,-493,138,8133
6,110,-501,151,8126
6,111,-508,154,8120
6,112,-498,153,8119
6,113,-497,148,8123
6,114,-498,127,8124
6,115,-486,111,8107
6,116,-499,123,8112
6,117,-489,133,8121
6,118,-477,125,8120
6,119,-482,141,8115
6,120,-494,143,8099
6,121,-497,141,8111
6,122,-517,137,8121
6,123,-517,145,8128
6,124,-507,137,8142
6,125,-495,138,8147
6,126,-488,133,8129
6,127,-498,129,8121
6,128,-495,137,8137
6,129,-501,127,8136
6,130,-507,120,8131
6,131,-497,117,8117
6,132,-491,132,8118
6,133,-492,133,8107
6,134,-490,143,8099
6,135,-487,137,8110
6,136,-477,140,8104
6,137,-471,142,8110
6,138,-491,146,8106
6,139,-496,149,8108
6,140,-490,148,8128
6,141,-487,151,8121
6,142,-501,149,8121
6,143,-496,149,8116
6,144,-486,147,8115
6,145,-496,135,8117
6,146,-482,118,8120
6,147,-477,136,8129
6,148,-485,145,8143
6,149,-495,145,8123
6,150,-496,136,8114
6,151,-493,136,8107
6,152,-499,144,8128
6,153,-499,142,8126
6,154,-500,122,8121
6,155,-507,128,8117
6,156,-508,149,8123
6,157,-517,144,8116
6,158,-511,142,8119
6,159,-515,144,8112
6,160,-517,144,8126
6,161,-512,141,8127
6,162,-518,130,8133
6,163,-500,139,8141
6,164,-497,135,8151
6,165,-490,133,8149
6,166,-488,128,8152
6,167,-479,128,8137
6,168,-490,143,8127
6,169,-497,145,8125
6,170,-501,136,8124
6,171,-502,137,8106
6,172,-508,131,8107
6,173,-514,142,8098
6,174,-509,143,8110
6,175,-512,128,8124
6,176,-517,128,8121
6,177,-516,143,8115
6,178,-506,150,8110
6,179,-498,143,8104
6,180,-509,137,8101
6,181,-494,136,8115
6,182,-504,133,8118
6,183,-502,142,8118
6,184,-496,140,8125
